id,ticket_id,organization_id,performed_by,issue_type_id,questions_answers,ai_diagnosis,employee_override,status,created_at,completed_at
604d333f-2d8b-47f9-8640-592d3bbbbac2,6c91a465-4e6a-4e33-a064-54bbec48228c,00000000-0000-0000-0000-000000000001,bd081ad6-5fe3-4c1d-a919-81b1055efa19,e2aa2aaa-8af6-4807-9a4e-7665c5421eed,"[{""answer"":""Today"",""question"":""When did you first notice this issue?""},{""answer"":""Minor — can manage"",""question"":""How severe is the issue?""},{""answer"":""First time"",""question"":""Has this issue happened before?""},{""answer"":""Nothing, happened on its own"",""question"":""Did anything specific trigger this issue?""},{""answer"":""Only my room"",""question"":""Is the issue affecting other rooms or just yours?""}]","{""causes"":[{""cause"":""Delay in procurement/allotment of new furniture."",""severity"":""medium"",""solution"":""Follow up with the administration/purchasing department regarding the status of new furniture requests. Expedite the procurement process if possible or reallocate an available table."",""probability"":0.7,""estimatedCost"":""0 INR""},{""cause"":""Oversight or miscommunication in the maintenance request system."",""severity"":""medium"",""solution"":""Verify the status of the request in the maintenance system. Ensure the request was properly logged and communicated to the relevant personnel. Resubmit the request if necessary."",""probability"":0.2,""estimatedCost"":""0 INR""},{""cause"":""Budgetary constraints or lack of available resources."",""severity"":""low"",""solution"":""Assess the current budget for furniture and availability of resources. Explore temporary solutions or alternatives if new furniture procurement is not immediately feasible."",""probability"":0.1,""estimatedCost"":""0 INR""}],""summary"":""The resident has been waiting for a new table for 2-3 months without any action. The issue is minor and affects only their room. The delay is likely due to administrative reasons rather than a physical problem with existing furniture."",""urgency"":""medium"",""recommendedAction"":""Immediately investigate the status of the furniture request within the administration/maintenance system. Communicate with the resident regarding the status and expected resolution timeline, and aim to provide a new table as soon as possible.""}",null,completed,2026-04-09 11:31:29.132565+00,2026-04-09 11:31:27.923+00
74da343a-8a26-4e55-847e-a44780ab5a0e,d6a91c4a-bcda-4f95-83d1-a34ed7cf8e65,00000000-0000-0000-0000-000000000001,bd081ad6-5fe3-4c1d-a919-81b1055efa19,e2aa2aaa-8af6-4807-9a4e-7665c5421eed,"[{""answer"":""Today"",""question"":""When did you first notice this issue?""},{""answer"":""Minor — can manage"",""question"":""How severe is the issue?""},{""answer"":""Happens sometimes"",""question"":""Has this issue happened before?""},{""answer"":""After rain / weather change"",""question"":""Did anything specific trigger this issue?""},{""answer"":""Not sure"",""question"":""Is the issue affecting other rooms or just yours?""}]","{""causes"":[{""cause"":""Wood or frame deterioration due to moisture/weather changes"",""severity"":""medium"",""solution"":""Inspect the bed frame for signs of rot, warping, or weakening. If the damage is extensive, the bed frame might need to be replaced. For minor damage, a carpenter can reinforce the frame."",""probability"":0.6,""estimatedCost"":""INR 800 - 3000"",""requiredParts"":[{""name"":""Wood planks/reinforcement brackets"",""estimatedPrice"":""INR 300 - 1000""},{""name"":""Wood glue/screws"",""estimatedPrice"":""INR 50 - 200""}]},{""cause"":""Loose or broken joints/fittings"",""severity"":""medium"",""solution"":""Identify the loose or broken joints. Tighten screws, replace missing hardware, or use wood glue to secure the joints. If parts are broken, they might need professional repair or replacement."",""probability"":0.3,""estimatedCost"":""INR 400 - 1500"",""requiredParts"":[{""name"":""Screws/bolts/nuts"",""estimatedPrice"":""INR 50 - 200""},{""name"":""Wood glue"",""estimatedPrice"":""INR 50 - 150""},{""name"":""Replacement bed fittings (if necessary)"",""estimatedPrice"":""INR 200 - 800""}]},{""cause"":""Structural weakness from normal wear and tear"",""severity"":""low"",""solution"":""Reinforce the bed frame with additional supports or brackets. This can extend the life of the bed."",""probability"":0.1,""estimatedCost"":""INR 500 - 1000"",""requiredParts"":[{""name"":""Support brackets/additional wood supports"",""estimatedPrice"":""INR 200 - 600""},{""name"":""Screws"",""estimatedPrice"":""INR 50 - 100""}]}],""summary"":""The bed frame has likely deteriorated due to moisture/weather changes, or has loose/broken joints. It might also be suffering from general structural weakness."",""urgency"":""medium"",""recommendedAction"":""A carpenter should inspect the bed to determine the exact cause and perform the necessary repairs. Depending on the severity of the damage, the bed may need reinforcement, joint repair, or partial replacement of the frame components. If a quick fix is needed, try to identify loose screws and tighten them. Avoid putting too much weight on the bed until it is properly repaired.""}",null,completed,2026-04-09 12:17:51.145647+00,2026-04-09 12:17:50.466+00
a59f4f9a-d607-4b0f-87aa-b77b522fc32b,74d1e3cf-ee76-4d50-8896-05503b3b9e0f,00000000-0000-0000-0000-000000000001,bd081ad6-5fe3-4c1d-a919-81b1055efa19,47389994-b201-4bb1-bf91-8bce4dbde510,"[{""answer"":""A few days ago"",""question"":""When did you first notice this issue?""},{""answer"":""Moderate — inconvenient"",""question"":""How severe is the issue?""},{""answer"":""Happens sometimes"",""question"":""Has this issue happened before?""},{""answer"":""After rain / weather change"",""question"":""Did anything specific trigger this issue?""},{""answer"":""Not sure"",""question"":""Is the issue affecting other rooms or just yours?""}]","{""causes"":[{""cause"":""Wood expansion due to moisture from rain/weather changes, causing the door to jam."",""severity"":""medium"",""solution"":""Adjust the door within its frame or plane the edges to ensure smooth operation. Apply wood sealant or varnish to prevent future moisture absorption."",""probability"":0.6,""estimatedCost"":""INR 300 - 800""},{""cause"":""Misaligned latch or strike plate due to repeated use or loose screws."",""severity"":""medium"",""solution"":""Tighten screws on the latch and strike plate. If necessary, realign the strike plate or adjust the latch mechanism."",""probability"":0.25,""estimatedCost"":""INR 100 - 400""},{""cause"":""Worn-out or faulty lock mechanism."",""severity"":""medium"",""solution"":""Replace the entire lock mechanism. Consider a higher quality, weather-resistant lock if recurring issues are observed."",""probability"":0.15,""estimatedCost"":""INR 500 - 1500"",""requiredParts"":[{""name"":""New cupboard door lock"",""estimatedPrice"":""INR 300 - 1000""}]}],""summary"":""The cupboard door lock is jammed, likely due to wood expansion from recent rain or weather changes. This is a recurring issue, causing moderate inconvenience. The user also requests removal of the cupboard."",""urgency"":""medium"",""recommendedAction"":""First, attempt to adjust the cupboard door and lubricate the lock. If the issue persists, the lock mechanism may need repair or replacement. Address the user's request for cupboard removal if repair is not feasible or desired by the resident.""}",null,completed,2026-04-09 12:18:39.253079+00,2026-04-09 12:18:38.606+00
03333653-eb93-491c-bc15-f41164437cff,a02e92b4-4619-4b7b-87f5-d1fd8f77c22a,00000000-0000-0000-0000-000000000001,bd081ad6-5fe3-4c1d-a919-81b1055efa19,47389994-b201-4bb1-bf91-8bce4dbde510,"[{""answer"":""Today"",""question"":""When did you first notice this issue?""},{""answer"":""Minor — can manage"",""question"":""How severe is the issue?""},{""answer"":""Happens frequently"",""question"":""Has this issue happened before?""},{""answer"":""Not sure"",""question"":""Did anything specific trigger this issue?""},{""answer"":""Not sure"",""question"":""Is the issue affecting other rooms or just yours?""}]","{""causes"":[{""cause"":""Worn-out lock mechanism"",""severity"":""medium"",""solution"":""Replace the entire lock assembly."",""probability"":0.7,""estimatedCost"":""₹200-₹500"",""requiredParts"":[{""name"":""New cupboard lock"",""estimatedPrice"":""₹150-₹350""}]},{""cause"":""Misaligned door or frame"",""severity"":""low"",""solution"":""Adjust the hinges or realign the door to ensure proper closing."",""probability"":0.2,""estimatedCost"":""₹0-₹100""},{""cause"":""Loose screws in the lock or strike plate"",""severity"":""low"",""solution"":""Tighten all screws on the lock mechanism and strike plate."",""probability"":0.1,""estimatedCost"":""₹0""}],""summary"":""The cupboard door lock is jammed or not working properly. This is a frequent issue, suggesting wear and tear of the lock mechanism."",""urgency"":""medium"",""recommendedAction"":""Replace the cupboard lock as soon as possible to ensure proper functioning and security.""}",null,completed,2026-04-09 12:20:24.708168+00,2026-04-09 12:20:24.032+00
ed222178-4b81-4d79-8e68-1eeb5a26a30a,b78672bf-3a6d-43b0-a988-51a5ab493f3e,00000000-0000-0000-0000-000000000001,bd081ad6-5fe3-4c1d-a919-81b1055efa19,28158382-d5c1-436c-927b-3e3d9855c2af,"[{""answer"":""Some outlets / areas"",""question"":""Is the power out in the entire room or just some outlets?""},{""answer"":""Yes, it's on"",""question"":""Have you checked the MCB / circuit breaker?""},{""answer"":""Yes, others have power"",""question"":""Is there power in the common areas or other rooms?""},{""answer"":""Was flickering before going out"",""question"":""Did this happen suddenly or after plugging something in?""}]","{""causes"":[{""cause"":""Loose wiring or faulty connections in the fan circuit."",""severity"":""medium"",""solution"":""Inspect and tighten all wiring connections to the fan, regulator, and switch. If wiring is damaged, it may need to be replaced."",""probability"":0.4,""estimatedCost"":""₹200 - ₹500 (for electrician visit and minor wiring repair)"",""requiredParts"":[{""name"":""Electrical insulation tape"",""estimatedPrice"":""₹50""}]},{""cause"":""Damaged fan regulator."",""severity"":""medium"",""solution"":""Replace the damaged fan regulator with a new one. Ensure the new regulator is compatible with the fan."",""probability"":0.3,""estimatedCost"":""₹300 - ₹800 (for regulator and electrician visit)"",""requiredParts"":[{""name"":""Fan regulator"",""estimatedPrice"":""₹250 - ₹700 (depending on type and brand)""}]},{""cause"":""Faulty fan motor or capacitor."",""severity"":""high"",""solution"":""If the motor is faulty, it will need to be repaired or the fan replaced. If the capacitor is faulty, it can be replaced separately."",""probability"":0.2,""estimatedCost"":""₹500 - ₹2000 (for motor repair/replacement or capacitor replacement)"",""requiredParts"":[{""name"":""Fan capacitor"",""estimatedPrice"":""₹150 - ₹300""},{""name"":""Fan motor (if needed)"",""estimatedPrice"":""₹800 - ₹1500""}]},{""cause"":""Faulty wiring within the wall/ceiling."",""severity"":""high"",""solution"":""This requires an electrician to trace the wiring and repair or replace the damaged section. This can be more complex and may involve breaking into the wall/ceiling."",""probability"":0.1,""estimatedCost"":""₹1000 - ₹5000+ (depending on extent of damage and repair difficulty)"",""requiredParts"":[{""name"":""Electrical wire"",""estimatedPrice"":""₹50 - ₹100 per meter""}]}],""summary"":""The ceiling/wall fan in the hall is not working, and the room's regulator is damaged. Power is out in some outlets/areas, but the MCB is on and other rooms have power. The issue started after flickering."",""urgency"":""high"",""recommendedAction"":""Call a qualified electrician immediately to diagnose and fix the electrical issues. Do not attempt to repair complex electrical problems yourself.""}",null,completed,2026-04-09 12:21:02.988079+00,2026-04-09 12:21:02.341+00
9c06debf-6129-40c8-9374-4680ab819bf3,5247abe6-4cde-420c-886d-569651233596,00000000-0000-0000-0000-000000000001,bd081ad6-5fe3-4c1d-a919-81b1055efa19,d76dd3bd-ccb7-4991-a01f-ce158dfe908e,"[{""answer"":""Yesterday"",""question"":""When did you first notice this issue?""},{""answer"":""Moderate — inconvenient"",""question"":""How severe is the issue?""},{""answer"":""Happens sometimes"",""question"":""Has this issue happened before?""},{""answer"":""After rain / weather change"",""question"":""Did anything specific trigger this issue?""},{""answer"":""Not sure"",""question"":""Is the issue affecting other rooms or just yours?""}]","{""causes"":[{""cause"":""Mineral buildup in showerhead"",""severity"":""medium"",""solution"":""Clean or replace showerhead."",""probability"":0.4,""estimatedCost"":""INR 200-500"",""requiredParts"":[{""name"":""New showerhead (if cleaning fails)"",""estimatedPrice"":""INR 300-800""}]},{""cause"":""Partially closed or faulty shut-off valve"",""severity"":""medium"",""solution"":""Check and fully open the shut-off valve. If faulty, replace it."",""probability"":0.25,""estimatedCost"":""INR 500-1500"",""requiredParts"":[{""name"":""New shut-off valve (if replacement needed)"",""estimatedPrice"":""INR 200-700""}]},{""cause"":""Issue with the water heater or pressure regulator"",""severity"":""high"",""solution"":""Inspect and troubleshoot the water heater and pressure regulator. Professional help might be required."",""probability"":0.2,""estimatedCost"":""INR 1000-5000+"",""requiredParts"":[{""name"":""Water heater parts or pressure regulator (if replacement needed)"",""estimatedPrice"":""Varies""}]},{""cause"":""Clog in the plumbing pipes"",""severity"":""high"",""solution"":""Clear the clog. This might require professional plumbing services."",""probability"":0.1,""estimatedCost"":""INR 800-3000+"",""requiredParts"":[]},{""cause"":""External water supply issue (e.g., municipal water pressure drop, especially after rain/weather change)"",""severity"":""low"",""solution"":""Monitor water pressure over time. Contact local water authority if the problem persists and affects other units/areas."",""probability"":0.05,""estimatedCost"":""INR 0 (unless private booster pump installation is considered)"",""requiredParts"":[]}],""summary"":""The low water pressure in the common bathroom shower head, first noticed yesterday, is likely due to mineral buildup. Other possibilities include a faulty shut-off valve, water heater issues, or a clog in the pipes. External water supply issues are less likely but possible, especially given the mention of rain/weather changes."",""urgency"":""medium"",""recommendedAction"":""Start by cleaning the showerhead. If that doesn't resolve the issue, check the shut-off valve for the shower. If the problem persists, further investigation into the water heater, pressure regulator, or potential pipe clogs may be necessary. Consider checking if other taps or showers in the PG/hostel are also experiencing low pressure to help narrow down the cause.""}",null,completed,2026-04-09 12:22:02.046763+00,2026-04-09 12:22:01.23+00
b100f3c2-3111-446f-8d5e-0bcd14b94b88,736faf3e-7bf6-46af-9b45-541ac5062166,00000000-0000-0000-0000-000000000001,8c42685b-f2df-4dec-96bd-0e77b715e33e,c5f1c3c0-af88-4c54-9730-ebffed128bc9,"[{""answer"":""Today"",""question"":""When did you first notice this issue?""},{""answer"":""Moderate — inconvenient"",""question"":""How severe is the issue?""},{""answer"":""Happens sometimes"",""question"":""Has this issue happened before?""},{""answer"":""After using something"",""question"":""Did anything specific trigger this issue?""},{""answer"":""Not sure"",""question"":""Is the issue affecting other rooms or just yours?""}]","{""causes"":[{""cause"":""Induction cooker power cord loose or damaged."",""severity"":""medium"",""solution"":""Check the power cord for any visible damage and ensure it's securely plugged into both the induction cooker and the power outlet. If damaged, replace the cord."",""probability"":0.4,""estimatedCost"":""INR 300 - 800"",""requiredParts"":[{""name"":""New power cord (if damaged)"",""estimatedPrice"":""INR 200 - 700""}]},{""cause"":""Overheated induction cooker."",""severity"":""medium"",""solution"":""Allow the induction cooker to cool down for at least 30 minutes. Ensure proper ventilation around the cooker during use to prevent overheating."",""probability"":0.3,""estimatedCost"":""INR 0""},{""cause"":""Faulty power outlet or circuit breaker tripped."",""severity"":""medium"",""solution"":""Test the power outlet with another appliance to confirm it's working. If not, check the circuit breaker for your kitchen and reset it if tripped. If the outlet remains faulty, an electrician will be needed."",""probability"":0.2,""estimatedCost"":""INR 0 (for circuit breaker reset) - INR 500 (electrician visit)"",""requiredParts"":[{""name"":""Circuit breaker (if replacement needed)"",""estimatedPrice"":""INR 300 - 1000""}]},{""cause"":""Internal fault in the induction cooker."",""severity"":""high"",""solution"":""If none of the above solutions work, the induction cooker likely has an internal fault and will require professional repair or replacement. Contact a service technician."",""probability"":0.1,""estimatedCost"":""INR 1000 - 3000 (repair) or INR 2000 - 10000 (replacement)""}],""summary"":""The induction cooker in the kitchen is not turning on. This is a moderate inconvenience that happens occasionally, particularly after prolonged use."",""urgency"":""medium"",""recommendedAction"":""First, check the power connections and allow the unit to cool down. If the issue persists, inspect the power outlet. If all basic checks fail, professional inspection or replacement of the induction cooker will be necessary.""}",null,completed,2026-04-09 12:28:33.114446+00,2026-04-09 12:28:32.308+00
4ab46a3a-6442-4c8e-b992-2302fe62ebce,3714a311-a5b5-46ed-9868-1b383c55906d,00000000-0000-0000-0000-000000000001,bd081ad6-5fe3-4c1d-a919-81b1055efa19,01208ba1-4225-4a61-be39-3afe03dad690,"[{""answer"":""Today"",""question"":""When did you first notice this issue?""},{""answer"":""Minor — can manage"",""question"":""How severe is the issue?""},{""answer"":""First time"",""question"":""Has this issue happened before?""},{""answer"":""Nothing, happened on its own"",""question"":""Did anything specific trigger this issue?""},{""answer"":""Only my room"",""question"":""Is the issue affecting other rooms or just yours?""}]","{""causes"":[{""cause"":""No water supply to the RO machine."",""severity"":""high"",""solution"":""Check the main water supply valve to the RO machine and ensure it is open. Also, check for any general water supply issues in the building."",""probability"":0.4,""estimatedCost"":""0 INR""},{""cause"":""Clogged filters."",""severity"":""medium"",""solution"":""The pre-filters (sediment and carbon) might be clogged, restricting water flow. These need to be replaced."",""probability"":0.3,""estimatedCost"":""500-1000 INR"",""requiredParts"":[{""name"":""Sediment Filter"",""estimatedPrice"":""200-400 INR""},{""name"":""Carbon Filter"",""estimatedPrice"":""300-600 INR""}]},{""cause"":""Faulty shut-off valve."",""severity"":""medium"",""solution"":""The automatic shut-off valve (ASO valve) might be faulty, preventing water from entering the RO membrane. This may need replacement."",""probability"":0.15,""estimatedCost"":""300-700 INR"",""requiredParts"":[{""name"":""RO Automatic Shut-off Valve"",""estimatedPrice"":""300-700 INR""}]},{""cause"":""Pressure issues (low water pressure)."",""severity"":""medium"",""solution"":""Insufficient water pressure entering the RO system can prevent it from dispensing water. Check the water pressure from the tap feeding the RO. A booster pump might be required if pressure is consistently low."",""probability"":0.1,""estimatedCost"":""0-3000 INR (if booster pump is needed)"",""requiredParts"":[{""name"":""RO Booster Pump"",""estimatedPrice"":""2000-3000 INR (if needed)""}]},{""cause"":""Faulty RO membrane."",""severity"":""high"",""solution"":""While less likely to cause a complete stoppage of water, a severely clogged or damaged RO membrane can drastically reduce water output. This would require membrane replacement."",""probability"":0.05,""estimatedCost"":""800-1500 INR"",""requiredParts"":[{""name"":""RO Membrane"",""estimatedPrice"":""800-1500 INR""}]}],""summary"":""The RO machine in your room is not dispensing any water. This is a first-time issue and is only affecting your room. The severity is currently minor, but it needs attention."",""urgency"":""medium"",""recommendedAction"":""Firstly, check the basic water supply to the RO machine. If the problem persists, the filters are the next most likely culprit and should be inspected/replaced. Depending on the outcome, further investigation into the shut-off valve, water pressure, or RO membrane may be necessary. It's recommended to call a technician if the basic checks and filter changes don't resolve the issue.""}",null,completed,2026-04-10 04:22:54.740814+00,2026-04-10 04:22:53.648+00
b9db8f3e-e029-480a-b7a1-94114ff8a216,273cfd52-9861-4f44-9271-39952f4c6a35,00000000-0000-0000-0000-000000000001,bd081ad6-5fe3-4c1d-a919-81b1055efa19,abc84f5b-a950-406e-ab46-cefbe11df925,"[{""answer"":""Floor / sweeping"",""question"":""What needs cleaning?""},{""answer"":""Today but not proper"",""question"":""When was the last cleaning done?""},{""answer"":""One-time"",""question"":""Is this a one-time request or recurring issue?""}]","{""causes"":[{""cause"":""Improper waste management and food disposal attracting cockroaches."",""severity"":""high"",""solution"":""Implement stringent waste management protocols. Ensure food is stored in airtight containers and regularly dispose of trash."",""probability"":0.4,""estimatedCost"":""INR 500 - 1000"",""requiredParts"":[{""name"":""Airtight food containers"",""estimatedPrice"":""INR 300-700""},{""name"":""Lidded trash cans"",""estimatedPrice"":""INR 200-300""}]},{""cause"":""Presence of food debris and grease on kitchen surfaces and floor due to inadequate cleaning."",""severity"":""high"",""solution"":""Daily deep cleaning of kitchen floor, countertops, and appliances. Focus on removing food particles and grease."",""probability"":0.3,""estimatedCost"":""INR 300 - 600"",""requiredParts"":[{""name"":""Degreaser/kitchen cleaner"",""estimatedPrice"":""INR 150-250""},{""name"":""Mop and bucket"",""estimatedPrice"":""INR 150-350""}]},{""cause"":""Cracks and crevices in walls or flooring providing harborage for cockroaches."",""severity"":""medium"",""solution"":""Inspect and seal all cracks and crevices in the kitchen area with appropriate fillers. This eliminates hiding spots."",""probability"":0.2,""estimatedCost"":""INR 200 - 500"",""requiredParts"":[{""name"":""Wall crack filler/sealant"",""estimatedPrice"":""INR 100-300""}]},{""cause"":""Infestation source from external areas or entry points."",""severity"":""medium"",""solution"":""Identify and seal potential entry points like gaps around pipes, windows, and doors. Consider professional pest control if the issue persists after implementing other solutions."",""probability"":0.1,""estimatedCost"":""INR 1500 - 3000 (for professional pest control)"",""requiredParts"":[{""name"":""Pest control sealant"",""estimatedPrice"":""INR 200-400""}]}],""summary"":""The cockroach infestation in the kitchen is likely due to a combination of improper waste management, inadequate cleaning leaving food debris, and potential harborage in cracks. Immediate action is needed to eliminate the existing infestation and prevent recurrence."",""urgency"":""high"",""recommendedAction"":""Implement a comprehensive cleaning and sanitation plan for the kitchen, focusing on waste disposal, deep cleaning, and sealing potential entry points. Monitor the situation closely, and consider professional pest control if the infestation remains severe.""}",null,completed,2026-04-10 04:26:03.603341+00,2026-04-10 04:26:02.498+00
473ef603-446a-4fd8-a274-df67dfa2637e,62ec3e07-d588-4248-a406-54abbe7097eb,00000000-0000-0000-0000-000000000001,bd081ad6-5fe3-4c1d-a919-81b1055efa19,a5831922-eaeb-48c2-941c-fd96fae8813d,"[{""answer"":""Yes"",""question"":""Is the AC turning on when you press the power button?""},{""answer"":""Yes, but very weak"",""question"":""Is air coming out from the AC vents?""},{""answer"":""Within last month"",""question"":""When was the AC filter last cleaned?""},{""answer"":""Yes"",""question"":""Is there any water leaking from the AC?""},{""answer"":""Yes"",""question"":""Is the remote control working properly?""}]","{""causes"":[{""cause"":""Clogged AC drain line"",""severity"":""medium"",""solution"":""Clear the drain line using a wet/dry vacuum or a snake. This can often be done by the owner or a local handyman."",""probability"":0.4,""estimatedCost"":""INR 300 - 800"",""requiredParts"":[{""name"":""Wet/dry vacuum or drain snake"",""estimatedPrice"":""INR 500 - 2000""}]},{""cause"":""Low refrigerant levels due to a leak"",""severity"":""high"",""solution"":""A professional AC technician needs to detect and repair the leak, then recharge the refrigerant. This is critical for the AC's main function."",""probability"":0.3,""estimatedCost"":""INR 2500 - 6000"",""requiredParts"":[{""name"":""Refrigerant"",""estimatedPrice"":""INR 1500 - 3000""},{""name"":""Leak sealant/repair kit"",""estimatedPrice"":""INR 500 - 1500""}]},{""cause"":""Evaporator coil frozen"",""severity"":""high"",""solution"":""Turn off the AC and let the coil thaw. Check for restricted airflow (dirty filters, blocked vents) or low refrigerant as contributing factors. A professional might be needed if it re-freezes after cleaning."",""probability"":0.2,""estimatedCost"":""INR 0 (if self-resolved after thawing and cleaning) to INR 1500 (for professional inspection)"",""requiredParts"":[]},{""cause"":""Dirty air filter and evaporator coil"",""severity"":""medium"",""solution"":""Even though you cleaned it last month, a very dirty filter or coil can lead to reduced airflow and freezing. Clean or replace the filter again and inspect the evaporator coil for dirt build-up."",""probability"":0.1,""estimatedCost"":""INR 200 - 500 (for new filter if needed)"",""requiredParts"":[{""name"":""New AC filter (if needed)"",""estimatedPrice"":""INR 200 - 500""}]}],""summary"":""The most likely cause for your AC running but not cooling and leaking water is a clogged drain line, followed by low refrigerant levels or a frozen evaporator coil. A dirty air filter or evaporator coil, while you cleaned it recently, can still be a contributing factor to reduced airflow and freezing."",""urgency"":""high"",""recommendedAction"":""First, turn off the AC to prevent further damage and allow any ice on the evaporator coil to melt. Then, inspect and attempt to clear the drain line. If this doesn't resolve the issue, it is highly recommended to contact a professional AC technician to check for refrigerant leaks and address any deeper issues with the evaporator coil or other components to avoid costly damage or replacement in the long run. Since reduced airflow and water leakage can signify multiple issues, prompt professional attention is recommended if basic troubleshooting doesn't work. Before calling a technician, ensure the AC filter is clean and there are no obstructions to airflow.""}",null,completed,2026-04-10 08:05:36.562562+00,2026-04-10 08:05:35.35+00
1fe527a8-1a36-4689-8653-aff6be01456e,78c51919-8a58-4bcc-ac84-6e4675c707a0,00000000-0000-0000-0000-000000000001,bd081ad6-5fe3-4c1d-a919-81b1055efa19,abc84f5b-a950-406e-ab46-cefbe11df925,"[{""answer"":""Full room cleaning"",""question"":""What needs cleaning?""},{""answer"":""Yesterday"",""question"":""When was the last cleaning done?""},{""answer"":""Happens regularly"",""question"":""Is this a one-time request or recurring issue?""}]","{""causes"":[{""cause"":""Housekeeping staff oversight/workload issues"",""severity"":""medium"",""solution"":""Improved scheduling and workload management for housekeeping staff. Implement a checklist system for daily tasks."",""probability"":0.6,""estimatedCost"":""INR 0""},{""cause"":""Lack of clear communication/standard operating procedures (SOPs) for cleaning."",""severity"":""medium"",""solution"":""Develop and clearly communicate SOPs for room cleaning and waste collection. Regular training for staff on these procedures."",""probability"":0.2,""estimatedCost"":""INR 0""},{""cause"":""Insufficient housekeeping staff."",""severity"":""medium"",""solution"":""Assess current staffing levels against occupancy and cleaning requirements. Consider hiring additional staff if needed."",""probability"":0.1,""estimatedCost"":""INR 15,000 - 25,000 per month (for one additional staff member)""},{""cause"":""Maintenance issue with cleaning equipment (e.g., vacuum cleaner, trolleys)."",""severity"":""low"",""solution"":""Inspect all cleaning equipment for functionality. Repair or replace as necessary."",""probability"":0.1,""estimatedCost"":""INR 500 - 5,000 (depending on repair or replacement)""}],""summary"":""The regular occurrence of missed room cleaning and garbage collection suggests systemic issues within the housekeeping department. It's not an isolated incident but a recurring problem that impacts resident satisfaction."",""urgency"":""high"",""recommendedAction"":""Immediate review of housekeeping procedures, staff scheduling, and communication protocols. Conduct a resident satisfaction survey regarding cleaning services and implement corrective actions based on feedback.""}",null,completed,2026-04-11 05:50:29.417202+00,2026-04-11 05:50:28.047+00
a94a421d-10f4-4588-b667-d4b51a95d25b,b2e5ca4c-34ae-4c4d-a445-bc5428ec5062,00000000-0000-0000-0000-000000000001,bd081ad6-5fe3-4c1d-a919-81b1055efa19,01208ba1-4225-4a61-be39-3afe03dad690,"[{""answer"":""Today"",""question"":""When did you first notice this issue?""},{""answer"":""Minor — can manage"",""question"":""How severe is the issue?""},{""answer"":""First time"",""question"":""Has this issue happened before?""},{""answer"":""Nothing, happened on its own"",""question"":""Did anything specific trigger this issue?""},{""answer"":""Only my room"",""question"":""Is the issue affecting other rooms or just yours?""}]","{""causes"":[{""cause"":""Depleted RO filters (Sediment, Carbon, or RO Membrane)"",""severity"":""medium"",""solution"":""Replace the relevant RO filters. This is part of routine maintenance."",""probability"":0.6,""estimatedCost"":""₹800 - ₹3000"",""requiredParts"":[{""name"":""Sediment Filter"",""estimatedPrice"":""₹300 - ₹500""},{""name"":""Pre-Carbon Filter"",""estimatedPrice"":""₹300 - ₹500""},{""name"":""RO Membrane"",""estimatedPrice"":""₹1000 - ₹2000""}]},{""cause"":""Faulty Post-Carbon Filter (polishing filter)"",""severity"":""medium"",""solution"":""Replace the post-carbon filter. This filter is responsible for enhancing the taste of the water."",""probability"":0.2,""estimatedCost"":""₹400 - ₹800"",""requiredParts"":[{""name"":""Post-Carbon Filter"",""estimatedPrice"":""₹400 - ₹800""}]},{""cause"":""Contaminated water storage tank"",""severity"":""low"",""solution"":""Clean and sanitize the RO water storage tank thoroughly."",""probability"":0.1,""estimatedCost"":""₹200 - ₹400""},{""cause"":""Low water pressure or other RO system malfunction"",""severity"":""medium"",""solution"":""Inspect the RO system for proper water pressure and other operational issues. May require a technician."",""probability"":0.1,""estimatedCost"":""₹500 - ₹1000 (for technician visit and minor repairs)""}],""summary"":""The taste of the RO water in your room is off, indicating a potential need for RO system servicing. This is likely due to depleted filters, which is a common maintenance item."",""urgency"":""medium"",""recommendedAction"":""Schedule an RO technician to inspect and service the unit, focusing on filter replacement and tank cleaning.""}",null,completed,2026-04-11 10:58:47.718882+00,2026-04-11 10:58:47.471+00
2d4b91bd-894b-4c0a-856a-e6b4bfb8ab86,864927b8-23a6-4604-b885-b882c3eaea80,00000000-0000-0000-0000-000000000001,bd081ad6-5fe3-4c1d-a919-81b1055efa19,caf6381e-5189-4c1f-bf0a-4dfd99d9b9e7,"[{""answer"":""Today"",""question"":""When did you first notice this issue?""},{""answer"":""Minor — can manage"",""question"":""How severe is the issue?""},{""answer"":""First time"",""question"":""Has this issue happened before?""},{""answer"":""Nothing, happened on its own"",""question"":""Did anything specific trigger this issue?""},{""answer"":""Only my room"",""question"":""Is the issue affecting other rooms or just yours?""}]","{""causes"":[{""cause"":""Motor coupler worn out or broken"",""severity"":""high"",""solution"":""Replace the motor coupler"",""probability"":0.4,""estimatedCost"":""INR 500 - 1500"",""requiredParts"":[{""name"":""Motor Coupler"",""estimatedPrice"":""INR 300 - 800""}]},{""cause"":""Drive belt broken or loose"",""severity"":""medium"",""solution"":""Replace or tighten the drive belt"",""probability"":0.3,""estimatedCost"":""INR 400 - 1000"",""requiredParts"":[{""name"":""Drive Belt"",""estimatedPrice"":""INR 200 - 600""}]},{""cause"":""Agitator or wash plateDogs worn out"",""severity"":""medium"",""solution"":""Replace the agitator dogs"",""probability"":0.2,""estimatedCost"":""INR 300 - 800"",""requiredParts"":[{""name"":""Agitator Dogs"",""estimatedPrice"":""INR 100 - 300""}]},{""cause"":""Transmission failure"",""severity"":""high"",""solution"":""Repair or replace the transmission"",""probability"":0.1,""estimatedCost"":""INR 2000 - 6000"",""requiredParts"":[{""name"":""Washing Machine Transmission"",""estimatedPrice"":""INR 1500 - 4500""}]}],""summary"":""The washing machine's bottom plate is not rotating, leading to ineffective washing and soap residue on clothes. The issue started today and is isolated to your room. Although you mentioned 'minor - can manage,' this indicates a critical issue for a washing machine, rendering it unusable for effective cleaning."",""urgency"":""critical"",""recommendedAction"":""Given that the washing machine is unable to perform its primary function of washing clothes effectively, and soap residue is left on clothes, this is a critical issue that needs immediate attention.  Please arrange for a qualified technician to inspect the washing machine and diagnose the exact cause. Do not attempt to use the washing machine until it is repaired, as this could worsen the problem or cause further damage. Since there's no washing, alternative arrangements for laundry may be needed temporarily.""}",null,completed,2026-04-13 04:39:38.885923+00,2026-04-13 04:39:37.936+00
6a0d1006-5cbd-49f7-adee-4d306058360b,8acf69f6-f774-4864-930d-6998e3c0bd1e,00000000-0000-0000-0000-000000000001,bd081ad6-5fe3-4c1d-a919-81b1055efa19,e2aa2aaa-8af6-4807-9a4e-7665c5421eed,"[{""answer"":""Today"",""question"":""When did you first notice this issue?""},{""answer"":""Minor — can manage"",""question"":""How severe is the issue?""},{""answer"":""First time"",""question"":""Has this issue happened before?""},{""answer"":""Nothing, happened on its own"",""question"":""Did anything specific trigger this issue?""},{""answer"":""Only my room"",""question"":""Is the issue affecting other rooms or just yours?""}]","{""causes"":[{""cause"":""Loose joints in the bed frame"",""severity"":""medium"",""solution"":""Tighten all screws and bolts on the bed frame. Add corner braces for extra support if possible."",""probability"":0.6,""estimatedCost"":""INR 50 - 200 (for screws, bolts, and optional corner braces)"",""requiredParts"":[{""name"":""Screws/Bolts (if missing)"",""estimatedPrice"":""INR 20 - 50""},{""name"":""Corner braces (optional)"",""estimatedPrice"":""INR 100 - 150""}]},{""cause"":""Worn-out wooden slats or bed base"",""severity"":""medium"",""solution"":""Inspect all wooden slats or the bed base for cracks or damage. Replace any damaged parts. Add additional support planks if the base is weak."",""probability"":0.3,""estimatedCost"":""INR 200 - 800 (for replacement slats/planks)"",""requiredParts"":[{""name"":""Wooden slats/Support planks"",""estimatedPrice"":""INR 200 - 800""}]},{""cause"":""Friction between bed components and mattress/floor"",""severity"":""low"",""solution"":""Apply felt pads or foam strips to points where the bed frame touches the wall, floor, or mattress to reduce friction. Place rubber stoppers under bed legs."",""probability"":0.1,""estimatedCost"":""INR 100 - 300 (for felt pads, foam strips, rubber stoppers)"",""requiredParts"":[{""name"":""Felt pads/Foam strips"",""estimatedPrice"":""INR 50 - 150""},{""name"":""Rubber stoppers"",""estimatedPrice"":""INR 50 - 150""}]}],""summary"":""The bed's torn fabric and creaking sound are likely due to loose joints, worn-out wooden slats, or friction. The issue developed recently and is isolated to one room."",""urgency"":""low"",""recommendedAction"":""Inspect the bed frame for loose joints and tighten them. Also, check the wooden slats and bed base for any damage and replace if necessary. Consider adding felt pads or rubber stoppers to reduce friction.""}",null,completed,2026-04-15 06:18:17.661226+00,2026-04-15 06:18:16.178+00
6705cc06-1afe-4e99-b25f-80fabb503c49,f3f9fb0f-bafa-4449-b1cc-708f927d4d18,00000000-0000-0000-0000-000000000001,bd081ad6-5fe3-4c1d-a919-81b1055efa19,d76dd3bd-ccb7-4991-a01f-ce158dfe908e,"[{""answer"":""Today"",""question"":""When did you first notice this issue?""},{""answer"":""Minor — can manage"",""question"":""How severe is the issue?""},{""answer"":""First time"",""question"":""Has this issue happened before?""},{""answer"":""Nothing, happened on its own"",""question"":""Did anything specific trigger this issue?""},{""answer"":""Only my room"",""question"":""Is the issue affecting other rooms or just yours?""}]","{""causes"":[{""cause"":""Loose pipe joint/fitting"",""severity"":""medium"",""solution"":""Tighten the loose pipe joint or fitting. If tightening doesn't stop the leak, the fitting might need to be replaced."",""probability"":0.5,""estimatedCost"":""INR 100-300"",""requiredParts"":[{""name"":""Plumber's wrench"",""estimatedPrice"":""INR 200-500""},{""name"":""Thread seal tape (Teflon tape)"",""estimatedPrice"":""INR 20-50""}]},{""cause"":""Worn-out washer or O-ring"",""severity"":""medium"",""solution"":""Identify the leaking fixture (faucet, showerhead, toilet flush) and replace the worn-out washer or O-ring."",""probability"":0.3,""estimatedCost"":""INR 50-200"",""requiredParts"":[{""name"":""Assorted washer/O-ring kit"",""estimatedPrice"":""INR 100-300""}]},{""cause"":""Small crack in a pipe or fixture"",""severity"":""high"",""solution"":""Locate the crack. Depending on the size and location, a temporary patch might be applied, but a permanent fix will involve replacing the cracked section of the pipe or the entire fixture."",""probability"":0.15,""estimatedCost"":""INR 300-1500 (depending on the pipe/fixture)"",""requiredParts"":[{""name"":""PVC pipe cement/epoxy putty (for temporary fix)"",""estimatedPrice"":""INR 50-200""},{""name"":""Replacement pipe section/fixture"",""estimatedPrice"":""INR 200-1000+""}]},{""cause"":""Clogged drain causing overflow (less likely if only 'leak')"",""severity"":""low"",""solution"":""Clear the drain blockage using a plunger, drain snake, or chemical drain cleaner. Once the clog is removed, the overflow (and thus the 'leak') should stop."",""probability"":0.05,""estimatedCost"":""INR 0-200"",""requiredParts"":[{""name"":""Plunger"",""estimatedPrice"":""INR 100-300""},{""name"":""Drain cleaner (chemical or enzymatic)"",""estimatedPrice"":""INR 80-250""}]}],""summary"":""There is a water leak in the B42-B attached washroom. The issue was noticed today, is minor, and has not happened before. It is only affecting this room."",""urgency"":""medium"",""recommendedAction"":""A plumber should be called to inspect the washroom for the source of the leak, specifically checking pipe joints, fittings, washers, and fixtures. Depending on the diagnosis, they should tighten, repair, or replace the faulty component. The water supply to the washroom might need to be temporarily shut off during the repair process.""}",null,completed,2026-04-16 09:42:21.656931+00,2026-04-16 09:42:20.972+00
ab5330fd-4e0c-4026-a470-c2f442b08e80,9e2d3ac5-79ba-434f-ac2a-77579bd93806,00000000-0000-0000-0000-000000000001,e4897d45-cba7-4d8a-ade0-d6014ccba68d,a25aca1b-211b-41d3-ab08-78bd2b9541e8,"[{""answer"":""More than a week"",""question"":""When did you first notice this issue?""},{""answer"":""Moderate — inconvenient"",""question"":""How severe is the issue?""},{""answer"":""First time"",""question"":""Has this issue happened before?""},{""answer"":""Nothing, happened on its own"",""question"":""Did anything specific trigger this issue?""},{""answer"":""Only my room"",""question"":""Is the issue affecting other rooms or just yours?""}]","{""causes"":[{""cause"":""Loose or damaged hinges"",""severity"":""medium"",""solution"":""Tighten existing screws or replace hinges if damaged. This can often be done with a screwdriver. If the screw holes are stripped, use longer screws or wood filler to secure them."",""probability"":0.4,""estimatedCost"":""INR 100-350"",""requiredParts"":[{""name"":""Screws (if stripped)"",""estimatedPrice"":""INR 50-100""},{""name"":""Hinges (if damaged)"",""estimatedPrice"":""INR 150-250 per pair""}]},{""cause"":""Door frame misalignment/swelling"",""severity"":""medium"",""solution"":""Check if the door frame is plumb and square. Minor adjustments can sometimes be made by shimming hinges. If the frame is swollen due to moisture, allowing it to dry out might help. In severe cases, part of the frame might need planing or replacement."",""probability"":0.3,""estimatedCost"":""INR 300-800"",""requiredParts"":[{""name"":""Wood shims (if minor adjustment needed)"",""estimatedPrice"":""INR 50-100""}]},{""cause"":""Damaged door or warping"",""severity"":""medium"",""solution"":""Examine the door itself for warping or damage. A warped door might need to be planed down in the affected areas. If the damage is significant, the door might need to be replaced."",""probability"":0.2,""estimatedCost"":""INR 500-2500 for repair/replacement"",""requiredParts"":[{""name"":""New door (if replacement needed)"",""estimatedPrice"":""INR 1000-2000""},{""name"":""Planing service (if minor warping)"",""estimatedPrice"":""INR 500-800""}]},{""cause"":""Latch/Strike plate misalignment"",""severity"":""low"",""solution"":""The strike plate on the door frame might be misaligned with the door's latch. This can often be adjusted by slightly repositioning the strike plate, either by unscrewing and moving it, or by filing the opening slightly."",""probability"":0.1,""estimatedCost"":""INR 50-200"",""requiredParts"":[{""name"":""Screws (if needed)"",""estimatedPrice"":""INR 20-50""}]}],""summary"":""The bathroom door is not closing properly in your room, which has been an issue for over a week. This is a moderate inconvenience and happened without any specific trigger. The problem is isolated to your room."",""urgency"":""medium"",""recommendedAction"":""Inspect the door hinges first for looseness or damage. If the hinges seem fine, check the door frame for alignment issues and the door itself for warping. Try adjusting the strike plate as a simpler fix. Depending on the diagnosis, proceed with tightening screws, replacing hinges, or calling a carpenter for more complex issues like frame or door replacement.""}",null,completed,2026-04-16 11:05:05.493025+00,2026-04-16 11:05:04.755+00
5497dc46-a842-4c33-8755-0f29567dee54,154c14c7-590e-44b2-bae9-8cc1ec79bdac,00000000-0000-0000-0000-000000000001,bd081ad6-5fe3-4c1d-a919-81b1055efa19,e2aa2aaa-8af6-4807-9a4e-7665c5421eed,"[{""answer"":""Today"",""question"":""When did you first notice this issue?""},{""answer"":""Minor — can manage"",""question"":""How severe is the issue?""},{""answer"":""First time"",""question"":""Has this issue happened before?""},{""answer"":""Nothing, happened on its own"",""question"":""Did anything specific trigger this issue?""},{""answer"":""Only my room"",""question"":""Is the issue affecting other rooms or just yours?""}]","{""causes"":[{""cause"":""Loose screws in the latch mechanism."",""severity"":""low"",""solution"":""Tighten the screws on the latch plate and strike plate. If the wood is stripped, use longer screws or wooden dowels with wood glue to create a better hold."",""probability"":0.6,""estimatedCost"":""INR 50 - 150"",""requiredParts"":[{""name"":""Screwdriver (Phillips/Flathead)"",""estimatedPrice"":""INR 0 (common tool)""},{""name"":""Longer screws (if needed)"",""estimatedPrice"":""INR 5 - 10 per screw""},{""name"":""Wooden dowels/toothpicks & wood glue (if wood is stripped)"",""estimatedPrice"":""INR 20 - 50""}]},{""cause"":""Misaligned strike plate or latch mechanism."",""severity"":""medium"",""solution"":""Adjust the position of the strike plate on the door frame or the latch mechanism on the door so they align properly. This might involve unscrewing, slightly repositioning, and re-screwing."",""probability"":0.25,""estimatedCost"":""INR 100 - 250"",""requiredParts"":[{""name"":""Screwdriver"",""estimatedPrice"":""INR 0 (common tool)""}]},{""cause"":""Worn or faulty latch bolt/spring."",""severity"":""medium"",""solution"":""If the latch bolt itself is not extending or retracting properly, or feels loose internally, the entire latch mechanism might need replacement. This is less likely if it just 'happened on its own'."",""probability"":0.1,""estimatedCost"":""INR 300 - 800"",""requiredParts"":[{""name"":""New door latch mechanism"",""estimatedPrice"":""INR 250 - 700""},{""name"":""Screwdriver"",""estimatedPrice"":""INR 0 (common tool)""}]},{""cause"":""Swelling of the door or door frame due to humidity/moisture."",""severity"":""low"",""solution"":""If the door or frame has swollen, preventing the latch from engaging, sanding down the affected area of the door or the strike plate opening might be necessary. This is more common in humid climates or rainy seasons."",""probability"":0.05,""estimatedCost"":""INR 100 - 300"",""requiredParts"":[{""name"":""Sandpaper (medium to fine grit)"",""estimatedPrice"":""INR 20 - 50""}]}],""summary"":""The door latch in your corridor is not functioning correctly. This is likely due to loose screws, misalignment, or in some cases, a worn latch mechanism. Since it's a minor issue and happened today without a specific trigger, it's probably a simple fix."",""urgency"":""low"",""recommendedAction"":""First, attempt to tighten all visible screws on the latch plate and strike plate. If that doesn't resolve the issue, inspect for misalignment and adjust the strike plate. If neither of these works, consider replacing the latch mechanism. If there are signs of swelling in the wood, light sanding might be required.""}",null,completed,2026-04-16 11:16:36.02858+00,2026-04-16 11:16:21.916+00
0c27037c-f9ad-4ac5-82ce-5189578fb93a,154c14c7-590e-44b2-bae9-8cc1ec79bdac,00000000-0000-0000-0000-000000000001,bd081ad6-5fe3-4c1d-a919-81b1055efa19,e2aa2aaa-8af6-4807-9a4e-7665c5421eed,"[{""answer"":""Today"",""question"":""When did you first notice this issue?""},{""answer"":""Minor — can manage"",""question"":""How severe is the issue?""},{""answer"":""First time"",""question"":""Has this issue happened before?""},{""answer"":""Nothing, happened on its own"",""question"":""Did anything specific trigger this issue?""},{""answer"":""Only my room"",""question"":""Is the issue affecting other rooms or just yours?""}]","{""causes"":[{""cause"":""Loose screws in the latch mechanism."",""severity"":""low"",""solution"":""Tighten the screws on the latch plate and strike plate. If the wood is stripped, use longer screws or wooden dowels with wood glue to create a better hold."",""probability"":0.6,""estimatedCost"":""INR 50 - 150"",""requiredParts"":[{""name"":""Screwdriver (Phillips/Flathead)"",""estimatedPrice"":""INR 0 (common tool)""},{""name"":""Longer screws (if needed)"",""estimatedPrice"":""INR 5 - 10 per screw""},{""name"":""Wooden dowels/toothpicks & wood glue (if wood is stripped)"",""estimatedPrice"":""INR 20 - 50""}]},{""cause"":""Misaligned strike plate or latch mechanism."",""severity"":""medium"",""solution"":""Adjust the position of the strike plate on the door frame or the latch mechanism on the door so they align properly. This might involve unscrewing, slightly repositioning, and re-screwing."",""probability"":0.25,""estimatedCost"":""INR 100 - 250"",""requiredParts"":[{""name"":""Screwdriver"",""estimatedPrice"":""INR 0 (common tool)""}]},{""cause"":""Worn or faulty latch bolt/spring."",""severity"":""medium"",""solution"":""If the latch bolt itself is not extending or retracting properly, or feels loose internally, the entire latch mechanism might need replacement. This is less likely if it just 'happened on its own'."",""probability"":0.1,""estimatedCost"":""INR 300 - 800"",""requiredParts"":[{""name"":""New door latch mechanism"",""estimatedPrice"":""INR 250 - 700""},{""name"":""Screwdriver"",""estimatedPrice"":""INR 0 (common tool)""}]},{""cause"":""Swelling of the door or door frame due to humidity/moisture."",""severity"":""low"",""solution"":""If the door or frame has swollen, preventing the latch from engaging, sanding down the affected area of the door or the strike plate opening might be necessary. This is more common in humid climates or rainy seasons."",""probability"":0.05,""estimatedCost"":""INR 100 - 300"",""requiredParts"":[{""name"":""Sandpaper (medium to fine grit)"",""estimatedPrice"":""INR 20 - 50""}]}],""summary"":""The door latch in your corridor is not functioning correctly. This is likely due to loose screws, misalignment, or in some cases, a worn latch mechanism. Since it's a minor issue and happened today without a specific trigger, it's probably a simple fix."",""urgency"":""low"",""recommendedAction"":""First, attempt to tighten all visible screws on the latch plate and strike plate. If that doesn't resolve the issue, inspect for misalignment and adjust the strike plate. If neither of these works, consider replacing the latch mechanism. If there are signs of swelling in the wood, light sanding might be required.""}",null,completed,2026-04-16 11:16:36.618296+00,2026-04-16 11:16:17.115+00
ca420845-a560-49e3-b67e-87bb61400035,d24ca09b-494b-4bda-992a-aad57b478ff5,00000000-0000-0000-0000-000000000001,e4897d45-cba7-4d8a-ade0-d6014ccba68d,01208ba1-4225-4a61-be39-3afe03dad690,"[{""answer"":""More than a week"",""question"":""When did you first notice this issue?""},{""answer"":""Moderate — inconvenient"",""question"":""How severe is the issue?""},{""answer"":""Happens sometimes"",""question"":""Has this issue happened before?""},{""answer"":""Nothing, happened on its own"",""question"":""Did anything specific trigger this issue?""},{""answer"":""Only my room"",""question"":""Is the issue affecting other rooms or just yours?""}]","{""causes"":[{""cause"":""Clogged/Expired RO Membrane/Filters"",""severity"":""medium"",""solution"":""The most likely cause is an overdue RO filter replacement, leading to reduced water flow and purification efficiency. Replace all filters, including the sediment filter, activated carbon filter, and RO membrane. "",""probability"":0.8,""estimatedCost"":""₹1500-₹3000"",""requiredParts"":[{""name"":""Sediment Filter"",""estimatedPrice"":""₹300-₹500""},{""name"":""Activated Carbon Filter"",""estimatedPrice"":""₹400-₹700""},{""name"":""RO Membrane"",""estimatedPrice"":""₹800-₹1800""}]},{""cause"":""Low Water Pressure"",""severity"":""low"",""solution"":""Low water pressure can affect the RO system's performance. Check the main water supply pressure. If it's consistently low, a booster pump might be needed. For a quick check, ensure all water valves leading to the RO system are fully open. If the issue is only with the tap and not the whole system, check the tap for blockages. As it is affecting only your room the issue could be with the filters and not the main supply."",""probability"":0.15,""estimatedCost"":""₹0-₹5000 (if booster pump needed)"",""requiredParts"":[{""name"":""In-line pressure gauge (for diagnosis)"",""estimatedPrice"":""₹200-₹500""}]}],""summary"":""The RO water purifier in your room is experiencing issues, most likely due to overdue filter replacement. This has been ongoing for over a week and is causing moderate inconvenience, affecting only your room. While it happens sometimes, there was no specific trigger."",""urgency"":""high"",""recommendedAction"":""Immediately replace the RO filters, especially the RO membrane, sediment filter, and activated carbon filter. Regular maintenance and timely replacement of filters are crucial for the efficient and safe operation of the RO water purifier. If the issue persists after filter replacement, check for water pressure issues or contact a technician for further diagnosis.""}",null,completed,2026-04-16 12:38:55.984212+00,2026-04-16 12:38:55.526+00
7ad9045e-567c-4b50-a4e5-a1fc1a2d9e08,3c18ed0c-e9be-4828-9078-59cfa6e3179f,00000000-0000-0000-0000-000000000001,e4897d45-cba7-4d8a-ade0-d6014ccba68d,47389994-b201-4bb1-bf91-8bce4dbde510,"[{""answer"":""A few days ago"",""question"":""When did you first notice this issue?""},{""answer"":""Moderate — inconvenient"",""question"":""How severe is the issue?""},{""answer"":""Happens sometimes"",""question"":""Has this issue happened before?""},{""answer"":""Nothing, happened on its own"",""question"":""Did anything specific trigger this issue?""},{""answer"":""Only my room"",""question"":""Is the issue affecting other rooms or just yours?""}]","{""causes"":[{""cause"":""Pillow has reached end of life due to normal wear and tear."",""severity"":""low"",""solution"":""Replace the old pillow with a new one."",""probability"":0.8,""estimatedCost"":""₹300 - ₹800"",""requiredParts"":[{""name"":""New pillow"",""estimatedPrice"":""₹300 - ₹800""}]},{""cause"":""Pillow is uncomfortable or unsuitable for the resident's preference."",""severity"":""low"",""solution"":""Replace with a pillow of different type (e.g., softer, firmer, different material) based on resident's preference."",""probability"":0.15,""estimatedCost"":""₹300 - ₹1500"",""requiredParts"":[{""name"":""New pillow (specialized)"",""estimatedPrice"":""₹300 - ₹1500""}]},{""cause"":""Pillow is damaged or stained."",""severity"":""medium"",""solution"":""Replace the damaged/stained pillow."",""probability"":0.05,""estimatedCost"":""₹300 - ₹800"",""requiredParts"":[{""name"":""New pillow"",""estimatedPrice"":""₹300 - ₹800""}]}],""summary"":""The resident needs a new pillow. The primary reason is likely normal wear and tear, making the current pillow uncomfortable. It's also possible the current pillow doesn't suit their comfort preferences, or it might be slightly damaged/stained."",""urgency"":""low"",""recommendedAction"":""Replace the pillow in the resident's room with a new, standard pillow. If the resident expresses a specific preference for a different type of pillow, attempt to accommodate that request, noting the potential for a slightly higher cost.""}",null,completed,2026-04-16 12:42:14.354444+00,2026-04-16 12:42:14.02+00
a79aef10-8c5d-46b3-a78d-5bdbb7cb7353,47edf057-a884-4cb6-ae6e-5fbb26bcef22,00000000-0000-0000-0000-000000000001,e4897d45-cba7-4d8a-ade0-d6014ccba68d,e2aa2aaa-8af6-4807-9a4e-7665c5421eed,"[{""answer"":""Today"",""question"":""When did you first notice this issue?""},{""answer"":""Moderate — inconvenient"",""question"":""How severe is the issue?""},{""answer"":""Happens sometimes"",""question"":""Has this issue happened before?""},{""answer"":""Nothing, happened on its own"",""question"":""Did anything specific trigger this issue?""},{""answer"":""Only my room"",""question"":""Is the issue affecting other rooms or just yours?""}]","{""causes"":[{""cause"":""Keys misplaced by previous occupant or cleaning staff."",""severity"":""medium"",""solution"":""Contact facility management to check for a spare key or to have a new key made. If a spare key is available, arrange for immediate delivery. If a new key needs to be made, inquire about the timeframe."",""probability"":0.5,""estimatedCost"":""₹500 - ₹1000"",""requiredParts"":[{""name"":""New key cutting"",""estimatedPrice"":""₹500 - ₹1000""}]},{""cause"":""Almirah lock broken or faulty, preventing the use of any key."",""severity"":""medium"",""solution"":""Request facility management to inspect the almirah lock. If faulty, they may need to repair or replace the lock. This might involve calling a locksmith."",""probability"":0.3,""estimatedCost"":""₹1000 - ₹2500"",""requiredParts"":[{""name"":""New almirah lock"",""estimatedPrice"":""₹800 - ₹1500""},{""name"":""Locksmith service charge"",""estimatedPrice"":""₹200 - ₹1000""}]},{""cause"":""Key was never provided at move-in due to an oversight."",""severity"":""medium"",""solution"":""Confirm with facility management or the PG/hostel administration if almirah keys are typically provided. If not, request a key for your almirah. If they should have provided one, ask them to rectify the oversight immediately."",""probability"":0.2,""estimatedCost"":""₹0 - ₹500"",""requiredParts"":[{""name"":""New key cutting (if not provided)"",""estimatedPrice"":""₹0 - ₹500""}]}],""summary"":""The user has not received the keys for their almirah in their room. This is causing moderate inconvenience. The issue was noticed today and happens sometimes."",""urgency"":""medium"",""recommendedAction"":""Contact facility management or the PG/hostel administration immediately to inquire about the almirah key. Request them to provide a key or arrange for a locksmith if necessary.""}",null,completed,2026-04-16 12:43:50.791563+00,2026-04-16 12:43:50.463+00
7893c8ca-1934-4dc7-86d8-7b6435760789,72405ca5-e55a-4349-9fdd-ca700389fd6b,00000000-0000-0000-0000-000000000001,bd081ad6-5fe3-4c1d-a919-81b1055efa19,e2aa2aaa-8af6-4807-9a4e-7665c5421eed,"[{""answer"":""Today"",""question"":""When did you first notice this issue?""},{""answer"":""Minor — can manage"",""question"":""How severe is the issue?""},{""answer"":""First time"",""question"":""Has this issue happened before?""},{""answer"":""Nothing, happened on its own"",""question"":""Did anything specific trigger this issue?""},{""answer"":""Only my room"",""question"":""Is the issue affecting other rooms or just yours?""}]","{""causes"":[{""cause"":""Wear and tear/Poor quality material."",""severity"":""medium"",""solution"":""Repair the block using wood glue and clamps, or replace the block if severely damaged. Reinforce the joint with screws or brackets for added durability."",""probability"":0.7,""estimatedCost"":""₹100-300"",""requiredParts"":[{""name"":""Wood glue"",""estimatedPrice"":""₹50-150""},{""name"":""Small screws/L-brackets (if needed)"",""estimatedPrice"":""₹50-150""}]},{""cause"":""Loose fasteners (screws, nails) holding the block in place."",""severity"":""low"",""solution"":""Tighten or replace any loose screws or nails. If the screw holes are stripped, use wood filler and redrill."",""probability"":0.2,""estimatedCost"":""₹50-200"",""requiredParts"":[{""name"":""Screws/Nails"",""estimatedPrice"":""₹20-50""},{""name"":""Wood filler (if needed)"",""estimatedPrice"":""₹30-100""}]},{""cause"":""Improper assembly."",""severity"":""low"",""solution"":""Disassemble the affected part of the study table and reassemble it correctly, ensuring all blocks and fasteners are properly aligned and secured."",""probability"":0.1,""estimatedCost"":""₹0-100"",""requiredParts"":[]}],""summary"":""The block on the study table is broken, likely due to general wear and tear or potentially loose fasteners. This is a minor issue affecting only your room and was noticed today for the first time."",""urgency"":""low"",""recommendedAction"":""Repair the broken block as soon as possible to prevent further damage and ensure the stability of the study table. Focus on securing the block firmly and reinforcing the joint, or replacing the block entirely if it's beyond repair. If the block is essential for the table's structural integrity, consider a temporary fix until a proper repair can be done.""}",null,completed,2026-04-18 12:18:21.617466+00,2026-04-18 12:18:21.297+00
392fa60e-c72d-46ed-9ea3-b7ef97c2d5e0,3145b7a3-f9b8-4b69-be75-cf0d3ead40f9,00000000-0000-0000-0000-000000000001,bd081ad6-5fe3-4c1d-a919-81b1055efa19,caf6381e-5189-4c1f-bf0a-4dfd99d9b9e7,"[{""answer"":""Today"",""question"":""When did you first notice this issue?""},{""answer"":""Minor — can manage"",""question"":""How severe is the issue?""},{""answer"":""First time"",""question"":""Has this issue happened before?""},{""answer"":""Nothing, happened on its own"",""question"":""Did anything specific trigger this issue?""},{""answer"":""Only my room"",""question"":""Is the issue affecting other rooms or just yours?""}]","{""causes"":[{""cause"":""Broken Drive Belt"",""severity"":""high"",""solution"":""The drive belt connects the motor to the agitator/impeller. If it's broken or slipped, the agitator won't move. A technician needs to inspect and replace the drive belt."",""probability"":0.4,""estimatedCost"":""₹500 - ₹1500"",""requiredParts"":[{""name"":""Washing Machine Drive Belt"",""estimatedPrice"":""₹300 - ₹800""}]},{""cause"":""Faulty Agitator/Impeller Dogs or Cogs (for some models)"",""severity"":""medium"",""solution"":""In some older or specific top-loader models, plastic 'dogs' or cogs allow the agitator to spin in one direction for washing. If these are worn out, the agitator might not move. These need to be replaced."",""probability"":0.3,""estimatedCost"":""₹300 - ₹800"",""requiredParts"":[{""name"":""Agitator Dogs/Cogs Kit"",""estimatedPrice"":""₹150 - ₹400""}]},{""cause"":""Motor Coupling Failure"",""severity"":""high"",""solution"":""The motor coupling connects the motor to the transmission. If it's broken, power won't transfer to the agitator. This requires replacement of the motor coupling by a technician."",""probability"":0.2,""estimatedCost"":""₹700 - ₹2000"",""requiredParts"":[{""name"":""Washing Machine Motor Coupling"",""estimatedPrice"":""₹400 - ₹1000""}]},{""cause"":""Worn Out Transmission"",""severity"":""high"",""solution"":""The transmission is a complex part that translates motor power into the agitator's motion. If it's worn out, the agitator won't turn. This is a costly repair and might warrant considering a new washing machine."",""probability"":0.05,""estimatedCost"":""₹3000 - ₹8000+"",""requiredParts"":[{""name"":""Washing Machine Transmission (Model Specific)"",""estimatedPrice"":""₹2500 - ₹7000+""}]},{""cause"":""Faulty Main Control Board (PCB)"",""severity"":""high"",""solution"":""Though less common, a faulty main control board can fail to send the correct signals to the motor, preventing the agitator from moving. This requires professional diagnosis and replacement of the PCB."",""probability"":0.05,""estimatedCost"":""₹1500 - ₹5000+"",""requiredParts"":[{""name"":""Washing Machine Main Control Board (PCB)"",""estimatedPrice"":""₹1000 - ₹4000+""}]}],""summary"":""The washing machine's impeller/agitator is not rotating at all, preventing washing and leaving soap stains. This suggests a mechanical failure in the system responsible for moving the agitator."",""urgency"":""medium"",""recommendedAction"":""Although you've categorized this as 'minor,' a non-agitating washing machine is functionally useless. It's recommended to call a qualified appliance technician to diagnose the exact problem and perform the necessary repair. Continuing to use it might exacerbate the issue if there's a mechanical binding or further damage can occur. Unplug the washing machine until it can be inspected.""}",null,completed,2026-04-18 12:22:53.058405+00,2026-04-18 12:22:52.898+00
76914d84-7ea9-4c66-82ad-b31ee5616b58,58187d60-a167-4ff1-b719-83401928ff54,00000000-0000-0000-0000-000000000001,bd081ad6-5fe3-4c1d-a919-81b1055efa19,a5831922-eaeb-48c2-941c-fd96fae8813d,"[{""answer"":""Yes"",""question"":""Is the AC turning on when you press the power button?""},{""answer"":""Yes, but warm air"",""question"":""Is air coming out from the AC vents?""},{""answer"":""Within last month"",""question"":""When was the AC filter last cleaned?""},{""answer"":""Yes"",""question"":""Is there any water leaking from the AC?""},{""answer"":""Yes"",""question"":""Is the remote control working properly?""}]","{""causes"":[{""cause"":""Refrigerant Leak"",""severity"":""high"",""solution"":""Detect and seal the leak, then recharge the refrigerant."",""probability"":0.6,""estimatedCost"":""₹2000 - ₹5000"",""requiredParts"":[{""name"":""Refrigerant"",""estimatedPrice"":""₹1000 - ₹2000""},{""name"":""Leak sealant"",""estimatedPrice"":""₹500 - ₹1000""}]},{""cause"":""Clogged Drain Line leading to water leakage and potential freezing of evaporator coils."",""severity"":""medium"",""solution"":""Clear the drain line. If ice is present, allow the unit to thaw completely before restarting."",""probability"":0.2,""estimatedCost"":""₹500 - ₹1500""},{""cause"":""Faulty Thermostat"",""severity"":""medium"",""solution"":""Replace the thermostat."",""probability"":0.1,""estimatedCost"":""₹1000 - ₹3000"",""requiredParts"":[{""name"":""Thermostat"",""estimatedPrice"":""₹700 - ₹2500""}]},{""cause"":""Dirty Condenser Coils"",""severity"":""medium"",""solution"":""Clean the condenser coils thoroughly."",""probability"":0.1,""estimatedCost"":""₹800 - ₹2000""}],""summary"":""The AC is running and blowing warm air, with water leakage reported. This points to issues beyond a simple dirty filter or remote problem."",""urgency"":""high"",""recommendedAction"":""Given the warm air and water leakage, it's highly recommended to have a qualified AC technician inspect the unit as soon as possible to diagnose the refrigerant leak or clogged drain line and prevent further damage.""}",null,completed,2026-04-18 12:26:54.506663+00,2026-04-18 12:26:54.223+00
79cbfa0b-a996-4bbd-b7fa-6a73c72aabf6,76d61ead-a174-4c32-b826-99c5a6277e1f,00000000-0000-0000-0000-000000000001,bd081ad6-5fe3-4c1d-a919-81b1055efa19,28158382-d5c1-436c-927b-3e3d9855c2af,"[{""answer"":""Entire room"",""question"":""Is the power out in the entire room or just some outlets?""},{""answer"":""Yes, it's on"",""question"":""Have you checked the MCB / circuit breaker?""},{""answer"":""Yes, others have power"",""question"":""Is there power in the common areas or other rooms?""},{""answer"":""Happened suddenly"",""question"":""Did this happen suddenly or after plugging something in?""}]","{""causes"":[{""cause"":""Loose wiring connection in the main switchboard or the room's junction box."",""severity"":""high"",""solution"":""Inspect and tighten all wiring connections in the main switchboard and the junction box supplying power to the affected room. This should be done by a qualified electrician."",""probability"":0.6,""estimatedCost"":""₹300 - ₹700 (Electrician visit and labor)"",""requiredParts"":[]},{""cause"":""Faulty MCB (Miniature Circuit Breaker) for the room, despite appearing to be in the 'on' position."",""severity"":""high"",""solution"":""Replace the faulty MCB. This also requires a qualified electrician."",""probability"":0.25,""estimatedCost"":""₹500 - ₹1200 (MCB cost + Electrician labor)"",""requiredParts"":[{""name"":""MCB (16A or 20A, depending on existing)"",""estimatedPrice"":""₹200 - ₹500""}]},{""cause"":""Damaged main power cable supplying the room."",""severity"":""high"",""solution"":""Identify and replace the damaged section of the main power cable. This is a more extensive repair and requires professional assessment."",""probability"":0.1,""estimatedCost"":""₹1000 - ₹3000+ (Cable cost + Electrician labor)"",""requiredParts"":[{""name"":""Electrical cable (appropriate gauge and length)"",""estimatedPrice"":""₹50 - ₹150 per meter""}]},{""cause"":""Internal short circuit within a wall switch or power socket, leading to a complete power outage in the room (less likely if MCB is on)."",""severity"":""medium"",""solution"":""Inspect all switches and sockets in the room for signs of burning or damage. Replace any faulty units. While the MCB is on, a severe short could still cause a complete room outage if the fault is before the main room distribution."",""probability"":0.05,""estimatedCost"":""₹400 - ₹1000 (Switch/Socket cost + Electrician labor)"",""requiredParts"":[{""name"":""Wall switch or power socket"",""estimatedPrice"":""₹50 - ₹200 per unit""}]}],""summary"":""The entire room has no power, despite the MCB being on and other rooms having power. This indicates a problem with the power supply specifically to this room, likely in the main distribution."",""urgency"":""critical"",""recommendedAction"":""Immediately call a qualified electrician to diagnose and fix the issue. Do not attempt to troubleshoot or repair electrical problems yourself, as it can be dangerous. Turn off the main power supply to the hostel/PG if possible until the electrician arrives to prevent further damage or hazards.""}",null,completed,2026-04-20 12:10:32.082572+00,2026-04-20 12:10:31.809+00
5217e717-7afc-46e4-9347-61e996f97502,f0de0900-6a45-49e5-87a7-f90468c0021f,00000000-0000-0000-0000-000000000001,bd081ad6-5fe3-4c1d-a919-81b1055efa19,a5831922-eaeb-48c2-941c-fd96fae8813d,"[{""answer"":""Yes"",""question"":""Is the AC turning on when you press the power button?""},{""answer"":""Yes, but warm air"",""question"":""Is air coming out from the AC vents?""},{""answer"":""Within last month"",""question"":""When was the AC filter last cleaned?""},{""answer"":""No"",""question"":""Is there any water leaking from the AC?""},{""answer"":""Yes"",""question"":""Is the remote control working properly?""}]","{""causes"":[{""cause"":""Low Refrigerant Level"",""severity"":""high"",""solution"":""Check for refrigerant leaks, repair them, and recharge the refrigerant to the appropriate level. This requires a trained technician."",""probability"":0.6,""estimatedCost"":""₹1500 - ₹4000"",""requiredParts"":[{""name"":""Refrigerant"",""estimatedPrice"":""₹800 - ₹2500""},{""name"":""Leak sealant (if applicable)"",""estimatedPrice"":""₹500 - ₹1000""}]},{""cause"":""Dirty Condenser Coils"",""severity"":""medium"",""solution"":""Clean the condenser coils thoroughly. This can often be done by the user with a brush and water, but professional cleaning might be needed for heavily soiled coils."",""probability"":0.2,""estimatedCost"":""₹0 - ₹1000"",""requiredParts"":[]},{""cause"":""Faulty Compressor"",""severity"":""high"",""solution"":""The compressor needs to be inspected by a technician. If faulty, it will likely need to be replaced."",""probability"":0.1,""estimatedCost"":""₹7000 - ₹15000"",""requiredParts"":[{""name"":""AC Compressor"",""estimatedPrice"":""₹6000 - ₹12000""}]},{""cause"":""Clogged Air Filter (despite recent cleaning)"",""severity"":""low"",""solution"":""Double-check the air filter and clean or replace it if it's clogged. Sometimes, even recently cleaned filters can get dirty quickly depending on the environment."",""probability"":0.05,""estimatedCost"":""₹0 - ₹500"",""requiredParts"":[{""name"":""AC Filter (if replacement needed)"",""estimatedPrice"":""₹200 - ₹500""}]},{""cause"":""Thermostat Malfunction"",""severity"":""medium"",""solution"":""Check the thermostat settings and ensure it's set to cool. If the issue persists, the thermostat might need calibration or replacement."",""probability"":0.05,""estimatedCost"":""₹0 - ₹2000"",""requiredParts"":[{""name"":""Thermostat (if replacement needed)"",""estimatedPrice"":""₹1000 - ₹2000""}]}],""summary"":""The AC is turning on and blowing air, but the air is warm. This indicates a problem with the cooling process rather than a power or airflow issue."",""urgency"":""high"",""recommendedAction"":""Given the high probability of low refrigerant or a faulty compressor, it is highly recommended to call a qualified AC technician to diagnose and fix the issue. Attempting to fix refrigerant-related problems without proper training can be dangerous and may cause further damage to the unit. For dirty condenser coils or clogged filters, a visual inspection and cleaning can be attempted by the user first, but if the problem persists, professional help is advised.""}",null,completed,2026-04-21 19:35:33.442985+00,2026-04-21 19:35:32.93+00
8dc7f467-2365-4e9d-9bfe-882355e59a98,872eb121-c785-416c-b0f2-20227d911d53,00000000-0000-0000-0000-000000000001,bd081ad6-5fe3-4c1d-a919-81b1055efa19,caf6381e-5189-4c1f-bf0a-4dfd99d9b9e7,"[{""answer"":""Today"",""question"":""When did you first notice this issue?""},{""answer"":""Minor — can manage"",""question"":""How severe is the issue?""},{""answer"":""First time"",""question"":""Has this issue happened before?""},{""answer"":""Nothing, happened on its own"",""question"":""Did anything specific trigger this issue?""},{""answer"":""Only my room"",""question"":""Is the issue affecting other rooms or just yours?""}]","{""causes"":[{""cause"":""Water supply issue (e.g., tap closed, low water pressure, inlet hose kinked/blocked)"",""severity"":""medium"",""solution"":""Check if the water tap connected to the washing machine is fully open. Ensure there is adequate water pressure. Inspect the inlet hose for any kinks or blockages and clear them if found."",""probability"":0.6,""estimatedCost"":""₹0 - ₹50""},{""cause"":""Drainage issue (e.g., drain hose kinked/blocked, drain filter clogged)"",""severity"":""medium"",""solution"":""Check the drain hose for kinks or blockages and clear them. Clean the drain filter, which is usually located at the bottom front of the washing machine."",""probability"":0.2,""estimatedCost"":""₹0 - ₹100""},{""cause"":""Faulty water inlet valve"",""severity"":""high"",""solution"":""The water inlet valve might be faulty and not allowing water to enter the machine. This usually requires replacement. A technician will need to confirm this."",""probability"":0.15,""estimatedCost"":""₹800 - ₹1500"",""requiredParts"":[{""name"":""Washing machine water inlet valve"",""estimatedPrice"":""₹500 - ₹1000""}]},{""cause"":""Faulty pressure sensor/switch"",""severity"":""high"",""solution"":""The pressure sensor/switch detects the water level in the drum. If it's faulty, it might incorrectly signal low water, leading to an E1 error. This part needs to be replaced by a technician."",""probability"":0.05,""estimatedCost"":""₹1000 - ₹2000"",""requiredParts"":[{""name"":""Washing machine pressure sensor/switch"",""estimatedPrice"":""₹700 - ₹1200""}]}],""summary"":""The washing machine is displaying an E1 error, indicating a problem with water intake or drainage. This is a common error that can often be resolved with simple checks."",""urgency"":""medium"",""recommendedAction"":""First, check the water supply and drainage systems as described in the solutions for the most probable causes. If the issue persists, a technician will be required to diagnose and fix the internal components.""}",null,completed,2026-04-22 04:38:50.659717+00,2026-04-22 04:38:49.912+00
6d620f37-9979-4c1f-a58f-b58a29e24aca,0a249101-dd5f-4a12-9c3a-07a92226137a,00000000-0000-0000-0000-000000000001,8c42685b-f2df-4dec-96bd-0e77b715e33e,abc84f5b-a950-406e-ab46-cefbe11df925,"[{""answer"":""Dusty surfaces / furniture"",""question"":""What needs cleaning?""},{""answer"":""Yesterday"",""question"":""When was the last cleaning done?""},{""answer"":""One-time"",""question"":""Is this a one-time request or recurring issue?""}]","{""causes"":[{""cause"":""Insects attracted to food debris in the microwave."",""severity"":""high"",""solution"":""Thoroughly clean the microwave interior and exterior, removing all food particles and sanitizing surfaces. Use an insect repellent safe for kitchen appliances."",""probability"":0.9,""estimatedCost"":""₹200 - ₹500"",""requiredParts"":[{""name"":""Microwave cleaner/degreaser"",""estimatedPrice"":""₹150 - ₹300""},{""name"":""Insect repellent (kitchen safe)"",""estimatedPrice"":""₹100 - ₹200""}]},{""cause"":""Insects entering from external sources due to gaps or openings near the microwave."",""severity"":""medium"",""solution"":""Inspect the area around the microwave for any cracks, gaps, or openings that insects might be using to enter. Seal any identified entry points."",""probability"":0.1,""estimatedCost"":""₹100 - ₹300"",""requiredParts"":[{""name"":""Caulk/sealant"",""estimatedPrice"":""₹50 - ₹150""}]}],""summary"":""The microwave is infested with insects, likely due to food debris. A thorough cleaning and sanitization are required. There's a minor possibility of external entry points for insects."",""urgency"":""high"",""recommendedAction"":""Immediately clean and sanitize the microwave. Inspect and seal any potential insect entry points around the appliance.""}",null,completed,2026-04-22 07:50:26.541925+00,2026-04-22 07:50:26.786+00
3cc573de-9328-4119-816c-5d521c83abdd,cc255e0c-64bf-46b2-bb50-08ab25d1c967,00000000-0000-0000-0000-000000000001,8c42685b-f2df-4dec-96bd-0e77b715e33e,47389994-b201-4bb1-bf91-8bce4dbde510,"[{""answer"":""Today"",""question"":""When did you first notice this issue?""},{""answer"":""Minor — can manage"",""question"":""How severe is the issue?""},{""answer"":""First time"",""question"":""Has this issue happened before?""},{""answer"":""Nothing, happened on its own"",""question"":""Did anything specific trigger this issue?""},{""answer"":""Only my room"",""question"":""Is the issue affecting other rooms or just yours?""}]","{""causes"":[{""cause"":""Normal wear and tear of the foot mat due to regular use."",""severity"":""low"",""solution"":""Replace the old foot mat with a new one."",""probability"":0.9,""estimatedCost"":""₹200 - ₹500"",""requiredParts"":[{""name"":""New foot mat"",""estimatedPrice"":""₹200 - ₹500""}]},{""cause"":""Damage to the foot mat due to cleaning or external factors."",""severity"":""low"",""solution"":""Replace the old foot mat with a new one."",""probability"":0.1,""estimatedCost"":""₹200 - ₹500"",""requiredParts"":[{""name"":""New foot mat"",""estimatedPrice"":""₹200 - ₹500""}]}],""summary"":""The foot mat outside the common washroom needs to be replaced due to normal wear and tear or minor damage. This is a minor issue affecting only your room."",""urgency"":""low"",""recommendedAction"":""Replace the foot mat with a new one. You can purchase a new foot mat from a local store or online. No immediate action is required, but it is recommended to replace it for hygiene and aesthetic purposes.""}",null,completed,2026-04-22 07:53:17.163817+00,2026-04-22 07:53:17.568+00
ddc72f4d-c961-459d-86d5-a587e6e1c7fb,4f43e97f-c4e1-4156-988a-54c9f6c99e72,00000000-0000-0000-0000-000000000001,bd081ad6-5fe3-4c1d-a919-81b1055efa19,47389994-b201-4bb1-bf91-8bce4dbde510,"[{""answer"":""Today"",""question"":""When did you first notice this issue?""},{""answer"":""Minor — can manage"",""question"":""How severe is the issue?""},{""answer"":""First time"",""question"":""Has this issue happened before?""},{""answer"":""Nothing, happened on its own"",""question"":""Did anything specific trigger this issue?""},{""answer"":""Only my room"",""question"":""Is the issue affecting other rooms or just yours?""}]","{""causes"":[{""cause"":""Key misplaced or lost"",""severity"":""low"",""solution"":""Search thoroughly in common places (pockets, bags, desk, etc.). Check with reception or lost and found."",""probability"":0.7,""estimatedCost"":""₹0""},{""cause"":""Key broken or damaged"",""severity"":""low"",""solution"":""Inspect the key for any visible damage (bends, cracks). If broken, a new key will need to be cut."",""probability"":0.2,""estimatedCost"":""₹50 - ₹200"",""requiredParts"":[{""name"":""New key blank"",""estimatedPrice"":""₹20 - ₹50""}]},{""cause"":""Lock mechanism issue (unlikely given it's a key issue)"",""severity"":""medium"",""solution"":""If the key is present and undamaged but still not working, the lock itself might be faulty. This would require a locksmith to inspect and repair/replace the lock."",""probability"":0.1,""estimatedCost"":""₹300 - ₹1500"",""requiredParts"":[{""name"":""Lock repair kit/new lock cylinder"",""estimatedPrice"":""₹200 - ₹1000""}]}],""summary"":""The office key B44-A for your room is currently unavailable or not working. This is a minor issue affecting only your room and was noticed today for the first time."",""urgency"":""low"",""recommendedAction"":""First, conduct a thorough search for the misplaced key. If not found, or if the key is damaged, contact the facility management or reception to arrange for a duplicate key or lock inspection.""}",null,completed,2026-04-23 07:36:39.789158+00,2026-04-23 07:36:38.229+00
aee99957-8688-4f49-afb7-944e82e2d401,ac597c1a-68f7-49a5-8760-11224712adb6,00000000-0000-0000-0000-000000000001,bd081ad6-5fe3-4c1d-a919-81b1055efa19,47389994-b201-4bb1-bf91-8bce4dbde510,"[{""answer"":""Today"",""question"":""When did you first notice this issue?""},{""answer"":""Minor — can manage"",""question"":""How severe is the issue?""},{""answer"":""First time"",""question"":""Has this issue happened before?""},{""answer"":""Nothing, happened on its own"",""question"":""Did anything specific trigger this issue?""},{""answer"":""Only my room"",""question"":""Is the issue affecting other rooms or just yours?""}]","{""causes"":[{""cause"":""Lost keys"",""severity"":""low"",""solution"":""Replace lost keys with new ones. If the main door key is lost, consider replacing the main door lock for security purposes."",""probability"":0.9,""estimatedCost"":""₹150 - ₹500 (for duplicate keys), ₹800 - ₹2000 (if main door lock replacement is needed)"",""requiredParts"":[{""name"":""Key blank"",""estimatedPrice"":""₹50-₹100 per key""},{""name"":""Main door lock (optional)"",""estimatedPrice"":""₹700-₹1800""}]},{""cause"":""Keys misplaced within the room/office"",""severity"":""low"",""solution"":""Thoroughly search the room and office area for the misplaced keys."",""probability"":0.1,""estimatedCost"":""₹0""}],""summary"":""The customer has lost their keys for both the main door (2 keys) and their room (2 keys). This is a minor issue and has occurred for the first time. It only affects their room."",""urgency"":""low"",""recommendedAction"":""The immediate action is to provide duplicate keys for the room. For the main door, assess the security risk. If the customer is concerned about security due to the lost main door keys, consider replacing the main door lock. Otherwise, provide duplicate main door keys as well.""}",null,completed,2026-04-23 07:39:12.625349+00,2026-04-23 07:39:11.705+00
c7936ae3-ec1a-4f3a-9542-7b79718d51f4,ac597c1a-68f7-49a5-8760-11224712adb6,00000000-0000-0000-0000-000000000001,bd081ad6-5fe3-4c1d-a919-81b1055efa19,47389994-b201-4bb1-bf91-8bce4dbde510,"[{""answer"":""Today"",""question"":""When did you first notice this issue?""},{""answer"":""Minor — can manage"",""question"":""How severe is the issue?""},{""answer"":""First time"",""question"":""Has this issue happened before?""},{""answer"":""Nothing, happened on its own"",""question"":""Did anything specific trigger this issue?""},{""answer"":""Only my room"",""question"":""Is the issue affecting other rooms or just yours?""}]","{""causes"":[{""cause"":""Lost keys"",""severity"":""low"",""solution"":""Replace lost keys with new ones. This involves getting duplicate keys made from a locksmith or the building management."",""probability"":0.9,""estimatedCost"":""₹100 - ₹300 per key"",""requiredParts"":[{""name"":""New keys"",""estimatedPrice"":""₹100 - ₹300 per key""}]},{""cause"":""Faulty lock mechanism (unlikely given the description)"",""severity"":""medium"",""solution"":""Inspect the lock for any damage or malfunction. If found, repair or replace the lock. This might require a locksmith."",""probability"":0.1,""estimatedCost"":""₹500 - ₹2000 (for repair/replacement)"",""requiredParts"":[{""name"":""Lock repair kit or new lock"",""estimatedPrice"":""₹300 - ₹1500""}]}],""summary"":""The customer has lost their main door and room keys. The issue is minor and affects only their room. It's the first time this has happened."",""urgency"":""low"",""recommendedAction"":""The immediate action is to get duplicate keys made for the customer. If the new keys also don't work, then investigate a faulty lock mechanism.""}",null,completed,2026-04-24 05:00:51.453176+00,2026-04-24 05:00:51.077+00
6feb648e-bc8d-4a26-9ff5-21ece343bc4b,4c3d4b48-972e-46e0-90d8-d6b7a2653e36,00000000-0000-0000-0000-000000000001,bd081ad6-5fe3-4c1d-a919-81b1055efa19,28158382-d5c1-436c-927b-3e3d9855c2af,"[{""answer"":""Entire room"",""question"":""Is the power out in the entire room or just some outlets?""},{""answer"":""Yes, it has tripped"",""question"":""Have you checked the MCB / circuit breaker?""},{""answer"":""Yes, others have power"",""question"":""Is there power in the common areas or other rooms?""},{""answer"":""Happened suddenly"",""question"":""Did this happen suddenly or after plugging something in?""}]","{""causes"":[{""cause"":""Short circuit due to faulty wiring or appliance."",""severity"":""high"",""solution"":""Identify and isolate the faulty wiring or appliance. Repair or replace as necessary. Reset the MCB."",""probability"":0.6,""estimatedCost"":""₹500 - ₹2000"",""requiredParts"":[{""name"":""Electrical tape"",""estimatedPrice"":""₹50""},{""name"":""Wire connectors"",""estimatedPrice"":""₹100""}]},{""cause"":""Overload due to too many appliances on one circuit."",""severity"":""medium"",""solution"":""Distribute appliances across different circuits. Avoid using high-power appliances simultaneously. Reset the MCB."",""probability"":0.2,""estimatedCost"":""₹0""},{""cause"":""Faulty MCB (Miniature Circuit Breaker)."",""severity"":""high"",""solution"":""Replace the faulty MCB. Reset the new MCB."",""probability"":0.15,""estimatedCost"":""₹300 - ₹800"",""requiredParts"":[{""name"":""MCB (16A or 20A, depending on load)"",""estimatedPrice"":""₹250 - ₹750""}]},{""cause"":""Loose connection in the electrical board or junction box."",""severity"":""medium"",""solution"":""Tighten all loose connections in the electrical board and junction boxes. Reset the MCB."",""probability"":0.05,""estimatedCost"":""₹200 - ₹500"",""requiredParts"":[{""name"":""Screwdriver set"",""estimatedPrice"":""₹150 - ₹400""}]}],""summary"":""The entire room B34 has no power, and the MCB has tripped suddenly. Other rooms and common areas have power."",""urgency"":""critical"",""recommendedAction"":""Immediately investigate the cause of the MCB trip. Do not attempt to repeatedly reset the MCB without identifying the fault, as this can lead to further damage or fire hazards. Call an electrician to diagnose and fix the issue safely.""}",null,completed,2026-04-24 05:05:19.784831+00,2026-04-24 05:05:19.552+00
4247410c-f1ea-43ee-9a0b-cb7b65a54670,4c3d4b48-972e-46e0-90d8-d6b7a2653e36,00000000-0000-0000-0000-000000000001,bd081ad6-5fe3-4c1d-a919-81b1055efa19,28158382-d5c1-436c-927b-3e3d9855c2af,"[{""answer"":""Entire room"",""question"":""Is the power out in the entire room or just some outlets?""},{""answer"":""Yes, it has tripped"",""question"":""Have you checked the MCB / circuit breaker?""},{""answer"":""Yes, others have power"",""question"":""Is there power in the common areas or other rooms?""},{""answer"":""Happened suddenly"",""question"":""Did this happen suddenly or after plugging something in?""}]","{""causes"":[{""cause"":""Short circuit due to faulty wiring or appliance."",""severity"":""high"",""solution"":""Identify and isolate the faulty wiring or appliance. Repair or replace as necessary. Reset the MCB."",""probability"":0.6,""estimatedCost"":""₹500 - ₹2000"",""requiredParts"":[{""name"":""Electrical tape"",""estimatedPrice"":""₹50""},{""name"":""Wire connectors"",""estimatedPrice"":""₹100""},{""name"":""New appliance (if applicable)"",""estimatedPrice"":""₹500 - ₹5000""}]},{""cause"":""Overload due to too many appliances on one circuit."",""severity"":""medium"",""solution"":""Distribute appliances across different circuits. Avoid using high-power appliances simultaneously. Reset the MCB."",""probability"":0.2,""estimatedCost"":""₹0"",""requiredParts"":[]},{""cause"":""Faulty MCB (Miniature Circuit Breaker)."",""severity"":""high"",""solution"":""Replace the faulty MCB with a new one of the correct rating."",""probability"":0.15,""estimatedCost"":""₹300 - ₹800"",""requiredParts"":[{""name"":""MCB (16A or 20A, depending on load)"",""estimatedPrice"":""₹250 - ₹750""}]},{""cause"":""Loose connection in the electrical board or wiring."",""severity"":""medium"",""solution"":""Tighten all loose connections in the switchboard and junction boxes. Reset the MCB."",""probability"":0.05,""estimatedCost"":""₹200 - ₹500"",""requiredParts"":[{""name"":""Screwdriver set"",""estimatedPrice"":""₹150 - ₹400""}]}],""summary"":""The entire room B34 has no power, and the MCB has tripped. Other rooms have power, and the issue occurred suddenly."",""urgency"":""critical"",""recommendedAction"":""Immediately call an electrician to diagnose and fix the issue. Do not attempt to repeatedly reset the MCB without identifying the cause, as this can be dangerous.""}",null,completed,2026-04-24 05:07:16.079058+00,2026-04-24 05:07:15.943+00
c2895dd1-7d7a-4c30-acb7-e2c7afccef10,1a7ff493-ce01-4c1a-b20d-7b9d7aa55994,00000000-0000-0000-0000-000000000001,bd081ad6-5fe3-4c1d-a919-81b1055efa19,caf6381e-5189-4c1f-bf0a-4dfd99d9b9e7,"[{""answer"":""Today"",""question"":""When did you first notice this issue?""},{""answer"":""Minor — can manage"",""question"":""How severe is the issue?""},{""answer"":""First time"",""question"":""Has this issue happened before?""},{""answer"":""Nothing, happened on its own"",""question"":""Did anything specific trigger this issue?""},{""answer"":""Only my room"",""question"":""Is the issue affecting other rooms or just yours?""}]","{""causes"":[{""cause"":""Loose hose connection"",""severity"":""low"",""solution"":""Tighten the hose clamp or reconnect the hose properly."",""probability"":0.6,""estimatedCost"":""₹0 - ₹50"",""requiredParts"":[{""name"":""Hose clamp"",""estimatedPrice"":""₹20 - ₹50""}]},{""cause"":""Damaged inlet or drain hose"",""severity"":""medium"",""solution"":""Replace the damaged hose."",""probability"":0.3,""estimatedCost"":""₹200 - ₹500"",""requiredParts"":[{""name"":""Washing machine inlet hose"",""estimatedPrice"":""₹200 - ₹400""},{""name"":""Washing machine drain hose"",""estimatedPrice"":""₹200 - ₹500""}]},{""cause"":""Worn out rubber seal/gasket"",""severity"":""medium"",""solution"":""Replace the worn-out seal/gasket."",""probability"":0.08,""estimatedCost"":""₹150 - ₹400"",""requiredParts"":[{""name"":""Washing machine seal/gasket"",""estimatedPrice"":""₹150 - ₹400""}]},{""cause"":""Cracked water inlet valve"",""severity"":""high"",""solution"":""Replace the water inlet valve."",""probability"":0.02,""estimatedCost"":""₹800 - ₹1500"",""requiredParts"":[{""name"":""Washing machine water inlet valve"",""estimatedPrice"":""₹800 - ₹1500""}]}],""summary"":""The washing machine pipe is leaking, likely due to a loose connection or a damaged hose. The issue is minor and was noticed today for the first time."",""urgency"":""medium"",""recommendedAction"":""First, check and tighten all hose connections. If the leak persists, inspect the hoses for any visible damage and replace if necessary. If the problem continues, a professional might be needed to check internal components like seals or valves.""}",null,completed,2026-04-24 05:11:52.534119+00,2026-04-24 05:11:52.451+00
b43ebb0b-dd69-4b34-b351-6e2ea52a341d,ac597c1a-68f7-49a5-8760-11224712adb6,00000000-0000-0000-0000-000000000001,8c42685b-f2df-4dec-96bd-0e77b715e33e,47389994-b201-4bb1-bf91-8bce4dbde510,"[{""answer"":""Today"",""question"":""When did you first notice this issue?""},{""answer"":""Minor — can manage"",""question"":""How severe is the issue?""},{""answer"":""First time"",""question"":""Has this issue happened before?""},{""answer"":""Nothing, happened on its own"",""question"":""Did anything specific trigger this issue?""},{""answer"":""Only my room"",""question"":""Is the issue affecting other rooms or just yours?""}]","{""causes"":[{""cause"":""Lost keys"",""severity"":""low"",""solution"":""Replace lost keys with new ones."",""probability"":0.9,""estimatedCost"":""₹100 - ₹300 per key"",""requiredParts"":[{""name"":""New keys"",""estimatedPrice"":""₹100 - ₹300 per key""}]},{""cause"":""Misplaced keys (temporarily)"",""severity"":""low"",""solution"":""Search thoroughly for the misplaced keys. Check common places like bags, pockets, desks, and drawers."",""probability"":0.1,""estimatedCost"":""₹0""}],""summary"":""The customer has lost their main door and room keys. This is a minor issue and has not happened before. It only affects their room."",""urgency"":""low"",""recommendedAction"":""The primary action is to replace the lost keys. A thorough search for misplaced keys should also be conducted as a preliminary step.""}",null,completed,2026-04-24 05:11:53.244223+00,2026-04-24 05:11:53.604+00
075fedb1-da42-400d-a4b3-8d4570f2f01d,ac597c1a-68f7-49a5-8760-11224712adb6,00000000-0000-0000-0000-000000000001,8c42685b-f2df-4dec-96bd-0e77b715e33e,47389994-b201-4bb1-bf91-8bce4dbde510,"[{""answer"":""Today"",""question"":""When did you first notice this issue?""},{""answer"":""Minor — can manage"",""question"":""How severe is the issue?""},{""answer"":""First time"",""question"":""Has this issue happened before?""},{""answer"":""Nothing, happened on its own"",""question"":""Did anything specific trigger this issue?""},{""answer"":""Only my room"",""question"":""Is the issue affecting other rooms or just yours?""}]","{""causes"":[{""cause"":""Lost keys"",""severity"":""low"",""solution"":""Replace lost keys with new ones. If the main door key is lost, consider replacing the main door lock for security purposes."",""probability"":0.9,""estimatedCost"":""₹150 - ₹500 (for duplicate keys), ₹800 - ₹2000 (for main door lock replacement)"",""requiredParts"":[{""name"":""Key blank"",""estimatedPrice"":""₹20 - ₹50 per key""},{""name"":""Main door lock (if replacement needed)"",""estimatedPrice"":""₹500 - ₹1500""}]},{""cause"":""Keys misplaced within the room/office"",""severity"":""low"",""solution"":""Thoroughly search the room and office for the misplaced keys."",""probability"":0.1,""estimatedCost"":""₹0""}],""summary"":""The customer has reported losing their main door and room keys. This is a minor issue and has occurred for the first time. It is affecting only their room."",""urgency"":""low"",""recommendedAction"":""The immediate action is to provide duplicate keys to the customer. If the main door key is lost, assess the security risk and recommend replacing the main door lock. Advise the customer to be more careful with their keys in the future.""}",null,completed,2026-04-24 05:13:10.291701+00,2026-04-24 05:13:10.683+00
99bfbecd-8e30-477e-8aed-2ef90695e16a,ac597c1a-68f7-49a5-8760-11224712adb6,00000000-0000-0000-0000-000000000001,8c42685b-f2df-4dec-96bd-0e77b715e33e,47389994-b201-4bb1-bf91-8bce4dbde510,"[{""answer"":""Today"",""question"":""When did you first notice this issue?""},{""answer"":""Minor — can manage"",""question"":""How severe is the issue?""},{""answer"":""First time"",""question"":""Has this issue happened before?""},{""answer"":""Nothing, happened on its own"",""question"":""Did anything specific trigger this issue?""},{""answer"":""Only my room"",""question"":""Is the issue affecting other rooms or just yours?""}]","{""causes"":[{""cause"":""Lost keys"",""severity"":""low"",""solution"":""Replace lost keys with new ones. This involves getting duplicate keys made from a locksmith or the building management."",""probability"":0.9,""estimatedCost"":""₹100 - ₹300 per key"",""requiredParts"":[{""name"":""New keys"",""estimatedPrice"":""₹100 - ₹300 per key""}]},{""cause"":""Damaged keys"",""severity"":""low"",""solution"":""If the keys are bent or broken, new keys will need to be cut. This can be done by a locksmith."",""probability"":0.08,""estimatedCost"":""₹100 - ₹300 per key"",""requiredParts"":[{""name"":""New keys"",""estimatedPrice"":""₹100 - ₹300 per key""}]},{""cause"":""Faulty lock mechanism (unlikely given the description)"",""severity"":""medium"",""solution"":""If the keys are not the issue, the lock itself might be faulty and require repair or replacement by a locksmith."",""probability"":0.02,""estimatedCost"":""₹500 - ₹1500 for repair/replacement"",""requiredParts"":[{""name"":""New lock (if needed)"",""estimatedPrice"":""₹300 - ₹1000""}]}],""summary"":""The customer has reported an issue with keys for their room and the main door. They need 2 main door keys and 2 room keys."",""urgency"":""low"",""recommendedAction"":""The primary action is to get duplicate keys made for the customer. If new keys do not resolve the issue, then investigate the lock mechanism.""}",null,completed,2026-04-24 05:14:52.540102+00,2026-04-24 05:14:52.924+00
a8b411db-74a3-4656-8488-0acf5dde3f3d,fecc3070-4c29-4249-ade0-1c9eae2687c2,00000000-0000-0000-0000-000000000001,e4897d45-cba7-4d8a-ade0-d6014ccba68d,a5831922-eaeb-48c2-941c-fd96fae8813d,"[{""answer"":""Yes"",""question"":""Is the AC turning on when you press the power button?""},{""answer"":""Yes, but very weak"",""question"":""Is air coming out from the AC vents?""},{""answer"":""Within last month"",""question"":""When was the AC filter last cleaned?""},{""answer"":""No"",""question"":""Is there any water leaking from the AC?""},{""answer"":""Yes"",""question"":""Is the remote control working properly?""}]","{""causes"":[{""cause"":""Low refrigerant levels"",""severity"":""medium"",""solution"":""Check for refrigerant leaks and recharge the AC with the appropriate refrigerant. This requires a trained technician."",""probability"":0.6,""estimatedCost"":""₹1500 - ₹3000"",""requiredParts"":[{""name"":""Refrigerant"",""estimatedPrice"":""₹800 - ₹1500""},{""name"":""Leak sealant (if applicable)"",""estimatedPrice"":""₹300 - ₹700""}]},{""cause"":""Dirty condenser coils"",""severity"":""low"",""solution"":""Clean the outdoor condenser coils to improve heat exchange. This can be done by a technician or with proper guidance, by maintenance staff."",""probability"":0.2,""estimatedCost"":""₹500 - ₹1000""},{""cause"":""Faulty blower motor or fan"",""severity"":""medium"",""solution"":""Inspect and repair or replace the blower motor or fan. This requires a trained technician."",""probability"":0.15,""estimatedCost"":""₹2000 - ₹5000"",""requiredParts"":[{""name"":""Blower motor (if replacement needed)"",""estimatedPrice"":""₹1500 - ₹4000""}]},{""cause"":""Clogged or blocked air ducts"",""severity"":""low"",""solution"":""Inspect and clear any obstructions in the air ducts. This can be done by maintenance staff."",""probability"":0.05,""estimatedCost"":""₹300 - ₹800""}],""summary"":""The AC is turning on and air is coming out, but it's very weak and not cooling properly. The AC filter was recently cleaned, and there are no water leaks. The remote control is working."",""urgency"":""high"",""recommendedAction"":""Given the weak airflow and lack of proper cooling, it is recommended to call a qualified AC technician to diagnose and fix the issue. The most probable cause is low refrigerant levels or a problem with the blower motor/fan. Addressing this promptly will prevent further damage and ensure comfortable living conditions for residents.""}",null,completed,2026-04-26 10:08:47.792831+00,2026-04-26 10:08:47.174+00
1fe7aaf4-c975-49d1-92d8-1a6e5f485698,5d341a5d-b7e7-4e8d-97fb-bf57a2426652,00000000-0000-0000-0000-000000000001,bd081ad6-5fe3-4c1d-a919-81b1055efa19,caf6381e-5189-4c1f-bf0a-4dfd99d9b9e7,"[{""answer"":""Today"",""question"":""When did you first notice this issue?""},{""answer"":""Minor — can manage"",""question"":""How severe is the issue?""},{""answer"":""First time"",""question"":""Has this issue happened before?""},{""answer"":""Nothing, happened on its own"",""question"":""Did anything specific trigger this issue?""},{""answer"":""Only my room"",""question"":""Is the issue affecting other rooms or just yours?""}]","{""causes"":[{""cause"":""Low water pressure from the tap. This could be due to municipal supply issues or a partially closed stopcock."",""severity"":""low"",""solution"":""Check the water pressure from the tap directly. Ensure the stopcock is fully open. If the pressure is still low, it might be a building-wide or municipal supply issue."",""probability"":0.4,""estimatedCost"":""₹0""},{""cause"":""Kinked or blocked inlet hose. The hose supplying water to the washing machine might be bent, twisted, or have sediment buildup."",""severity"":""medium"",""solution"":""Inspect the inlet hose for any kinks or blockages. Disconnect the hose and check for sediment. Clean if necessary."",""probability"":0.3,""estimatedCost"":""₹0 - ₹200"",""requiredParts"":[{""name"":""Inlet hose washer (if damaged during inspection)"",""estimatedPrice"":""₹20""}]},{""cause"":""Clogged inlet filter screen in the washing machine. Small particles can accumulate in the filter where the inlet hose connects to the machine."",""severity"":""medium"",""solution"":""Turn off the water supply and disconnect the inlet hose from the washing machine. Carefully remove and clean the filter screen. Refer to the washing machine manual for specific instructions."",""probability"":0.2,""estimatedCost"":""₹0"",""requiredParts"":[{""name"":""Washing machine inlet filter screen (if replacement is needed)"",""estimatedPrice"":""₹150 - ₹300""}]},{""cause"":""Faulty water inlet valve in the washing machine. The valve might not be opening fully, restricting water flow."",""severity"":""high"",""solution"":""This usually requires a technician to diagnose and replace the faulty valve. It's an internal component of the washing machine."",""probability"":0.1,""estimatedCost"":""₹800 - ₹2000 (for technician visit and part replacement)"",""requiredParts"":[{""name"":""Washing machine water inlet valve"",""estimatedPrice"":""₹500 - ₹1200""}]}],""summary"":""The washing machine is receiving very little water, making it difficult to operate effectively. This is a new issue and only affects your room."",""urgency"":""medium"",""recommendedAction"":""Start by checking the external factors like water pressure and the inlet hose. If those are not the issue, proceed to check the washing machine's inlet filter. If the problem persists, professional help might be required to inspect the internal components.""}",null,completed,2026-04-24 05:15:30.025287+00,2026-04-24 05:15:29.737+00
fb8a9ec6-01fa-48d8-b016-ad924cd9a7d5,2d713c73-7e76-4895-a544-5c78e46173fb,00000000-0000-0000-0000-000000000001,bd081ad6-5fe3-4c1d-a919-81b1055efa19,a25aca1b-211b-41d3-ab08-78bd2b9541e8,"[{""answer"":""Today"",""question"":""When did you first notice this issue?""},{""answer"":""Minor — can manage"",""question"":""How severe is the issue?""},{""answer"":""First time"",""question"":""Has this issue happened before?""},{""answer"":""Nothing, happened on its own"",""question"":""Did anything specific trigger this issue?""},{""answer"":""Only my room"",""question"":""Is the issue affecting other rooms or just yours?""}]","{""causes"":[{""cause"":""Loose connection at the flush gun or the water supply line."",""severity"":""low"",""solution"":""Tighten the connections at the flush gun and the water supply line using a wrench. Check for any visible cracks or damage in the hose."",""probability"":0.6,""estimatedCost"":""₹0 - ₹50"",""requiredParts"":[{""name"":""Wrench"",""estimatedPrice"":""₹0 (if available)""}]},{""cause"":""Worn out rubber washer (gasket) inside the flush gun."",""severity"":""medium"",""solution"":""Replace the rubber washer inside the flush gun. This usually involves unscrewing the head of the flush gun, removing the old washer, and inserting a new one."",""probability"":0.3,""estimatedCost"":""₹50 - ₹150"",""requiredParts"":[{""name"":""Flush gun washer/gasket kit"",""estimatedPrice"":""₹30 - ₹100""}]},{""cause"":""Cracked or damaged flush gun hose."",""severity"":""medium"",""solution"":""Replace the entire flush gun hose. This involves turning off the water supply, unscrewing the old hose from both ends, and attaching a new one."",""probability"":0.1,""estimatedCost"":""₹200 - ₹500"",""requiredParts"":[{""name"":""New flush gun hose"",""estimatedPrice"":""₹150 - ₹400""}]}],""summary"":""The toilet flush gun in the common washroom is leaking. The issue was noticed today, is minor, and is a first-time occurrence with no specific trigger. It is only affecting this washroom."",""urgency"":""low"",""recommendedAction"":""First, try tightening the connections of the flush gun. If the leakage persists, inspect the rubber washer and replace it if worn out. If the hose itself is damaged, it will need to be replaced.""}",null,completed,2026-04-24 05:22:51.429662+00,2026-04-24 05:22:51.124+00
cd70b522-ef98-4242-986d-987f19fd45e4,ac597c1a-68f7-49a5-8760-11224712adb6,00000000-0000-0000-0000-000000000001,8c42685b-f2df-4dec-96bd-0e77b715e33e,47389994-b201-4bb1-bf91-8bce4dbde510,"[{""answer"":""Today"",""question"":""When did you first notice this issue?""},{""answer"":""Minor — can manage"",""question"":""How severe is the issue?""},{""answer"":""First time"",""question"":""Has this issue happened before?""},{""answer"":""Nothing, happened on its own"",""question"":""Did anything specific trigger this issue?""},{""answer"":""Only my room"",""question"":""Is the issue affecting other rooms or just yours?""}]","{""causes"":[{""cause"":""Lost keys"",""severity"":""low"",""solution"":""Replace lost keys with new ones. If the main door key is lost, consider replacing the lock for security."",""probability"":0.9,""estimatedCost"":""₹150 - ₹500 (for new keys), ₹800 - ₹2000 (if main door lock replacement is needed)"",""requiredParts"":[{""name"":""New keys"",""estimatedPrice"":""₹150 - ₹500""},{""name"":""Main door lock (if needed)"",""estimatedPrice"":""₹800 - ₹2000""}]},{""cause"":""Keys misplaced within the room/office"",""severity"":""low"",""solution"":""Thoroughly search the room and office for the misplaced keys."",""probability"":0.1,""estimatedCost"":""₹0""}],""summary"":""The customer has lost their keys for both the main door and their room. This is a minor issue and has not happened before. It only affects their room."",""urgency"":""low"",""recommendedAction"":""Provide new keys to the customer. If the main door key is lost, assess the security risk and consider replacing the main door lock.""}",null,completed,2026-04-25 06:31:14.951838+00,2026-04-25 06:31:15.989+00
327ff667-4dd0-4e1a-bc9d-23b2bd9d815d,fecc3070-4c29-4249-ade0-1c9eae2687c2,00000000-0000-0000-0000-000000000001,bd081ad6-5fe3-4c1d-a919-81b1055efa19,a5831922-eaeb-48c2-941c-fd96fae8813d,"[{""answer"":""Yes"",""question"":""Is the AC turning on when you press the power button?""},{""answer"":""Yes, but warm air"",""question"":""Is air coming out from the AC vents?""},{""answer"":""Within last month"",""question"":""When was the AC filter last cleaned?""},{""answer"":""No"",""question"":""Is there any water leaking from the AC?""},{""answer"":""Yes"",""question"":""Is the remote control working properly?""}]","{""causes"":[{""cause"":""Low refrigerant levels"",""severity"":""high"",""solution"":""Check for refrigerant leaks, repair if found, and recharge the refrigerant to the manufacturer's recommended levels."",""probability"":0.6,""estimatedCost"":""₹1500 - ₹4000"",""requiredParts"":[{""name"":""Refrigerant"",""estimatedPrice"":""₹800 - ₹2500""},{""name"":""Leak sealant (if applicable)"",""estimatedPrice"":""₹500 - ₹1000""}]},{""cause"":""Dirty condenser coils"",""severity"":""medium"",""solution"":""Clean the outdoor condenser coils thoroughly to remove dirt, dust, and debris that can hinder heat exchange."",""probability"":0.2,""estimatedCost"":""₹500 - ₹1500"",""requiredParts"":[{""name"":""Coil cleaner spray"",""estimatedPrice"":""₹200 - ₹500""}]},{""cause"":""Faulty compressor"",""severity"":""high"",""solution"":""Inspect the compressor for any signs of malfunction. If faulty, it will need to be replaced."",""probability"":0.15,""estimatedCost"":""₹8000 - ₹15000"",""requiredParts"":[{""name"":""New compressor unit"",""estimatedPrice"":""₹7000 - ₹12000""}]},{""cause"":""Malfunctioning thermostat/sensor"",""severity"":""low"",""solution"":""Test the thermostat and temperature sensors for accurate readings. Replace if found to be faulty."",""probability"":0.05,""estimatedCost"":""₹500 - ₹2000"",""requiredParts"":[{""name"":""Thermostat/Temperature sensor"",""estimatedPrice"":""₹300 - ₹1500""}]}],""summary"":""The AC is turning on and blowing warm air, indicating a problem with the cooling process rather than power or airflow. The most probable cause is low refrigerant levels, followed by dirty condenser coils or a faulty compressor."",""urgency"":""high"",""recommendedAction"":""Schedule a professional AC technician to inspect the unit, diagnose the exact cause, and perform the necessary repairs. Prioritize checking refrigerant levels and condenser coil cleanliness.""}",null,completed,2026-04-25 13:49:17.845446+00,2026-04-25 13:49:16.753+00
97265a7e-9284-4c36-8c93-a02c42b4a7f3,6bc1941f-b4b3-4f5e-8b26-8d0ed2d7ac25,00000000-0000-0000-0000-000000000001,bd081ad6-5fe3-4c1d-a919-81b1055efa19,01208ba1-4225-4a61-be39-3afe03dad690,"[{""answer"":""Today"",""question"":""When did you first notice this issue?""},{""answer"":""Minor — can manage"",""question"":""How severe is the issue?""},{""answer"":""First time"",""question"":""Has this issue happened before?""},{""answer"":""Nothing, happened on its own"",""question"":""Did anything specific trigger this issue?""},{""answer"":""Only my room"",""question"":""Is the issue affecting other rooms or just yours?""}]","{""causes"":[{""cause"":""Clogged RO membrane or filters due to extended use without servicing."",""severity"":""medium"",""solution"":""Replace RO membrane and all filters (sediment, pre-carbon, post-carbon)."",""probability"":0.7,""estimatedCost"":""₹1500 - ₹3000"",""requiredParts"":[{""name"":""RO Membrane"",""estimatedPrice"":""₹800 - ₹1500""},{""name"":""Sediment Filter"",""estimatedPrice"":""₹200 - ₹400""},{""name"":""Pre-Carbon Filter"",""estimatedPrice"":""₹200 - ₹400""},{""name"":""Post-Carbon Filter"",""estimatedPrice"":""₹300 - ₹700""}]},{""cause"":""Low water pressure affecting purification efficiency."",""severity"":""low"",""solution"":""Check water pressure and install a booster pump if necessary. (This might be a separate issue, but can contribute to poor filtration)."",""probability"":0.2,""estimatedCost"":""₹2000 - ₹5000 (for booster pump if needed)"",""requiredParts"":[{""name"":""Booster Pump (if needed)"",""estimatedPrice"":""₹2000 - ₹5000""}]},{""cause"":""Malfunctioning UV lamp (if applicable) reducing purification effectiveness."",""severity"":""low"",""solution"":""Replace UV lamp."",""probability"":0.1,""estimatedCost"":""₹500 - ₹1000"",""requiredParts"":[{""name"":""UV Lamp"",""estimatedPrice"":""₹500 - ₹1000""}]}],""summary"":""The RO water purifier is not filtering efficiently, likely due to overdue servicing and clogged filters. The issue is minor and only affects your room."",""urgency"":""medium"",""recommendedAction"":""Schedule immediate servicing for the RO water purifier, focusing on filter and membrane replacement. A technician should assess water pressure and UV lamp functionality during the service.""}",null,completed,2026-04-25 13:54:59.464671+00,2026-04-25 13:54:58.755+00
4098032f-95a3-43ea-b4d3-54ad92cc0369,2500da24-9030-4a35-bdca-c1175df4b2ff,00000000-0000-0000-0000-000000000001,bd081ad6-5fe3-4c1d-a919-81b1055efa19,e2aa2aaa-8af6-4807-9a4e-7665c5421eed,"[{""answer"":""Today"",""question"":""When did you first notice this issue?""},{""answer"":""Minor — can manage"",""question"":""How severe is the issue?""},{""answer"":""First time"",""question"":""Has this issue happened before?""},{""answer"":""Nothing, happened on its own"",""question"":""Did anything specific trigger this issue?""},{""answer"":""Only my room"",""question"":""Is the issue affecting other rooms or just yours?""}]","{""causes"":[{""cause"":""Worn out mattress causing a dip and lack of support."",""severity"":""medium"",""solution"":""Replace the mattress with a new one that offers better support."",""probability"":0.7,""estimatedCost"":""₹8,000 - ₹15,000"",""requiredParts"":[{""name"":""New mattress (orthopedic or high-density foam recommended)"",""estimatedPrice"":""₹8,000 - ₹15,000""}]},{""cause"":""Loose joints or worn out components in the bed frame causing creaking."",""severity"":""low"",""solution"":""Tighten all screws and bolts on the bed frame. If creaking persists, consider adding felt pads or lubrication to contact points."",""probability"":0.2,""estimatedCost"":""₹0 - ₹500"",""requiredParts"":[{""name"":""Screwdriver/Wrench set"",""estimatedPrice"":""₹0 (if available) - ₹300""},{""name"":""Felt pads (optional)"",""estimatedPrice"":""₹100 - ₹200""},{""name"":""Lubricant spray (optional)"",""estimatedPrice"":""₹200 - ₹300""}]},{""cause"":""Damaged or broken bed frame slats/support."",""severity"":""medium"",""solution"":""Inspect bed frame slats for damage. Replace any broken or weak slats. Reinforce the bed frame if necessary."",""probability"":0.1,""estimatedCost"":""₹500 - ₹2,000"",""requiredParts"":[{""name"":""Replacement bed slats (wood or metal)"",""estimatedPrice"":""₹300 - ₹1,500 (depending on material and quantity)""},{""name"":""Wood glue/screws (if reinforcing)"",""estimatedPrice"":""₹100 - ₹200""}]}],""summary"":""The primary issue is a dipping mattress causing backache, likely due to wear and tear. The secondary issue is a creaking bed frame, which could be due to loose joints or damaged slats."",""urgency"":""medium"",""recommendedAction"":""Prioritize replacing the mattress to alleviate back pain. Subsequently, inspect and address the bed frame creaking.""}",null,completed,2026-04-25 13:58:08.014105+00,2026-04-25 13:58:07.328+00
745137b8-bf8e-4c06-94d6-a9978150c20a,084a0c36-2582-40e3-8475-6aba20bc16fc,00000000-0000-0000-0000-000000000001,bd081ad6-5fe3-4c1d-a919-81b1055efa19,ec405235-70e9-407e-9aa2-b877f8f36af8,"[{""answer"":""Yes, motor is running"",""question"":""Is the fridge running (can you hear the motor)?""},{""answer"":""Yes"",""question"":""Is the fridge light turning on when you open the door?""},{""answer"":""Yes, heavy ice"",""question"":""Is there ice buildup inside the freezer?""},{""answer"":""Yes, seals well"",""question"":""Is the fridge door closing properly?""}]","{""causes"":[{""cause"":""Excessive ice buildup in the freezer compartment."",""severity"":""medium"",""solution"":""Defrost the freezer completely. Unplug the fridge and leave the door open for several hours, or use a hairdryer on a low setting to speed up the process. Once defrosted, clean and dry the interior."",""probability"":0.7,""estimatedCost"":""₹0 - ₹50 (for cleaning supplies if needed)""},{""cause"":""Faulty defrost heater or defrost thermostat."",""severity"":""high"",""solution"":""The defrost heater or thermostat may not be functioning correctly, leading to continuous ice buildup. This will require a technician to diagnose and replace the faulty part."",""probability"":0.2,""estimatedCost"":""₹1000 - ₹3000"",""requiredParts"":[{""name"":""Defrost Heater"",""estimatedPrice"":""₹500 - ₹1500""},{""name"":""Defrost Thermostat"",""estimatedPrice"":""₹300 - ₹800""}]},{""cause"":""Clogged or blocked defrost drain."",""severity"":""medium"",""solution"":""A clogged defrost drain can cause water to pool and freeze, leading to ice buildup. Clear the drain hole, often located at the back of the freezer, using warm water or a small pipe cleaner."",""probability"":0.1,""estimatedCost"":""₹0 - ₹100 (for pipe cleaner if needed)""}],""summary"":""The fridge is experiencing heavy ice buildup in the freezer, despite the motor running and the door sealing properly. This suggests an issue with the defrost system."",""urgency"":""high"",""recommendedAction"":""Start by manually defrosting the freezer completely. If the problem reoccurs, it's recommended to call a technician to inspect the defrost heater, thermostat, and drain for potential faults.""}",null,completed,2026-04-28 04:52:21.176611+00,2026-04-28 04:52:19.908+00
f28615fb-f6b4-4fd4-9d54-95d0c91b7c98,195b33de-b770-4b0e-bd94-babf652a0704,00000000-0000-0000-0000-000000000001,bd081ad6-5fe3-4c1d-a919-81b1055efa19,abc84f5b-a950-406e-ab46-cefbe11df925,"{""Has this happened before?"":""First time"",""How would you rate the severity?"":""Minor - can wait"",""How long has this issue been present?"":""Just noticed""}","{""causes"":[{""cause"":""Overlooked by cleaning staff"",""estimatedCost"":""₹0–₹500"",""probability"":80,""requiredParts"":[],""severity"":""low"",""solution"":""Inform the cleaning staff about the issue and ensure they clean the room as per the schedule. Verify the cleaning quality to prevent future occurrences.""},{""cause"":""Insufficient cleaning staff"",""estimatedCost"":""₹5000–₹15000"",""probability"":15,""requiredParts"":[],""severity"":""medium"",""solution"":""Assess the cleaning staff workload and consider hiring additional staff if necessary. Provide training to ensure all staff members are aware of their responsibilities and the cleaning schedule.""},{""cause"":""Lack of cleaning supplies"",""estimatedCost"":""₹500–₹2000"",""probability"":5,""requiredParts"":[{""estimatedPrice"":""₹200–₹500"",""name"":""Cleaning detergents""},{""estimatedPrice"":""₹500–₹1000"",""name"":""Mops and brooms""}],""severity"":""low"",""solution"":""Check the availability of cleaning supplies and replenish them if necessary. Ensure that the cleaning staff has access to the required supplies to perform their duties effectively.""}],""recommendedAction"":""Schedule a cleaning service as soon as possible"",""summary"":""The room has not been cleaned, and the issue was just noticed. The severity is rated as minor and can wait for a resolution."",""urgency"":""low""}",Overlooked by cleaning staff. Solution: Inform the cleaning staff about the issue and ensure they clean the room as per the schedule. Verify the cleaning quality to prevent future occurrences.,completed,2026-05-06 10:02:35.817678+00,2026-05-06 10:03:13.437+00
cf96e31b-df14-48db-9c22-f3b4f7dd4689,ed0e68ba-fe8c-4d06-a47a-284d03626f7e,00000000-0000-0000-0000-000000000001,bd081ad6-5fe3-4c1d-a919-81b1055efa19,a5831922-eaeb-48c2-941c-fd96fae8813d,"{""What is the AC symptom?"":""Not turning on"",""When does the issue occur?"":""After extended use"",""Last serviced approximately?"":""Within 3 months""}","{""causes"":[{""cause"":""Clogged Air Filter"",""estimatedCost"":""₹500–₹1500"",""probability"":80,""requiredParts"":[{""estimatedPrice"":""₹200–₹400"",""name"":""Air Filter""}],""severity"":""low"",""solution"":""Turn off the AC, remove the filter, and clean or replace it with a new one. Ensure proper installation to prevent future clogs.""},{""cause"":""Worn-out Fan Motor"",""estimatedCost"":""₹2000–₹4000"",""probability"":15,""requiredParts"":[{""estimatedPrice"":""₹1500–₹3000"",""name"":""Fan Motor""}],""severity"":""medium"",""solution"":""Replace the fan motor with a new one. Ensure to purchase a compatible motor and follow proper installation procedures.""},{""cause"":""Loose or Misaligned Fan Blades"",""estimatedCost"":""₹0–₹500"",""probability"":5,""requiredParts"":[],""severity"":""low"",""solution"":""Turn off the AC, remove the fan blades, and realign or tighten them properly. Ensure all screws are securely fastened.""}],""recommendedAction"":""Inspect and clean the AC unit, and check for any blockages or worn-out parts"",""summary"":""The AC is making noise and not turning on after extended use, despite being serviced within the last 3 months."",""urgency"":""medium""}","Clogged Air Filter. Solution: Turn off the AC, remove the filter, and clean or replace it with a new one. Ensure proper installation to prevent future clogs.",completed,2026-04-30 08:36:05.40623+00,2026-04-30 09:10:53.492+00
a68f20f0-d1ba-4862-ba73-f543cc03c488,9ef8dcc4-03ec-4ce8-82ed-9048516978d0,00000000-0000-0000-0000-000000000001,bd081ad6-5fe3-4c1d-a919-81b1055efa19,28158382-d5c1-436c-927b-3e3d9855c2af,"[{""answer"":""Entire room"",""question"":""Is the power out in the entire room or just some outlets?""},{""answer"":""Yes, it has tripped"",""question"":""Have you checked the MCB / circuit breaker?""},{""answer"":""Yes, others have power"",""question"":""Is there power in the common areas or other rooms?""},{""answer"":""Happened suddenly"",""question"":""Did this happen suddenly or after plugging something in?""}]","{""causes"":[{""cause"":""Short circuit due to faulty wiring or appliance."",""severity"":""high"",""solution"":""Identify and isolate the faulty appliance or wiring section. Repair or replace as necessary. Reset the MCB."",""probability"":0.6,""estimatedCost"":""₹500 - ₹2000"",""requiredParts"":[{""name"":""Wiring (if needed)"",""estimatedPrice"":""₹200 - ₹1000""},{""name"":""Socket/Switch (if needed)"",""estimatedPrice"":""₹100 - ₹500""}]},{""cause"":""Overload due to too many appliances running simultaneously."",""severity"":""medium"",""solution"":""Unplug some appliances, especially high-power ones like the induction stove. Reset the MCB. Advise residents to use high-power appliances judiciously."",""probability"":0.3,""estimatedCost"":""₹0 - ₹200"",""requiredParts"":[]},{""cause"":""Faulty MCB (Miniature Circuit Breaker)."",""severity"":""medium"",""solution"":""Test the MCB. If it's faulty, replace it with a new one of the correct rating."",""probability"":0.1,""estimatedCost"":""₹300 - ₹800"",""requiredParts"":[{""name"":""New MCB"",""estimatedPrice"":""₹250 - ₹750""}]}],""summary"":""The entire room has no power due to a tripped MCB, while other rooms have power. This occurred suddenly. The induction stove is also mentioned as an issue, which could be related to the electrical problem."",""urgency"":""high"",""recommendedAction"":""Immediately investigate the cause of the tripped MCB. Start by unplugging all appliances in the affected room, especially the induction stove. Then, try to reset the MCB. If it trips again, there is likely a short circuit or a faulty MCB. A qualified electrician should be called to diagnose and fix the issue to prevent further damage or safety hazards.""}",null,completed,2026-04-29 12:31:48.249988+00,2026-04-29 12:31:47.096+00
30060161-bc4d-439a-af35-e68f42df53b1,38e5fe3c-4ec9-4649-bf1a-efd37e8651e2,00000000-0000-0000-0000-000000000001,bd081ad6-5fe3-4c1d-a919-81b1055efa19,e2aa2aaa-8af6-4807-9a4e-7665c5421eed,"[{""answer"":""Today"",""question"":""When did you first notice this issue?""},{""answer"":""Minor — can manage"",""question"":""How severe is the issue?""},{""answer"":""First time"",""question"":""Has this issue happened before?""},{""answer"":""Nothing, happened on its own"",""question"":""Did anything specific trigger this issue?""},{""answer"":""Only my room"",""question"":""Is the issue affecting other rooms or just yours?""}]","{""causes"":[{""cause"":""Sofa cleaning and shifting"",""severity"":""low"",""solution"":""Clean the small sofa in D11 and shift it to D13. This will involve professional cleaning and careful handling during the shift to avoid any damage."",""probability"":0.9,""estimatedCost"":""₹500 - ₹1000"",""requiredParts"":[{""name"":""Sofa cleaning solution"",""estimatedPrice"":""₹200 - ₹400""},{""name"":""Cleaning equipment (brushes, cloths)"",""estimatedPrice"":""₹100 - ₹200""}]},{""cause"":""Sofa replacement and shifting"",""severity"":""low"",""solution"":""Shift the new sofa from D13 to B42. This will require careful handling to prevent damage to the new sofa and the premises during transit."",""probability"":0.9,""estimatedCost"":""₹300 - ₹700"",""requiredParts"":[]}],""summary"":""The main issue is the relocation of sofas between rooms D11, D13, and B42, along with the cleaning of one sofa. This is a logistical task rather than a repair."",""urgency"":""low"",""recommendedAction"":""Arrange for professional sofa cleaning for the D11 sofa and coordinate the shifting of both sofas with appropriate manpower and equipment to ensure no damage occurs during transit.""}",null,completed,2026-04-29 12:34:09.828337+00,2026-04-29 12:34:08.794+00
daa130b8-d063-454b-a01c-a68e794ed56f,81a80b7e-da29-4044-be0e-fcccd3afe7fd,00000000-0000-0000-0000-000000000001,bd081ad6-5fe3-4c1d-a919-81b1055efa19,e2aa2aaa-8af6-4807-9a4e-7665c5421eed,"[{""answer"":""Today"",""question"":""When did you first notice this issue?""},{""answer"":""Minor — can manage"",""question"":""How severe is the issue?""},{""answer"":""First time"",""question"":""Has this issue happened before?""},{""answer"":""Nothing, happened on its own"",""question"":""Did anything specific trigger this issue?""},{""answer"":""Only my room"",""question"":""Is the issue affecting other rooms or just yours?""}]","{""causes"":[{""cause"":""Need to relocate furniture as per tenant's request."",""severity"":""low"",""solution"":""Remove 4 chairs and place them in the storeroom. Place 2 regular chairs in the room."",""probability"":1,""estimatedCost"":""₹200 - ₹400 (labor for moving)""},{""cause"":""Study table is damaged and needs repair and relocation."",""severity"":""medium"",""solution"":""Repair the study table (e.g., tighten loose joints, fix minor damage) and then move it to the hall."",""probability"":1,""estimatedCost"":""₹300 - ₹700 (repair and labor)"",""requiredParts"":[{""name"":""Wood glue/screws (if needed)"",""estimatedPrice"":""₹50 - ₹150""}]},{""cause"":""Relocation of an extra cupboard from C43 and inspection of existing cupboard."",""severity"":""low"",""solution"":""Bring the extra cupboard from C43 to the room. Inspect the existing cupboard for any issues (e.g., loose hinges, damaged shelves) and perform minor repairs if necessary."",""probability"":1,""estimatedCost"":""₹300 - ₹600 (labor for moving and inspection)"",""requiredParts"":[{""name"":""Screws/hinges (if needed for existing cupboard)"",""estimatedPrice"":""₹50 - ₹200""}]}],""summary"":""The tenant requires furniture rearrangement, including moving chairs, repairing and relocating a study table, and moving an extra cupboard while checking the existing one. The issues are minor and were noticed today for the first time."",""urgency"":""low"",""recommendedAction"":""Schedule a handyman or maintenance staff to perform the furniture relocation, study table repair, and cupboard inspection/relocation as soon as possible. Confirm the exact placement of the furniture with the tenant before starting the work.""}",null,completed,2026-04-29 12:35:56.665173+00,2026-04-29 12:35:55.836+00
48f0c73c-e442-43e7-a4dd-ede44a77c110,a4a43033-febe-41a9-bbdd-2cfc86099aef,00000000-0000-0000-0000-000000000001,bd081ad6-5fe3-4c1d-a919-81b1055efa19,d76dd3bd-ccb7-4991-a01f-ce158dfe908e,"{""How severe is the leak?"":""Steady flow"",""Is there visible water damage?"":""Water stains / damp"",""Where is the water issue located?"":""Kitchen"",""How long has the issue been present?"":""Just noticed today""}","{""causes"":[{""cause"":""Faulty or loose closet seat cover"",""estimatedCost"":""₹800–₹2000"",""probability"":80,""requiredParts"":[{""estimatedPrice"":""₹500–₹1000"",""name"":""Closet seat cover""}],""severity"":""high"",""solution"":""Tighten or replace the closet seat cover, and check for any blockages in the drain line""},{""cause"":""Clogged drain line"",""estimatedCost"":""₹500–₹1500"",""probability"":15,""requiredParts"":[{""estimatedPrice"":""₹200–₹500"",""name"":""Drain snake""}],""severity"":""medium"",""solution"":""Use a drain snake or plumber's auger to clear the blockage, and check for any mineral buildup""},{""cause"":""Damaged or corroded water supply line"",""estimatedCost"":""₹1500–₹3000"",""probability"":5,""requiredParts"":[{""estimatedPrice"":""₹1000–₹2000"",""name"":""Water supply line""}],""severity"":""high"",""solution"":""Replace the damaged section of the water supply line, and check for any signs of corrosion or wear""}],""recommendedAction"":""Shut off the main water supply and call a professional plumber to diagnose and fix the issue"",""summary"":""A steady water leak has been noticed in the kitchen, with visible water stains and dampness, requiring immediate attention to prevent further damage."",""urgency"":""high""}","Faulty or loose closet seat cover. Solution: Tighten or replace the closet seat cover, and check for any blockages in the drain line",completed,2026-04-30 09:19:40.634697+00,2026-04-30 09:20:54.554+00
0fc219fc-256c-4130-8e57-15f77074c38c,34bf23b2-e00f-44e4-892d-93409d666322,00000000-0000-0000-0000-000000000001,bd081ad6-5fe3-4c1d-a919-81b1055efa19,a5831922-eaeb-48c2-941c-fd96fae8813d,"[{""answer"":""Yes"",""question"":""Is the AC turning on when you press the power button?""},{""answer"":""Yes, but very weak"",""question"":""Is air coming out from the AC vents?""},{""answer"":""Never / Not sure"",""question"":""When was the AC filter last cleaned?""},{""answer"":""Yes"",""question"":""Is there any water leaking from the AC?""},{""answer"":""Yes"",""question"":""Is the remote control working properly?""}]","{""causes"":[{""cause"":""Clogged AC filter"",""severity"":""medium"",""solution"":""Clean or replace the AC filter. This can restrict airflow, causing the coil to freeze and then melt, leading to water leakage."",""probability"":0.6,""estimatedCost"":""₹200 - ₹800"",""requiredParts"":[{""name"":""AC filter"",""estimatedPrice"":""₹200 - ₹500""}]},{""cause"":""Blocked drain pipe"",""severity"":""medium"",""solution"":""Clear the blockage in the AC drain pipe. Debris or mold can clog the pipe, causing water to back up and overflow."",""probability"":0.25,""estimatedCost"":""₹300 - ₹1000""},{""cause"":""Low refrigerant levels"",""severity"":""high"",""solution"":""Recharge the AC refrigerant. Low refrigerant can cause the evaporator coil to freeze, leading to water leakage when it melts."",""probability"":0.1,""estimatedCost"":""₹1500 - ₹3500"",""requiredParts"":[{""name"":""AC refrigerant"",""estimatedPrice"":""₹1000 - ₹2500""}]},{""cause"":""Damaged or improperly installed drain pan"",""severity"":""medium"",""solution"":""Repair or replace the drain pan. A cracked or improperly sloped drain pan will not collect and channel water effectively."",""probability"":0.05,""estimatedCost"":""₹500 - ₹2000"",""requiredParts"":[{""name"":""AC drain pan"",""estimatedPrice"":""₹300 - ₹1500""}]}],""summary"":""The AC is leaking water and has weak airflow, likely due to a clogged filter or a blocked drain pipe. Other possibilities include low refrigerant or a damaged drain pan."",""urgency"":""high"",""recommendedAction"":""Immediately turn off the AC to prevent further water damage and electrical hazards. Inspect and clean the AC filter. If the issue persists, contact a technician to check the drain pipe, refrigerant levels, and drain pan.""}",null,completed,2026-05-01 06:33:39.962525+00,2026-05-01 06:33:38.18+00
fb0956bf-2edc-4474-ae1f-d7df97bd6b79,87886ad5-efc3-47b9-8ef3-65cef3bd906a,00000000-0000-0000-0000-000000000001,bd081ad6-5fe3-4c1d-a919-81b1055efa19,a5831922-eaeb-48c2-941c-fd96fae8813d,"[{""answer"":""Yes"",""question"":""Is the AC turning on when you press the power button?""},{""answer"":""Yes, but very weak"",""question"":""Is air coming out from the AC vents?""},{""answer"":""Never / Not sure"",""question"":""When was the AC filter last cleaned?""},{""answer"":""No"",""question"":""Is there any water leaking from the AC?""},{""answer"":""Yes"",""question"":""Is the remote control working properly?""}]","{""causes"":[{""cause"":""Dirty AC filter"",""severity"":""medium"",""solution"":""Clean or replace the AC filter. This will improve airflow and cooling efficiency."",""probability"":0.7,""estimatedCost"":""₹200 - ₹500 for cleaning, ₹500 - ₹1500 for replacement (if needed)"",""requiredParts"":[{""name"":""AC filter"",""estimatedPrice"":""₹500 - ₹1500 (if replacement is needed)""}]},{""cause"":""Low refrigerant level"",""severity"":""high"",""solution"":""A technician needs to inspect for leaks, repair them, and recharge the refrigerant. This requires specialized tools and expertise."",""probability"":0.2,""estimatedCost"":""₹1500 - ₹4000 (including leak detection and gas refill)"",""requiredParts"":[{""name"":""Refrigerant gas"",""estimatedPrice"":""Included in service cost""}]},{""cause"":""Faulty blower motor or capacitor"",""severity"":""high"",""solution"":""A technician needs to inspect and potentially replace the blower motor or its capacitor. This affects the fan speed and airflow."",""probability"":0.1,""estimatedCost"":""₹2000 - ₹6000 (depending on part and labor)"",""requiredParts"":[{""name"":""Blower motor"",""estimatedPrice"":""₹1500 - ₹4000 (if needed)""},{""name"":""Capacitor"",""estimatedPrice"":""₹300 - ₹800 (if needed)""}]}],""summary"":""The AC is turning on and air is coming out, but it's very weak and not cooling. The most likely cause is a dirty AC filter, which restricts airflow. Other possibilities include low refrigerant or a faulty blower motor."",""urgency"":""high"",""recommendedAction"":""Start by cleaning or replacing the AC filter immediately. If the issue persists after cleaning the filter, contact a qualified AC technician to inspect for refrigerant leaks or a faulty blower motor. Ignoring these issues can lead to higher energy bills and further damage to the AC unit.""}",null,completed,2026-05-01 07:04:11.584759+00,2026-05-01 07:04:10.088+00
669300a7-cc39-45b0-9b11-b7dd1b176fa1,8aa5cc61-6d57-4c38-ac7a-f4ac6c478ff1,00000000-0000-0000-0000-000000000001,bd081ad6-5fe3-4c1d-a919-81b1055efa19,47389994-b201-4bb1-bf91-8bce4dbde510,"[{""answer"":""Today"",""question"":""When did you first notice this issue?""},{""answer"":""Minor — can manage"",""question"":""How severe is the issue?""},{""answer"":""First time"",""question"":""Has this issue happened before?""},{""answer"":""Nothing, happened on its own"",""question"":""Did anything specific trigger this issue?""},{""answer"":""Only my room"",""question"":""Is the issue affecting other rooms or just yours?""}]","{""causes"":[{""cause"":""Clogged showerhead/faucet aerator"",""severity"":""low"",""solution"":""Clean the showerhead/faucet aerator by unscrewing it and removing any mineral deposits or debris. Soaking it in vinegar can help."",""probability"":0.6,""estimatedCost"":""₹0 - ₹50"",""requiredParts"":[{""name"":""Vinegar (if needed)"",""estimatedPrice"":""₹30""}]},{""cause"":""Partially closed stopcock/angle valve"",""severity"":""low"",""solution"":""Check the stopcock or angle valve for the bathroom. Ensure it is fully open. Sometimes they can get partially closed accidentally."",""probability"":0.2,""estimatedCost"":""₹0""},{""cause"":""Kinked or blocked supply line"",""severity"":""medium"",""solution"":""Inspect the water supply lines leading to the bathroom for any kinks or visible blockages. This might require a plumber if the blockage is internal."",""probability"":0.15,""estimatedCost"":""₹0 - ₹500"",""requiredParts"":[{""name"":""Plumber's visit (if needed)"",""estimatedPrice"":""₹300 - ₹500""}]},{""cause"":""Low water pressure from the main supply"",""severity"":""medium"",""solution"":""Check if other water outlets in the building (e.g., kitchen, other bathrooms) are also experiencing low pressure. If so, the issue might be with the building's main water supply or pump."",""probability"":0.05,""estimatedCost"":""₹0 - ₹1000+"",""requiredParts"":[{""name"":""Building maintenance/plumber (if needed)"",""estimatedPrice"":""₹500 - ₹1000+""}]}],""summary"":""The bathroom is experiencing slow water flow, noticed today and only in your room. It's a minor issue and hasn't happened before."",""urgency"":""low"",""recommendedAction"":""Start by checking and cleaning the showerhead/faucet aerator. Then, verify that the stopcock/angle valve is fully open. If the issue persists, inspect the supply lines. If all else fails, it might be a broader water pressure issue or require a plumber.""}",null,completed,2026-05-02 06:13:04.231568+00,2026-05-02 06:13:03.834+00
89a28989-e6cf-45d0-84a6-1374af53c011,0c36c099-242f-4649-b3a0-3a16774d674f,00000000-0000-0000-0000-000000000001,8c42685b-f2df-4dec-96bd-0e77b715e33e,c5f1c3c0-af88-4c54-9730-ebffed128bc9,"[{""answer"":""Today"",""question"":""When did you first notice this issue?""},{""answer"":""Minor — can manage"",""question"":""How severe is the issue?""},{""answer"":""First time"",""question"":""Has this issue happened before?""},{""answer"":""Nothing, happened on its own"",""question"":""Did anything specific trigger this issue?""},{""answer"":""Only my room"",""question"":""Is the issue affecting other rooms or just yours?""}]","{""causes"":[{""cause"":""Food particles or grease buildup in the drainpipe."",""severity"":""medium"",""solution"":""Use a drain cleaner or a mixture of baking soda and vinegar followed by hot water to clear the clog. If it persists, a plumber may need to snake the drain."",""probability"":0.7,""estimatedCost"":""₹100 - ₹500 (for drain cleaner) or ₹500 - ₹1500 (for plumber)"",""requiredParts"":[{""name"":""Drain cleaner (chemical or natural)"",""estimatedPrice"":""₹100 - ₹300""}]},{""cause"":""Hair or soap scum accumulation in the P-trap."",""severity"":""medium"",""solution"":""Carefully remove and clean the P-trap under the sink. This may require basic plumbing tools."",""probability"":0.2,""estimatedCost"":""₹0 (DIY) - ₹500 (for basic tools if needed)"",""requiredParts"":[]},{""cause"":""Foreign object lodged in the drain."",""severity"":""high"",""solution"":""If a foreign object is suspected, a plumber will need to inspect and remove it. This might involve disassembling parts of the drain system."",""probability"":0.1,""estimatedCost"":""₹1000 - ₹3000+"",""requiredParts"":[]}],""summary"":""The kitchen sink in your room is clogged, likely due to food particles, grease, or hair buildup. It's a minor issue for now but needs attention to prevent worsening."",""urgency"":""medium"",""recommendedAction"":""Initially, try a DIY solution using a drain cleaner or baking soda and vinegar. If the clog persists, or if you suspect a foreign object, contact a plumber to avoid further damage.""}",null,completed,2026-05-02 06:58:47.288413+00,2026-05-02 06:58:49.249+00
58f5ecb2-6728-4d7f-9a41-37809ffb1181,d656424e-37a1-4a40-8922-ea466c6ab0e1,00000000-0000-0000-0000-000000000001,bd081ad6-5fe3-4c1d-a919-81b1055efa19,caf6381e-5189-4c1f-bf0a-4dfd99d9b9e7,"[{""answer"":""Today"",""question"":""When did you first notice this issue?""},{""answer"":""Minor — can manage"",""question"":""How severe is the issue?""},{""answer"":""First time"",""question"":""Has this issue happened before?""},{""answer"":""Nothing, happened on its own"",""question"":""Did anything specific trigger this issue?""},{""answer"":""Only my room"",""question"":""Is the issue affecting other rooms or just yours?""}]","{""causes"":[{""cause"":""Low water pressure from the building's supply line."",""severity"":""medium"",""solution"":""Check the main water supply valve for the building and ensure it is fully open. If the issue persists, contact the building's maintenance team to investigate the water pressure."",""probability"":0.4,""estimatedCost"":""₹0 - ₹200""},{""cause"":""Kinked or blocked inlet hose to the washing machine."",""severity"":""low"",""solution"":""Inspect the water inlet hoses connected to the washing machine for any kinks or bends. Straighten them if necessary. Disconnect the hoses and check for any debris or blockages in the filters at the washing machine's inlet."",""probability"":0.3,""estimatedCost"":""₹0 - ₹100""},{""cause"":""Clogged water inlet valve screen in the washing machine."",""severity"":""medium"",""solution"":""Turn off the water supply to the washing machine. Disconnect the inlet hoses from the back of the machine. Carefully remove and clean the small mesh screens inside the water inlet valves. Reconnect the hoses and test."",""probability"":0.2,""estimatedCost"":""₹0 - ₹100""},{""cause"":""Faulty water inlet valve in the washing machine."",""severity"":""high"",""solution"":""If the above steps do not resolve the issue, the water inlet valve itself might be faulty and require replacement. This usually requires a technician."",""probability"":0.1,""estimatedCost"":""₹800 - ₹2500"",""requiredParts"":[{""name"":""Washing machine inlet valve"",""estimatedPrice"":""₹500 - ₹1500""}]}],""summary"":""The washing machine in C-34 is experiencing slow water flow. This is a new issue and only affects this room. The severity is minor."",""urgency"":""medium"",""recommendedAction"":""First, check the water supply to the building and the washing machine's inlet hoses for kinks or blockages. If the problem persists, clean the inlet valve screens. If still unresolved, a technician may be needed to replace the inlet valve.""}",null,completed,2026-05-02 09:51:50.58782+00,2026-05-02 09:51:49.911+00
c789162d-a64c-469b-8ce4-ae55b6e55f22,17a66482-faa4-4cad-a904-e869812f2950,00000000-0000-0000-0000-000000000001,bd081ad6-5fe3-4c1d-a919-81b1055efa19,28158382-d5c1-436c-927b-3e3d9855c2af,"[{""answer"":""Entire room"",""question"":""Is the power out in the entire room or just some outlets?""},{""answer"":""Yes, it has tripped"",""question"":""Have you checked the MCB / circuit breaker?""},{""answer"":""Yes, others have power"",""question"":""Is there power in the common areas or other rooms?""},{""answer"":""Happened suddenly"",""question"":""Did this happen suddenly or after plugging something in?""}]","{""causes"":[{""cause"":""Short circuit in the bathroom wiring due to damaged insulation or loose connections."",""severity"":""high"",""solution"":""Inspect bathroom wiring for damage, repair/replace faulty sections, and secure loose connections. Reset MCB."",""probability"":0.6,""estimatedCost"":""₹500 - ₹1500"",""requiredParts"":[{""name"":""Electrical tape"",""estimatedPrice"":""₹50""},{""name"":""Wire connectors"",""estimatedPrice"":""₹100""},{""name"":""Replacement wire (if needed)"",""estimatedPrice"":""₹100-₹500""}]},{""cause"":""Faulty MCB (Miniature Circuit Breaker) for the bathroom circuit."",""severity"":""medium"",""solution"":""Replace the faulty MCB. Reset the new MCB."",""probability"":0.25,""estimatedCost"":""₹300 - ₹800"",""requiredParts"":[{""name"":""MCB (16A or appropriate rating)"",""estimatedPrice"":""₹250-₹700""}]},{""cause"":""Overload in the bathroom circuit due to too many high-power appliances, causing the MCB to trip."",""severity"":""low"",""solution"":""Identify and unplug high-power appliances in the bathroom. Reset the MCB. Advise residents to avoid overloading the circuit."",""probability"":0.1,""estimatedCost"":""₹0 - ₹100"",""requiredParts"":[]},{""cause"":""Water ingress into electrical fittings (e.g., tube light, switch) causing a short circuit."",""severity"":""high"",""solution"":""Turn off the main power. Inspect all bathroom electrical fittings for water damage. Dry out or replace affected components. Reset MCB."",""probability"":0.05,""estimatedCost"":""₹500 - ₹2000"",""requiredParts"":[{""name"":""Waterproof electrical sealant (if applicable)"",""estimatedPrice"":""₹150""},{""name"":""Replacement tube light/switch (if damaged)"",""estimatedPrice"":""₹200-₹1000""}]}],""summary"":""The entire bathroom has no power, and the MCB for that circuit has tripped suddenly. Other rooms have power."",""urgency"":""high"",""recommendedAction"":""Immediately investigate the cause of the MCB trip, starting with checking for short circuits in the bathroom wiring. Do not attempt to repeatedly reset the MCB without identifying the fault, as this can be dangerous. If unsure, call a qualified electrician.""}",null,completed,2026-05-02 11:35:13.031981+00,2026-05-02 11:35:12.596+00
2496d8cd-72fa-46a7-a144-fb4b4c69831e,fbb9b65c-9764-4f57-908b-cb419814fd61,00000000-0000-0000-0000-000000000001,bd081ad6-5fe3-4c1d-a919-81b1055efa19,a5831922-eaeb-48c2-941c-fd96fae8813d,"[{""answer"":""Yes"",""question"":""Is the AC turning on when you press the power button?""},{""answer"":""Yes, but very weak"",""question"":""Is air coming out from the AC vents?""},{""answer"":""Within last month"",""question"":""When was the AC filter last cleaned?""},{""answer"":""Yes"",""question"":""Is there any water leaking from the AC?""},{""answer"":""Yes"",""question"":""Is the remote control working properly?""}]","{""causes"":[{""cause"":""Clogged AC drain line"",""severity"":""medium"",""solution"":""Clear the clogged drain line. This can be done by flushing it with a mixture of water and vinegar or by using a wet/dry vacuum to suction out the clog."",""probability"":0.6,""estimatedCost"":""₹200 - ₹500"",""requiredParts"":[{""name"":""Vinegar"",""estimatedPrice"":""₹50""},{""name"":""Wet/dry vacuum (if needed)"",""estimatedPrice"":""₹2000 - ₹5000""}]},{""cause"":""Dirty evaporator coil"",""severity"":""medium"",""solution"":""Clean the evaporator coil. This may require professional help if the coil is heavily soiled."",""probability"":0.2,""estimatedCost"":""₹500 - ₹1500"",""requiredParts"":[{""name"":""Evaporator coil cleaner"",""estimatedPrice"":""₹200 - ₹400""}]},{""cause"":""Low refrigerant levels"",""severity"":""high"",""solution"":""Recharge the refrigerant. This should be done by a qualified technician as it involves handling refrigerants which can be harmful if not handled properly."",""probability"":0.15,""estimatedCost"":""₹1500 - ₹3000"",""requiredParts"":[{""name"":""Refrigerant"",""estimatedPrice"":""₹1000 - ₹2000""}]},{""cause"":""Damaged or improperly installed drain pan"",""severity"":""medium"",""solution"":""Repair or replace the drain pan. This may require a technician to assess the damage and perform the necessary repairs."",""probability"":0.05,""estimatedCost"":""₹500 - ₹2000"",""requiredParts"":[{""name"":""AC drain pan (if replacement needed)"",""estimatedPrice"":""₹500 - ₹1500""}]}],""summary"":""The AC is leaking water and has weak airflow despite turning on and having a recently cleaned filter. The remote is working."",""urgency"":""medium"",""recommendedAction"":""Address the water leak and weak airflow. Start by checking and clearing the AC drain line. If the issue persists, inspect the evaporator coil for dirt. If these steps don't resolve the problem, it's recommended to contact a qualified AC technician to check refrigerant levels and the drain pan for damage.""}",null,completed,2026-05-04 10:07:46.87899+00,2026-05-04 10:07:45.62+00
4e186045-6978-4e6a-9b5d-d56a1e14914c,b16a2495-69ed-4671-9dfd-adf008115c06,00000000-0000-0000-0000-000000000001,bd081ad6-5fe3-4c1d-a919-81b1055efa19,a5831922-eaeb-48c2-941c-fd96fae8813d,"[{""answer"":""Yes"",""question"":""Is the AC turning on when you press the power button?""},{""answer"":""Yes, but very weak"",""question"":""Is air coming out from the AC vents?""},{""answer"":""Within last month"",""question"":""When was the AC filter last cleaned?""},{""answer"":""No"",""question"":""Is there any water leaking from the AC?""},{""answer"":""Yes"",""question"":""Is the remote control working properly?""}]","{""causes"":[{""cause"":""Weak airflow due to dirty evaporator coils or blower fan."",""severity"":""medium"",""solution"":""Clean the evaporator coils and blower fan. This will improve airflow and reduce the bad smell."",""probability"":0.6,""estimatedCost"":""₹500 - ₹1500"",""requiredParts"":[{""name"":""AC coil cleaner spray"",""estimatedPrice"":""₹200 - ₹400""}]},{""cause"":""Foul smell due to mold or mildew growth in the AC unit."",""severity"":""medium"",""solution"":""Thoroughly clean and disinfect the AC unit, especially the evaporator coils and drain pan. Consider using an AC disinfectant."",""probability"":0.7,""estimatedCost"":""₹500 - ₹1500"",""requiredParts"":[{""name"":""AC disinfectant spray"",""estimatedPrice"":""₹300 - ₹600""}]},{""cause"":""AC remote control issue (despite the user saying it's working, the initial problem statement contradicts this)."",""severity"":""low"",""solution"":""Check and replace batteries in the remote. If the issue persists, the remote might need replacement or repair."",""probability"":0.3,""estimatedCost"":""₹100 - ₹800"",""requiredParts"":[{""name"":""AAA batteries (2-4)"",""estimatedPrice"":""₹50 - ₹150""},{""name"":""Universal AC remote (if replacement needed)"",""estimatedPrice"":""₹300 - ₹600""}]}],""summary"":""The AC is experiencing weak airflow and emitting a bad smell. The remote control functionality is contradictory in the provided information."",""urgency"":""medium"",""recommendedAction"":""Address the weak airflow and bad smell by cleaning the AC unit thoroughly. Re-evaluate the remote control issue by checking batteries and considering replacement if necessary.""}",null,completed,2026-05-06 07:07:26.633302+00,2026-05-06 07:07:25.582+00
369561e6-fc1c-4ec6-8478-2254c7a3a9e8,79834947-5612-4e83-9890-f9f95e4e0c0a,00000000-0000-0000-0000-000000000001,bd081ad6-5fe3-4c1d-a919-81b1055efa19,28158382-d5c1-436c-927b-3e3d9855c2af,"[{""answer"":""Entire room"",""question"":""Is the power out in the entire room or just some outlets?""},{""answer"":""Yes, it's on"",""question"":""Have you checked the MCB / circuit breaker?""},{""answer"":""Yes, others have power"",""question"":""Is there power in the common areas or other rooms?""},{""answer"":""Happened suddenly"",""question"":""Did this happen suddenly or after plugging something in?""}]","{""causes"":[{""cause"":""Loose wiring connection in the fan or switchboard."",""severity"":""medium"",""solution"":""Inspect and tighten all wiring connections in the fan and switchboard. This may require opening the fan's canopy and the switchboard."",""probability"":0.4,""estimatedCost"":""₹200 - ₹500 (Electrician visit if needed)""},{""cause"":""Faulty fan regulator."",""severity"":""medium"",""solution"":""Replace the fan regulator. This is a common point of failure for fans."",""probability"":0.3,""estimatedCost"":""₹300 - ₹700"",""requiredParts"":[{""name"":""Fan Regulator"",""estimatedPrice"":""₹200 - ₹500""}]},{""cause"":""Burnt out fan motor winding."",""severity"":""high"",""solution"":""The fan motor will need to be repaired or replaced. This is a more complex repair."",""probability"":0.2,""estimatedCost"":""₹800 - ₹2000 (Repair) / ₹1500 - ₹3500 (Replacement)"",""requiredParts"":[{""name"":""Fan Motor Winding (if repairable)"",""estimatedPrice"":""₹500 - ₹1000""},{""name"":""New Ceiling Fan (if replacement needed)"",""estimatedPrice"":""₹1200 - ₹3000""}]},{""cause"":""Faulty wiring in the wall leading to the fan."",""severity"":""high"",""solution"":""This would require tracing the wiring from the switchboard to the fan and repairing or replacing the faulty section. This is a more involved electrical repair."",""probability"":0.1,""estimatedCost"":""₹500 - ₹1500 (Electrician visit and repair)""}],""summary"":""The hall fan is not working, and the entire room has no power, despite the MCB being on and other rooms having power. This indicates a localized electrical issue affecting the fan circuit."",""urgency"":""high"",""recommendedAction"":""It is recommended to call a qualified electrician to diagnose and fix the issue. Attempting electrical repairs without proper knowledge can be dangerous.""}",null,completed,2026-05-06 07:09:10.310291+00,2026-05-06 07:09:09.624+00
a4cd4e34-f076-4c12-a921-bb02980e1e23,281b94ee-eecc-417c-8cf9-25b2cb80a2bc,00000000-0000-0000-0000-000000000001,bd081ad6-5fe3-4c1d-a919-81b1055efa19,a5831922-eaeb-48c2-941c-fd96fae8813d,"[{""answer"":""No"",""question"":""Is the AC turning on when you press the power button?""},{""answer"":""Yes, but warm air"",""question"":""Is air coming out from the AC vents?""},{""answer"":""More than a month ago"",""question"":""When was the AC filter last cleaned?""},{""answer"":""No"",""question"":""Is there any water leaking from the AC?""},{""answer"":""Yes"",""question"":""Is the remote control working properly?""}]","{""causes"":[{""cause"":""Capacitor failure"",""severity"":""high"",""solution"":""Replace the capacitor. This component helps start the AC compressor and fan. If it fails, the AC won't turn on or will blow warm air."",""probability"":0.4,""estimatedCost"":""₹1,500 - ₹3,000"",""requiredParts"":[{""name"":""AC Capacitor"",""estimatedPrice"":""₹800 - ₹1,500""}]},{""cause"":""Thermostat malfunction"",""severity"":""medium"",""solution"":""Check and recalibrate or replace the thermostat. A faulty thermostat might not be sending the correct signals to the AC unit."",""probability"":0.25,""estimatedCost"":""₹1,000 - ₹4,000"",""requiredParts"":[{""name"":""Thermostat"",""estimatedPrice"":""₹500 - ₹2,500""}]},{""cause"":""Compressor issues"",""severity"":""high"",""solution"":""Inspect and repair or replace the compressor. This is a critical component, and its failure can prevent the AC from cooling."",""probability"":0.2,""estimatedCost"":""₹7,000 - ₹15,000+"",""requiredParts"":[{""name"":""AC Compressor"",""estimatedPrice"":""₹5,000 - ₹12,000+""}]},{""cause"":""Refrigerant leak"",""severity"":""medium"",""solution"":""Locate and repair the leak, then recharge the refrigerant. Low refrigerant levels can cause the AC to blow warm air."",""probability"":0.1,""estimatedCost"":""₹2,000 - ₹5,000"",""requiredParts"":[{""name"":""Refrigerant"",""estimatedPrice"":""₹1,000 - ₹2,500""}]},{""cause"":""Clogged air filter"",""severity"":""low"",""solution"":""Clean or replace the AC filter. While less likely to cause a complete power failure, a severely clogged filter can restrict airflow and impact cooling efficiency, potentially leading to other issues."",""probability"":0.05,""estimatedCost"":""₹200 - ₹800"",""requiredParts"":[{""name"":""AC Filter"",""estimatedPrice"":""₹100 - ₹500""}]}],""summary"":""The AC is not turning on and is blowing warm air, indicating a potential issue with the cooling system or power supply to key components. The remote is working, ruling out remote-related issues."",""urgency"":""critical"",""recommendedAction"":""Immediately contact a qualified AC technician for a thorough inspection and repair. Continuing to operate a faulty AC can lead to further damage and higher repair costs.""}",null,completed,2026-05-06 12:08:09.222302+00,2026-05-06 12:08:08.44+00
84440a60-fefd-47da-a048-e6d74b125770,6bc1941f-b4b3-4f5e-8b26-8d0ed2d7ac25,00000000-0000-0000-0000-000000000001,bd081ad6-5fe3-4c1d-a919-81b1055efa19,01208ba1-4225-4a61-be39-3afe03dad690,"[{""answer"":""Today"",""question"":""When did you first notice this issue?""},{""answer"":""Minor — can manage"",""question"":""How severe is the issue?""},{""answer"":""First time"",""question"":""Has this issue happened before?""},{""answer"":""Nothing, happened on its own"",""question"":""Did anything specific trigger this issue?""},{""answer"":""Only my room"",""question"":""Is the issue affecting other rooms or just yours?""}]","{""causes"":[{""cause"":""Clogged RO membrane or filters due to extended use without servicing."",""severity"":""medium"",""solution"":""Replace RO membrane and all filters (sediment, pre-carbon, post-carbon)."",""probability"":0.7,""estimatedCost"":""₹1500 - ₹3000"",""requiredParts"":[{""name"":""RO Membrane"",""estimatedPrice"":""₹800 - ₹1500""},{""name"":""Sediment Filter"",""estimatedPrice"":""₹200 - ₹400""},{""name"":""Pre-Carbon Filter"",""estimatedPrice"":""₹200 - ₹400""},{""name"":""Post-Carbon Filter"",""estimatedPrice"":""₹300 - ₹700""}]},{""cause"":""Low water pressure affecting purification efficiency."",""severity"":""low"",""solution"":""Check water pressure and install a booster pump if necessary. (This might be a separate issue, but can impact RO performance)."",""probability"":0.2,""estimatedCost"":""₹2000 - ₹5000 (for booster pump if needed)"",""requiredParts"":[{""name"":""Booster Pump (if needed)"",""estimatedPrice"":""₹2000 - ₹5000""}]},{""cause"":""Faulty UV lamp (if applicable) reducing purification effectiveness."",""severity"":""low"",""solution"":""Replace UV lamp."",""probability"":0.1,""estimatedCost"":""₹500 - ₹1000"",""requiredParts"":[{""name"":""UV Lamp"",""estimatedPrice"":""₹500 - ₹1000""}]}],""summary"":""The RO water purifier is not filtering efficiently, likely due to overdue servicing and clogged filters. The issue was noticed today and is isolated to your room. This is the first time this issue has occurred."",""urgency"":""medium"",""recommendedAction"":""Schedule immediate servicing for the RO water purifier, focusing on filter and membrane replacement. A technician should assess the system to confirm the exact parts needing replacement and check for any other underlying issues like water pressure or UV lamp functionality.""}",null,completed,2026-05-06 12:17:07.045647+00,2026-05-06 12:17:06.192+00
fedf5522-1ef0-48cf-9c85-ee88b9db42bd,610ea2c6-67f4-40c1-a0d2-df6fe5f536f6,00000000-0000-0000-0000-000000000001,8c42685b-f2df-4dec-96bd-0e77b715e33e,abc84f5b-a950-406e-ab46-cefbe11df925,"[{""answer"":""Bathroom"",""question"":""What needs cleaning?""},{""answer"":""Today but not proper"",""question"":""When was the last cleaning done?""},{""answer"":""One-time"",""question"":""Is this a one-time request or recurring issue?""}]","{""causes"":[{""cause"":""Housekeeping oversight/negligence"",""severity"":""medium"",""solution"":""Communicate with housekeeping supervisor to ensure proper training and adherence to cleaning protocols. Follow-up with the resident to confirm satisfaction."",""probability"":0.7,""estimatedCost"":""INR 0""},{""cause"":""Unclear communication regarding cleaning scope"",""severity"":""low"",""solution"":""Clarify cleaning expectations with both the resident and housekeeping staff. Provide a checklist if necessary."",""probability"":0.2,""estimatedCost"":""INR 0""},{""cause"":""Understaffing or heavy workload for housekeeping"",""severity"":""low"",""solution"":""Assess housekeeping workload and staffing levels. Consider temporary assistance if needed."",""probability"":0.1,""estimatedCost"":""INR 0""}],""summary"":""The primary issue is that garbage was not collected from the bathroom during today's cleaning, despite cleaning being performed. This appears to be a one-time oversight."",""urgency"":""medium"",""recommendedAction"":""Immediately contact the housekeeping supervisor to address the missed garbage collection in the bathroom. Ensure the resident's room is re-serviced to collect the garbage and confirm their satisfaction. Additionally, reinforce cleaning protocols with the housekeeping staff to prevent recurrence.""}",null,completed,2026-05-07 06:58:10.744823+00,2026-05-07 06:58:13.334+00
b39d8d27-ae29-4363-8e34-619208bc9d0a,5a1bcddb-2d8c-46b9-836e-c9260fac9645,00000000-0000-0000-0000-000000000001,8c42685b-f2df-4dec-96bd-0e77b715e33e,abc84f5b-a950-406e-ab46-cefbe11df925,"[{""answer"":""Floor / sweeping"",""question"":""What needs cleaning?""},{""answer"":""Today but not proper"",""question"":""When was the last cleaning done?""},{""answer"":""One-time"",""question"":""Is this a one-time request or recurring issue?""}]","{""causes"":[{""cause"":""Housekeeping staff did not perform a thorough cleaning of the floor/sweeping."",""severity"":""medium"",""solution"":""Communicate with the housekeeping staff to ensure proper cleaning procedures are followed. Provide specific instructions and demonstrate the expected cleaning standards."",""probability"":0.8,""estimatedCost"":""INR 0""},{""cause"":""Lack of clear cleaning guidelines or standards for housekeeping staff."",""severity"":""low"",""solution"":""Develop and implement clear, detailed cleaning checklists and standards for all housekeeping tasks, including floor sweeping. Train staff on these new guidelines."",""probability"":0.15,""estimatedCost"":""INR 0""},{""cause"":""Insufficient time allocated for housekeeping staff to complete their tasks properly."",""severity"":""low"",""solution"":""Review the housekeeping schedule and workload. Adjust staffing or allocate more time for cleaning tasks to ensure quality work can be performed."",""probability"":0.05,""estimatedCost"":""INR 0""}],""summary"":""The floor/sweeping was not done properly by the housekeeping staff today, despite cleaning being performed. This appears to be a one-time issue."",""urgency"":""low"",""recommendedAction"":""Address the issue directly with the housekeeping staff to ensure proper cleaning is done. Follow up to confirm the issue is resolved and provide feedback if necessary.""}",null,completed,2026-05-07 07:02:22.985374+00,2026-05-07 07:02:25.332+00
69b23112-6831-4a50-b8bf-ce7c3415ec62,c34a5a2b-2e66-4e2a-9596-193484fbb757,00000000-0000-0000-0000-000000000001,8c42685b-f2df-4dec-96bd-0e77b715e33e,abc84f5b-a950-406e-ab46-cefbe11df925,"[{""answer"":""Floor / sweeping"",""question"":""What needs cleaning?""},{""answer"":""Yesterday"",""question"":""When was the last cleaning done?""},{""answer"":""One-time"",""question"":""Is this a one-time request or recurring issue?""}]","{""causes"":[{""cause"":""Infestation due to poor hygiene and food debris accumulation."",""severity"":""high"",""solution"":""Thorough cleaning and pest control treatment."",""probability"":0.8,""estimatedCost"":""₹1500 - ₹3000"",""requiredParts"":[{""name"":""Pest control spray/gel"",""estimatedPrice"":""₹500 - ₹1000""},{""name"":""Disinfectant cleaner"",""estimatedPrice"":""₹200 - ₹400""},{""name"":""Sofa shampoo/upholstery cleaner"",""estimatedPrice"":""₹300 - ₹700""}]},{""cause"":""Lack of regular deep cleaning for common area furniture."",""severity"":""medium"",""solution"":""Implement a schedule for deep cleaning of common area furniture."",""probability"":0.15,""estimatedCost"":""₹800 - ₹1500"",""requiredParts"":[{""name"":""Sofa shampoo/upholstery cleaner"",""estimatedPrice"":""₹300 - ₹700""},{""name"":""Cleaning brushes/microfiber cloths"",""estimatedPrice"":""₹100 - ₹300""}]},{""cause"":""Spillages and food waste not cleaned immediately."",""severity"":""low"",""solution"":""Educate residents on immediate cleaning of spills and proper waste disposal."",""probability"":0.05,""estimatedCost"":""₹0"",""requiredParts"":[]}],""summary"":""The sofa in the common area is infested with cockroaches and emitting a foul odor, indicating a severe hygiene issue. This is likely due to a combination of pest infestation and lack of thorough cleaning."",""urgency"":""critical"",""recommendedAction"":""Immediate deep cleaning of the sofa, including pest control treatment, is required. Following this, a regular deep cleaning schedule for common area furniture should be implemented, and residents should be educated on maintaining hygiene.""}",null,completed,2026-05-07 07:06:56.971281+00,2026-05-07 07:06:59.604+00
f56c3593-6caa-46a2-b812-f16af1b9668e,22eb3c39-c0bd-440d-b24b-ba80aa6cdb26,00000000-0000-0000-0000-000000000001,8c42685b-f2df-4dec-96bd-0e77b715e33e,abc84f5b-a950-406e-ab46-cefbe11df925,"[{""answer"":""Bathroom"",""question"":""What needs cleaning?""},{""answer"":""Today but not proper"",""question"":""When was the last cleaning done?""},{""answer"":""One-time"",""question"":""Is this a one-time request or recurring issue?""}]","{""causes"":[{""cause"":""Inadequate cleaning of bathroom floor mats."",""severity"":""medium"",""solution"":""Replace dirty floor mats with new ones and ensure proper cleaning procedures are followed for future maintenance."",""probability"":0.8,""estimatedCost"":""INR 300 - 700"",""requiredParts"":[{""name"":""New floor mats"",""estimatedPrice"":""INR 300 - 700""}]},{""cause"":""Worn out or old floor mats that are difficult to clean effectively."",""severity"":""low"",""solution"":""Replace old and worn-out floor mats with durable, easy-to-clean alternatives."",""probability"":0.2,""estimatedCost"":""INR 300 - 700"",""requiredParts"":[{""name"":""New floor mats"",""estimatedPrice"":""INR 300 - 700""}]}],""summary"":""The bathroom floor mats are dirty and need to be replaced. Although cleaning was done today, it was not effective for the mats."",""urgency"":""medium"",""recommendedAction"":""Replace the dirty bathroom floor mats immediately and review cleaning protocols for bathroom areas to prevent recurrence.""}",null,completed,2026-05-07 07:12:16.827059+00,2026-05-07 07:12:19.283+00
d89ec546-c06a-4a49-ac5e-333664732569,f7a042a6-0da1-4ed0-8ec9-1df4485f0395,00000000-0000-0000-0000-000000000001,8c42685b-f2df-4dec-96bd-0e77b715e33e,abc84f5b-a950-406e-ab46-cefbe11df925,"[{""answer"":""Floor / sweeping"",""question"":""What needs cleaning?""},{""answer"":""Today but not proper"",""question"":""When was the last cleaning done?""},{""answer"":""One-time"",""question"":""Is this a one-time request or recurring issue?""}]","{""causes"":[{""cause"":""Inadequate cleaning by staff."",""severity"":""medium"",""solution"":""Retrain cleaning staff on proper balcony cleaning procedures, including sweeping and mopping techniques. Implement a checklist for balcony cleaning to ensure all areas are covered."",""probability"":0.7,""estimatedCost"":""INR 0 (if staff is already employed)""},{""cause"":""Lack of proper cleaning tools or supplies."",""severity"":""low"",""solution"":""Provide appropriate cleaning tools such as a good quality broom, dustpan, and mop. Ensure availability of suitable cleaning agents for outdoor surfaces."",""probability"":0.2,""estimatedCost"":""INR 500 - 1000"",""requiredParts"":[{""name"":""Good quality broom"",""estimatedPrice"":""INR 200 - 400""},{""name"":""Dustpan"",""estimatedPrice"":""INR 100 - 200""},{""name"":""Mop"",""estimatedPrice"":""INR 200 - 400""},{""name"":""Outdoor surface cleaner"",""estimatedPrice"":""INR 100 - 200""}]},{""cause"":""High foot traffic or external factors (e.g., dust, leaves) leading to quick re-soiling."",""severity"":""low"",""solution"":""Increase cleaning frequency for the balcony, especially during seasons with more dust or foliage. Consider installing a small mat at the balcony entrance to reduce dirt tracking."",""probability"":0.1,""estimatedCost"":""INR 0 (if staff is already employed) - INR 300 (for a mat)"",""requiredParts"":[{""name"":""Small entrance mat (optional)"",""estimatedPrice"":""INR 200 - 300""}]}],""summary"":""The balcony floor was not properly cleaned, despite being cleaned today. This is a one-time issue."",""urgency"":""medium"",""recommendedAction"":""Immediately re-clean the balcony floor. Investigate the cause of the improper cleaning to prevent recurrence. If it's a staff training issue, address it promptly. If it's a tools issue, procure the necessary items.""}",null,completed,2026-05-07 07:13:03.891501+00,2026-05-07 07:13:06.523+00
5f68cba8-4b01-43b0-a4dc-99883c45d493,e4dde419-3a46-4d6e-b263-48266ba1c497,00000000-0000-0000-0000-000000000001,8c42685b-f2df-4dec-96bd-0e77b715e33e,abc84f5b-a950-406e-ab46-cefbe11df925,"[{""answer"":""Bathroom"",""question"":""What needs cleaning?""},{""answer"":""Yesterday"",""question"":""When was the last cleaning done?""},{""answer"":""One-time"",""question"":""Is this a one-time request or recurring issue?""}]","{""causes"":[{""cause"":""Inadequate waste disposal practices by residents."",""severity"":""medium"",""solution"":""Communicate clear waste disposal guidelines to all residents and ensure regular waste collection schedules are maintained."",""probability"":0.7,""estimatedCost"":""INR 0""},{""cause"":""Insufficient cleaning staff or infrequent cleaning schedule."",""severity"":""medium"",""solution"":""Review and adjust cleaning staff allocation and frequency of bathroom cleaning. Consider hiring additional staff or increasing cleaning shifts."",""probability"":0.2,""estimatedCost"":""INR 1500 - 3000 (per month for additional cleaning services)""},{""cause"":""Lack of proper waste bins or damaged bins in the bathroom."",""severity"":""low"",""solution"":""Inspect existing waste bins and replace any damaged ones. Ensure an adequate number of bins are available and easily accessible."",""probability"":0.1,""estimatedCost"":""INR 300 - 800 (per bin)"",""requiredParts"":[{""name"":""Waste bin"",""estimatedPrice"":""INR 300 - 800""}]}],""summary"":""The primary issue is irregular waste disposal in the bathroom, despite a cleaning having been done yesterday. This appears to be a one-time reported incident."",""urgency"":""medium"",""recommendedAction"":""Implement a clear communication strategy for waste disposal guidelines to residents and review current cleaning schedules and resources. Inspect bathroom waste bins for adequacy and condition.""}",null,completed,2026-05-07 07:13:39.497218+00,2026-05-07 07:13:42.13+00
ae2876af-027c-4684-bdf4-457cb5ff00b9,68542466-9525-4a7a-bad1-384981867a1a,00000000-0000-0000-0000-000000000001,8c42685b-f2df-4dec-96bd-0e77b715e33e,abc84f5b-a950-406e-ab46-cefbe11df925,"[{""answer"":""Floor / sweeping"",""question"":""What needs cleaning?""},{""answer"":""Today but not proper"",""question"":""When was the last cleaning done?""},{""answer"":""One-time"",""question"":""Is this a one-time request or recurring issue?""}]","{""causes"":[{""cause"":""Inadequate cleaning practices leading to dust accumulation."",""severity"":""medium"",""solution"":""Thorough deep cleaning of the affected areas, including window sills, curtains, behind the bed, and behind the table. Implement a regular cleaning schedule to prevent future dust buildup."",""probability"":0.8,""estimatedCost"":""INR 300 - 500""},{""cause"":""Infrequent deep cleaning."",""severity"":""low"",""solution"":""Schedule periodic deep cleaning sessions (e.g., monthly or quarterly) to address hidden dust and grime."",""probability"":0.2,""estimatedCost"":""INR 500 - 800 (per deep cleaning session)""}],""summary"":""The primary issue is significant dust accumulation in specific areas (window area, curtains, behind the bed, behind the table) due to inadequate and infrequent cleaning. This is causing allergy symptoms for the resident."",""urgency"":""medium"",""recommendedAction"":""Arrange for an immediate deep cleaning of the specified areas. Following this, establish and enforce a regular, comprehensive cleaning schedule for the room, including periodic deep cleans.""}",null,completed,2026-05-07 07:14:14.881983+00,2026-05-07 07:14:17.513+00
49c33449-89f2-44f9-96b8-f9fa82a14e3c,f43974a5-c1b8-4d39-9446-5bfe0f18fcd3,00000000-0000-0000-0000-000000000001,8c42685b-f2df-4dec-96bd-0e77b715e33e,abc84f5b-a950-406e-ab46-cefbe11df925,"[{""answer"":""Floor / sweeping"",""question"":""What needs cleaning?""},{""answer"":""Today but not proper"",""question"":""When was the last cleaning done?""},{""answer"":""One-time"",""question"":""Is this a one-time request or recurring issue?""}]","{""causes"":[{""cause"":""Accumulation of pigeon droppings, feathers, and dust on the exterior of the window."",""severity"":""high"",""solution"":""Thorough cleaning of the window exterior, including removal of pigeon droppings, feathers, and dust. This may require specialized cleaning agents and tools."",""probability"":0.9,""estimatedCost"":""INR 500 - 1500"",""requiredParts"":[{""name"":""Cleaning solution (disinfectant, degreaser)"",""estimatedPrice"":""INR 100 - 300""},{""name"":""Scrub brushes/sponges"",""estimatedPrice"":""INR 50 - 150""},{""name"":""Gloves and safety goggles"",""estimatedPrice"":""INR 50 - 100""},{""name"":""Bucket"",""estimatedPrice"":""INR 100 - 200""},{""name"":""Ladder (if necessary)"",""estimatedPrice"":""N/A (already available or rented)""}]},{""cause"":""Lack of regular exterior window cleaning."",""severity"":""medium"",""solution"":""Implement a schedule for regular exterior window cleaning to prevent future accumulation."",""probability"":0.1,""estimatedCost"":""INR 300 - 800 (per cleaning session)"",""requiredParts"":[]}],""summary"":""The primary issue is severe accumulation of pigeon droppings, feathers, and dust on the exterior of the window, preventing it from being opened and causing poor ventilation. This is a one-time cleaning request."",""urgency"":""critical"",""recommendedAction"":""Immediately arrange for professional cleaning of the window exterior to remove all debris and allow for safe opening and proper ventilation. Consider implementing a regular exterior cleaning schedule to prevent recurrence.""}",null,completed,2026-05-07 07:15:41.624911+00,2026-05-07 07:15:44.258+00
c09c7b82-5034-4530-be29-94157f249e62,ef8c3a1d-43af-4961-8357-cf070d80c051,00000000-0000-0000-0000-000000000001,bd081ad6-5fe3-4c1d-a919-81b1055efa19,7917cc13-aaca-4558-a2c2-8be5cd8fc159,"[{""answer"":""Yes, connected but no internet"",""question"":""Is the WiFi signal showing on your device?""},{""answer"":""No, only me"",""question"":""Are other people in the same area also affected?""},{""answer"":""All lights are green"",""question"":""Is the router light on?""},{""answer"":""Yes, still not working"",""question"":""Have you tried restarting your device?""}]","{""causes"":[{""cause"":""IP conflict or incorrect network settings on your device."",""severity"":""medium"",""solution"":""Renew your device's IP address or manually configure network settings. (अपने डिवाइस का आईपी पता नवीनीकृत करें या नेटवर्क सेटिंग्स को मैन्युअल रूप से कॉन्फ़िगर करें।)"",""probability"":0.6,""estimatedCost"":""₹0""},{""cause"":""Faulty Wi-Fi adapter on your device."",""severity"":""medium"",""solution"":""Try connecting with another device to confirm. If other devices work, consider replacing or repairing your device's Wi-Fi adapter. (पुष्टि करने के लिए किसी अन्य डिवाइस से कनेक्ट करने का प्रयास करें। यदि अन्य डिवाइस काम करते हैं, तो अपने डिवाइस के वाई-फाई एडाप्टर को बदलने या सुधारने पर विचार करें।)"",""probability"":0.2,""estimatedCost"":""₹500 - ₹2000"",""requiredParts"":[{""name"":""USB Wi-Fi Adapter (USB वाई-फाई एडाप्टर)"",""estimatedPrice"":""₹300 - ₹1000""}]},{""cause"":""Software glitch or driver issue on your device."",""severity"":""low"",""solution"":""Update your device's Wi-Fi drivers or perform a system restore. (अपने डिवाइस के वाई-फाई ड्राइवरों को अपडेट करें या सिस्टम रीस्टोर करें।)"",""probability"":0.15,""estimatedCost"":""₹0""},{""cause"":""Router configuration issue (unlikely given other users are not affected)."",""severity"":""low"",""solution"":""Access router settings and check for any restrictions or incorrect configurations related to your device's MAC address. (राउटर सेटिंग्स तक पहुंचें और अपने डिवाइस के मैक पते से संबंधित किसी भी प्रतिबंध या गलत कॉन्फ़िगरेशन की जांच करें।)"",""probability"":0.05,""estimatedCost"":""₹0""}],""summary"":""The Wi-Fi is connected but there is no internet access on your specific device, while other users in the same area are unaffected and the router lights are normal. This strongly suggests an issue with your device's network configuration or hardware."",""urgency"":""medium"",""recommendedAction"":""First, try renewing your device's IP address. If that doesn't work, test with another device to rule out a faulty Wi-Fi adapter. (सबसे पहले, अपने डिवाइस का आईपी पता नवीनीकृत करने का प्रयास करें। यदि वह काम नहीं करता है, तो दोषपूर्ण वाई-फाई एडाप्टर को बाहर करने के लिए किसी अन्य डिवाइस के साथ परीक्षण करें। )""}",null,completed,2026-05-07 11:06:56.303932+00,2026-05-07 11:06:54.698+00
d256ed84-ccf9-4308-9c09-a658f2e451e5,563ac94b-7456-4248-8168-c966fdfc62e8,00000000-0000-0000-0000-000000000001,bd081ad6-5fe3-4c1d-a919-81b1055efa19,7917cc13-aaca-4558-a2c2-8be5cd8fc159,"[{""answer"":""No WiFi signal at all"",""question"":""Is the WiFi signal showing on your device?""},{""answer"":""No, only me"",""question"":""Are other people in the same area also affected?""},{""answer"":""All lights are green"",""question"":""Is the router light on?""},{""answer"":""Yes, still not working"",""question"":""Have you tried restarting your device?""}]","{""causes"":[{""cause"":""Faulty Router"",""severity"":""high"",""solution"":""Replace the router with a new one. Ensure the new router is compatible with your internet service provider."",""probability"":0.7,""estimatedCost"":""₹1,500 - ₹4,000"",""requiredParts"":[{""name"":""New C21 Router or compatible model"",""estimatedPrice"":""₹1,500 - ₹4,000""}]},{""cause"":""Damaged Fiber Optic Cable"",""severity"":""high"",""solution"":""Inspect the fiber optic cable connected to the router for any visible damage. If damaged, contact your internet service provider to replace it."",""probability"":0.2,""estimatedCost"":""₹500 - ₹1,500 (if not covered by ISP)"",""requiredParts"":[{""name"":""Fiber Optic Cable"",""estimatedPrice"":""₹300 - ₹800""}]},{""cause"":""Internet Service Provider (ISP) Issue"",""severity"":""high"",""solution"":""Contact your internet service provider to report the 'LOS' error and inquire about any outages in your area or issues with your specific connection."",""probability"":0.1,""estimatedCost"":""₹0 (if covered by ISP)"",""requiredParts"":[]}],""summary"":""The C21 router is showing a 'LOS' error, and there is no WiFi signal. All router lights are green, and restarting the device did not resolve the issue. Only your connection is affected."",""urgency"":""critical"",""recommendedAction"":""Given that the 'LOS' light is on and there's no WiFi signal, the most probable cause is a faulty router or a damaged fiber optic cable. Since other residents are not affected, it points to an issue specific to your setup. First, contact your internet service provider to rule out any network-wide issues or problems with your line. If they confirm no external issues, consider replacing the router. If the issue persists, a technician visit might be required to inspect the fiber optic cable and connection.""}",null,completed,2026-05-07 11:12:53.04811+00,2026-05-07 11:12:51.728+00
4cae7eb2-b5c0-4d85-8f1e-51b394b473cd,fb3b774d-c4e5-489d-8094-e94fab7628a7,00000000-0000-0000-0000-000000000001,bd081ad6-5fe3-4c1d-a919-81b1055efa19,a5831922-eaeb-48c2-941c-fd96fae8813d,"[{""answer"":""Yes"",""question"":""Is the AC turning on when you press the power button?""},{""answer"":""Yes, but warm air"",""question"":""Is air coming out from the AC vents?""},{""answer"":""Within last month"",""question"":""When was the AC filter last cleaned?""},{""answer"":""Yes"",""question"":""Is there any water leaking from the AC?""},{""answer"":""Yes"",""question"":""Is the remote control working properly?""}]","{""causes"":[{""cause"":""Refrigerant Leak"",""severity"":""high"",""solution"":""Detect and repair the refrigerant leak, then recharge the AC system with refrigerant."",""probability"":0.6,""estimatedCost"":""₹2000 - ₹5000"",""requiredParts"":[{""name"":""Refrigerant"",""estimatedPrice"":""₹800 - ₹2000""},{""name"":""Leak Sealant (optional)"",""estimatedPrice"":""₹500 - ₹1000""}]},{""cause"":""Condensate Drain Line Clog"",""severity"":""medium"",""solution"":""Clear the clog in the condensate drain line. This often involves flushing the line with a cleaning solution or using a wet/dry vacuum."",""probability"":0.25,""estimatedCost"":""₹500 - ₹1500"",""requiredParts"":[{""name"":""AC Drain Line Cleaner"",""estimatedPrice"":""₹200 - ₹500""}]},{""cause"":""Faulty Condenser Fan Motor"",""severity"":""high"",""solution"":""Replace the faulty condenser fan motor. This component is crucial for dissipating heat from the refrigerant."",""probability"":0.1,""estimatedCost"":""₹3000 - ₹7000"",""requiredParts"":[{""name"":""Condenser Fan Motor"",""estimatedPrice"":""₹2000 - ₹5000""}]},{""cause"":""Evaporator Coil Issues (e.g., frozen coil)"",""severity"":""medium"",""solution"":""Thaw the evaporator coil and identify the underlying cause, which could be low refrigerant, poor airflow, or a faulty thermostat. Address the root cause."",""probability"":0.05,""estimatedCost"":""₹1000 - ₹3000""}],""summary"":""The AC is turning on and blowing warm air, with water leakage, indicating a problem with the cooling system. The most probable cause is a refrigerant leak, followed by a clogged condensate drain line."",""urgency"":""critical"",""recommendedAction"":""Immediately arrange for a qualified AC technician to inspect the unit. Prioritize checking for refrigerant leaks and addressing the water leakage to prevent further damage. Avoid running the AC until it's repaired to prevent potential compressor damage.""}",null,completed,2026-05-08 04:56:06.562431+00,2026-05-08 04:56:05.98+00
884ec766-9e80-4ff7-afbe-fa11bfedad36,d0bf3299-2a22-4fa7-afd0-0b9ffc93ad76,00000000-0000-0000-0000-000000000001,bd081ad6-5fe3-4c1d-a919-81b1055efa19,a5831922-eaeb-48c2-941c-fd96fae8813d,"[{""answer"":""Yes"",""question"":""Is the AC turning on when you press the power button?""},{""answer"":""Yes, but very weak"",""question"":""Is air coming out from the AC vents?""},{""answer"":""Within last month"",""question"":""When was the AC filter last cleaned?""},{""answer"":""No"",""question"":""Is there any water leaking from the AC?""},{""answer"":""Yes"",""question"":""Is the remote control working properly?""}]","{""causes"":[{""cause"":""Low refrigerant levels due to a leak"",""severity"":""high"",""solution"":""Detect and repair refrigerant leak, then recharge refrigerant."",""probability"":0.6,""estimatedCost"":""₹2000 - ₹5000"",""requiredParts"":[{""name"":""Refrigerant"",""estimatedPrice"":""₹1000 - ₹2500""},{""name"":""Leak sealant/repair kit"",""estimatedPrice"":""₹500 - ₹1500""}]},{""cause"":""Faulty AC compressor"",""severity"":""high"",""solution"":""Replace the AC compressor."",""probability"":0.2,""estimatedCost"":""₹8000 - ₹15000"",""requiredParts"":[{""name"":""AC Compressor"",""estimatedPrice"":""₹6000 - ₹12000""}]},{""cause"":""Clogged condenser coils"",""severity"":""medium"",""solution"":""Clean the condenser coils thoroughly."",""probability"":0.15,""estimatedCost"":""₹500 - ₹1500""},{""cause"":""Malfunctioning blower motor"",""severity"":""medium"",""solution"":""Repair or replace the blower motor."",""probability"":0.05,""estimatedCost"":""₹2000 - ₹6000"",""requiredParts"":[{""name"":""Blower motor"",""estimatedPrice"":""₹1500 - ₹4000""}]}],""summary"":""The AC is turning on and air is coming out, but it's very weak, indicating a problem with the cooling efficiency or airflow. Given the information, the most probable cause is low refrigerant levels, followed by a faulty compressor or clogged condenser coils. A malfunctioning blower motor is less likely but still possible."",""urgency"":""critical"",""recommendedAction"":""Immediately arrange for an AC technician to inspect the unit. Prioritize checking refrigerant levels and for any leaks. Given the high temperatures and the duration of the issue, this needs urgent attention.""}",null,completed,2026-05-08 06:57:30.194959+00,2026-05-08 06:57:29.876+00
c45bf7b6-b2c7-41cc-9178-c4d5b3220680,469fe91b-3816-4adf-b5c6-7ba012838bc2,00000000-0000-0000-0000-000000000001,bd081ad6-5fe3-4c1d-a919-81b1055efa19,a5831922-eaeb-48c2-941c-fd96fae8813d,"[{""answer"":""Yes"",""question"":""Is the AC turning on when you press the power button?""},{""answer"":""Yes, but warm air"",""question"":""Is air coming out from the AC vents?""},{""answer"":""Within last month"",""question"":""When was the AC filter last cleaned?""},{""answer"":""No"",""question"":""Is there any water leaking from the AC?""},{""answer"":""Yes"",""question"":""Is the remote control working properly?""}]","{""causes"":[{""cause"":""Low refrigerant level due to a leak"",""severity"":""high"",""solution"":""Detect and repair refrigerant leak, then recharge refrigerant."",""probability"":0.6,""estimatedCost"":""₹2000-₹4000"",""requiredParts"":[{""name"":""Refrigerant"",""estimatedPrice"":""₹1000-₹2000""},{""name"":""Leak sealant (if applicable)"",""estimatedPrice"":""₹500-₹1000""}]},{""cause"":""Faulty AC compressor"",""severity"":""high"",""solution"":""Replace the AC compressor."",""probability"":0.2,""estimatedCost"":""₹8000-₹15000"",""requiredParts"":[{""name"":""AC Compressor"",""estimatedPrice"":""₹6000-₹12000""}]},{""cause"":""Malfunctioning thermostat or sensor"",""severity"":""medium"",""solution"":""Diagnose and replace the faulty thermostat or sensor."",""probability"":0.15,""estimatedCost"":""₹1000-₹3000"",""requiredParts"":[{""name"":""Thermostat/Sensor"",""estimatedPrice"":""₹500-₹2000""}]},{""cause"":""Clogged condenser coils"",""severity"":""medium"",""solution"":""Clean the condenser coils thoroughly."",""probability"":0.05,""estimatedCost"":""₹500-₹1500"",""requiredParts"":[]}],""summary"":""The AC is turning on and blowing warm air, and it's shutting off every 15-20 minutes. This indicates a problem with the cooling system, likely related to refrigerant or major components."",""urgency"":""critical"",""recommendedAction"":""Immediately arrange for a qualified AC technician to inspect the unit, diagnose the exact cause, and perform the necessary repairs. Given the recurring nature of the problem and the inconvenience, prioritize a permanent solution.""}",null,completed,2026-05-08 06:59:56.463846+00,2026-05-08 06:59:56.088+00
74aaa017-e656-443c-81fe-3238d1689ce1,a9ad55bd-fdac-45ed-a18c-868bf93c9793,00000000-0000-0000-0000-000000000001,bd081ad6-5fe3-4c1d-a919-81b1055efa19,a5831922-eaeb-48c2-941c-fd96fae8813d,"[{""answer"":""Yes"",""question"":""Is the AC turning on when you press the power button?""},{""answer"":""Yes, but very weak"",""question"":""Is air coming out from the AC vents?""},{""answer"":""Within last month"",""question"":""When was the AC filter last cleaned?""},{""answer"":""No"",""question"":""Is there any water leaking from the AC?""},{""answer"":""Yes"",""question"":""Is the remote control working properly?""}]","{""causes"":[{""cause"":""Low refrigerant levels"",""severity"":""high"",""solution"":""Check for refrigerant leaks, repair if necessary, and recharge the refrigerant."",""probability"":0.6,""estimatedCost"":""₹1500 - ₹3500"",""requiredParts"":[{""name"":""Refrigerant gas"",""estimatedPrice"":""₹800 - ₹2000""},{""name"":""Leak sealant (if leak found)"",""estimatedPrice"":""₹500 - ₹1000""}]},{""cause"":""Dirty condenser coils"",""severity"":""medium"",""solution"":""Clean the condenser coils thoroughly to improve heat exchange."",""probability"":0.2,""estimatedCost"":""₹500 - ₹1200"",""requiredParts"":[{""name"":""Coil cleaner spray"",""estimatedPrice"":""₹200 - ₹400""}]},{""cause"":""Faulty compressor"",""severity"":""high"",""solution"":""Inspect and replace the compressor if it's not functioning correctly."",""probability"":0.15,""estimatedCost"":""₹7000 - ₹15000"",""requiredParts"":[{""name"":""AC Compressor"",""estimatedPrice"":""₹6000 - ₹12000""}]},{""cause"":""Blower motor issue"",""severity"":""medium"",""solution"":""Check the blower motor for any obstructions or malfunctions and repair/replace as needed."",""probability"":0.05,""estimatedCost"":""₹1000 - ₹4000"",""requiredParts"":[{""name"":""Blower motor (if replacement needed)"",""estimatedPrice"":""₹800 - ₹3000""}]}],""summary"":""The AC is turning on and air is coming out, but it's very weak and not cooling the room effectively. This suggests a problem with the AC's ability to produce cold air or circulate it properly."",""urgency"":""high"",""recommendedAction"":""It is recommended to have a qualified AC technician inspect the unit as soon as possible to accurately diagnose the problem and perform the necessary repairs. Continuing to run the AC in this state could lead to further damage or increased energy consumption without effective cooling.""}",null,completed,2026-05-09 04:46:14.783823+00,2026-05-09 04:46:13.344+00
084aa7a5-c8fa-421a-958d-2ae4bee2110d,a50a8d0f-4ac8-43e0-87cb-ca92f4dffab0,00000000-0000-0000-0000-000000000001,bd081ad6-5fe3-4c1d-a919-81b1055efa19,a5831922-eaeb-48c2-941c-fd96fae8813d,"[{""answer"":""Yes"",""question"":""Is the AC turning on when you press the power button?""},{""answer"":""Yes, but very weak"",""question"":""Is air coming out from the AC vents?""},{""answer"":""Within last month"",""question"":""When was the AC filter last cleaned?""},{""answer"":""No"",""question"":""Is there any water leaking from the AC?""},{""answer"":""Yes"",""question"":""Is the remote control working properly?""}]","{""causes"":[{""cause"":""Low refrigerant levels"",""severity"":""high"",""solution"":""Check for refrigerant leaks, repair if found, and recharge the refrigerant to the appropriate level."",""probability"":0.6,""estimatedCost"":""₹2000 - ₹4000"",""requiredParts"":[{""name"":""Refrigerant"",""estimatedPrice"":""₹1000 - ₹2000""},{""name"":""Leak sealant (if leak found)"",""estimatedPrice"":""₹500 - ₹1000""}]},{""cause"":""Faulty compressor"",""severity"":""high"",""solution"":""Inspect the compressor for damage or malfunction. If faulty, replace the compressor unit."",""probability"":0.2,""estimatedCost"":""₹8000 - ₹15000"",""requiredParts"":[{""name"":""AC Compressor"",""estimatedPrice"":""₹6000 - ₹12000""}]},{""cause"":""Clogged condenser coils"",""severity"":""medium"",""solution"":""Clean the condenser coils thoroughly to remove dirt and debris, allowing for better heat exchange."",""probability"":0.15,""estimatedCost"":""₹500 - ₹1000"",""requiredParts"":[]},{""cause"":""Malfunctioning thermostat/sensor"",""severity"":""medium"",""solution"":""Test the thermostat and temperature sensors for accurate readings. Replace if found to be faulty."",""probability"":0.05,""estimatedCost"":""₹1000 - ₹2500"",""requiredParts"":[{""name"":""AC Thermostat/Sensor"",""estimatedPrice"":""₹700 - ₹2000""}]}],""summary"":""The AC in Room B44 is not cooling despite being set to 16 degrees Celsius, and the airflow is weak. This indicates a problem with the cooling system's ability to produce and distribute cold air."",""urgency"":""critical"",""recommendedAction"":""Immediately arrange for an AC technician to inspect the unit. Prioritize checking refrigerant levels and the compressor, as these are the most probable causes for no cooling and weak airflow. Given the high temperatures, this issue needs urgent attention to ensure resident comfort.""}",null,completed,2026-05-09 09:02:22.904171+00,2026-05-09 09:02:21.905+00
e9cb4564-b984-4637-8827-63c6694284cb,ff484b1a-5e85-4d57-8f3d-8e514b8f76ac,00000000-0000-0000-0000-000000000001,8c42685b-f2df-4dec-96bd-0e77b715e33e,abc84f5b-a950-406e-ab46-cefbe11df925,"[{""answer"":""Floor / sweeping"",""question"":""What needs cleaning?""},{""answer"":""Today but not proper"",""question"":""When was the last cleaning done?""},{""answer"":""One-time"",""question"":""Is this a one-time request or recurring issue?""}]","{""causes"":[{""cause"":""Improper cleaning of the living room, specifically not addressing the source of the bad smell (cooking leftovers and sweaty clothes)."",""severity"":""high"",""solution"":""Thoroughly clean the living room, including sweeping, mopping with a disinfectant cleaner, and properly disposing of any food waste and dirty laundry. Ensure proper ventilation during and after cleaning."",""probability"":0.8,""estimatedCost"":""INR 200 - 400 (for cleaning supplies if not already available, or professional cleaning service for a one-time deep clean)""},{""cause"":""Presence of cooking leftovers in the living space."",""severity"":""high"",""solution"":""Immediately remove all cooking leftovers from the living room and dispose of them properly in a sealed bin. Clean any surfaces where food was present."",""probability"":0.9,""estimatedCost"":""INR 0""},{""cause"":""Presence of sweaty clothes in the living space."",""severity"":""high"",""solution"":""Immediately remove all sweaty clothes from the living room and place them in a laundry hamper or wash them. Ensure proper ventilation in the area where clothes were kept."",""probability"":0.9,""estimatedCost"":""INR 0""},{""cause"":""Lack of proper ventilation in the living room."",""severity"":""medium"",""solution"":""Open windows and doors to allow fresh air to circulate. Consider using a fan or air freshener to help dissipate lingering odors after cleaning."",""probability"":0.6,""estimatedCost"":""INR 0 - 500 (for air freshener if desired)""}],""summary"":""The living room is stinking due to improper cleaning, specifically the presence of cooking leftovers and sweaty clothes. Although cleaning was done today, it was not thorough enough to address the root causes of the bad smell."",""urgency"":""high"",""recommendedAction"":""Immediately remove all sources of the bad smell (leftovers and sweaty clothes) and perform a thorough deep cleaning of the living room, ensuring proper ventilation. Educate residents on proper waste disposal and laundry practices to prevent recurrence.""}",null,completed,2026-05-11 04:42:25.272679+00,2026-05-11 04:42:28.737+00
599906fc-b92f-4a3c-8234-1f0dfcc652aa,107a789d-01e3-48fc-a5fa-f82cba3dfbf8,00000000-0000-0000-0000-000000000001,8c42685b-f2df-4dec-96bd-0e77b715e33e,abc84f5b-a950-406e-ab46-cefbe11df925,"[{""answer"":""Floor / sweeping"",""question"":""What needs cleaning?""},{""answer"":""Today but not proper"",""question"":""When was the last cleaning done?""},{""answer"":""One-time"",""question"":""Is this a one-time request or recurring issue?""}]","{""causes"":[{""cause"":""Termite infestation in the ceiling."",""severity"":""high"",""solution"":""Pest control treatment for termites. This will involve identifying the source of the infestation and applying appropriate termiticides. Post-treatment, the ceiling might need minor repairs or repainting depending on the extent of damage."",""probability"":0.9,""estimatedCost"":""₹1,500 - ₹4,000"",""requiredParts"":[{""name"":""Termiticide"",""estimatedPrice"":""Included in service""},{""name"":""Pest control service"",""estimatedPrice"":""₹1,500 - ₹4,000""}]},{""cause"":""Accumulation of dirt and dust due to incomplete cleaning."",""severity"":""medium"",""solution"":""Thorough deep cleaning of the room, including sweeping, mopping, dusting all surfaces, and cleaning under furniture. Special attention should be given to the ceiling area after termite treatment to remove any remaining dirt particles."",""probability"":0.8,""estimatedCost"":""₹500 - ₹1,200"",""requiredParts"":[{""name"":""Cleaning supplies (disinfectants, mops, brooms, dusters)"",""estimatedPrice"":""₹200 - ₹500""},{""name"":""Professional deep cleaning service (optional)"",""estimatedPrice"":""₹300 - ₹700""}]}],""summary"":""The primary issue is a termite infestation in the ceiling, leading to dirt particles falling onto the bed. This is compounded by a general lack of thorough cleaning, despite a recent attempt. The termite issue needs immediate attention to prevent further damage and health hazards."",""urgency"":""critical"",""recommendedAction"":""Immediately arrange for a professional pest control service to address the termite infestation. Following the termite treatment, a comprehensive deep cleaning of the room is required to remove all dirt and debris. It is also recommended to inspect other rooms for potential termite activity.""}",null,completed,2026-05-11 05:04:14.584673+00,2026-05-11 05:04:18.025+00
c897efea-c6c3-476e-86d0-d67ba73ff143,d1a9b329-dee6-4993-be04-11fe8c8aca0f,00000000-0000-0000-0000-000000000001,8c42685b-f2df-4dec-96bd-0e77b715e33e,abc84f5b-a950-406e-ab46-cefbe11df925,"[{""answer"":""Floor / sweeping"",""question"":""What needs cleaning?""},{""answer"":""Today but not proper"",""question"":""When was the last cleaning done?""},{""answer"":""One-time"",""question"":""Is this a one-time request or recurring issue?""}]","{""causes"":[{""cause"":""Termite infestation due to moisture and cellulose material in the wall."",""severity"":""high"",""solution"":""Professional pest control treatment for termites. This involves drilling and injecting termiticide into the affected areas and creating a chemical barrier."",""probability"":0.8,""estimatedCost"":""₹3,000 - ₹8,000"",""requiredParts"":[{""name"":""Termiticide"",""estimatedPrice"":""Included in service""},{""name"":""Drilling equipment"",""estimatedPrice"":""Included in service""}]},{""cause"":""Poor sanitation and accumulation of dirt/debris in the corner, attracting termites."",""severity"":""medium"",""solution"":""Thorough cleaning of the affected area, including removal of all debris and regular sweeping/mopping. Ensure proper ventilation to reduce moisture."",""probability"":0.15,""estimatedCost"":""₹200 - ₹500 (for cleaning supplies)"",""requiredParts"":[{""name"":""Broom/Brush"",""estimatedPrice"":""₹100 - ₹200""},{""name"":""Mop"",""estimatedPrice"":""₹150 - ₹300""},{""name"":""Disinfectant/Cleaning solution"",""estimatedPrice"":""₹100 - ₹250""}]},{""cause"":""Structural issues like cracks in the wall allowing termite entry."",""severity"":""high"",""solution"":""Inspection by a civil engineer or contractor to identify and seal any cracks or openings in the wall. This may require plastering or minor masonry work."",""probability"":0.05,""estimatedCost"":""₹1,000 - ₹5,000 (depending on extent of damage)"",""requiredParts"":[{""name"":""Cement/Plaster"",""estimatedPrice"":""₹200 - ₹500""},{""name"":""Trowel/Spatula"",""estimatedPrice"":""₹100 - ₹200""}]}],""summary"":""The primary issue is a termite infestation in the corner of the wall. While poor cleaning might be a contributing factor, the presence of termites indicates a more significant problem that requires professional intervention."",""urgency"":""critical"",""recommendedAction"":""Immediately contact a professional pest control service for termite treatment. Concurrently, ensure thorough cleaning of the affected area and inspect for any structural damage that might be facilitating termite entry.""}",null,completed,2026-05-11 05:05:46.309804+00,2026-05-11 05:05:49.767+00
a2dbe256-31b7-449c-83f5-c63f996c636b,dda32688-cb21-4683-b49b-1b75f6b72771,00000000-0000-0000-0000-000000000001,bd081ad6-5fe3-4c1d-a919-81b1055efa19,28158382-d5c1-436c-927b-3e3d9855c2af,"[{""answer"":""Entire room"",""question"":""Is the power out in the entire room or just some outlets?""},{""answer"":""Yes, it's on"",""question"":""Have you checked the MCB / circuit breaker?""},{""answer"":""Yes, others have power"",""question"":""Is there power in the common areas or other rooms?""},{""answer"":""Happened suddenly"",""question"":""Did this happen suddenly or after plugging something in?""}]","{""causes"":[{""cause"":""Faulty light fixture or bulb"",""severity"":""medium"",""solution"":""Replace the light bulb. If the issue persists, the fixture might need replacement."",""probability"":0.6,""estimatedCost"":""₹100 - ₹500 (for bulb), ₹500 - ₹2000 (for fixture)"",""requiredParts"":[{""name"":""LED Bulb"",""estimatedPrice"":""₹100 - ₹300""},{""name"":""Light Fixture"",""estimatedPrice"":""₹500 - ₹1500""}]},{""cause"":""Loose wiring connection in the light fixture or switch"",""severity"":""medium"",""solution"":""Inspect and tighten all wiring connections in the light fixture and the switch. This should be done by a qualified electrician."",""probability"":0.3,""estimatedCost"":""₹300 - ₹800 (electrician visit)"",""requiredParts"":[]},{""cause"":""Faulty light switch"",""severity"":""low"",""solution"":""Replace the light switch."",""probability"":0.1,""estimatedCost"":""₹200 - ₹500 (for switch and labor)"",""requiredParts"":[{""name"":""Light Switch"",""estimatedPrice"":""₹100 - ₹300""}]}],""summary"":""The common area light is not working, despite the MCB being on and other areas having power. This suggests a localized issue with the light circuit."",""urgency"":""medium"",""recommendedAction"":""First, try replacing the light bulb. If that doesn't resolve the issue, an electrician should inspect the light fixture and switch for loose connections or faults.""}",null,completed,2026-05-11 06:30:08.003356+00,2026-05-11 06:30:06.628+00
3df5fcf7-a183-46c7-b633-f2de26233b94,5eb5b237-34c0-4960-904f-f1aa99aa5a5c,00000000-0000-0000-0000-000000000001,bd081ad6-5fe3-4c1d-a919-81b1055efa19,abc84f5b-a950-406e-ab46-cefbe11df925,"[{""answer"":""Floor / sweeping"",""question"":""What needs cleaning?""},{""answer"":""Yesterday"",""question"":""When was the last cleaning done?""},{""answer"":""One-time"",""question"":""Is this a one-time request or recurring issue?""}]","{""causes"":[{""cause"":""Termite infestation from a nearby source (e.g., wooden furniture, structural elements, or external environment)."",""severity"":""high"",""solution"":""Professional pest control treatment for termites. This will involve inspection, targeted chemical treatments, and possibly bait systems."",""probability"":0.7,""estimatedCost"":""₹2,000 - ₹8,000"",""requiredParts"":[{""name"":""Termiticide chemicals"",""estimatedPrice"":""Included in service""},{""name"":""Bait stations (if needed)"",""estimatedPrice"":""Included in service""}]},{""cause"":""Presence of moisture attracting termites."",""severity"":""medium"",""solution"":""Identify and fix any water leaks or damp areas in the room or adjacent structures. Improve ventilation."",""probability"":0.2,""estimatedCost"":""₹500 - ₹2,000 (depending on the source of moisture)"",""requiredParts"":[{""name"":""Sealants/Waterproofing materials"",""estimatedPrice"":""₹200 - ₹500""},{""name"":""Ventilation improvements (e.g., small fan)"",""estimatedPrice"":""₹300 - ₹1,500""}]},{""cause"":""Infested wooden items brought into the room recently."",""severity"":""medium"",""solution"":""Inspect all wooden furniture and items in the room for signs of termite damage. Remove or treat infested items."",""probability"":0.1,""estimatedCost"":""₹0 - ₹1,000 (if minor treatment is possible, otherwise replacement cost)"",""requiredParts"":[{""name"":""Wood treatment spray (DIY)"",""estimatedPrice"":""₹300 - ₹700""}]}],""summary"":""Severe termite infestation in the room, requiring immediate professional intervention to prevent further damage and ensure hygiene. The presence of termites on the floor indicates an active and potentially widespread issue."",""urgency"":""critical"",""recommendedAction"":""Immediately contact a professional pest control service for a thorough inspection and treatment. In the meantime, clean the visible termites and ensure no food sources are left exposed. Avoid disturbing the termite trails too much before professional assessment as it can make treatment harder.""}",null,completed,2026-05-12 04:38:05.24191+00,2026-05-12 04:38:04.028+00
22a3acbc-9c00-4145-861d-4451f583cbd9,a20d3286-8cc7-4f31-84b3-1cb544e2756a,00000000-0000-0000-0000-000000000001,bd081ad6-5fe3-4c1d-a919-81b1055efa19,28158382-d5c1-436c-927b-3e3d9855c2af,"[{""answer"":""Entire room"",""question"":""Is the power out in the entire room or just some outlets?""},{""answer"":""Yes, it's on"",""question"":""Have you checked the MCB / circuit breaker?""},{""answer"":""Yes, others have power"",""question"":""Is there power in the common areas or other rooms?""},{""answer"":""Happened suddenly"",""question"":""Did this happen suddenly or after plugging something in?""}]","{""causes"":[{""cause"":""Loose wiring or faulty connection in the room's electrical circuit."",""severity"":""high"",""solution"":""Inspect and tighten all electrical connections in the room, starting from the switchboard to the tubelight fixture. This may require an electrician."",""probability"":0.4,""estimatedCost"":""₹200 - ₹500 (Electrician visit if needed)""},{""cause"":""Faulty main switch or fuse for the room."",""severity"":""high"",""solution"":""Check the main switch and fuse for the affected room. If the fuse is blown, replace it with a new one of the same rating. If the switch is faulty, it will need replacement."",""probability"":0.3,""estimatedCost"":""₹50 - ₹200 (for fuse replacement), ₹300 - ₹800 (for switch replacement and electrician visit)""},{""cause"":""Damaged electrical wiring within the walls or ceiling."",""severity"":""high"",""solution"":""This is a more complex issue and will require a qualified electrician to diagnose and repair. It might involve tracing the wiring and repairing or replacing damaged sections."",""probability"":0.2,""estimatedCost"":""₹500 - ₹2000+ (depending on the extent of damage and repair work)""},{""cause"":""Issue with the main power supply to the room from the distribution board."",""severity"":""high"",""solution"":""An electrician will need to check the connections at the main distribution board to ensure proper power supply to the room's circuit."",""probability"":0.1,""estimatedCost"":""₹300 - ₹700 (Electrician visit)""}],""summary"":""The entire room has no power, but the MCB is on and other rooms have power. This indicates a localized electrical issue within the affected room's circuit."",""urgency"":""critical"",""recommendedAction"":""Immediately contact a qualified electrician to diagnose and fix the electrical issue. Do not attempt to repair complex electrical problems yourself if you are not trained, as it can be dangerous.""}",null,completed,2026-05-12 04:41:25.4101+00,2026-05-12 04:41:24.351+00
fbf0f569-6721-4c23-9765-3ea3a7518ad2,b6942741-3835-40eb-9c00-66dd29bc7170,00000000-0000-0000-0000-000000000001,bd081ad6-5fe3-4c1d-a919-81b1055efa19,28158382-d5c1-436c-927b-3e3d9855c2af,"[{""answer"":""Entire room"",""question"":""Is the power out in the entire room or just some outlets?""},{""answer"":""Yes, it's on"",""question"":""Have you checked the MCB / circuit breaker?""},{""answer"":""Yes, others have power"",""question"":""Is there power in the common areas or other rooms?""},{""answer"":""Happened suddenly"",""question"":""Did this happen suddenly or after plugging something in?""}]","{""causes"":[{""cause"":""Loose wiring connection in the tube light fixture or switch."",""severity"":""medium"",""solution"":""Inspect and tighten all wiring connections in the tube light fixture and the switch. This may require opening the fixture and switchboard."",""probability"":0.4,""estimatedCost"":""₹100 - ₹250 (for electrician visit if needed)""},{""cause"":""Faulty tube light starter (if applicable)."",""severity"":""low"",""solution"":""Replace the tube light starter. This is a small, cylindrical component usually found near the tube light."",""probability"":0.3,""estimatedCost"":""₹50 - ₹100"",""requiredParts"":[{""name"":""Tube light starter"",""estimatedPrice"":""₹30 - ₹70""}]},{""cause"":""Damaged tube light rod."",""severity"":""low"",""solution"":""Replace the tube light rod with a new one."",""probability"":0.2,""estimatedCost"":""₹150 - ₹300"",""requiredParts"":[{""name"":""Tube light rod (LED or Fluorescent)"",""estimatedPrice"":""₹100 - ₹250""}]},{""cause"":""Faulty tube light choke/ballast (if applicable)."",""severity"":""medium"",""solution"":""Replace the tube light choke/ballast. This is a heavier component usually found within the fixture."",""probability"":0.07,""estimatedCost"":""₹300 - ₹600"",""requiredParts"":[{""name"":""Tube light choke/ballast"",""estimatedPrice"":""₹250 - ₹500""}]},{""cause"":""Internal wiring fault in the room's electrical circuit."",""severity"":""high"",""solution"":""This requires a qualified electrician to diagnose and repair the internal wiring. It could involve tracing the circuit and identifying a break or short circuit."",""probability"":0.03,""estimatedCost"":""₹500 - ₹1500 (depending on complexity)""}],""summary"":""The tube light in the room is not working and was flickering before it stopped. The MCB is on, and other rooms have power, indicating the issue is localized to this room's lighting circuit."",""urgency"":""medium"",""recommendedAction"":""Start by checking and tightening connections, then replace the starter and tube light rod. If the issue persists, a qualified electrician should be called to inspect the choke/ballast or internal wiring.""}",null,completed,2026-05-12 04:43:19.988325+00,2026-05-12 04:43:18.926+00
0d7cb108-82e3-4eb8-abe3-d7d18e570a3a,e94fedc0-9209-4678-8a9d-4b3a6cd644f6,00000000-0000-0000-0000-000000000001,bd081ad6-5fe3-4c1d-a919-81b1055efa19,28158382-d5c1-436c-927b-3e3d9855c2af,"[{""answer"":""Entire room"",""question"":""Is the power out in the entire room or just some outlets?""},{""answer"":""Yes, it's on"",""question"":""Have you checked the MCB / circuit breaker?""},{""answer"":""Yes, others have power"",""question"":""Is there power in the common areas or other rooms?""},{""answer"":""Happened suddenly"",""question"":""Did this happen suddenly or after plugging something in?""}]","{""causes"":[{""cause"":""Loose wiring in the light fixture or switch"",""severity"":""medium"",""solution"":""Inspect and tighten all wiring connections in the light fixture and the light switch. This may require opening the switch plate and the light fixture."",""probability"":0.4,""estimatedCost"":""₹150 - ₹300 (for electrician visit if needed)"",""requiredParts"":[{""name"":""Electrical tape"",""estimatedPrice"":""₹50""}]},{""cause"":""Faulty light switch"",""severity"":""medium"",""solution"":""Replace the faulty light switch. This is a relatively simple task for someone with basic electrical knowledge."",""probability"":0.3,""estimatedCost"":""₹200 - ₹500 (for switch and electrician visit if needed)"",""requiredParts"":[{""name"":""Light switch"",""estimatedPrice"":""₹100 - ₹250""}]},{""cause"":""Burnt-out light bulb or tube light starter"",""severity"":""low"",""solution"":""Replace the light bulb or the tube light starter. This is the simplest solution and should be checked first."",""probability"":0.2,""estimatedCost"":""₹50 - ₹200 (for bulb/starter)"",""requiredParts"":[{""name"":""Light bulb/Tube light starter"",""estimatedPrice"":""₹50 - ₹200""}]},{""cause"":""Faulty wiring in the wall (less likely if it happened suddenly without any external factors)"",""severity"":""high"",""solution"":""This would require a professional electrician to diagnose and repair the faulty wiring within the wall. This could involve tracing the circuit and potentially opening up the wall."",""probability"":0.1,""estimatedCost"":""₹500 - ₹2000+ (depending on the extent of the damage)"",""requiredParts"":[{""name"":""Electrical wire"",""estimatedPrice"":""₹100 - ₹300""}]}],""summary"":""The bathroom light is not working, but the MCB is on and other rooms have power. The issue appeared suddenly."",""urgency"":""medium"",""recommendedAction"":""Start by checking and replacing the light bulb/tube light starter. If that doesn't resolve the issue, inspect the wiring in the light fixture and switch. If the problem persists, consider replacing the light switch. For any complex wiring issues, it is recommended to call a qualified electrician.""}",null,completed,2026-05-12 04:44:41.814202+00,2026-05-12 04:44:40.755+00
4b4d0e66-d73c-402e-a064-fe6e02bcd9aa,da7414fa-6c44-4570-ab9e-7a4d39ccda5d,00000000-0000-0000-0000-000000000001,bd081ad6-5fe3-4c1d-a919-81b1055efa19,01208ba1-4225-4a61-be39-3afe03dad690,"[{""answer"":""Yesterday"",""question"":""When did you first notice this issue?""},{""answer"":""Minor — can manage"",""question"":""How severe is the issue?""},{""answer"":""First time"",""question"":""Has this issue happened before?""},{""answer"":""Nothing, happened on its own"",""question"":""Did anything specific trigger this issue?""},{""answer"":""Only my room"",""question"":""Is the issue affecting other rooms or just yours?""}]","{""causes"":[{""cause"":""Clogged filters (sediment, carbon, RO membrane)"",""severity"":""medium"",""solution"":""Replace all filters (sediment, carbon, RO membrane)."",""probability"":0.4,""estimatedCost"":""₹1500 - ₹3000"",""requiredParts"":[{""name"":""Sediment filter"",""estimatedPrice"":""₹300 - ₹500""},{""name"":""Carbon filter"",""estimatedPrice"":""₹400 - ₹700""},{""name"":""RO membrane"",""estimatedPrice"":""₹800 - ₹1800""}]},{""cause"":""Malfunctioning booster pump"",""severity"":""high"",""solution"":""Inspect and repair/replace the booster pump."",""probability"":0.25,""estimatedCost"":""₹1000 - ₹2500"",""requiredParts"":[{""name"":""Booster pump"",""estimatedPrice"":""₹800 - ₹2000""}]},{""cause"":""Faulty shut-off valve or float valve"",""severity"":""medium"",""solution"":""Inspect and replace the faulty valve."",""probability"":0.15,""estimatedCost"":""₹300 - ₹800"",""requiredParts"":[{""name"":""Shut-off valve/Float valve"",""estimatedPrice"":""₹200 - ₹700""}]},{""cause"":""Low water pressure from the main supply"",""severity"":""low"",""solution"":""Check the main water supply pressure. If consistently low, a pressure-boosting pump might be needed for the building."",""probability"":0.1,""estimatedCost"":""₹0 (if external issue) - ₹5000 (for building-level pump)"",""requiredParts"":[]},{""cause"":""Electrical issue (power supply to the purifier)"",""severity"":""medium"",""solution"":""Check power outlet, fuse, and internal wiring of the purifier. Repair as needed."",""probability"":0.1,""estimatedCost"":""₹100 - ₹500"",""requiredParts"":[]}],""summary"":""The RO water purifier in B41 is not working, and the resident is currently buying water from outside. The issue started yesterday and is isolated to this room. The severity is minor, and it's the first time this issue has occurred."",""urgency"":""medium"",""recommendedAction"":""A technician should inspect the RO water purifier in B41 to diagnose the exact cause. Prioritize checking the filters and the booster pump. If filters are clogged, they should be replaced. If the booster pump is faulty, it needs repair or replacement. Also, check for any electrical issues or problems with the water supply pressure.""}",null,completed,2026-05-12 04:46:40.238066+00,2026-05-12 04:46:39.171+00
63ef902b-05c4-480e-971b-25d8651fcab7,33131087-1090-40d4-9806-6c96010d12a8,00000000-0000-0000-0000-000000000001,bd081ad6-5fe3-4c1d-a919-81b1055efa19,e2aa2aaa-8af6-4807-9a4e-7665c5421eed,"[{""answer"":""Today"",""question"":""When did you first notice this issue?""},{""answer"":""Minor — can manage"",""question"":""How severe is the issue?""},{""answer"":""First time"",""question"":""Has this issue happened before?""},{""answer"":""Nothing, happened on its own"",""question"":""Did anything specific trigger this issue?""},{""answer"":""Only my room"",""question"":""Is the issue affecting other rooms or just yours?""}]","{""causes"":[{""cause"":""Wear and tear/Aging of plywood"",""severity"":""medium"",""solution"":""Replace the broken plywood with a new sheet of similar thickness and quality. Ensure proper support for the new plywood."",""probability"":0.7,""estimatedCost"":""₹500 - ₹1200"",""requiredParts"":[{""name"":""Plywood sheet (4x3 feet, 12mm thickness)"",""estimatedPrice"":""₹400 - ₹1000""},{""name"":""Wood adhesive/nails/screws"",""estimatedPrice"":""₹100 - ₹200""}]},{""cause"":""Weakened support structure of the bed"",""severity"":""low"",""solution"":""Inspect the bed frame for any loose joints or weakened areas. Reinforce the frame with additional screws or brackets if necessary."",""probability"":0.2,""estimatedCost"":""₹200 - ₹500"",""requiredParts"":[{""name"":""Wood screws/L-brackets"",""estimatedPrice"":""₹100 - ₹300""},{""name"":""Wood glue"",""estimatedPrice"":""₹100 - ₹200""}]},{""cause"":""Excessive weight or localized stress on the plywood"",""severity"":""low"",""solution"":""Advise residents to avoid placing excessive weight on specific areas of the bed and to distribute weight evenly. Consider adding an extra support beam if the issue recurs."",""probability"":0.1,""estimatedCost"":""₹0 - ₹300"",""requiredParts"":[{""name"":""Wooden support beam (optional)"",""estimatedPrice"":""₹200 - ₹300""}]}],""summary"":""The bed plywood in your room is broken, likely due to wear and tear. While currently minor, it's best to address it to prevent further damage."",""urgency"":""medium"",""recommendedAction"":""Replace the broken plywood. Inspect the bed frame for any underlying issues and reinforce if needed. Advise residents on proper bed usage to prevent recurrence.""}",null,completed,2026-05-12 04:48:49.223202+00,2026-05-12 04:48:48.206+00
f9bf524c-89ab-441a-ae6b-951903c41598,b518acf6-04cd-4e30-90bb-ae78d57b50a0,00000000-0000-0000-0000-000000000001,bd081ad6-5fe3-4c1d-a919-81b1055efa19,28158382-d5c1-436c-927b-3e3d9855c2af,"[{""answer"":""Entire room"",""question"":""Is the power out in the entire room or just some outlets?""},{""answer"":""Yes, it's on"",""question"":""Have you checked the MCB / circuit breaker?""},{""answer"":""Yes, others have power"",""question"":""Is there power in the common areas or other rooms?""},{""answer"":""Happened suddenly"",""question"":""Did this happen suddenly or after plugging something in?""}]","{""causes"":[{""cause"":""Loose wiring or faulty connection in the light tube's circuit."",""severity"":""medium"",""solution"":""Inspect and tighten all wiring connections to the light tube and its holder. Replace any damaged wires."",""probability"":0.4,""estimatedCost"":""₹100 - ₹300"",""requiredParts"":[{""name"":""Electrical tape"",""estimatedPrice"":""₹30""},{""name"":""Wire connectors (if needed)"",""estimatedPrice"":""₹50""}]},{""cause"":""Faulty light tube starter or ballast."",""severity"":""medium"",""solution"":""Replace the starter and/or ballast. If the light tube is old, consider replacing the entire fixture."",""probability"":0.3,""estimatedCost"":""₹200 - ₹600"",""requiredParts"":[{""name"":""Light tube starter"",""estimatedPrice"":""₹50 - ₹100""},{""name"":""Light tube ballast"",""estimatedPrice"":""₹150 - ₹500""}]},{""cause"":""Damaged light tube holder/fixture."",""severity"":""medium"",""solution"":""Replace the damaged light tube holder or the entire fixture if it's beyond repair."",""probability"":0.2,""estimatedCost"":""₹150 - ₹500"",""requiredParts"":[{""name"":""Light tube holder"",""estimatedPrice"":""₹100 - ₹300""},{""name"":""New light tube fixture (if needed)"",""estimatedPrice"":""₹300 - ₹1000""}]},{""cause"":""Internal fault in the light tube itself."",""severity"":""low"",""solution"":""Replace the light tube with a new one."",""probability"":0.1,""estimatedCost"":""₹100 - ₹300"",""requiredParts"":[{""name"":""New light tube"",""estimatedPrice"":""₹100 - ₹300""}]}],""summary"":""The light tube in the entire room is not working and is hanging due to a missing holder. The MCB is on, and other rooms have power. The issue occurred suddenly."",""urgency"":""high"",""recommendedAction"":""Immediately address the hanging light tube to prevent it from falling and causing injury or further damage. Then, troubleshoot the electrical issue to restore lighting to the room.""}",null,completed,2026-05-12 04:50:54.696571+00,2026-05-12 04:50:53.67+00
5d3fa51f-c70e-482e-95da-aeceea0c3073,2c2c0970-fdfc-4d72-8cbb-8d434cb6233d,00000000-0000-0000-0000-000000000001,bd081ad6-5fe3-4c1d-a919-81b1055efa19,47389994-b201-4bb1-bf91-8bce4dbde510,"[{""answer"":""Today"",""question"":""When did you first notice this issue?""},{""answer"":""Minor — can manage"",""question"":""How severe is the issue?""},{""answer"":""First time"",""question"":""Has this issue happened before?""},{""answer"":""Nothing, happened on its own"",""question"":""Did anything specific trigger this issue?""},{""answer"":""Only my room"",""question"":""Is the issue affecting other rooms or just yours?""}]","{""causes"":[{""cause"":""No bird netting installed in the balcony."",""severity"":""medium"",""solution"":""Install bird netting in the balcony to prevent birds from entering the room."",""probability"":0.9,""estimatedCost"":""₹1,500 - ₹3,000"",""requiredParts"":[{""name"":""Bird netting"",""estimatedPrice"":""₹800 - ₹1,500""},{""name"":""Fasteners/Hooks"",""estimatedPrice"":""₹200 - ₹500""}]},{""cause"":""Improper drainage or absence of a downpipe for the balcony outlet."",""severity"":""high"",""solution"":""Install a downpipe to the existing balcony outlet to direct water away from the walls and prevent leakage."",""probability"":0.9,""estimatedCost"":""₹800 - ₹2,000"",""requiredParts"":[{""name"":""PVC pipe (2-3 meters)"",""estimatedPrice"":""₹300 - ₹700""},{""name"":""Elbow joints/Connectors"",""estimatedPrice"":""₹100 - ₹300""},{""name"":""Pipe clamps/brackets"",""estimatedPrice"":""₹100 - ₹200""},{""name"":""Sealant/Adhesive"",""estimatedPrice"":""₹100 - ₹200""}]},{""cause"":""Damaged or cracked balcony floor/wall leading to water seepage."",""severity"":""medium"",""solution"":""Inspect the balcony floor and walls for cracks and repair them using waterproof sealant or cement. This might be a contributing factor if the pipe installation doesn't fully resolve the leakage."",""probability"":0.1,""estimatedCost"":""₹500 - ₹1,500"",""requiredParts"":[{""name"":""Waterproof sealant/cement"",""estimatedPrice"":""₹200 - ₹500""}]}],""summary"":""The main issues are birds entering the room due to an open balcony and water leakage from the balcony outlet damaging walls. The bird entry is due to the lack of a net, and the water leakage is likely due to improper drainage from the balcony outlet."",""urgency"":""medium"",""recommendedAction"":""Install bird netting in the balcony and connect a downpipe to the balcony's water outlet to prevent further wall damage. A quick inspection for cracks in the balcony floor/walls is also recommended during the pipe installation.""}",null,completed,2026-05-12 04:56:12.718412+00,2026-05-12 04:56:11.324+00
7ed239bc-8650-4f27-9f25-f8b639094868,fc9e112d-5e63-4203-8b16-d7f1d68e10da,00000000-0000-0000-0000-000000000001,bd081ad6-5fe3-4c1d-a919-81b1055efa19,28158382-d5c1-436c-927b-3e3d9855c2af,"[{""answer"":""Not spinning at all"",""question"":""Is the fan not spinning at all or spinning slowly?""},{""answer"":""Yes, changing speed works"",""question"":""Does the fan regulator work?""},{""answer"":""Yes, it wobbles"",""question"":""Is the fan wobbling or shaking?""}]","{""causes"":[{""cause"":""Loose fan blades or mounting."",""severity"":""high"",""solution"":""Tighten all screws on the fan blades and the mounting bracket. Ensure the fan is securely attached to the ceiling."",""probability"":0.6,""estimatedCost"":""₹ 0 - ₹ 50"",""requiredParts"":[{""name"":""Screwdriver"",""estimatedPrice"":""₹ 0 (if available) - ₹ 150 (if purchased)""}]},{""cause"":""Bent fan rod or unbalanced blades."",""severity"":""high"",""solution"":""Carefully inspect the fan rod for any bends. If bent, it needs replacement. Check fan blades for any damage or warping. If blades are unbalanced, try to balance them using a fan balancing kit or replace damaged blades."",""probability"":0.3,""estimatedCost"":""₹ 200 - ₹ 800"",""requiredParts"":[{""name"":""Fan rod (if bent)"",""estimatedPrice"":""₹ 150 - ₹ 400""},{""name"":""Fan balancing kit (optional)"",""estimatedPrice"":""₹ 100 - ₹ 300""},{""name"":""Replacement fan blades (if damaged)"",""estimatedPrice"":""₹ 100 - ₹ 250 per blade""}]},{""cause"":""Motor issues (e.g., worn bearings, faulty winding)."",""severity"":""high"",""solution"":""If the above solutions don't work, the motor might be faulty. This usually requires professional repair or replacement of the fan."",""probability"":0.1,""estimatedCost"":""₹ 800 - ₹ 2500"",""requiredParts"":[{""name"":""Fan motor (if replaceable)"",""estimatedPrice"":""₹ 500 - ₹ 1500""},{""name"":""New ceiling fan (if motor not replaceable or repair is too costly)"",""estimatedPrice"":""₹ 1000 - ₹ 2500+""}]}],""summary"":""The fan is not spinning at all and is wobbling, despite the regulator working. This indicates a mechanical issue rather than an electrical supply problem to the regulator."",""urgency"":""high"",""recommendedAction"":""Immediately turn off the fan at the main switch to prevent further damage or safety hazards due to wobbling. Inspect the fan for loose parts and attempt to tighten them. If the issue persists, further investigation or professional help may be required.""}",null,completed,2026-05-12 04:59:20.074511+00,2026-05-12 04:59:19.013+00
4c61bf3d-a818-4061-beba-eb50d50ea056,5a4b0eb5-ffd2-4be2-aeea-8d02f0ac9d36,00000000-0000-0000-0000-000000000001,bd081ad6-5fe3-4c1d-a919-81b1055efa19,a25aca1b-211b-41d3-ab08-78bd2b9541e8,"[{""answer"":""Today"",""question"":""When did you first notice this issue?""},{""answer"":""Minor — can manage"",""question"":""How severe is the issue?""},{""answer"":""First time"",""question"":""Has this issue happened before?""},{""answer"":""Nothing, happened on its own"",""question"":""Did anything specific trigger this issue?""},{""answer"":""Only my room"",""question"":""Is the issue affecting other rooms or just yours?""}]","{""causes"":[{""cause"":""Existing shower head needs replacement."",""severity"":""low"",""solution"":""Install the new shower head."",""probability"":1,""estimatedCost"":""₹200 - ₹500 (Plumber visit charge)""}],""summary"":""The shower head in your room needs to be replaced. You have already purchased the new shower head, and a plumber is required for installation."",""urgency"":""low"",""recommendedAction"":""Schedule a plumber visit to install the new shower head.""}",null,completed,2026-05-12 07:09:20.151861+00,2026-05-12 07:09:19.068+00
5280fef2-156d-441b-b671-43bb4e87304c,cc8dabc0-557f-445d-9bf0-6297ded41835,00000000-0000-0000-0000-000000000001,bd081ad6-5fe3-4c1d-a919-81b1055efa19,28158382-d5c1-436c-927b-3e3d9855c2af,"[{""answer"":""Entire room"",""question"":""Is the power out in the entire room or just some outlets?""},{""answer"":""Yes, it's on"",""question"":""Have you checked the MCB / circuit breaker?""},{""answer"":""Yes, others have power"",""question"":""Is there power in the common areas or other rooms?""},{""answer"":""Happened suddenly"",""question"":""Did this happen suddenly or after plugging something in?""}]","{""causes"":[{""cause"":""Faulty light tube"",""severity"":""medium"",""solution"":""Replace the light tube."",""probability"":0.6,""estimatedCost"":""₹150 - ₹300"",""requiredParts"":[{""name"":""LED Tube Light (20W-22W)"",""estimatedPrice"":""₹150 - ₹300""}]},{""cause"":""Faulty starter (if applicable for old fluorescent tubes)"",""severity"":""low"",""solution"":""Replace the starter."",""probability"":0.1,""estimatedCost"":""₹30 - ₹50"",""requiredParts"":[{""name"":""Fluorescent Tube Starter"",""estimatedPrice"":""₹30 - ₹50""}]},{""cause"":""Loose wiring connection in the light fixture or switch"",""severity"":""medium"",""solution"":""Inspect and tighten all wiring connections in the light fixture and switch. This may require an electrician."",""probability"":0.2,""estimatedCost"":""₹200 - ₹500 (if electrician is needed)""},{""cause"":""Faulty light switch"",""severity"":""medium"",""solution"":""Replace the light switch."",""probability"":0.05,""estimatedCost"":""₹100 - ₹250"",""requiredParts"":[{""name"":""Light Switch"",""estimatedPrice"":""₹100 - ₹250""}]},{""cause"":""Internal wiring fault leading to the light fixture"",""severity"":""high"",""solution"":""This requires a qualified electrician to diagnose and repair. It could involve tracing the wiring from the MCB to the light fixture."",""probability"":0.05,""estimatedCost"":""₹500 - ₹1500+ (depending on complexity)""}],""summary"":""The entire room's light tube is not working, despite the MCB being on and other areas having power. This suggests an issue specific to the light fixture or its immediate wiring."",""urgency"":""medium"",""recommendedAction"":""Start by replacing the light tube. If that doesn't resolve the issue, check the starter (if applicable). If the problem persists, it's advisable to call an electrician to inspect the wiring and switch.""}",null,completed,2026-05-12 07:46:49.170422+00,2026-05-12 07:46:48.053+00
222c9ce7-dbb7-42d3-9931-3631516ab8fb,dc2e91e2-69aa-4915-a6dd-b84ead36f658,00000000-0000-0000-0000-000000000001,bd081ad6-5fe3-4c1d-a919-81b1055efa19,a5831922-eaeb-48c2-941c-fd96fae8813d,"[{""answer"":""Yes"",""question"":""Is the AC turning on when you press the power button?""},{""answer"":""Yes, but very weak"",""question"":""Is air coming out from the AC vents?""},{""answer"":""Never / Not sure"",""question"":""When was the AC filter last cleaned?""},{""answer"":""No"",""question"":""Is there any water leaking from the AC?""},{""answer"":""Yes"",""question"":""Is the remote control working properly?""}]","{""causes"":[{""cause"":""Dirty AC filter"",""severity"":""medium"",""solution"":""Clean or replace the AC filter. This can be done by the user or a technician."",""probability"":0.7,""estimatedCost"":""₹0 - ₹500"",""requiredParts"":[{""name"":""AC filter (if replacement needed)"",""estimatedPrice"":""₹300 - ₹500""}]},{""cause"":""Low refrigerant level"",""severity"":""medium"",""solution"":""A technician needs to inspect for leaks and recharge the refrigerant."",""probability"":0.2,""estimatedCost"":""₹1500 - ₹3000"",""requiredParts"":[{""name"":""Refrigerant gas"",""estimatedPrice"":""₹1000 - ₹2000""}]},{""cause"":""Faulty AC fan motor"",""severity"":""high"",""solution"":""The AC fan motor may need to be repaired or replaced by a technician."",""probability"":0.1,""estimatedCost"":""₹2000 - ₹5000"",""requiredParts"":[{""name"":""AC fan motor (if replacement needed)"",""estimatedPrice"":""₹1500 - ₹4000""}]}],""summary"":""The AC is turning on and air is coming out, but it's very weak and not cooling. The AC filter has not been cleaned or the cleaning history is unknown."",""urgency"":""medium"",""recommendedAction"":""Start by cleaning or replacing the AC filter. If the issue persists, a technician should be called to inspect for low refrigerant or a faulty fan motor.""}",null,completed,2026-05-12 08:22:03.850093+00,2026-05-12 08:22:02.281+00
78518ade-8fb2-4756-99e5-d744a16794f7,8a683947-442d-4763-bd18-02ba97a44a81,00000000-0000-0000-0000-000000000001,bd081ad6-5fe3-4c1d-a919-81b1055efa19,47389994-b201-4bb1-bf91-8bce4dbde510,"[{""answer"":""Yesterday"",""question"":""When did you first notice this issue?""},{""answer"":""Minor — can manage"",""question"":""How severe is the issue?""},{""answer"":""First time"",""question"":""Has this issue happened before?""},{""answer"":""Nothing, happened on its own"",""question"":""Did anything specific trigger this issue?""},{""answer"":""Only my room"",""question"":""Is the issue affecting other rooms or just yours?""}]","{""causes"":[{""cause"":""Mosquitoes entering through the window, preventing it from being opened for ventilation."",""severity"":""medium"",""solution"":""Install a mosquito velcro net on the window."",""probability"":0.9,""estimatedCost"":""₹200 - ₹500"",""requiredParts"":[{""name"":""Mosquito velcro net"",""estimatedPrice"":""₹150 - ₹400""},{""name"":""Velcro tape"",""estimatedPrice"":""₹50 - ₹100""}]},{""cause"":""Existing window screen is damaged or has gaps, allowing mosquitoes to enter."",""severity"":""medium"",""solution"":""Repair or replace the existing window screen."",""probability"":0.1,""estimatedCost"":""₹300 - ₹800"",""requiredParts"":[{""name"":""Window screen material"",""estimatedPrice"":""₹200 - ₹600""},{""name"":""Screen spline/gasket"",""estimatedPrice"":""₹50 - ₹100""}]}],""summary"":""Mosquitoes are entering the room through the window, preventing it from being opened. The primary solution is to install a mosquito velcro net."",""urgency"":""medium"",""recommendedAction"":""Install a mosquito velcro net on the window as soon as possible to allow for ventilation and prevent mosquito entry.""}",null,completed,2026-05-13 05:01:26.478438+00,2026-05-13 05:01:25.13+00
bc40831f-0117-43ae-a172-b72ee1dd769e,7a7ada9a-c432-4664-af52-bb993b0c52c7,00000000-0000-0000-0000-000000000001,bd081ad6-5fe3-4c1d-a919-81b1055efa19,47389994-b201-4bb1-bf91-8bce4dbde510,"[{""answer"":""Today"",""question"":""When did you first notice this issue?""},{""answer"":""Minor — can manage"",""question"":""How severe is the issue?""},{""answer"":""First time"",""question"":""Has this issue happened before?""},{""answer"":""Nothing, happened on its own"",""question"":""Did anything specific trigger this issue?""},{""answer"":""Only my room"",""question"":""Is the issue affecting other rooms or just yours?""}]","{""causes"":[{""cause"":""No mosquito net installed on the window."",""severity"":""medium"",""solution"":""Install a new mosquito net on the window."",""probability"":0.9,""estimatedCost"":""₹500 - ₹1500"",""requiredParts"":[{""name"":""Mosquito net (fiberglass/aluminum mesh)"",""estimatedPrice"":""₹300 - ₹1000""},{""name"":""Frame for mosquito net (aluminum/wood)"",""estimatedPrice"":""₹200 - ₹500""}]},{""cause"":""Existing screen is too small to cover the entire window."",""severity"":""low"",""solution"":""Replace the existing screen with a larger one or add an additional screen to cover the remaining area."",""probability"":0.8,""estimatedCost"":""₹300 - ₹1000"",""requiredParts"":[{""name"":""Mosquito screen (fiberglass/aluminum mesh)"",""estimatedPrice"":""₹200 - ₹700""},{""name"":""Mounting hardware (hooks/velcro)"",""estimatedPrice"":""₹100 - ₹300""}]}],""summary"":""The user's room has a mosquito problem due to the absence of a mosquito net and an inadequately sized existing screen. This is a new issue and only affects this room."",""urgency"":""medium"",""recommendedAction"":""Install a new mosquito net and either replace the existing screen with a larger one or add an additional screen to ensure full window coverage. This should be addressed promptly to ensure tenant comfort.""}",null,completed,2026-05-13 05:04:04.973323+00,2026-05-13 05:04:04.478+00
0bd8ddf4-71b7-4039-ac47-e8aaf53040f2,3c0f2d94-6e2b-4bdb-9426-6c887f11be91,00000000-0000-0000-0000-000000000001,bd081ad6-5fe3-4c1d-a919-81b1055efa19,a5831922-eaeb-48c2-941c-fd96fae8813d,"[{""answer"":""Yes"",""question"":""Is the AC turning on when you press the power button?""},{""answer"":""Yes, but very weak"",""question"":""Is air coming out from the AC vents?""},{""answer"":""Within last month"",""question"":""When was the AC filter last cleaned?""},{""answer"":""Yes"",""question"":""Is there any water leaking from the AC?""},{""answer"":""Yes"",""question"":""Is the remote control working properly?""}]","{""causes"":[{""cause"":""Fungal growth in AC unit due to excess moisture and infrequent deep cleaning."",""severity"":""high"",""solution"":""Thorough chemical cleaning of the AC coil, blower, and drain pan to remove all fungal growth. This will improve air quality and cooling efficiency."",""probability"":0.9,""estimatedCost"":""₹1500 - ₹2500"",""requiredParts"":[{""name"":""AC cleaning chemical solution"",""estimatedPrice"":""₹300 - ₹500""},{""name"":""Fungicide spray"",""estimatedPrice"":""₹200 - ₹300""}]},{""cause"":""Reduced airflow due to clogged AC filters or evaporator coil."",""severity"":""medium"",""solution"":""Even though filters were cleaned recently, a deeper inspection and cleaning of the evaporator coil is required to ensure no blockages are present, which can restrict airflow."",""probability"":0.8,""estimatedCost"":""Included in chemical cleaning cost"",""requiredParts"":[]},{""cause"":""Refrigerant (gas) leakage or low refrigerant levels."",""severity"":""high"",""solution"":""Check for refrigerant leaks, repair if found, and recharge the AC gas to optimal levels. This will restore cooling capacity."",""probability"":0.6,""estimatedCost"":""₹2000 - ₹4000 (if leak repair and gas refill needed)"",""requiredParts"":[{""name"":""Refrigerant gas"",""estimatedPrice"":""₹1500 - ₹3000 (depending on type and quantity)""},{""name"":""Leak sealant (if minor leak)"",""estimatedPrice"":""₹500 - ₹800""}]},{""cause"":""Blocked or clogged AC drain pipe causing water leakage."",""severity"":""medium"",""solution"":""Clear the blockage in the AC drain pipe to ensure proper water drainage and prevent further leaks."",""probability"":0.7,""estimatedCost"":""₹300 - ₹500"",""requiredParts"":[]}],""summary"":""The AC in Room B14B is experiencing multiple issues including fungal growth, weak airflow, and water leakage, leading to ineffective cooling. The primary concern is the fungal growth affecting air quality and the lack of cool air."",""urgency"":""critical"",""recommendedAction"":""Immediate and thorough AC servicing is required. This includes chemical cleaning, inspection for refrigerant leaks and gas refilling, and clearing of the drain pipe. Regular maintenance should be scheduled post-repair to prevent recurrence.""}",null,completed,2026-05-13 07:04:36.885273+00,2026-05-13 07:04:36.454+00
3ffececd-6494-411b-8e0c-26f2845dad0a,a1c5eb64-147d-4345-bcf9-908919babb90,00000000-0000-0000-0000-000000000001,bd081ad6-5fe3-4c1d-a919-81b1055efa19,caf6381e-5189-4c1f-bf0a-4dfd99d9b9e7,"[{""answer"":""Today"",""question"":""When did you first notice this issue?""},{""answer"":""Minor — can manage"",""question"":""How severe is the issue?""},{""answer"":""First time"",""question"":""Has this issue happened before?""},{""answer"":""Nothing, happened on its own"",""question"":""Did anything specific trigger this issue?""},{""answer"":""Only my room"",""question"":""Is the issue affecting other rooms or just yours?""}]","{""causes"":[{""cause"":""Water supply valve to the washing machine is closed or faulty."",""severity"":""medium"",""solution"":""Check if the water inlet valve behind the washing machine is open. If it's open and still no water, the valve might be faulty and need replacement."",""probability"":0.6,""estimatedCost"":""₹200 - ₹500"",""requiredParts"":[{""name"":""Washing machine inlet valve"",""estimatedPrice"":""₹150 - ₹400""}]},{""cause"":""Kinked or blocked water inlet hose."",""severity"":""low"",""solution"":""Inspect the water inlet hoses for any kinks or blockages. Straighten any kinks and clear any visible blockages."",""probability"":0.2,""estimatedCost"":""₹0""},{""cause"":""Building's main water supply is off or has low pressure."",""severity"":""medium"",""solution"":""Check if other water outlets in the building (taps, showers) have water supply. If not, the building's main water supply might be off or experiencing low pressure. Contact building management."",""probability"":0.1,""estimatedCost"":""₹0""},{""cause"":""Washing machine's water inlet filter is clogged."",""severity"":""low"",""solution"":""Turn off the water supply to the washing machine, disconnect the inlet hoses, and clean the small mesh filters located at the water inlet connection points on the washing machine."",""probability"":0.05,""estimatedCost"":""₹0""},{""cause"":""Issue with the washing machine's internal water inlet solenoid valve."",""severity"":""high"",""solution"":""This is an internal washing machine component. If all external checks fail, the washing machine might require professional repair or replacement of the solenoid valve."",""probability"":0.05,""estimatedCost"":""₹1000 - ₹3000"",""requiredParts"":[{""name"":""Washing machine inlet solenoid valve"",""estimatedPrice"":""₹800 - ₹2500""}]}],""summary"":""The washing machine at B41, C2 is not receiving water. This is a new issue and only affects this specific washing machine. There is a possibility that the previous water purifier repair might have inadvertently affected the washing machine's water supply."",""urgency"":""medium"",""recommendedAction"":""First, check the water supply valve behind the washing machine and the inlet hoses for kinks. If these are fine, check the building's main water supply. If the issue persists, the washing machine's internal components might need inspection.""}",null,completed,2026-05-13 07:06:25.742594+00,2026-05-13 07:06:25.38+00
8a5184a3-af5e-4e17-90df-d9d7135af579,fd2babd5-9005-450a-ae03-3489776a5eae,00000000-0000-0000-0000-000000000001,bd081ad6-5fe3-4c1d-a919-81b1055efa19,ec405235-70e9-407e-9aa2-b877f8f36af8,"[{""answer"":""Yes, motor is running"",""question"":""Is the fridge running (can you hear the motor)?""},{""answer"":""Yes"",""question"":""Is the fridge light turning on when you open the door?""},{""answer"":""Yes, heavy ice"",""question"":""Is there ice buildup inside the freezer?""},{""answer"":""Yes, seals well"",""question"":""Is the fridge door closing properly?""}]","{""causes"":[{""cause"":""Defective defrost heater"",""severity"":""high"",""solution"":""Replace the defrost heater. This component melts the ice from the evaporator coils. If it's faulty, ice builds up."",""probability"":0.4,""estimatedCost"":""₹1,500 - ₹3,000"",""requiredParts"":[{""name"":""Defrost Heater"",""estimatedPrice"":""₹800 - ₹1,500""}]},{""cause"":""Faulty defrost thermostat"",""severity"":""medium"",""solution"":""Replace the defrost thermostat. This part monitors the temperature and tells the defrost heater when to turn on. If it's not working, the heater won't activate."",""probability"":0.3,""estimatedCost"":""₹1,000 - ₹2,500"",""requiredParts"":[{""name"":""Defrost Thermostat"",""estimatedPrice"":""₹400 - ₹1,000""}]},{""cause"":""Clogged or frozen defrost drain"",""severity"":""low"",""solution"":""Clear the defrost drain. If the drain is clogged, the melted ice overflows and refreezes, leading to ice buildup. This can often be cleared with hot water and a small brush."",""probability"":0.2,""estimatedCost"":""₹300 - ₹800""},{""cause"":""Malfunctioning defrost timer or control board"",""severity"":""high"",""solution"":""Replace the defrost timer or control board. This component controls the defrost cycle. If it's faulty, the fridge won't enter defrost mode."",""probability"":0.1,""estimatedCost"":""₹2,500 - ₹6,000"",""requiredParts"":[{""name"":""Defrost Timer/Control Board"",""estimatedPrice"":""₹1,500 - ₹4,000""}]}],""summary"":""Heavy ice buildup in the freezer despite the motor running and door sealing well. This indicates a problem with the defrost system."",""urgency"":""high"",""recommendedAction"":""Schedule a technician visit to diagnose and repair the defrost system. Continued heavy ice buildup can reduce cooling efficiency and potentially damage other components.""}",null,completed,2026-05-13 07:21:39.469169+00,2026-05-13 07:21:38.985+00
5234c09b-e61e-4d68-ae9f-550ff686a15e,e61d2cb9-3140-4ef0-b62a-d73a1c750756,00000000-0000-0000-0000-000000000001,bd081ad6-5fe3-4c1d-a919-81b1055efa19,e2aa2aaa-8af6-4807-9a4e-7665c5421eed,"[{""answer"":""Today"",""question"":""When did you first notice this issue?""},{""answer"":""Minor — can manage"",""question"":""How severe is the issue?""},{""answer"":""First time"",""question"":""Has this issue happened before?""},{""answer"":""After using something"",""question"":""Did anything specific trigger this issue?""},{""answer"":""Only my room"",""question"":""Is the issue affecting other rooms or just yours?""}]","{""causes"":[{""cause"":""Worn out mattress core/springs"",""severity"":""medium"",""solution"":""Replace the mattress or use a mattress topper for temporary relief."",""probability"":0.6,""estimatedCost"":""₹3,000 - ₹8,000 (for a new mattress); ₹1,000 - ₹3,000 (for a mattress topper)"",""requiredParts"":[{""name"":""New mattress"",""estimatedPrice"":""₹3,000 - ₹8,000""},{""name"":""Mattress topper"",""estimatedPrice"":""₹1,000 - ₹3,000""}]},{""cause"":""Damaged bed base/slats"",""severity"":""medium"",""solution"":""Inspect the bed base and slats for any damage. Replace or repair damaged parts."",""probability"":0.2,""estimatedCost"":""₹500 - ₹2,000 (for repair/replacement of slats)"",""requiredParts"":[{""name"":""Bed slats"",""estimatedPrice"":""₹500 - ₹1,500""},{""name"":""Wood glue/screws"",""estimatedPrice"":""₹100 - ₹300""}]},{""cause"":""Improper mattress placement/rotation"",""severity"":""low"",""solution"":""Rotate the mattress 180 degrees or flip it (if it's a flippable mattress) to distribute wear evenly."",""probability"":0.1,""estimatedCost"":""₹0"",""requiredParts"":[]},{""cause"":""Foreign object under the mattress"",""severity"":""low"",""solution"":""Remove the mattress and check for any objects that might be causing the unevenness."",""probability"":0.1,""estimatedCost"":""₹0"",""requiredParts"":[]}],""summary"":""The mattress in your room is uneven, likely due to wear and tear or an issue with the bed base. This is a minor issue that you noticed today and it's the first time it has occurred."",""urgency"":""low"",""recommendedAction"":""Initially, try rotating or flipping the mattress. If the issue persists, inspect the bed base for damage. If both of these don't resolve the problem, consider replacing the mattress or using a mattress topper.""}",null,completed,2026-05-13 09:53:15.673586+00,2026-05-13 09:53:15.19+00
7bc3ab82-cc6a-4470-89d8-33329fbd4110,3be84f30-5349-486b-a4a2-d5e936abdba5,00000000-0000-0000-0000-000000000001,bd081ad6-5fe3-4c1d-a919-81b1055efa19,e2aa2aaa-8af6-4807-9a4e-7665c5421eed,"[{""answer"":""Today"",""question"":""When did you first notice this issue?""},{""answer"":""Minor — can manage"",""question"":""How severe is the issue?""},{""answer"":""First time"",""question"":""Has this issue happened before?""},{""answer"":""Nothing, happened on its own"",""question"":""Did anything specific trigger this issue?""},{""answer"":""Only my room"",""question"":""Is the issue affecting other rooms or just yours?""}]","{""causes"":[{""cause"":""Poor quality of cupboard door material or hinges, leading to premature detachment."",""severity"":""medium"",""solution"":""Replace the detached door with a new one of better quality, ensuring proper installation of hinges."",""probability"":0.6,""estimatedCost"":""INR 800 - INR 1500"",""requiredParts"":[{""name"":""Cupboard door"",""estimatedPrice"":""INR 500 - INR 1000""},{""name"":""Hinges (pair)"",""estimatedPrice"":""INR 150 - INR 300""}]},{""cause"":""Improper installation of the cupboard door or hinges, causing the door to detach and hinges to loosen over time."",""severity"":""medium"",""solution"":""Reinstall the detached door and tighten the loose hinge. If the screw holes are stripped, use wood filler and re-drill."",""probability"":0.3,""estimatedCost"":""INR 300 - INR 700"",""requiredParts"":[{""name"":""Wood filler (if needed)"",""estimatedPrice"":""INR 50 - INR 100""},{""name"":""Screws (if needed)"",""estimatedPrice"":""INR 20 - INR 50""}]},{""cause"":""Wear and tear due to regular use, leading to the loosening of hinges and eventual detachment of the door."",""severity"":""low"",""solution"":""Tighten the loose hinge and reattach the door. If the hinge is damaged, replace it."",""probability"":0.1,""estimatedCost"":""INR 200 - INR 500"",""requiredParts"":[{""name"":""Hinges (pair, if needed)"",""estimatedPrice"":""INR 150 - INR 300""}]}],""summary"":""The cupboard door has detached, and one hinge is loose. This is likely due to either poor material quality, improper installation, or general wear and tear."",""urgency"":""medium"",""recommendedAction"":""Inspect the detached door and loose hinge to determine the exact cause. Based on the assessment, either reattach/tighten or replace the affected parts. Consider upgrading to better quality hinges if the current ones are substandard.""}",null,completed,2026-05-13 09:57:30.105899+00,2026-05-13 09:57:29.596+00
aa0d7fea-426d-43c5-b14a-121279a9dee6,3d7e8e75-3347-4c38-9518-8b60c3c5e3fd,00000000-0000-0000-0000-000000000001,bd081ad6-5fe3-4c1d-a919-81b1055efa19,a5831922-eaeb-48c2-941c-fd96fae8813d,"[{""answer"":""Yes"",""question"":""Is the AC turning on when you press the power button?""},{""answer"":""No air at all"",""question"":""Is air coming out from the AC vents?""},{""answer"":""Never / Not sure"",""question"":""When was the AC filter last cleaned?""},{""answer"":""No"",""question"":""Is there any water leaking from the AC?""},{""answer"":""Yes"",""question"":""Is the remote control working properly?""}]","{""causes"":[{""cause"":""Blower motor malfunction"",""severity"":""high"",""solution"":""Inspect and repair/replace the blower motor. Check for obstructions in the blower assembly."",""probability"":0.6,""estimatedCost"":""₹2000 - ₹5000"",""requiredParts"":[{""name"":""Blower Motor"",""estimatedPrice"":""₹1500 - ₹4000""}]},{""cause"":""Blocked air filter/vents"",""severity"":""medium"",""solution"":""Clean or replace the AC air filter. Clear any obstructions from the AC vents."",""probability"":0.3,""estimatedCost"":""₹200 - ₹500"",""requiredParts"":[{""name"":""AC Air Filter"",""estimatedPrice"":""₹150 - ₹400""}]},{""cause"":""Faulty thermostat/control board"",""severity"":""medium"",""solution"":""Diagnose and replace the faulty thermostat or control board."",""probability"":0.1,""estimatedCost"":""₹1000 - ₹3000"",""requiredParts"":[{""name"":""Thermostat"",""estimatedPrice"":""₹500 - ₹1500""},{""name"":""Control Board"",""estimatedPrice"":""₹800 - ₹2500""}]}],""summary"":""The primary issue is that no air is coming out of the AC vents, indicating a problem with the airflow system. The AC is turning on, and the remote is working, which rules out power supply and remote control as direct causes for the lack of airflow. The 'never/not sure' response regarding filter cleaning suggests that a blocked filter could be a contributing factor, but a complete lack of airflow points to a more significant mechanical or electrical failure."",""urgency"":""high"",""recommendedAction"":""Immediately arrange for a qualified AC technician to inspect the unit. The technician should prioritize checking the blower motor, air filter, and control board to identify the exact cause of the airflow blockage. Regular AC filter cleaning should be implemented as a preventative measure going forward.""}",null,completed,2026-05-15 07:15:42.707728+00,2026-05-15 07:15:41.777+00
1b1f81a5-89df-4b42-925e-6fd8b8eb7401,51dfc044-dc6f-4a50-af93-7e9e8d15e46d,00000000-0000-0000-0000-000000000001,bd081ad6-5fe3-4c1d-a919-81b1055efa19,a5831922-eaeb-48c2-941c-fd96fae8813d,"[{""answer"":""Yes"",""question"":""Is the AC turning on when you press the power button?""},{""answer"":""No air at all"",""question"":""Is air coming out from the AC vents?""},{""answer"":""Never / Not sure"",""question"":""When was the AC filter last cleaned?""},{""answer"":""Yes"",""question"":""Is there any water leaking from the AC?""},{""answer"":""Yes"",""question"":""Is the remote control working properly?""}]","{""causes"":[{""cause"":""Clogged AC filter"",""severity"":""high"",""solution"":""Clean or replace the AC filter. A clogged filter can restrict airflow, causing the evaporator coil to freeze and subsequently leak water when it melts."",""probability"":0.6,""estimatedCost"":""₹200 - ₹500 for cleaning, ₹500 - ₹1500 for replacement"",""requiredParts"":[{""name"":""AC filter"",""estimatedPrice"":""₹500 - ₹1500 (if replacement needed)""}]},{""cause"":""Blocked condensate drain line"",""severity"":""high"",""solution"":""Clear the condensate drain line. Debris or mold can block the drain, causing water to back up and overflow."",""probability"":0.3,""estimatedCost"":""₹300 - ₹800 for cleaning"",""requiredParts"":[]},{""cause"":""Frozen evaporator coil"",""severity"":""high"",""solution"":""Thaw the evaporator coil and identify the cause of freezing (e.g., low refrigerant, dirty filter, fan issues). This often leads to water leakage as the ice melts."",""probability"":0.1,""estimatedCost"":""₹500 - ₹2000 (depending on underlying cause)"",""requiredParts"":[]}],""summary"":""The AC is turning on and leaking water, but no air is coming from the vents. The filter has never been cleaned or the cleaning date is unknown. This strongly suggests an issue related to airflow restriction and drainage."",""urgency"":""critical"",""recommendedAction"":""Immediately turn off the AC to prevent further water damage and potential electrical hazards. Inspect and clean/replace the AC filter. If the issue persists, a technician should be called to clear the drain line and check for a frozen evaporator coil or other underlying issues.""}",null,completed,2026-05-15 10:50:57.581829+00,2026-05-15 10:50:55.683+00
b1fe55cd-5839-4de7-8d8c-7e1fcb89c367,9c3cf2fa-b5d4-46e0-b7a6-a3acfca2c674,00000000-0000-0000-0000-000000000001,bd081ad6-5fe3-4c1d-a919-81b1055efa19,47389994-b201-4bb1-bf91-8bce4dbde510,"[{""answer"":""Yesterday"",""question"":""When did you first notice this issue?""},{""answer"":""Minor — can manage"",""question"":""How severe is the issue?""},{""answer"":""First time"",""question"":""Has this issue happened before?""},{""answer"":""Nothing, happened on its own"",""question"":""Did anything specific trigger this issue?""},{""answer"":""Only my room"",""question"":""Is the issue affecting other rooms or just yours?""}]","{""causes"":[{""cause"":""Mineral buildup in showerhead"",""severity"":""medium"",""solution"":""Clean the showerhead by soaking it in a descaling solution (e.g., vinegar)."",""probability"":0.7,""estimatedCost"":""₹50 - ₹100"",""requiredParts"":[{""name"":""White Vinegar"",""estimatedPrice"":""₹50 - ₹100""}]},{""cause"":""Kinked or blocked shower hose"",""severity"":""low"",""solution"":""Inspect the shower hose for kinks or blockages. Straighten any kinks or clear any visible obstructions."",""probability"":0.2,""estimatedCost"":""₹0"",""requiredParts"":[]},{""cause"":""Faulty shower mixer/valve"",""severity"":""high"",""solution"":""The shower mixer or valve might be faulty and require replacement. This would need a plumber to assess and replace."",""probability"":0.1,""estimatedCost"":""₹500 - ₹2000"",""requiredParts"":[{""name"":""Shower Mixer/Valve"",""estimatedPrice"":""₹500 - ₹1500""}]}],""summary"":""The water flow from the common bathroom shower is very low, indicating a blockage. This issue was first noticed yesterday and is affecting only one shower. It's a minor issue and hasn't happened before."",""urgency"":""medium"",""recommendedAction"":""Start by cleaning the showerhead. If the issue persists, inspect the shower hose. If still unresolved, a plumber may be needed to check the shower mixer/valve.""}",null,completed,2026-05-19 04:54:35.142619+00,2026-05-19 04:54:31.798+00
dbb6f07f-a3e9-4155-83cc-4fdd8434e376,32cb1ee0-419b-40de-aef5-b94e94f94f20,00000000-0000-0000-0000-000000000001,bd081ad6-5fe3-4c1d-a919-81b1055efa19,abc84f5b-a950-406e-ab46-cefbe11df925,"[{""answer"":""Full room cleaning"",""question"":""What needs cleaning?""},{""answer"":""Yesterday"",""question"":""When was the last cleaning done?""},{""answer"":""One-time"",""question"":""Is this a one-time request or recurring issue?""}]","{""causes"":[{""cause"":""Open entry points for rats (e.g., gaps under doors, holes in walls, open windows/drains)."",""severity"":""high"",""solution"":""Identify and seal all potential entry points. Use steel wool, caulk, or mesh to block holes and gaps. Ensure doors and windows close tightly."",""probability"":0.6,""estimatedCost"":""INR 500 - 2000"",""requiredParts"":[{""name"":""Steel wool"",""estimatedPrice"":""INR 50 - 100""},{""name"":""Caulk/Sealant"",""estimatedPrice"":""INR 100 - 300""},{""name"":""Mesh/Wire netting"",""estimatedPrice"":""INR 200 - 500""}]},{""cause"":""Presence of food sources (e.g., uncovered food, food crumbs, accessible garbage)."",""severity"":""medium"",""solution"":""Ensure all food is stored in airtight containers. Clean up food spills immediately. Dispose of garbage in sealed bins regularly."",""probability"":0.25,""estimatedCost"":""INR 0 - 200"",""requiredParts"":[{""name"":""Airtight food containers"",""estimatedPrice"":""INR 0 - 200 (if needed)""}]},{""cause"":""Presence of water sources (e.g., leaky pipes, standing water)."",""severity"":""low"",""solution"":""Fix any leaky pipes or faucets. Eliminate sources of standing water."",""probability"":0.1,""estimatedCost"":""INR 0 - 500"",""requiredParts"":[]},{""cause"":""Clutter providing shelter for rats."",""severity"":""low"",""solution"":""Declutter the hall and surrounding areas to remove potential hiding spots."",""probability"":0.05,""estimatedCost"":""INR 0"",""requiredParts"":[]}],""summary"":""A rat in the hall indicates a potential entry point and/or accessible food/water source. While cleaning was done yesterday, rats are attracted to even small amounts of food or easily accessible entry points."",""urgency"":""high"",""recommendedAction"":""Immediate action is required to identify and seal entry points and eliminate food/water sources to prevent further rat infestations and potential health hazards. Consider professional pest control if the issue persists after initial measures.""}",null,completed,2026-05-19 05:01:16.488545+00,2026-05-19 05:01:15.733+00
77476736-8ac1-406c-aeae-facded5793c5,696afd2a-6b96-4a16-91bd-92de7377802a,00000000-0000-0000-0000-000000000001,bd081ad6-5fe3-4c1d-a919-81b1055efa19,a5831922-eaeb-48c2-941c-fd96fae8813d,"[{""answer"":""Yes"",""question"":""Is the AC turning on when you press the power button?""},{""answer"":""No air at all"",""question"":""Is air coming out from the AC vents?""},{""answer"":""Never / Not sure"",""question"":""When was the AC filter last cleaned?""},{""answer"":""No"",""question"":""Is there any water leaking from the AC?""},{""answer"":""Yes"",""question"":""Is the remote control working properly?""}]","{""causes"":[{""cause"":""Blower motor malfunction"",""severity"":""high"",""solution"":""The blower motor is responsible for circulating air. If it's not working, no air will come out. It needs to be inspected and likely replaced."",""probability"":0.6,""estimatedCost"":""₹3000 - ₹7000"",""requiredParts"":[{""name"":""Blower Motor"",""estimatedPrice"":""₹2500 - ₹6000""}]},{""cause"":""Capacitor failure"",""severity"":""medium"",""solution"":""A faulty capacitor can prevent the blower motor from starting. Replacing the capacitor might resolve the issue."",""probability"":0.2,""estimatedCost"":""₹800 - ₹1500"",""requiredParts"":[{""name"":""AC Capacitor"",""estimatedPrice"":""₹300 - ₹800""}]},{""cause"":""Thermostat issue"",""severity"":""medium"",""solution"":""A malfunctioning thermostat might not be sending the signal to turn on the blower. It needs to be checked and potentially replaced."",""probability"":0.1,""estimatedCost"":""₹1000 - ₹3000"",""requiredParts"":[{""name"":""Thermostat"",""estimatedPrice"":""₹800 - ₹2500""}]},{""cause"":""Wiring issue"",""severity"":""medium"",""solution"":""Loose or damaged wiring to the blower motor or thermostat can prevent air circulation. A technician needs to inspect and repair the wiring."",""probability"":0.1,""estimatedCost"":""₹500 - ₹1500""}],""summary"":""The AC is turning on but no air is coming out of the vents, indicating a problem with the air circulation system. The most probable cause is a faulty blower motor."",""urgency"":""high"",""recommendedAction"":""Immediately call a qualified AC technician to diagnose and repair the issue. Continuing to run the AC without air circulation can cause further damage.""}",null,completed,2026-05-19 07:05:24.779808+00,2026-05-19 07:05:23.982+00
26e98d40-9e46-4b92-b901-320edb3a9767,2403da27-4924-4f3d-8754-1a476c834283,00000000-0000-0000-0000-000000000001,bd081ad6-5fe3-4c1d-a919-81b1055efa19,abc84f5b-a950-406e-ab46-cefbe11df925,"[{""answer"":""Bathroom"",""question"":""What needs cleaning?""},{""answer"":""Yesterday"",""question"":""When was the last cleaning done?""},{""answer"":""One-time"",""question"":""Is this a one-time request or recurring issue?""}]","{""causes"":[{""cause"":""Housekeeping oversight/missed schedule"",""severity"":""low"",""solution"":""Communicate with housekeeping to ensure the bathroom is cleaned immediately and to review cleaning schedules to prevent future oversights."",""probability"":0.7,""estimatedCost"":""₹0""},{""cause"":""Inadequate cleaning staff or resources"",""severity"":""medium"",""solution"":""Assess current staffing levels and cleaning supplies. If insufficient, consider hiring additional staff or procuring more resources."",""probability"":0.2,""estimatedCost"":""₹0 - ₹5000 (for additional supplies if needed)""},{""cause"":""Miscommunication regarding cleaning expectations"",""severity"":""low"",""solution"":""Clarify cleaning standards and expectations with the housekeeping team. Provide a checklist if necessary."",""probability"":0.1,""estimatedCost"":""₹0""}],""summary"":""The bathroom was not cleaned as expected, despite the last cleaning being yesterday. This appears to be a one-time incident."",""urgency"":""medium"",""recommendedAction"":""Immediately contact housekeeping to clean the bathroom and investigate the reason for the missed cleaning to prevent recurrence.""}",null,completed,2026-05-19 07:07:38.121286+00,2026-05-19 07:07:37.161+00
fa6e32b9-5627-4b29-883f-50dfcb40028b,9c6f1860-b99a-4590-a537-7b0051409a06,00000000-0000-0000-0000-000000000001,bd081ad6-5fe3-4c1d-a919-81b1055efa19,a5831922-eaeb-48c2-941c-fd96fae8813d,"[{""answer"":""Yes"",""question"":""Is the AC turning on when you press the power button?""},{""answer"":""No air at all"",""question"":""Is air coming out from the AC vents?""},{""answer"":""Never / Not sure"",""question"":""When was the AC filter last cleaned?""},{""answer"":""No"",""question"":""Is there any water leaking from the AC?""},{""answer"":""Yes"",""question"":""Is the remote control working properly?""}]","{""causes"":[{""cause"":""Clogged AC filter"",""severity"":""high"",""solution"":""Clean or replace the AC filter. A clogged filter restricts airflow, leading to reduced cooling, ice formation, and water leakage."",""probability"":0.7,""estimatedCost"":""₹200 - ₹500 (for cleaning) / ₹500 - ₹1500 (for replacement)"",""requiredParts"":[{""name"":""AC filter"",""estimatedPrice"":""₹500 - ₹1500""}]},{""cause"":""Frozen evaporator coil"",""severity"":""high"",""solution"":""Turn off the AC and let the coil thaw completely. Check for underlying causes like low refrigerant or a clogged filter. Once thawed, clean the filter and restart the AC."",""probability"":0.6,""estimatedCost"":""₹0 (if self-thawing) / ₹1000 - ₹3000 (if professional intervention for refrigerant issues)"",""requiredParts"":[]},{""cause"":""Blower motor issue"",""severity"":""high"",""solution"":""Inspect the blower motor for any obstructions or signs of malfunction. This may require professional assistance to repair or replace the motor."",""probability"":0.4,""estimatedCost"":""₹2000 - ₹8000 (for repair or replacement)"",""requiredParts"":[{""name"":""Blower motor"",""estimatedPrice"":""₹1500 - ₹6000""}]},{""cause"":""Blocked condensate drain line"",""severity"":""medium"",""solution"":""Clear the blockage in the condensate drain line. This can be done using a wet/dry vacuum or by flushing with a vinegar solution. This will prevent water from dripping."",""probability"":0.3,""estimatedCost"":""₹0 - ₹500 (if self-clearing) / ₹500 - ₹1500 (if professional help)"",""requiredParts"":[]},{""cause"":""Low refrigerant"",""severity"":""high"",""solution"":""A technician needs to inspect for leaks, repair them, and then recharge the refrigerant. This is a professional job and should not be attempted by untrained individuals."",""probability"":0.2,""estimatedCost"":""₹2000 - ₹5000 (for leak detection and recharge)"",""requiredParts"":[{""name"":""Refrigerant"",""estimatedPrice"":""₹1000 - ₹3000""}]}],""summary"":""The AC is experiencing multiple issues including water dripping, low cooling, and noise, with no air coming from the vents. The most probable cause is a clogged AC filter or a frozen evaporator coil, leading to restricted airflow and potential ice buildup. A blower motor issue is also a possibility given the lack of airflow."",""urgency"":""critical"",""recommendedAction"":""Immediately turn off the AC to prevent further damage. First, check and clean/replace the AC filter. If the issue persists, allow the unit to thaw completely for several hours. If the problem continues after these steps, professional inspection is recommended to diagnose and fix potential blower motor issues or refrigerant problems.""}",null,completed,2026-05-19 07:10:00.916548+00,2026-05-19 07:10:00.161+00
bcb6e474-a64e-4aa5-931c-04ed87985047,96ac38f2-88f0-4bad-b91f-7e63474cbd8a,00000000-0000-0000-0000-000000000001,bd081ad6-5fe3-4c1d-a919-81b1055efa19,e2aa2aaa-8af6-4807-9a4e-7665c5421eed,"[{""answer"":""Today"",""question"":""When did you first notice this issue?""},{""answer"":""Minor — can manage"",""question"":""How severe is the issue?""},{""answer"":""First time"",""question"":""Has this issue happened before?""},{""answer"":""Nothing, happened on its own"",""question"":""Did anything specific trigger this issue?""},{""answer"":""Only my room"",""question"":""Is the issue affecting other rooms or just yours?""}]","{""causes"":[{""cause"":""Worn out lock mechanism due to regular use."",""severity"":""medium"",""solution"":""Replace the cupboard lock."",""probability"":0.7,""estimatedCost"":""₹150 - ₹300"",""requiredParts"":[{""name"":""Cupboard lock"",""estimatedPrice"":""₹100 - ₹250""},{""name"":""Screws (if needed)"",""estimatedPrice"":""₹10 - ₹20""}]},{""cause"":""Faulty installation of the lock."",""severity"":""medium"",""solution"":""Reinstall or replace the cupboard lock."",""probability"":0.2,""estimatedCost"":""₹150 - ₹350"",""requiredParts"":[{""name"":""Cupboard lock (if replacement needed)"",""estimatedPrice"":""₹100 - ₹250""},{""name"":""Screws"",""estimatedPrice"":""₹10 - ₹20""}]},{""cause"":""Physical damage to the lock (e.g., forced entry attempt, accidental impact)."",""severity"":""high"",""solution"":""Replace the cupboard lock and inspect the cupboard door for any additional damage."",""probability"":0.1,""estimatedCost"":""₹200 - ₹500"",""requiredParts"":[{""name"":""Cupboard lock"",""estimatedPrice"":""₹100 - ₹250""},{""name"":""Screws"",""estimatedPrice"":""₹10 - ₹20""},{""name"":""Wood filler/paint (if cupboard door damaged)"",""estimatedPrice"":""₹50 - ₹150""}]}],""summary"":""The cupboard lock in your room is broken. This is likely due to normal wear and tear, though faulty installation or physical damage are also possibilities. Since it's a minor issue and you can manage, the urgency is medium."",""urgency"":""medium"",""recommendedAction"":""The most probable solution is to replace the cupboard lock. A maintenance person should be able to do this quickly. If the cupboard door itself is damaged, additional repairs might be needed.""}",null,completed,2026-05-19 07:11:51.764332+00,2026-05-19 07:11:50.986+00
e767e5a6-c3ee-47a8-9e3b-3c5a37b866ba,11dcf269-8bc3-4127-94ad-49b9f248cbb2,00000000-0000-0000-0000-000000000001,bd081ad6-5fe3-4c1d-a919-81b1055efa19,28158382-d5c1-436c-927b-3e3d9855c2af,"[{""answer"":""Entire room"",""question"":""Is the power out in the entire room or just some outlets?""},{""answer"":""Yes, it's on"",""question"":""Have you checked the MCB / circuit breaker?""},{""answer"":""Yes, others have power"",""question"":""Is there power in the common areas or other rooms?""},{""answer"":""Happened suddenly"",""question"":""Did this happen suddenly or after plugging something in?""}]","{""causes"":[{""cause"":""Loose wiring connection in the flat's main electrical box or within the walls."",""severity"":""high"",""solution"":""An electrician needs to inspect the main electrical box and all wiring connections in the flat to identify and fix any loose connections. This may involve opening switchboards and checking concealed wiring."",""probability"":0.4,""estimatedCost"":""₹500 - ₹1500"",""requiredParts"":[{""name"":""Electrical tape"",""estimatedPrice"":""₹50""},{""name"":""Wire connectors"",""estimatedPrice"":""₹100""}]},{""cause"":""Faulty main switch or fuse in the flat's distribution board."",""severity"":""high"",""solution"":""The main switch or fuse in your flat's distribution board might be faulty and needs to be replaced. An electrician can test these components and replace them if necessary."",""probability"":0.3,""estimatedCost"":""₹300 - ₹1000"",""requiredParts"":[{""name"":""Main switch/fuse"",""estimatedPrice"":""₹200 - ₹700""}]},{""cause"":""Internal wiring fault or short circuit within the flat."",""severity"":""high"",""solution"":""A short circuit or fault in the internal wiring could be causing the power outage. This requires a thorough inspection by an electrician to locate the fault, which might involve checking all outlets, switches, and light fixtures. Repair could involve re-wiring a section."",""probability"":0.2,""estimatedCost"":""₹1000 - ₹5000+"",""requiredParts"":[{""name"":""Electrical wire (per meter)"",""estimatedPrice"":""₹20 - ₹100""},{""name"":""Junction box"",""estimatedPrice"":""₹100 - ₹300""}]},{""cause"":""Issue with the electricity meter or service cable leading to the flat."",""severity"":""high"",""solution"":""If all internal checks fail, the issue might be with the electricity meter or the service cable from the main supply to your flat. This would require contacting the electricity board for inspection and repair."",""probability"":0.1,""estimatedCost"":""₹0 (usually covered by electricity board) - ₹500 (if minor internal wiring to meter)"",""requiredParts"":[]}],""summary"":""The entire flat has no power, despite the MCB being on and other rooms/common areas having power. This indicates an electrical issue specific to your flat's internal wiring or main supply components."",""urgency"":""critical"",""recommendedAction"":""Immediately contact a qualified electrician to diagnose and fix the issue. Do not attempt to repair electrical faults yourself, as it can be dangerous.""}",null,completed,2026-05-19 07:14:21.048785+00,2026-05-19 07:14:20.301+00
0ad60738-200b-4a98-88a1-7db2be8e9e0c,2c8244de-5eb7-4650-b53e-707875513366,00000000-0000-0000-0000-000000000001,bd081ad6-5fe3-4c1d-a919-81b1055efa19,28158382-d5c1-436c-927b-3e3d9855c2af,"[{""answer"":""Entire room"",""question"":""Is the power out in the entire room or just some outlets?""},{""answer"":""Yes, it's on"",""question"":""Have you checked the MCB / circuit breaker?""},{""answer"":""Yes, others have power"",""question"":""Is there power in the common areas or other rooms?""},{""answer"":""Happened suddenly"",""question"":""Did this happen suddenly or after plugging something in?""}]","{""causes"":[{""cause"":""Loose wiring connection in the apartment's main electrical box or within the walls."",""severity"":""high"",""solution"":""An electrician needs to inspect the main electrical box and all wiring connections in the apartment to identify and secure any loose connections. This may involve opening up switchboards or junction boxes."",""probability"":0.4,""estimatedCost"":""₹500 - ₹1500"",""requiredParts"":[{""name"":""Electrical tape"",""estimatedPrice"":""₹50""},{""name"":""Wire connectors"",""estimatedPrice"":""₹100""}]},{""cause"":""Faulty main switch or circuit breaker for the apartment."",""severity"":""high"",""solution"":""Even if the MCB appears to be 'on', it might be faulty internally. An electrician will need to test the main MCB/circuit breaker and replace it if it's not functioning correctly."",""probability"":0.3,""estimatedCost"":""₹800 - ₹2500"",""requiredParts"":[{""name"":""New MCB/Circuit Breaker (appropriate rating)"",""estimatedPrice"":""₹300 - ₹1500""}]},{""cause"":""Internal wiring fault or short circuit within the apartment."",""severity"":""high"",""solution"":""A short circuit could be causing the power outage. An electrician will need to use a multimeter to trace the wiring and identify the location of the short circuit. This could involve checking all outlets, switches, and appliance connections. Repair will involve isolating and fixing the faulty section of the wire."",""probability"":0.2,""estimatedCost"":""₹1000 - ₹3000"",""requiredParts"":[{""name"":""Electrical wire (appropriate gauge)"",""estimatedPrice"":""₹100 - ₹500 per meter""},{""name"":""Junction box (if needed)"",""estimatedPrice"":""₹150 - ₹300""}]},{""cause"":""Issue with the electricity meter or service line to the apartment."",""severity"":""high"",""solution"":""If all internal checks fail, the issue might be with the electricity meter or the service line coming into the apartment from the main building supply. This would require inspection by the electricity board or a certified electrician with experience in service line issues."",""probability"":0.1,""estimatedCost"":""₹0 (if electricity board's responsibility) - ₹2000 (if private electrician for inspection/minor repair)"",""requiredParts"":[]}],""summary"":""The entire room has no electricity, despite the MCB being on and other rooms/common areas having power. This issue occurred suddenly."",""urgency"":""critical"",""recommendedAction"":""Immediately contact a qualified electrician to diagnose and resolve the issue. Do not attempt to fix electrical problems yourself if you are not trained, as it can be dangerous.""}",null,completed,2026-05-19 07:16:05.901195+00,2026-05-19 07:16:04.934+00
4f2789a4-e0c9-45bc-872e-a060e803a9cc,aac4f5a4-d8d3-4cc8-9292-e01278f8efc2,00000000-0000-0000-0000-000000000001,bd081ad6-5fe3-4c1d-a919-81b1055efa19,abc84f5b-a950-406e-ab46-cefbe11df925,"[{""answer"":""Floor / sweeping"",""question"":""What needs cleaning?""},{""answer"":""Yesterday"",""question"":""When was the last cleaning done?""},{""answer"":""One-time"",""question"":""Is this a one-time request or recurring issue?""}]","{""causes"":[{""cause"":""Inadequate cleaning by staff"",""severity"":""medium"",""solution"":""Retrain cleaning staff on balcony cleaning procedures and ensure proper tools are available."",""probability"":0.7,""estimatedCost"":""INR 0""},{""cause"":""High dust and debris accumulation due to external factors (e.g., construction, wind)"",""severity"":""low"",""solution"":""Increase cleaning frequency for balconies, especially during periods of high dust. Consider installing balcony screens if the issue persists."",""probability"":0.2,""estimatedCost"":""INR 500 - INR 2000 (for screens if needed)""},{""cause"":""Tenant not maintaining cleanliness between scheduled cleanings"",""severity"":""low"",""solution"":""Communicate expectations to tenants regarding balcony cleanliness and provide basic cleaning tools if not already available."",""probability"":0.1,""estimatedCost"":""INR 0 - INR 300 (for basic cleaning tools)""}],""summary"":""The balcony is very dirty and requires immediate cleaning. This appears to be a one-time issue, despite a cleaning having been done yesterday."",""urgency"":""medium"",""recommendedAction"":""Immediately dispatch cleaning staff to sweep and clean the balcony floor. Investigate the cause of the inadequate cleaning from yesterday.""}",null,completed,2026-05-19 07:21:09.492963+00,2026-05-19 07:21:08.538+00
3c117491-a745-49b7-a09c-2ece101cb239,35df53c4-12a2-4134-a0ae-df8575e49a09,00000000-0000-0000-0000-000000000001,bd081ad6-5fe3-4c1d-a919-81b1055efa19,47389994-b201-4bb1-bf91-8bce4dbde510,"[{""answer"":""Today"",""question"":""When did you first notice this issue?""},{""answer"":""Minor — can manage"",""question"":""How severe is the issue?""},{""answer"":""First time"",""question"":""Has this issue happened before?""},{""answer"":""Nothing, happened on its own"",""question"":""Did anything specific trigger this issue?""},{""answer"":""Only my room"",""question"":""Is the issue affecting other rooms or just yours?""}]","{""causes"":[{""cause"":""The cupboard key was not provided during the room handover."",""severity"":""low"",""solution"":""Request the cupboard key from the hostel management or caretaker."",""probability"":0.9,""estimatedCost"":""₹0""},{""cause"":""The cupboard key is misplaced or lost within the room."",""severity"":""low"",""solution"":""Thoroughly search the room for the misplaced key. If not found, request a duplicate from the hostel management."",""probability"":0.1,""estimatedCost"":""₹0 - ₹50 (for a duplicate key if charged)""}],""summary"":""The user was not provided with a cupboard key upon moving into their room. This is a minor issue affecting only their room and occurred today for the first time."",""urgency"":""low"",""recommendedAction"":""Contact hostel management to obtain the cupboard key or a duplicate key.""}",null,completed,2026-05-19 07:26:20.101906+00,2026-05-19 07:26:19.319+00
6626afe8-c3c0-412d-9225-257f1ac6a980,4dc1661f-4f6f-480f-914b-c4c531a02740,00000000-0000-0000-0000-000000000001,bd081ad6-5fe3-4c1d-a919-81b1055efa19,28158382-d5c1-436c-927b-3e3d9855c2af,"[{""answer"":""Entire room"",""question"":""Is the power out in the entire room or just some outlets?""},{""answer"":""Yes, it's on"",""question"":""Have you checked the MCB / circuit breaker?""},{""answer"":""Yes, others have power"",""question"":""Is there power in the common areas or other rooms?""},{""answer"":""Happened suddenly"",""question"":""Did this happen suddenly or after plugging something in?""}]","{""causes"":[{""cause"":""Loose wiring connection in the AC switch or the main power line to the room."",""severity"":""high"",""solution"":""Inspect and tighten all wiring connections in the AC switch and the main power line. This requires a qualified electrician."",""probability"":0.4,""estimatedCost"":""₹300 - ₹700 (Electrician visit and minor repairs)""},{""cause"":""Faulty AC switch."",""severity"":""medium"",""solution"":""Replace the AC switch. This can be done by a qualified electrician."",""probability"":0.3,""estimatedCost"":""₹400 - ₹800 (New switch + Electrician visit)"",""requiredParts"":[{""name"":""AC Switch (16A or 20A, depending on AC capacity)"",""estimatedPrice"":""₹100 - ₹300""}]},{""cause"":""Internal wiring fault or short circuit within the room's electrical circuit."",""severity"":""high"",""solution"":""Thorough inspection of the room's internal wiring to identify and repair the fault. This requires an experienced electrician with proper testing equipment."",""probability"":0.2,""estimatedCost"":""₹800 - ₹2000 (Electrician visit, fault finding, and repair)""},{""cause"":""Faulty main power supply to the room from the distribution board."",""severity"":""high"",""solution"":""Inspect the wiring and connections at the main distribution board for the room. This must be done by a qualified electrician."",""probability"":0.1,""estimatedCost"":""₹500 - ₹1000 (Electrician visit and repair)""}],""summary"":""The entire room has no power, but the MCB is on and other rooms have power. The issue occurred suddenly, suggesting an electrical fault specific to this room's circuit or the AC switch."",""urgency"":""critical"",""recommendedAction"":""Immediately call a qualified electrician to diagnose and fix the issue. Do not attempt to repair electrical faults yourself, as it can be dangerous.""}",null,completed,2026-05-19 08:17:43.5551+00,2026-05-19 08:17:42.846+00
5d7f96e4-057f-4eb2-b0ca-f12544cb812b,2e126a23-8caf-4f95-8de0-b745519555c4,00000000-0000-0000-0000-000000000001,bd081ad6-5fe3-4c1d-a919-81b1055efa19,28158382-d5c1-436c-927b-3e3d9855c2af,"[{""answer"":""Entire room"",""question"":""Is the power out in the entire room or just some outlets?""},{""answer"":""Yes, it's on"",""question"":""Have you checked the MCB / circuit breaker?""},{""answer"":""Yes, others have power"",""question"":""Is there power in the common areas or other rooms?""},{""answer"":""Happened suddenly"",""question"":""Did this happen suddenly or after plugging something in?""}]","{""causes"":[{""cause"":""Faulty voltage regulator/stabilizer for the room."",""severity"":""high"",""solution"":""Inspect and replace the faulty voltage regulator/stabilizer. This might involve checking the input and output voltage of the regulator."",""probability"":0.6,""estimatedCost"":""₹1,500 - ₹4,000"",""requiredParts"":[{""name"":""Voltage Regulator/Stabilizer"",""estimatedPrice"":""₹1,200 - ₹3,500""}]},{""cause"":""Loose or damaged wiring connection to the room's power supply."",""severity"":""medium"",""solution"":""Inspect all wiring connections leading to the room, especially at the distribution board and any junction boxes. Tighten loose connections or repair/replace damaged wires."",""probability"":0.25,""estimatedCost"":""₹500 - ₹1,500"",""requiredParts"":[{""name"":""Electrical wire (per meter)"",""estimatedPrice"":""₹20 - ₹50""},{""name"":""Electrical tape"",""estimatedPrice"":""₹30 - ₹70""},{""name"":""Wire connectors (if needed)"",""estimatedPrice"":""₹5 - ₹15 each""}]},{""cause"":""Internal fault within the room's main distribution board (DB) or a specific circuit breaker for the room, despite appearing 'on'."",""severity"":""high"",""solution"":""A qualified electrician should inspect the room's circuit breaker and the internal wiring of the distribution board. The breaker might need replacement even if it appears to be in the 'on' position."",""probability"":0.1,""estimatedCost"":""₹800 - ₹2,500"",""requiredParts"":[{""name"":""MCB (Miniature Circuit Breaker)"",""estimatedPrice"":""₹200 - ₹800""}]},{""cause"":""Issue with the main power supply line feeding the specific room's circuit from the building's main supply."",""severity"":""high"",""solution"":""This requires a thorough inspection of the building's main electrical system by a certified electrician to trace the power supply to the affected room and identify any breaks or faults."",""probability"":0.05,""estimatedCost"":""₹1,000 - ₹3,000 (for diagnosis and minor repair)"",""requiredParts"":[{""name"":""Various electrical components as per fault"",""estimatedPrice"":""Variable""}]}],""summary"":""The entire room has no power, while other rooms and common areas do. The MCB for the room is in the 'on' position, and the issue occurred suddenly. The 'regulator' mentioned in the issue description likely refers to the overall power supply or a voltage stabilizer for the room, as a fan regulator would only affect the fan."",""urgency"":""critical"",""recommendedAction"":""Immediately contact a qualified electrician to diagnose and rectify the electrical fault. Given that the entire room is without power and other areas are functional, it indicates a localized but significant issue that needs professional attention to ensure safety and restore power.""}",null,completed,2026-05-19 12:18:10.08471+00,2026-05-19 12:18:09.068+00
e44f5c6e-f4f1-4ed2-be4e-100b7418f620,eed88ead-3973-4643-8814-412fdd2ad9be,00000000-0000-0000-0000-000000000001,bd081ad6-5fe3-4c1d-a919-81b1055efa19,a5831922-eaeb-48c2-941c-fd96fae8813d,"[{""answer"":""Yes"",""question"":""Is the AC turning on when you press the power button?""},{""answer"":""No air at all"",""question"":""Is air coming out from the AC vents?""},{""answer"":""Never / Not sure"",""question"":""When was the AC filter last cleaned?""},{""answer"":""No"",""question"":""Is there any water leaking from the AC?""},{""answer"":""Yes"",""question"":""Is the remote control working properly?""}]","{""causes"":[{""cause"":""Blower motor malfunction"",""severity"":""high"",""solution"":""Inspect and replace the blower motor if faulty. Check wiring connections."",""probability"":0.6,""estimatedCost"":""₹2500 - ₹6000"",""requiredParts"":[{""name"":""Blower motor"",""estimatedPrice"":""₹2000 - ₹5000""},{""name"":""Capacitor (if external)"",""estimatedPrice"":""₹300 - ₹800""}]},{""cause"":""Clogged air filter"",""severity"":""medium"",""solution"":""Clean or replace the AC air filter. A heavily clogged filter can restrict airflow significantly."",""probability"":0.2,""estimatedCost"":""₹200 - ₹800"",""requiredParts"":[{""name"":""AC filter"",""estimatedPrice"":""₹200 - ₹800""}]},{""cause"":""Evaporator coil frozen"",""severity"":""high"",""solution"":""Turn off the AC and let the ice melt. Check for refrigerant leaks or issues with the fan motor after thawing."",""probability"":0.15,""estimatedCost"":""₹500 - ₹2000 (for inspection and potential refrigerant top-up)"",""requiredParts"":[]},{""cause"":""Control board or relay issue"",""severity"":""high"",""solution"":""Inspect the control board and relays for any signs of damage or malfunction. Replace if necessary."",""probability"":0.05,""estimatedCost"":""₹1500 - ₹4000"",""requiredParts"":[{""name"":""AC control board"",""estimatedPrice"":""₹1000 - ₹3500""},{""name"":""Relay"",""estimatedPrice"":""₹200 - ₹500""}]}],""summary"":""The AC is turning on but no air is coming out from the vents, indicating a problem with the airflow system. The most probable cause is a faulty blower motor."",""urgency"":""critical"",""recommendedAction"":""Immediately turn off the AC to prevent further damage. A technician should be called to diagnose and repair the blower motor or other airflow issues. Regular cleaning of the AC filter is also recommended.""}",null,completed,2026-05-19 12:20:20.713068+00,2026-05-19 12:20:19.822+00
f367f86a-0d27-4af5-9420-ed3549f5ba64,3617c754-2014-417f-89e9-872fdc322560,00000000-0000-0000-0000-000000000001,bd081ad6-5fe3-4c1d-a919-81b1055efa19,caf6381e-5189-4c1f-bf0a-4dfd99d9b9e7,"[{""answer"":""Today"",""question"":""When did you first notice this issue?""},{""answer"":""Minor — can manage"",""question"":""How severe is the issue?""},{""answer"":""First time"",""question"":""Has this issue happened before?""},{""answer"":""Nothing, happened on its own"",""question"":""Did anything specific trigger this issue?""},{""answer"":""Only my room"",""question"":""Is the issue affecting other rooms or just yours?""}]","{""causes"":[{""cause"":""Residue buildup in the washing machine drum or dispenser. This can happen over time due to detergent, fabric softener, and mineral deposits from water."",""severity"":""medium"",""solution"":""Clean the washing machine thoroughly. Run a hot water cycle with two cups of white vinegar or a washing machine cleaner. For the dispenser, remove and clean it separately with warm soapy water and a brush."",""probability"":0.6,""estimatedCost"":""₹100 - ₹300 (for vinegar/cleaner)""},{""cause"":""Overloading the washing machine. When the machine is overloaded, clothes don't get enough space to agitate properly, leading to inadequate cleaning and dirt redeposition."",""severity"":""low"",""solution"":""Reduce the load size. Ensure there's enough space for clothes to move freely in the drum. Wash clothes in smaller batches if necessary."",""probability"":0.2,""estimatedCost"":""₹0""},{""cause"":""Using too much or too little detergent. Too much detergent can leave residue on clothes, while too little may not be effective in cleaning."",""severity"":""low"",""solution"":""Adjust detergent usage according to the load size and water hardness. Refer to the detergent packaging for recommended amounts. If using liquid detergent, ensure the dispenser is not clogged."",""probability"":0.15,""estimatedCost"":""₹0""},{""cause"":""Clogged washing machine filter. A clogged filter can prevent proper drainage and lead to dirt redeposition on clothes."",""severity"":""medium"",""solution"":""Locate and clean the washing machine filter. Refer to the washing machine manual for instructions on how to access and clean the filter. This usually involves unscrewing a cap and removing any debris."",""probability"":0.05,""estimatedCost"":""₹0""}],""summary"":""The washing machine is not cleaning clothes effectively, and they are coming out dirty. This is a new issue, and it's currently minor, affecting only your room."",""urgency"":""medium"",""recommendedAction"":""Start by cleaning the washing machine drum and dispenser. If the issue persists, try adjusting load sizes and detergent amounts. If still unresolved, check and clean the washing machine filter.""}",null,completed,2026-05-19 12:22:41.719388+00,2026-05-19 12:22:40.753+00
9d6e0dc6-2a5e-48e6-b5ca-f6a9bc58b35a,98d1b7f5-3d99-479d-85a5-0bed2c1b5252,00000000-0000-0000-0000-000000000001,bd081ad6-5fe3-4c1d-a919-81b1055efa19,caf6381e-5189-4c1f-bf0a-4dfd99d9b9e7,"[{""answer"":""Today"",""question"":""When did you first notice this issue?""},{""answer"":""Minor — can manage"",""question"":""How severe is the issue?""},{""answer"":""First time"",""question"":""Has this issue happened before?""},{""answer"":""Nothing, happened on its own"",""question"":""Did anything specific trigger this issue?""},{""answer"":""Only my room"",""question"":""Is the issue affecting other rooms or just yours?""}]","{""causes"":[{""cause"":""Drain hose kinked or bent"",""severity"":""low"",""solution"":""Check the drain hose behind the washing machine and straighten any kinks or bends. Ensure it has a clear path to the drain."",""probability"":0.4,""estimatedCost"":""₹0"",""requiredParts"":[]},{""cause"":""Drain hose clogged with lint or debris"",""severity"":""medium"",""solution"":""Disconnect the drain hose from the washing machine and the drainpipe. Clear any visible clogs using pliers or a snake. Flush with water to ensure it's clear."",""probability"":0.3,""estimatedCost"":""₹0 - ₹100 (for basic tools if needed)"",""requiredParts"":[]},{""cause"":""Washing machine pump filter clogged"",""severity"":""medium"",""solution"":""Locate the pump filter (usually at the bottom front of the machine). Place a shallow pan underneath to catch water. Unscrew and remove the filter, clean out any lint, coins, or debris. Reinsert and tighten."",""probability"":0.2,""estimatedCost"":""₹0"",""requiredParts"":[]},{""cause"":""House drainpipe clogged"",""severity"":""high"",""solution"":""If the above steps don't resolve the issue, the main drainpipe for the balcony or washing machine might be clogged. This may require a plumber to snake the drain."",""probability"":0.1,""estimatedCost"":""₹500 - ₹1500"",""requiredParts"":[{""name"":""Plumber service"",""estimatedPrice"":""₹500 - ₹1500""}]}],""summary"":""The washing machine drain is choked, causing water to overflow onto the balcony. This is a new issue and only affects your room."",""urgency"":""medium"",""recommendedAction"":""Start by checking the drain hose for kinks or clogs, then move on to the pump filter. If the issue persists, a plumber may be needed to clear a deeper drainpipe clog.""}",null,completed,2026-05-19 12:42:37.294916+00,2026-05-19 12:42:36.31+00
340639d9-874d-4de3-93f9-a8acda74c0f3,6655ddc8-ece3-485d-a194-14d08986ba03,00000000-0000-0000-0000-000000000001,bd081ad6-5fe3-4c1d-a919-81b1055efa19,a25aca1b-211b-41d3-ab08-78bd2b9541e8,"[{""answer"":""Today"",""question"":""When did you first notice this issue?""},{""answer"":""Minor — can manage"",""question"":""How severe is the issue?""},{""answer"":""First time"",""question"":""Has this issue happened before?""},{""answer"":""Nothing, happened on its own"",""question"":""Did anything specific trigger this issue?""},{""answer"":""Only my room"",""question"":""Is the issue affecting other rooms or just yours?""}]","{""causes"":[{""cause"":""Hair and soap scum buildup in the drainpipe."",""severity"":""medium"",""solution"":""Use a drain cleaner or a plumbing snake to clear the blockage. For a natural solution, pour a mixture of baking soda and vinegar down the drain, followed by hot water after 30 minutes."",""probability"":0.7,""estimatedCost"":""₹150 - ₹500 for drain cleaner, ₹300 - ₹800 for a basic plumbing snake.""},{""cause"":""Minor clog in the P-trap (the U-shaped pipe under the sink/toilet)."",""severity"":""medium"",""solution"":""Carefully remove the P-trap and clean out any debris. Place a bucket underneath to catch water."",""probability"":0.2,""estimatedCost"":""₹0 (DIY) - ₹300 (if a new P-trap seal is needed).""},{""cause"":""Vent pipe blockage (less likely for a minor, single-room issue)."",""severity"":""low"",""solution"":""Inspect the vent pipe on the roof for obstructions like leaves or bird nests. This usually requires professional help."",""probability"":0.1,""estimatedCost"":""₹1000 - ₹3000 for professional cleaning.""}],""summary"":""The bathroom drain is not draining properly, leading to standing water. This is a new issue and only affects your room."",""urgency"":""medium"",""recommendedAction"":""Start by trying a drain cleaner or a plumbing snake. If the issue persists, inspect the P-trap. If still unresolved, professional help might be needed to check the vent pipe or for more complex clogs.""}",null,completed,2026-05-20 11:59:33.156566+00,2026-05-20 11:59:31.852+00
1f9c6b7d-6da7-44fd-841d-a1273ee01c29,a038450b-915e-4336-ab94-04b54c883858,00000000-0000-0000-0000-000000000001,bd081ad6-5fe3-4c1d-a919-81b1055efa19,28158382-d5c1-436c-927b-3e3d9855c2af,"[{""answer"":""Entire room"",""question"":""Is the power out in the entire room or just some outlets?""},{""answer"":""Yes, it's on"",""question"":""Have you checked the MCB / circuit breaker?""},{""answer"":""Yes, others have power"",""question"":""Is there power in the common areas or other rooms?""},{""answer"":""Happened suddenly"",""question"":""Did this happen suddenly or after plugging something in?""}]","{""causes"":[{""cause"":""Loose wiring or faulty connection in the room's electrical circuit."",""severity"":""high"",""solution"":""Inspect and tighten all electrical connections in the room, including switches, outlets, and the main junction box. If a faulty connection is found, it should be rewired properly."",""probability"":0.6,""estimatedCost"":""₹200 - ₹500 (for electrician's visit and minor repairs)""},{""cause"":""Faulty light switch or outlet."",""severity"":""medium"",""solution"":""Test each light switch and outlet in the room for continuity. Replace any faulty switches or outlets."",""probability"":0.25,""estimatedCost"":""₹100 - ₹300 per switch/outlet (plus electrician's visit)"",""requiredParts"":[{""name"":""Light switch"",""estimatedPrice"":""₹50 - ₹150""},{""name"":""Electrical outlet"",""estimatedPrice"":""₹50 - ₹150""}]},{""cause"":""Damaged electrical wiring within the walls."",""severity"":""high"",""solution"":""This requires a thorough inspection by a qualified electrician to locate and repair or replace the damaged section of wiring. This might involve breaking open a small section of the wall."",""probability"":0.1,""estimatedCost"":""₹1000 - ₹5000+ (depending on the extent of damage and repair difficulty)""},{""cause"":""Issue with the main distribution board (DB) for that specific room's circuit."",""severity"":""high"",""solution"":""An electrician needs to inspect the wiring and connections within the main distribution board to identify and rectify any issues related to the room's circuit."",""probability"":0.05,""estimatedCost"":""₹500 - ₹1500 (for electrician's visit and minor repairs within the DB)""}],""summary"":""The entire room has no power, despite the MCB being on and other rooms having power. This indicates an issue specific to the room's electrical circuit."",""urgency"":""critical"",""recommendedAction"":""Immediately call a qualified electrician to diagnose and repair the electrical issue. Do not attempt to fix it yourself, as it can be dangerous.""}",null,completed,2026-05-20 12:02:42.767473+00,2026-05-20 12:02:41.508+00
ecb9de1e-54fc-4f70-b08b-dd79d44e42f7,7c159bf0-6ac6-4788-984f-258e0cd2aa6f,00000000-0000-0000-0000-000000000001,bd081ad6-5fe3-4c1d-a919-81b1055efa19,47389994-b201-4bb1-bf91-8bce4dbde510,"[{""answer"":""Yesterday"",""question"":""When did you first notice this issue?""},{""answer"":""Minor — can manage"",""question"":""How severe is the issue?""},{""answer"":""First time"",""question"":""Has this issue happened before?""},{""answer"":""Nothing, happened on its own"",""question"":""Did anything specific trigger this issue?""},{""answer"":""Only my room"",""question"":""Is the issue affecting other rooms or just yours?""}]","{""causes"":[{""cause"":""Wear and tear of the existing balcony net due to weather exposure or age."",""severity"":""medium"",""solution"":""Replace the damaged section of the balcony net or the entire net if the damage is extensive."",""probability"":0.7,""estimatedCost"":""₹300 - ₹800"",""requiredParts"":[{""name"":""Balcony safety net (per square foot)"",""estimatedPrice"":""₹20 - ₹50""},{""name"":""Fasteners/Hooks (if needed)"",""estimatedPrice"":""₹50 - ₹100""}]},{""cause"":""Improper installation of the balcony net, leading to loosening or tearing."",""severity"":""medium"",""solution"":""Re-install the balcony net securely, ensuring proper tension and fastening."",""probability"":0.2,""estimatedCost"":""₹200 - ₹500"",""requiredParts"":[{""name"":""Fasteners/Hooks (if needed)"",""estimatedPrice"":""₹50 - ₹100""}]},{""cause"":""Accidental damage to the net (e.g., by a bird, pet, or object)."",""severity"":""low"",""solution"":""Patch the damaged area if small, or replace the section if the damage is significant."",""probability"":0.1,""estimatedCost"":""₹100 - ₹300"",""requiredParts"":[{""name"":""Balcony safety net patch kit"",""estimatedPrice"":""₹50 - ₹150""}]}],""summary"":""The balcony net in your room needs to be fixed. It was noticed yesterday and is a minor issue affecting only your room. This is the first time this issue has occurred."",""urgency"":""low"",""recommendedAction"":""Inspect the balcony net to determine the extent of the damage. Based on the assessment, either repair the damaged section or replace the entire net. It is recommended to address this soon to maintain safety and prevent further damage.""}",null,completed,2026-05-20 13:46:06.575036+00,2026-05-20 13:46:05.746+00
134abac0-3c69-4c15-b765-dda554f0cead,1b950245-c697-47aa-a34d-c8c230097405,00000000-0000-0000-0000-000000000001,bd081ad6-5fe3-4c1d-a919-81b1055efa19,a5831922-eaeb-48c2-941c-fd96fae8813d,"[{""answer"":""Yes"",""question"":""Is the AC turning on when you press the power button?""},{""answer"":""No air at all"",""question"":""Is air coming out from the AC vents?""},{""answer"":""Never / Not sure"",""question"":""When was the AC filter last cleaned?""},{""answer"":""No"",""question"":""Is there any water leaking from the AC?""},{""answer"":""Yes"",""question"":""Is the remote control working properly?""}]","{""causes"":[{""cause"":""Frozen evaporator coil due to low refrigerant or restricted airflow."",""severity"":""high"",""solution"":""Thaw the evaporator coil, check refrigerant levels, and clean or replace the air filter. If refrigerant is low, a leak detection and repair will be necessary."",""probability"":0.7,""estimatedCost"":""₹1500 - ₹4000"",""requiredParts"":[{""name"":""AC filter"",""estimatedPrice"":""₹300 - ₹800""},{""name"":""Refrigerant gas (if leak found)"",""estimatedPrice"":""₹1000 - ₹2500""}]},{""cause"":""Faulty blower motor or capacitor preventing air circulation."",""severity"":""high"",""solution"":""Inspect and test the blower motor and capacitor. Replace if faulty."",""probability"":0.2,""estimatedCost"":""₹2000 - ₹6000"",""requiredParts"":[{""name"":""Blower motor"",""estimatedPrice"":""₹1500 - ₹4000""},{""name"":""Capacitor"",""estimatedPrice"":""₹500 - ₹1000""}]},{""cause"":""Clogged condensate drain line causing water backup and freezing."",""severity"":""medium"",""solution"":""Clear the condensate drain line of any blockages."",""probability"":0.1,""estimatedCost"":""₹500 - ₹1500""}],""summary"":""The AC is turning on but no air is coming out, and water is dripping from the indoor unit due to ice formation. This indicates a problem with airflow or refrigerant."",""urgency"":""critical"",""recommendedAction"":""Immediately turn off the AC unit to prevent further damage. A qualified AC technician should inspect the unit to diagnose and repair the issue. Additionally, the water seepage between the tile and wood needs to be addressed by re-grouting to prevent further damage to the flooring and potential mold growth.""}",null,completed,2026-05-20 13:48:21.536252+00,2026-05-20 13:48:21.349+00
9ef5a410-1694-4c58-a9d2-9e0009efd99f,c9127618-abb9-4756-bae1-5ac6e8ed51c6,00000000-0000-0000-0000-000000000001,bd081ad6-5fe3-4c1d-a919-81b1055efa19,a5831922-eaeb-48c2-941c-fd96fae8813d,"[{""answer"":""Yes"",""question"":""Is the AC turning on when you press the power button?""},{""answer"":""No air at all"",""question"":""Is air coming out from the AC vents?""},{""answer"":""Never / Not sure"",""question"":""When was the AC filter last cleaned?""},{""answer"":""No"",""question"":""Is there any water leaking from the AC?""},{""answer"":""Yes"",""question"":""Is the remote control working properly?""}]","{""causes"":[{""cause"":""Blocked AC drain pipe causing water to overflow onto the balcony."",""severity"":""high"",""solution"":""Reroute the AC drain pipe to a proper drainage system. Clean the existing drain pipe to ensure there are no blockages. Install a new, longer drain pipe if necessary to reach the designated drainage point."",""probability"":0.8,""estimatedCost"":""₹500 - ₹1500"",""requiredParts"":[{""name"":""PVC pipe (appropriate diameter and length)"",""estimatedPrice"":""₹200 - ₹800""},{""name"":""Pipe clamps/fittings"",""estimatedPrice"":""₹100 - ₹300""},{""name"":""Drain cleaner (optional)"",""estimatedPrice"":""₹100 - ₹200""}]},{""cause"":""Improper installation of the AC drain pipe, leading to water spillage."",""severity"":""medium"",""solution"":""Re-install the AC drain pipe with proper slope and secure connections to prevent water leakage and ensure efficient drainage. Ensure the drain pipe is directed to a designated drainage point and not onto the balcony."",""probability"":0.15,""estimatedCost"":""₹300 - ₹1000"",""requiredParts"":[{""name"":""Pipe sealant/tape"",""estimatedPrice"":""₹50 - ₹150""},{""name"":""Pipe clamps/fittings"",""estimatedPrice"":""₹100 - ₹300""}]},{""cause"":""Damaged or cracked AC drain pan/pipe allowing water to escape."",""severity"":""medium"",""solution"":""Inspect the AC drain pan and pipe for any damage. Repair or replace the damaged components. Ensure all connections are sealed properly."",""probability"":0.05,""estimatedCost"":""₹500 - ₹2000"",""requiredParts"":[{""name"":""AC drain pan (if damaged)"",""estimatedPrice"":""₹300 - ₹1000""},{""name"":""PVC pipe (if damaged)"",""estimatedPrice"":""₹200 - ₹800""},{""name"":""Pipe sealant/tape"",""estimatedPrice"":""₹50 - ₹150""}]}],""summary"":""The AC drain from the upper floor is currently discharging onto the balcony, causing water logging and potential damage to the floor and tiles. The primary issue is the improper routing of the AC drain."",""urgency"":""high"",""recommendedAction"":""Immediately reroute the AC drain pipe to a proper drainage system to prevent further water damage and maintain hygiene. Clean the existing drain pipe and ensure proper installation to avoid future issues.""}",null,completed,2026-05-20 13:50:20.99072+00,2026-05-20 13:50:20.83+00
c52146ba-4d36-4a28-912a-844f9b8da2d2,65de8cca-e13c-44ee-8b37-0a8f33e93223,00000000-0000-0000-0000-000000000001,bd081ad6-5fe3-4c1d-a919-81b1055efa19,a5831922-eaeb-48c2-941c-fd96fae8813d,"[{""answer"":""Yes"",""question"":""Is the AC turning on when you press the power button?""},{""answer"":""No air at all"",""question"":""Is air coming out from the AC vents?""},{""answer"":""Never / Not sure"",""question"":""When was the AC filter last cleaned?""},{""answer"":""No"",""question"":""Is there any water leaking from the AC?""},{""answer"":""Yes"",""question"":""Is the remote control working properly?""}]","{""causes"":[{""cause"":""Clogged AC filter and/or evaporator coil"",""severity"":""high"",""solution"":""Clean or replace AC filter and clean the evaporator coil. This will improve airflow and cooling efficiency."",""probability"":0.7,""estimatedCost"":""₹500 - ₹1500"",""requiredParts"":[{""name"":""AC filter"",""estimatedPrice"":""₹200 - ₹800""},{""name"":""Coil cleaning spray"",""estimatedPrice"":""₹300 - ₹700""}]},{""cause"":""Faulty blower motor or capacitor"",""severity"":""high"",""solution"":""Inspect and replace the blower motor or its capacitor if found faulty. This is responsible for air circulation."",""probability"":0.2,""estimatedCost"":""₹2000 - ₹6000"",""requiredParts"":[{""name"":""Blower motor"",""estimatedPrice"":""₹1500 - ₹4000""},{""name"":""Capacitor"",""estimatedPrice"":""₹500 - ₹1000""}]},{""cause"":""Blocked condensate drain line"",""severity"":""medium"",""solution"":""Clear the blockage in the condensate drain line. This will resolve the water leakage issue."",""probability"":0.1,""estimatedCost"":""₹300 - ₹800"",""requiredParts"":[]}],""summary"":""The AC is not cooling and no air is coming from the vents. The primary issue seems to be related to airflow, likely due to a clogged filter or a problem with the blower motor. Water leakage is also reported, which could be due to a blocked drain line."",""urgency"":""high"",""recommendedAction"":""Immediately arrange for an AC technician to inspect the unit, focusing on the filter, evaporator coil, blower motor, and condensate drain line. Cleaning/replacement of the filter and coil should be the first step, followed by checking the blower motor and drain line if the issue persists.""}",null,completed,2026-05-20 13:52:17.651002+00,2026-05-20 13:52:17.303+00
24254d0a-7ceb-4a37-b971-edcef89a4961,6d5795dc-528f-4803-9e0f-be060bc4f7af,00000000-0000-0000-0000-000000000001,bd081ad6-5fe3-4c1d-a919-81b1055efa19,e2aa2aaa-8af6-4807-9a4e-7665c5421eed,"[{""answer"":""Today"",""question"":""When did you first notice this issue?""},{""answer"":""Minor — can manage"",""question"":""How severe is the issue?""},{""answer"":""First time"",""question"":""Has this issue happened before?""},{""answer"":""Nothing, happened on its own"",""question"":""Did anything specific trigger this issue?""},{""answer"":""Only my room"",""question"":""Is the issue affecting other rooms or just yours?""}]","{""causes"":[{""cause"":""Lack of individual study furniture for the tenant."",""severity"":""medium"",""solution"":""Provide a dedicated table and chair for the tenant's room."",""probability"":1,""estimatedCost"":""₹1,500 - ₹4,000"",""requiredParts"":[{""name"":""Study Table"",""estimatedPrice"":""₹1,000 - ₹2,500""},{""name"":""Chair"",""estimatedPrice"":""₹500 - ₹1,500""}]}],""summary"":""The tenant requires a dedicated table and chair for individual study and work-from-home purposes, as they are currently using a small, inadequate table while other flatmates have proper setups. This is a new issue and affects only their room."",""urgency"":""medium"",""recommendedAction"":""Procure and provide a study table and chair to the tenant's room as soon as possible. Check previous email correspondence regarding this request.""}",null,completed,2026-05-20 13:54:58.507958+00,2026-05-20 13:54:58.169+00
97028fff-5fdf-4bae-bcf6-a784cdd302d1,8d86ddd2-88ae-48c2-8c5d-dfa12df947e1,00000000-0000-0000-0000-000000000001,bd081ad6-5fe3-4c1d-a919-81b1055efa19,a5831922-eaeb-48c2-941c-fd96fae8813d,"[{""answer"":""Yes"",""question"":""Is the AC turning on when you press the power button?""},{""answer"":""No air at all"",""question"":""Is air coming out from the AC vents?""},{""answer"":""Never / Not sure"",""question"":""When was the AC filter last cleaned?""},{""answer"":""No"",""question"":""Is there any water leaking from the AC?""},{""answer"":""Yes"",""question"":""Is the remote control working properly?""}]","{""causes"":[{""cause"":""Clogged AC filter"",""severity"":""medium"",""solution"":""Clean or replace the AC filter. This can restrict airflow significantly."",""probability"":0.6,""estimatedCost"":""₹200 - ₹500 (for cleaning) / ₹500 - ₹1500 (for replacement)"",""requiredParts"":[{""name"":""AC filter"",""estimatedPrice"":""₹500 - ₹1500 (if replacement needed)""}]},{""cause"":""Blower motor malfunction"",""severity"":""high"",""solution"":""The blower motor might be faulty and unable to push air. This will require inspection and potential replacement by a technician."",""probability"":0.2,""estimatedCost"":""₹2000 - ₹5000 (for repair/replacement, including technician visit)"",""requiredParts"":[{""name"":""Blower motor"",""estimatedPrice"":""₹1500 - ₹3500 (if replacement needed)""}]},{""cause"":""Capacitor issue"",""severity"":""medium"",""solution"":""A faulty capacitor can prevent the blower motor from starting. This needs to be checked and replaced by a technician."",""probability"":0.1,""estimatedCost"":""₹800 - ₹1500 (for replacement, including technician visit)"",""requiredParts"":[{""name"":""AC capacitor"",""estimatedPrice"":""₹300 - ₹700""}]},{""cause"":""Thermostat or control board issue"",""severity"":""high"",""solution"":""There might be an issue with the thermostat not sending the signal to the blower, or a problem with the AC's control board. This requires professional diagnosis and repair."",""probability"":0.1,""estimatedCost"":""₹1500 - ₹4000 (for repair/replacement, including technician visit)"",""requiredParts"":[{""name"":""Thermostat/Control board"",""estimatedPrice"":""₹1000 - ₹3000 (if replacement needed)""}]}],""summary"":""The AC is turning on but no air is coming out from the vents, and the filter hasn't been cleaned recently. The most probable cause is a clogged AC filter, followed by issues with the blower motor or electrical components."",""urgency"":""high"",""recommendedAction"":""First, clean or replace the AC filter. If the issue persists, a qualified AC technician should inspect the blower motor, capacitor, and control board to identify and fix the problem.""}",null,completed,2026-05-20 13:57:17.316416+00,2026-05-20 13:57:16.481+00
bf15970e-c604-4be2-95b0-11215ccf2f35,6178a47c-c209-4050-bbd3-46234b2010e5,00000000-0000-0000-0000-000000000001,bd081ad6-5fe3-4c1d-a919-81b1055efa19,a25aca1b-211b-41d3-ab08-78bd2b9541e8,"[{""answer"":""Yesterday"",""question"":""When did you first notice this issue?""},{""answer"":""Minor — can manage"",""question"":""How severe is the issue?""},{""answer"":""First time"",""question"":""Has this issue happened before?""},{""answer"":""Nothing, happened on its own"",""question"":""Did anything specific trigger this issue?""},{""answer"":""Only my room"",""question"":""Is the issue affecting other rooms or just yours?""}]","{""causes"":[{""cause"":""Mineral buildup in showerhead"",""severity"":""medium"",""solution"":""Clean the showerhead by soaking it in a descaling solution (e.g., vinegar)."",""probability"":0.7,""estimatedCost"":""₹50 - ₹100"",""requiredParts"":[{""name"":""White Vinegar"",""estimatedPrice"":""₹50""}]},{""cause"":""Kink or blockage in the shower hose"",""severity"":""low"",""solution"":""Inspect the shower hose for any kinks or blockages. Straighten the hose or clear any visible obstructions."",""probability"":0.2,""estimatedCost"":""₹0""},{""cause"":""Low water pressure in the building"",""severity"":""medium"",""solution"":""Check if other water outlets in your room or building are experiencing low water pressure. If so, the issue might be with the building's water supply."",""probability"":0.1,""estimatedCost"":""₹0""}],""summary"":""The shower head is partially blocked, leading to weak water flow and water coming out from only a few holes. The most likely cause is mineral buildup."",""urgency"":""low"",""recommendedAction"":""First, try cleaning the showerhead with vinegar. If the issue persists, inspect the shower hose for kinks. If both steps don't resolve the problem, it might be a building-wide water pressure issue that needs to be reported to maintenance.""}",null,completed,2026-05-22 05:44:52.040357+00,2026-05-22 05:44:51.015+00
d8d475b4-af66-43ec-8109-663d3cef594b,edd4ab1d-1d4d-4acd-9e82-f4fcc0e3288a,00000000-0000-0000-0000-000000000001,bd081ad6-5fe3-4c1d-a919-81b1055efa19,a25aca1b-211b-41d3-ab08-78bd2b9541e8,"[{""answer"":""Yesterday"",""question"":""When did you first notice this issue?""},{""answer"":""Minor — can manage"",""question"":""How severe is the issue?""},{""answer"":""First time"",""question"":""Has this issue happened before?""},{""answer"":""Nothing, happened on its own"",""question"":""Did anything specific trigger this issue?""},{""answer"":""Only my room"",""question"":""Is the issue affecting other rooms or just yours?""}]","{""causes"":[{""cause"":""Hair and soap scum buildup in the wash basin drain."",""severity"":""medium"",""solution"":""Clear the drain using a drain snake or a chemical drain cleaner. For a more permanent solution, consider installing a drain protector."",""probability"":0.7,""estimatedCost"":""INR 150 - INR 500"",""requiredParts"":[{""name"":""Drain snake (if not available)"",""estimatedPrice"":""INR 200 - INR 400""},{""name"":""Chemical drain cleaner (optional)"",""estimatedPrice"":""INR 150 - INR 300""}]},{""cause"":""Mineral buildup (limescale) in the showerhead."",""severity"":""low"",""solution"":""Descale the showerhead by soaking it in a vinegar solution or a commercial descaling agent. Regularly clean the showerhead to prevent future buildup."",""probability"":0.8,""estimatedCost"":""INR 50 - INR 200"",""requiredParts"":[{""name"":""White vinegar (if not available)"",""estimatedPrice"":""INR 50 - INR 100""},{""name"":""Descaling agent (optional)"",""estimatedPrice"":""INR 100 - INR 200""}]},{""cause"":""Minor obstruction in the wash basin's P-trap."",""severity"":""medium"",""solution"":""Manually remove the P-trap and clear any blockages. This might require basic plumbing tools."",""probability"":0.2,""estimatedCost"":""INR 0 - INR 100 (if tools are available)"",""requiredParts"":[]}],""summary"":""The wash basin drain is partially blocked, likely due to hair and soap scum. The showerhead has reduced water flow, probably due to mineral buildup. These are common issues and are relatively easy to fix."",""urgency"":""medium"",""recommendedAction"":""Address the wash basin drain blockage first to prevent it from worsening. Then, clean the showerhead. Both can be done with readily available household items or inexpensive tools. If the issues persist after initial attempts, a plumber might be needed for the wash basin drain.""}",null,completed,2026-05-22 05:47:17.547719+00,2026-05-22 05:47:15.515+00
3b9f9ab9-1a87-45fb-9519-ab2d25002889,5dbc9be1-a8a1-487f-84b3-2100742c5039,00000000-0000-0000-0000-000000000001,bd081ad6-5fe3-4c1d-a919-81b1055efa19,a5831922-eaeb-48c2-941c-fd96fae8813d,"[{""answer"":""Yes"",""question"":""Is the AC turning on when you press the power button?""},{""answer"":""No air at all"",""question"":""Is air coming out from the AC vents?""},{""answer"":""Never / Not sure"",""question"":""When was the AC filter last cleaned?""},{""answer"":""No"",""question"":""Is there any water leaking from the AC?""},{""answer"":""Yes"",""question"":""Is the remote control working properly?""}]","{""causes"":[{""cause"":""Clogged AC filter"",""severity"":""medium"",""solution"":""Clean or replace the AC filter. A clogged filter restricts airflow, causing the unit to freeze up and stop blowing air."",""probability"":0.6,""estimatedCost"":""₹200 - ₹500 (for cleaning) / ₹500 - ₹1500 (for replacement)"",""requiredParts"":[{""name"":""AC filter"",""estimatedPrice"":""₹500 - ₹1500""}]},{""cause"":""Frozen evaporator coil"",""severity"":""high"",""solution"":""Turn off the AC and let the coil thaw. This often happens due to low refrigerant, a dirty filter, or a malfunctioning blower motor. Once thawed, check for other underlying issues."",""probability"":0.25,""estimatedCost"":""₹0 (for thawing) + cost of addressing underlying issue (e.g., refrigerant refill: ₹1500 - ₹3000, blower motor repair: ₹1000 - ₹4000)"",""requiredParts"":[{""name"":""Refrigerant"",""estimatedPrice"":""₹1500 - ₹3000 (if low)""}]},{""cause"":""Blower motor malfunction"",""severity"":""high"",""solution"":""Inspect and repair/replace the blower motor. If the motor isn't working, no air will be circulated."",""probability"":0.1,""estimatedCost"":""₹1000 - ₹4000 (repair) / ₹5000 - ₹10000 (replacement)"",""requiredParts"":[{""name"":""Blower motor"",""estimatedPrice"":""₹5000 - ₹10000 (if replacement needed)""}]},{""cause"":""Thermostat malfunction"",""severity"":""low"",""solution"":""Check thermostat settings and battery. If issues persist, replace the thermostat."",""probability"":0.05,""estimatedCost"":""₹0 (settings check) / ₹500 - ₹2000 (replacement)"",""requiredParts"":[{""name"":""Thermostat"",""estimatedPrice"":""₹500 - ₹2000 (if replacement needed)""}]}],""summary"":""The AC unit turns on but no air is coming out from the vents. The AC filter has never been cleaned or the cleaning history is unknown."",""urgency"":""high"",""recommendedAction"":""First, check and clean/replace the AC filter. If the issue persists, turn off the AC for a few hours to allow any potential ice buildup on the evaporator coil to melt. If still no air, further inspection by a technician for blower motor or refrigerant issues is recommended.""}",null,completed,2026-05-22 10:18:32.578173+00,2026-05-22 10:18:31.257+00
bbdd5be3-dfa7-474a-91e3-797e944bff67,fee940e2-83d1-4749-ab17-a7df7d3e1905,00000000-0000-0000-0000-000000000001,bd081ad6-5fe3-4c1d-a919-81b1055efa19,28158382-d5c1-436c-927b-3e3d9855c2af,"[{""answer"":""Entire room"",""question"":""Is the power out in the entire room or just some outlets?""},{""answer"":""Yes, it's on"",""question"":""Have you checked the MCB / circuit breaker?""},{""answer"":""Yes, others have power"",""question"":""Is there power in the common areas or other rooms?""},{""answer"":""Happened suddenly"",""question"":""Did this happen suddenly or after plugging something in?""}]","{""causes"":[{""cause"":""Tripped circuit breaker (MCB) for the specific flat, despite appearing 'on'."",""severity"":""high"",""solution"":""Manually switch the MCB off and then firmly back on. Sometimes, an MCB can appear to be on but has internally tripped."",""probability"":0.6,""estimatedCost"":""₹0"",""requiredParts"":[]},{""cause"":""Loose wiring connection at the MCB or within the flat's distribution board."",""severity"":""high"",""solution"":""A qualified electrician needs to inspect and tighten all connections in the distribution board and at the MCB. This requires caution and expertise."",""probability"":0.2,""estimatedCost"":""₹200 - ₹500 (Electrician visit charge)"",""requiredParts"":[]},{""cause"":""Faulty MCB."",""severity"":""high"",""solution"":""The faulty MCB needs to be replaced by a qualified electrician."",""probability"":0.15,""estimatedCost"":""₹300 - ₹800 (MCB cost) + ₹200 - ₹500 (Electrician visit charge)"",""requiredParts"":[{""name"":""MCB (Miniature Circuit Breaker)"",""estimatedPrice"":""₹300 - ₹800""}]},{""cause"":""Open circuit or break in the main power line supplying the flat."",""severity"":""high"",""solution"":""This requires a thorough inspection of the wiring from the main building supply to the flat's distribution board by an electrician to locate and repair the break."",""probability"":0.05,""estimatedCost"":""₹500 - ₹1500+ (Electrician visit and repair, depending on complexity)"",""requiredParts"":[{""name"":""Electrical wire/cable (if replacement is needed)"",""estimatedPrice"":""₹50 - ₹200 per meter""}]}],""summary"":""The entire room has no power, while other areas of the building do. The MCB appears to be on, and the issue occurred suddenly. This indicates a problem specific to the flat's electrical supply."",""urgency"":""critical"",""recommendedAction"":""First, try resetting the MCB by switching it completely off and then firmly back on. If this doesn't resolve the issue, immediately contact a qualified electrician to diagnose and repair the fault. Do not attempt to open the distribution board or tamper with wiring yourself due to safety risks.""}",null,completed,2026-05-22 10:22:40.121107+00,2026-05-22 10:22:38.592+00
56f1a0bb-64e2-4426-aa79-01009a747ae1,7c2663ac-612b-417d-9bf7-5e6ac8d3efe5,00000000-0000-0000-0000-000000000001,bd081ad6-5fe3-4c1d-a919-81b1055efa19,a5831922-eaeb-48c2-941c-fd96fae8813d,"[{""answer"":""Yes"",""question"":""Is the AC turning on when you press the power button?""},{""answer"":""No air at all"",""question"":""Is air coming out from the AC vents?""},{""answer"":""Never / Not sure"",""question"":""When was the AC filter last cleaned?""},{""answer"":""No"",""question"":""Is there any water leaking from the AC?""},{""answer"":""Yes"",""question"":""Is the remote control working properly?""}]","{""causes"":[{""cause"":""Clogged AC filter"",""severity"":""medium"",""solution"":""Clean or replace the AC filter. A clogged filter restricts airflow, causing the AC to not blow air effectively."",""probability"":0.6,""estimatedCost"":""₹200 - ₹500 (for cleaning) / ₹500 - ₹1500 (for replacement)"",""requiredParts"":[{""name"":""AC filter"",""estimatedPrice"":""₹500 - ₹1500""}]},{""cause"":""Faulty blower motor"",""severity"":""high"",""solution"":""Inspect and repair or replace the blower motor. The blower motor is responsible for pushing air through the vents."",""probability"":0.2,""estimatedCost"":""₹2000 - ₹5000"",""requiredParts"":[{""name"":""Blower motor"",""estimatedPrice"":""₹1500 - ₹4000""}]},{""cause"":""Capacitor issue"",""severity"":""medium"",""solution"":""Check and replace the capacitor if it's faulty. A bad capacitor can prevent the blower motor from starting."",""probability"":0.1,""estimatedCost"":""₹800 - ₹1500"",""requiredParts"":[{""name"":""AC capacitor"",""estimatedPrice"":""₹300 - ₹800""}]},{""cause"":""Thermostat malfunction"",""severity"":""low"",""solution"":""Verify thermostat settings and functionality. A faulty thermostat might not be signaling the AC to blow air."",""probability"":0.1,""estimatedCost"":""₹500 - ₹2000 (for repair/replacement if needed)"",""requiredParts"":[{""name"":""Thermostat"",""estimatedPrice"":""₹1000 - ₹3000""}]}],""summary"":""The AC unit turns on, but no air is coming out from the vents. The most probable cause is a clogged AC filter, followed by a faulty blower motor or capacitor issue."",""urgency"":""high"",""recommendedAction"":""First, clean or replace the AC filter. If the issue persists, a technician should inspect the blower motor and capacitor.""}",null,completed,2026-05-22 10:25:17.454071+00,2026-05-22 10:25:16.552+00
fcad45d3-9a9b-44b2-9bfe-a98133eb20b4,9351a6f4-4c82-419b-a851-61ee8fd6b403,00000000-0000-0000-0000-000000000001,bd081ad6-5fe3-4c1d-a919-81b1055efa19,a5831922-eaeb-48c2-941c-fd96fae8813d,"[{""answer"":""Yes"",""question"":""Is the AC turning on when you press the power button?""},{""answer"":""No air at all"",""question"":""Is air coming out from the AC vents?""},{""answer"":""Never / Not sure"",""question"":""When was the AC filter last cleaned?""},{""answer"":""No"",""question"":""Is there any water leaking from the AC?""},{""answer"":""Yes"",""question"":""Is the remote control working properly?""}]","{""causes"":[{""cause"":""Blower motor malfunction"",""severity"":""high"",""solution"":""Inspect and repair/replace the blower motor."",""probability"":0.6,""estimatedCost"":""INR 2000 - INR 5000"",""requiredParts"":[{""name"":""Blower motor"",""estimatedPrice"":""INR 1500 - INR 4000""}]},{""cause"":""Blocked air filter"",""severity"":""medium"",""solution"":""Clean or replace the air filter."",""probability"":0.3,""estimatedCost"":""INR 200 - INR 500"",""requiredParts"":[{""name"":""AC filter"",""estimatedPrice"":""INR 100 - INR 300""}]},{""cause"":""Faulty thermostat/control board"",""severity"":""medium"",""solution"":""Inspect and repair/replace the thermostat or control board."",""probability"":0.1,""estimatedCost"":""INR 1000 - INR 3000"",""requiredParts"":[{""name"":""Thermostat/Control board"",""estimatedPrice"":""INR 800 - INR 2500""}]}],""summary"":""The AC is not blowing any air, indicating a problem with the airflow system. The most probable cause is a malfunctioning blower motor."",""urgency"":""high"",""recommendedAction"":""Schedule an immediate inspection by an AC technician to diagnose and fix the airflow issue. Prioritize checking the blower motor and the air filter.""}",null,completed,2026-05-22 10:28:44.330549+00,2026-05-22 10:28:43.411+00
d3081c4f-14cc-4d32-a686-60e382032159,206f2473-1864-4ba9-ae6a-109ee0fa0150,00000000-0000-0000-0000-000000000001,bd081ad6-5fe3-4c1d-a919-81b1055efa19,a5831922-eaeb-48c2-941c-fd96fae8813d,"[{""answer"":""Yes"",""question"":""Is the AC turning on when you press the power button?""},{""answer"":""No air at all"",""question"":""Is air coming out from the AC vents?""},{""answer"":""Never / Not sure"",""question"":""When was the AC filter last cleaned?""},{""answer"":""Yes"",""question"":""Is there any water leaking from the AC?""},{""answer"":""Yes"",""question"":""Is the remote control working properly?""}]","{""causes"":[{""cause"":""Clogged AC filter"",""severity"":""high"",""solution"":""Clean or replace the AC filter. This can be done by the user or a technician."",""probability"":0.6,""estimatedCost"":""₹200 - ₹500 (for cleaning) / ₹500 - ₹1500 (for replacement)"",""requiredParts"":[{""name"":""AC filter"",""estimatedPrice"":""₹500 - ₹1500""}]},{""cause"":""Blocked condensate drain line"",""severity"":""high"",""solution"":""Clear the blockage in the condensate drain line. This usually requires a technician."",""probability"":0.25,""estimatedCost"":""₹500 - ₹1500"",""requiredParts"":[]},{""cause"":""Frozen evaporator coil"",""severity"":""high"",""solution"":""Thaw the evaporator coil and identify the cause of freezing (e.g., low refrigerant, dirty filter). This requires a technician."",""probability"":0.1,""estimatedCost"":""₹1000 - ₹3000"",""requiredParts"":[]},{""cause"":""Faulty blower motor"",""severity"":""high"",""solution"":""Inspect and repair or replace the blower motor. This requires a technician."",""probability"":0.05,""estimatedCost"":""₹2000 - ₹5000"",""requiredParts"":[{""name"":""Blower motor"",""estimatedPrice"":""₹1500 - ₹4000""}]}],""summary"":""The AC is leaking water and no air is coming from the vents, despite the unit turning on. The filter has not been cleaned."",""urgency"":""critical"",""recommendedAction"":""Immediately turn off the AC unit to prevent further damage. A technician should be called as soon as possible to diagnose and fix the issue. Start by checking and cleaning the AC filter yourself if you are comfortable, as this is the most probable and easiest fix.""}",null,completed,2026-05-22 10:30:57.499254+00,2026-05-22 10:30:56.631+00
cf851d8e-25f6-48a1-928c-9fec1aa789f1,793f193e-cb76-43f3-991d-36b8179160da,00000000-0000-0000-0000-000000000001,bd081ad6-5fe3-4c1d-a919-81b1055efa19,a5831922-eaeb-48c2-941c-fd96fae8813d,"[{""answer"":""Yes"",""question"":""Is the AC turning on when you press the power button?""},{""answer"":""No air at all"",""question"":""Is air coming out from the AC vents?""},{""answer"":""Never / Not sure"",""question"":""When was the AC filter last cleaned?""},{""answer"":""No"",""question"":""Is there any water leaking from the AC?""},{""answer"":""Yes"",""question"":""Is the remote control working properly?""}]","{""causes"":[{""cause"":""Blower motor malfunction"",""severity"":""high"",""solution"":""Inspect and repair/replace the blower motor. Check for obstructions in the blower assembly."",""probability"":0.6,""estimatedCost"":""₹2500 - ₹7000"",""requiredParts"":[{""name"":""Blower Motor"",""estimatedPrice"":""₹2000 - ₹5000""},{""name"":""Capacitor (if applicable)"",""estimatedPrice"":""₹300 - ₹800""}]},{""cause"":""Clogged air filter"",""severity"":""medium"",""solution"":""Clean or replace the AC air filter. A severely clogged filter can restrict airflow completely."",""probability"":0.3,""estimatedCost"":""₹200 - ₹800"",""requiredParts"":[{""name"":""AC Air Filter"",""estimatedPrice"":""₹200 - ₹800""}]},{""cause"":""Faulty fan relay or control board"",""severity"":""high"",""solution"":""Inspect and test the fan relay and control board. Replace if found faulty."",""probability"":0.1,""estimatedCost"":""₹1500 - ₹5000"",""requiredParts"":[{""name"":""Fan Relay"",""estimatedPrice"":""₹500 - ₹1500""},{""name"":""Control Board"",""estimatedPrice"":""₹1000 - ₹3500""}]}],""summary"":""The AC is turning on but no air is coming out from the vents, indicating a problem with the airflow system. The most probable cause is a blower motor malfunction or a severely clogged air filter."",""urgency"":""high"",""recommendedAction"":""Immediately arrange for an AC technician to inspect the blower motor, air filter, and related electrical components. Continued operation without airflow can damage the AC unit further.""}",null,completed,2026-05-22 10:33:51.805084+00,2026-05-22 10:33:50.783+00
d1bc63f6-53b3-415c-9973-b212bfdf7cfe,fbfcd225-fb5b-43dc-b136-702c313ae190,00000000-0000-0000-0000-000000000001,bd081ad6-5fe3-4c1d-a919-81b1055efa19,28158382-d5c1-436c-927b-3e3d9855c2af,"[{""answer"":""Entire room"",""question"":""Is the power out in the entire room or just some outlets?""},{""answer"":""Yes, it's on"",""question"":""Have you checked the MCB / circuit breaker?""},{""answer"":""Yes, others have power"",""question"":""Is there power in the common areas or other rooms?""},{""answer"":""Happened suddenly"",""question"":""Did this happen suddenly or after plugging something in?""}]","{""causes"":[{""cause"":""Faulty electric switch"",""severity"":""medium"",""solution"":""Replace the faulty electric switch with a new one."",""probability"":0.7,""estimatedCost"":""₹150 - ₹300"",""requiredParts"":[{""name"":""Electric switch"",""estimatedPrice"":""₹100 - ₹250""}]},{""cause"":""Loose wiring connection at the switch"",""severity"":""medium"",""solution"":""Inspect and tighten the wiring connections at the switch. If wires are damaged, re-strip and reconnect."",""probability"":0.2,""estimatedCost"":""₹50 - ₹150"",""requiredParts"":[{""name"":""Electrical tape (if needed)"",""estimatedPrice"":""₹20 - ₹50""}]},{""cause"":""Damaged wiring within the wall leading to the switch"",""severity"":""high"",""solution"":""This requires a more thorough inspection by an electrician to locate and repair/replace the damaged section of wiring."",""probability"":0.1,""estimatedCost"":""₹500 - ₹2000+"",""requiredParts"":[{""name"":""Electrical wire (if needed)"",""estimatedPrice"":""₹100 - ₹500""},{""name"":""Conduit/casing (if needed)"",""estimatedPrice"":""₹50 - ₹200""}]}],""summary"":""The electric switch in the kitchen is very hard to operate and has caused a power outage in the entire room. Other rooms and common areas have power, and the MCB is on. The issue occurred suddenly."",""urgency"":""high"",""recommendedAction"":""Immediately replace the faulty electric switch. If the issue persists, further investigation into the wiring is required by a qualified electrician.""}",null,completed,2026-05-23 05:51:51.538171+00,2026-05-23 05:51:50.449+00
a49faeb4-580e-47fb-ae0c-416d662a2d9c,2ccf9bff-aca4-4df0-9b53-338cff2175f1,00000000-0000-0000-0000-000000000001,bd081ad6-5fe3-4c1d-a919-81b1055efa19,a5831922-eaeb-48c2-941c-fd96fae8813d,"[{""answer"":""Yes"",""question"":""Is the AC turning on when you press the power button?""},{""answer"":""No air at all"",""question"":""Is air coming out from the AC vents?""},{""answer"":""Never / Not sure"",""question"":""When was the AC filter last cleaned?""},{""answer"":""No"",""question"":""Is there any water leaking from the AC?""},{""answer"":""Yes"",""question"":""Is the remote control working properly?""}]","{""causes"":[{""cause"":""Clogged AC filter"",""severity"":""high"",""solution"":""Clean or replace the AC filter. A clogged filter restricts airflow, causing the unit to freeze up or stop blowing air."",""probability"":0.7,""estimatedCost"":""INR 200 - INR 500 (for cleaning) / INR 800 - INR 2000 (for replacement)"",""requiredParts"":[{""name"":""AC filter"",""estimatedPrice"":""INR 800 - INR 2000 (if replacement needed)""}]},{""cause"":""Frozen evaporator coil"",""severity"":""high"",""solution"":""Turn off the AC and let the coil thaw. Once thawed, check for airflow and consider cleaning the filter or checking refrigerant levels."",""probability"":0.2,""estimatedCost"":""INR 0 (if self-thawing) / INR 1000 - INR 3000 (if professional intervention for refrigerant check is needed)""},{""cause"":""Faulty blower motor"",""severity"":""high"",""solution"":""Inspect and repair/replace the blower motor. This component is responsible for pushing air through the vents."",""probability"":0.1,""estimatedCost"":""INR 2500 - INR 7000"",""requiredParts"":[{""name"":""Blower motor"",""estimatedPrice"":""INR 2000 - INR 6000""}]}],""summary"":""The AC is turning on but no air is coming out, and the filter hasn't been cleaned. This strongly suggests an airflow issue, most likely due to a clogged filter or a frozen evaporator coil."",""urgency"":""critical"",""recommendedAction"":""Immediately clean or replace the AC filter. If no air still comes out after cleaning/replacing the filter and allowing time for potential thawing, a technician should inspect the blower motor and refrigerant levels.""}",null,completed,2026-05-23 05:54:19.581276+00,2026-05-23 05:54:18.505+00
d6b00d0e-4b2c-4ef7-ade5-bfbb2c41237d,4d777e0e-07ea-4138-9065-e0405fe2debb,00000000-0000-0000-0000-000000000001,bd081ad6-5fe3-4c1d-a919-81b1055efa19,a5831922-eaeb-48c2-941c-fd96fae8813d,"[{""answer"":""Yes"",""question"":""Is the AC turning on when you press the power button?""},{""answer"":""No air at all"",""question"":""Is air coming out from the AC vents?""},{""answer"":""Never / Not sure"",""question"":""When was the AC filter last cleaned?""},{""answer"":""No"",""question"":""Is there any water leaking from the AC?""},{""answer"":""Yes"",""question"":""Is the remote control working properly?""}]","{""causes"":[{""cause"":""Blower motor malfunction"",""severity"":""high"",""solution"":""Inspect and repair/replace the blower motor. This will require a qualified technician."",""probability"":0.6,""estimatedCost"":""₹2,500 - ₹7,000"",""requiredParts"":[{""name"":""Blower Motor"",""estimatedPrice"":""₹2,000 - ₹5,000""},{""name"":""Capacitor (if needed)"",""estimatedPrice"":""₹300 - ₹800""}]},{""cause"":""Clogged air filter"",""severity"":""medium"",""solution"":""Clean or replace the AC filter. This can often be done by the user."",""probability"":0.3,""estimatedCost"":""₹0 - ₹500"",""requiredParts"":[{""name"":""AC Filter (if replacement needed)"",""estimatedPrice"":""₹200 - ₹500""}]},{""cause"":""Blocked return air vent"",""severity"":""low"",""solution"":""Check for any obstructions in the return air vent and remove them."",""probability"":0.1,""estimatedCost"":""₹0""}],""summary"":""The AC is turning on but no air is coming out of the vents, indicating a problem with the air circulation system. The most probable cause is a blower motor malfunction, followed by a clogged air filter or a blocked return air vent."",""urgency"":""critical"",""recommendedAction"":""Immediately arrange for a qualified AC technician to inspect the unit. In the meantime, check if the air filter is visibly dirty and attempt to clean or replace it if possible. Also, ensure no objects are blocking the return air vent.""}",null,completed,2026-05-25 06:46:53.272654+00,2026-05-25 06:46:52.547+00
e9dd7653-0c40-4551-9d6e-915f64be0781,e9107c13-9b09-4dd1-817c-bf01b8d59ab9,00000000-0000-0000-0000-000000000001,bd081ad6-5fe3-4c1d-a919-81b1055efa19,d76dd3bd-ccb7-4991-a01f-ce158dfe908e,"[{""answer"":""Today"",""question"":""When did you first notice this issue?""},{""answer"":""Minor — can manage"",""question"":""How severe is the issue?""},{""answer"":""First time"",""question"":""Has this issue happened before?""},{""answer"":""Nothing, happened on its own"",""question"":""Did anything specific trigger this issue?""},{""answer"":""Only my room"",""question"":""Is the issue affecting other rooms or just yours?""}]","{""causes"":[{""cause"":""Wear and tear of plastic/wood due to regular use."",""severity"":""low"",""solution"":""Replace the broken toilet seat cover."",""probability"":0.7,""estimatedCost"":""₹300 - ₹800"",""requiredParts"":[{""name"":""New toilet seat cover"",""estimatedPrice"":""₹250 - ₹750""}]},{""cause"":""Accidental impact or excessive force applied to the seat cover."",""severity"":""low"",""solution"":""Replace the broken toilet seat cover."",""probability"":0.2,""estimatedCost"":""₹300 - ₹800"",""requiredParts"":[{""name"":""New toilet seat cover"",""estimatedPrice"":""₹250 - ₹750""}]},{""cause"":""Faulty installation or manufacturing defect."",""severity"":""low"",""solution"":""Replace the broken toilet seat cover."",""probability"":0.1,""estimatedCost"":""₹300 - ₹800"",""requiredParts"":[{""name"":""New toilet seat cover"",""estimatedPrice"":""₹250 - ₹750""}]}],""summary"":""The toilet seat cover in your room is broken. This is a minor issue and is likely due to normal wear and tear or an accidental impact. It is not affecting any other rooms."",""urgency"":""low"",""recommendedAction"":""The best course of action is to replace the broken toilet seat cover. This can be done by a maintenance person quickly and at a low cost.""}",null,completed,2026-05-25 18:15:13.456212+00,2026-05-25 18:15:12.514+00
f07cab06-cdcf-4cca-8876-5bbe04b096f8,b09e510e-96ad-4622-8e2b-5fb39c8d213b,00000000-0000-0000-0000-000000000001,bd081ad6-5fe3-4c1d-a919-81b1055efa19,a5831922-eaeb-48c2-941c-fd96fae8813d,"[{""answer"":""Yes"",""question"":""Is the AC turning on when you press the power button?""},{""answer"":""No air at all"",""question"":""Is air coming out from the AC vents?""},{""answer"":""Never / Not sure"",""question"":""When was the AC filter last cleaned?""},{""answer"":""No"",""question"":""Is there any water leaking from the AC?""},{""answer"":""Yes"",""question"":""Is the remote control working properly?""}]","{""causes"":[{""cause"":""Blower motor malfunction or failure"",""severity"":""high"",""solution"":""Inspect the blower motor for power supply and functionality. If faulty, replace the blower motor."",""probability"":0.6,""estimatedCost"":""₹2,500 - ₹6,000"",""requiredParts"":[{""name"":""Blower Motor"",""estimatedPrice"":""₹2,000 - ₹5,000""}]},{""cause"":""Clogged or blocked air filter"",""severity"":""medium"",""solution"":""Clean or replace the air filter. Regular cleaning (every 2-4 weeks) is recommended."",""probability"":0.2,""estimatedCost"":""₹200 - ₹800"",""requiredParts"":[{""name"":""AC Filter"",""estimatedPrice"":""₹200 - ₹800""}]},{""cause"":""Faulty capacitor"",""severity"":""medium"",""solution"":""Test the capacitor with a multimeter. If it's out of the specified range, replace it."",""probability"":0.15,""estimatedCost"":""₹800 - ₹2,000"",""requiredParts"":[{""name"":""AC Capacitor"",""estimatedPrice"":""₹500 - ₹1,500""}]},{""cause"":""Control board issue"",""severity"":""high"",""solution"":""Inspect the control board for any visible damage or burnt components. If faulty, replace the control board."",""probability"":0.05,""estimatedCost"":""₹3,000 - ₹8,000"",""requiredParts"":[{""name"":""AC Control Board"",""estimatedPrice"":""₹2,500 - ₹7,000""}]}],""summary"":""The AC unit is turning on but no air is coming out from the vents. This indicates a problem with the air circulation system, most likely the blower motor or a severely clogged filter."",""urgency"":""high"",""recommendedAction"":""Immediately inspect the blower motor and the air filter. If you are not comfortable doing this yourself, please call a qualified AC technician to diagnose and fix the issue. Continued operation of the AC without air circulation can lead to further damage.""}",null,completed,2026-05-25 18:19:00.929254+00,2026-05-25 18:19:00.015+00
ad12754b-5060-45a5-bbe1-63cbc380da20,f9b32676-14df-4807-b389-ab327909f7ab,00000000-0000-0000-0000-000000000001,bd081ad6-5fe3-4c1d-a919-81b1055efa19,28158382-d5c1-436c-927b-3e3d9855c2af,"[{""answer"":""Entire room"",""question"":""Is the power out in the entire room or just some outlets?""},{""answer"":""Yes, it's on"",""question"":""Have you checked the MCB / circuit breaker?""},{""answer"":""Yes, others have power"",""question"":""Is there power in the common areas or other rooms?""},{""answer"":""Happened suddenly"",""question"":""Did this happen suddenly or after plugging something in?""}]","{""causes"":[{""cause"":""Loose wiring connection in the switchboard or junction box serving the room."",""severity"":""high"",""solution"":""Inspect and tighten all wiring connections in the room's switchboard and any relevant junction boxes. This should be done by a qualified electrician."",""probability"":0.6,""estimatedCost"":""₹300 - ₹700 (Electrician visit and minor repairs)""},{""cause"":""Faulty main switch or circuit breaker (MCB) for the room, despite appearing to be 'on'."",""severity"":""high"",""solution"":""Test the MCB with a multimeter to confirm functionality. If faulty, replace the MCB. This requires an electrician."",""probability"":0.25,""estimatedCost"":""₹500 - ₹1200 (MCB replacement including electrician charges)"",""requiredParts"":[{""name"":""MCB (Miniature Circuit Breaker)"",""estimatedPrice"":""₹200 - ₹500""}]},{""cause"":""Damaged main electrical cable supplying power to the room."",""severity"":""high"",""solution"":""An electrician needs to trace the main power line to the room and identify any breaks or damage. Repair or replace the damaged section of the cable."",""probability"":0.1,""estimatedCost"":""₹800 - ₹2500+ (Depending on the extent of cable damage and replacement required)"",""requiredParts"":[{""name"":""Electrical cable (appropriate gauge)"",""estimatedPrice"":""₹50 - ₹200 per meter""}]},{""cause"":""Internal short circuit within a connected appliance or wiring that is not tripping the MCB (less likely if the entire room is out)."",""severity"":""medium"",""solution"":""Unplug all appliances from the room and then try resetting the MCB. If power returns, plug in appliances one by one to identify the faulty one. If the issue persists, an electrician should check the internal wiring for a hidden short."",""probability"":0.05,""estimatedCost"":""₹0 (if appliance is faulty) - ₹700 (electrician check for internal wiring)""}],""summary"":""The entire room has no power, but other rooms and common areas do. The MCB for the room appears to be on, and the issue occurred suddenly. This indicates a problem with the power supply specifically to this room, likely within the room's electrical circuit."",""urgency"":""high"",""recommendedAction"":""Immediately contact a qualified electrician to diagnose and fix the issue. Do not attempt to repair electrical problems yourself unless you are qualified, as it can be dangerous.""}",null,completed,2026-05-25 18:21:51.499144+00,2026-05-25 18:21:50.329+00
21b86f4e-170f-4726-bf27-7b43649c37b3,3beee66c-b10d-4d92-ad2f-d084d2754066,00000000-0000-0000-0000-000000000001,bd081ad6-5fe3-4c1d-a919-81b1055efa19,28158382-d5c1-436c-927b-3e3d9855c2af,"[{""answer"":""Entire room"",""question"":""Is the power out in the entire room or just some outlets?""},{""answer"":""Yes, it's on"",""question"":""Have you checked the MCB / circuit breaker?""},{""answer"":""Yes, others have power"",""question"":""Is there power in the common areas or other rooms?""},{""answer"":""Happened suddenly"",""question"":""Did this happen suddenly or after plugging something in?""}]","{""causes"":[{""cause"":""Loose wiring connection in the tubelight fixture or switch."",""severity"":""medium"",""solution"":""Inspect and tighten all wiring connections in the tubelight fixture and the switch. If comfortable, this can be done by the resident, otherwise, an electrician should be called."",""probability"":0.4,""estimatedCost"":""₹100 - ₹300 (Electrician visit if needed)""},{""cause"":""Faulty tubelight starter (if applicable)."",""severity"":""low"",""solution"":""Replace the tubelight starter. This is a simple replacement and can often be done by the resident."",""probability"":0.3,""estimatedCost"":""₹50 - ₹150"",""requiredParts"":[{""name"":""Tubelight Starter"",""estimatedPrice"":""₹50 - ₹150""}]},{""cause"":""Damaged tubelight tube."",""severity"":""low"",""solution"":""Replace the tubelight tube. This is a simple replacement and can often be done by the resident."",""probability"":0.2,""estimatedCost"":""₹150 - ₹400"",""requiredParts"":[{""name"":""Tubelight Tube"",""estimatedPrice"":""₹150 - ₹400""}]},{""cause"":""Internal wiring fault in the room's electrical circuit."",""severity"":""high"",""solution"":""An electrician needs to thoroughly inspect the room's electrical wiring to identify and repair any internal faults. This is a more complex issue and requires professional help."",""probability"":0.1,""estimatedCost"":""₹500 - ₹1500 (Electrician visit and repair)"",""requiredParts"":[{""name"":""Electrical wire (if needed)"",""estimatedPrice"":""₹100 - ₹300""}]}],""summary"":""The entire room has no power, but other rooms and common areas do. The MCB is on, and the issue occurred suddenly. This suggests a localized electrical problem within the room's circuit or the tubelight itself."",""urgency"":""medium"",""recommendedAction"":""First, check and replace the tubelight starter and tube. If the issue persists, inspect the wiring connections. If still unresolved, an electrician should be called to diagnose and fix potential internal wiring faults.""}",null,completed,2026-05-25 18:24:04.057672+00,2026-05-25 18:24:03.151+00
56bb768a-2f8a-4cf1-9fb3-2b6bd085c32b,3b217359-2d33-49eb-9efa-90da713930cb,00000000-0000-0000-0000-000000000001,bd081ad6-5fe3-4c1d-a919-81b1055efa19,28158382-d5c1-436c-927b-3e3d9855c2af,"[{""answer"":""Entire room"",""question"":""Is the power out in the entire room or just some outlets?""},{""answer"":""Yes, it's on"",""question"":""Have you checked the MCB / circuit breaker?""},{""answer"":""Yes, others have power"",""question"":""Is there power in the common areas or other rooms?""},{""answer"":""Happened suddenly"",""question"":""Did this happen suddenly or after plugging something in?""}]","{""causes"":[{""cause"":""Faulty tube light starter or choke"",""severity"":""medium"",""solution"":""Replace the tube light starter or choke."",""probability"":0.6,""estimatedCost"":""₹50 - ₹200"",""requiredParts"":[{""name"":""Tube light starter"",""estimatedPrice"":""₹20 - ₹50""},{""name"":""Tube light choke"",""estimatedPrice"":""₹100 - ₹200""}]},{""cause"":""Damaged tube light fixture wiring"",""severity"":""medium"",""solution"":""Inspect and repair/replace the wiring within the tube light fixture."",""probability"":0.2,""estimatedCost"":""₹150 - ₹400"",""requiredParts"":[{""name"":""Electrical wire (1-2 meters)"",""estimatedPrice"":""₹30 - ₹80""},{""name"":""Electrical tape"",""estimatedPrice"":""₹20 - ₹40""}]},{""cause"":""Loose connection in the switchboard or junction box"",""severity"":""medium"",""solution"":""Check and tighten all connections in the switchboard and relevant junction boxes. This should be done by a qualified electrician."",""probability"":0.15,""estimatedCost"":""₹200 - ₹500 (electrician visit)"",""requiredParts"":[]},{""cause"":""Faulty wall switch"",""severity"":""low"",""solution"":""Replace the wall switch controlling the tube light."",""probability"":0.05,""estimatedCost"":""₹100 - ₹300"",""requiredParts"":[{""name"":""Wall switch"",""estimatedPrice"":""₹50 - ₹150""}]}],""summary"":""The entire room has no power, but the MCB is on and other rooms have power. This suggests a localized electrical issue with the tube light circuit."",""urgency"":""medium"",""recommendedAction"":""First, try replacing the tube light starter and choke. If that doesn't resolve the issue, inspect the wiring within the tube light fixture. If the problem persists, it is recommended to call a qualified electrician to check the switchboard connections and the wall switch.""}",null,completed,2026-05-25 18:26:04.957505+00,2026-05-25 18:26:03.803+00
93fd6e43-296e-433e-a660-039167847326,c8d729d3-993e-4f49-80c3-95b036fee0ce,00000000-0000-0000-0000-000000000001,bd081ad6-5fe3-4c1d-a919-81b1055efa19,54bc37a9-ef71-4e18-b896-593f71b161fa,"[{""answer"":""Yes, light is on"",""question"":""Is the geyser power light on?""},{""answer"":""Less than 10 minutes"",""question"":""How long have you waited after turning it on?""},{""answer"":""Yes"",""question"":""Is there any water leaking from the geyser?""},{""answer"":""Not sure"",""question"":""Is the geyser MCB turned on?""}]","{""causes"":[{""cause"":""Loose plumbing connections or damaged inlet/outlet pipes."",""severity"":""medium"",""solution"":""Tighten any loose plumbing connections. If pipes are damaged, they will need to be replaced."",""probability"":0.4,""estimatedCost"":""₹200 - ₹800"",""requiredParts"":[{""name"":""Teflon tape"",""estimatedPrice"":""₹20 - ₹50""},{""name"":""New inlet/outlet pipes (if damaged)"",""estimatedPrice"":""₹150 - ₹700""}]},{""cause"":""Pressure release valve (PRV) leaking due to high pressure or malfunction."",""severity"":""medium"",""solution"":""Check if the water pressure is too high. If so, a pressure reducer might be needed. If the PRV is faulty, it needs replacement."",""probability"":0.3,""estimatedCost"":""₹300 - ₹1500"",""requiredParts"":[{""name"":""Pressure Release Valve (PRV)"",""estimatedPrice"":""₹250 - ₹1000""},{""name"":""Pressure reducer (if needed)"",""estimatedPrice"":""₹500 - ₹1500""}]},{""cause"":""Corroded or damaged geyser tank."",""severity"":""high"",""solution"":""If the tank is corroded, it usually means the geyser needs to be replaced as repairing the tank is often not feasible or cost-effective."",""probability"":0.2,""estimatedCost"":""₹4000 - ₹15000 (for a new geyser)"",""requiredParts"":[{""name"":""New Geyser"",""estimatedPrice"":""₹4000 - ₹15000""}]},{""cause"":""Faulty heating element gasket."",""severity"":""medium"",""solution"":""The gasket around the heating element may have worn out and needs to be replaced."",""probability"":0.1,""estimatedCost"":""₹300 - ₹800"",""requiredParts"":[{""name"":""Heating element gasket"",""estimatedPrice"":""₹100 - ₹300""}]}],""summary"":""Water is leaking from the geyser, even though the power light is on and it has been less than 10 minutes since it was turned on. The status of the MCB is unknown."",""urgency"":""high"",""recommendedAction"":""Immediately turn off the main power supply to the geyser from the distribution board to prevent any electrical hazards. Then, investigate the source of the leak. If you are unsure about electrical work, it is highly recommended to call a qualified electrician or plumber to diagnose and fix the issue. Do not attempt to use the geyser until the leak is resolved.""}",null,completed,2026-05-25 18:28:04.505561+00,2026-05-25 18:28:03.57+00
4174bcbf-a168-429b-8e7e-f455235f4492,04617c6a-c9d0-4f9c-845e-a513b686709a,00000000-0000-0000-0000-000000000001,bd081ad6-5fe3-4c1d-a919-81b1055efa19,28158382-d5c1-436c-927b-3e3d9855c2af,"[{""answer"":""Entire room"",""question"":""Is the power out in the entire room or just some outlets?""},{""answer"":""Yes, it's on"",""question"":""Have you checked the MCB / circuit breaker?""},{""answer"":""Yes, others have power"",""question"":""Is there power in the common areas or other rooms?""},{""answer"":""Happened suddenly"",""question"":""Did this happen suddenly or after plugging something in?""}]","{""causes"":[{""cause"":""Faulty lightbulb"",""severity"":""low"",""solution"":""Replace the lightbulb."",""probability"":0.6,""estimatedCost"":""₹50 - ₹150"",""requiredParts"":[{""name"":""LED lightbulb (9W-12W)"",""estimatedPrice"":""₹50 - ₹150""}]},{""cause"":""Loose wiring in the light fixture or switch"",""severity"":""medium"",""solution"":""Inspect and tighten the wiring connections in the light fixture and the switch. This may require an electrician."",""probability"":0.25,""estimatedCost"":""₹200 - ₹500 (electrician visit if needed)""},{""cause"":""Faulty light switch"",""severity"":""medium"",""solution"":""Replace the light switch."",""probability"":0.1,""estimatedCost"":""₹150 - ₹300"",""requiredParts"":[{""name"":""Light switch"",""estimatedPrice"":""₹100 - ₹250""}]},{""cause"":""Faulty light fixture"",""severity"":""medium"",""solution"":""Replace the entire light fixture."",""probability"":0.05,""estimatedCost"":""₹300 - ₹800"",""requiredParts"":[{""name"":""Light fixture"",""estimatedPrice"":""₹250 - ₹750""}]}],""summary"":""The washroom lightbulb is not working, and the power is out in the entire room, despite the MCB being on and other rooms having power. This happened suddenly."",""urgency"":""medium"",""recommendedAction"":""Start by replacing the lightbulb. If that doesn't resolve the issue, further investigation into the wiring, switch, or fixture will be required, potentially needing an electrician.""}",null,completed,2026-05-25 18:30:17.697182+00,2026-05-25 18:30:16.5+00
04d47160-3ddc-4a88-a074-930c7c7e103a,b30178f4-4a1c-4469-9255-be9eed264561,00000000-0000-0000-0000-000000000001,bd081ad6-5fe3-4c1d-a919-81b1055efa19,a5831922-eaeb-48c2-941c-fd96fae8813d,"[{""answer"":""Yes"",""question"":""Is the AC turning on when you press the power button?""},{""answer"":""No air at all"",""question"":""Is air coming out from the AC vents?""},{""answer"":""Never / Not sure"",""question"":""When was the AC filter last cleaned?""},{""answer"":""No"",""question"":""Is there any water leaking from the AC?""},{""answer"":""No / Batteries dead"",""question"":""Is the remote control working properly?""}]","{""causes"":[{""cause"":""Clogged AC filter"",""severity"":""medium"",""solution"":""Clean or replace the AC filter. A clogged filter restricts airflow, reducing cooling efficiency and potentially leading to the unit freezing up."",""probability"":0.6,""estimatedCost"":""₹200 - ₹500 (for cleaning, ₹500 - ₹1500 for replacement if needed)"",""requiredParts"":[{""name"":""AC filter"",""estimatedPrice"":""₹500 - ₹1500 (if replacement is needed)""}]},{""cause"":""Faulty blower motor or capacitor"",""severity"":""high"",""solution"":""Inspect and repair/replace the blower motor or its capacitor. If no air is coming out, the blower motor responsible for circulating air might be faulty."",""probability"":0.2,""estimatedCost"":""₹1500 - ₹4000"",""requiredParts"":[{""name"":""Blower motor"",""estimatedPrice"":""₹1000 - ₹3000""},{""name"":""Capacitor"",""estimatedPrice"":""₹300 - ₹800""}]},{""cause"":""Thermostat malfunction"",""severity"":""medium"",""solution"":""Check and recalibrate or replace the thermostat. A faulty thermostat might not be signaling the AC unit to turn on the blower."",""probability"":0.1,""estimatedCost"":""₹500 - ₹2000"",""requiredParts"":[{""name"":""Thermostat"",""estimatedPrice"":""₹500 - ₹2000 (if replacement is needed)""}]},{""cause"":""Remote control batteries dead/faulty remote"",""severity"":""low"",""solution"":""Replace the batteries in the remote control. If the remote still doesn't work, it might need to be replaced or the AC unit's remote receiver might be faulty."",""probability"":0.9,""estimatedCost"":""₹50 - ₹100 (for batteries), ₹500 - ₹1500 (for new remote if needed)"",""requiredParts"":[{""name"":""AAA/AA Batteries"",""estimatedPrice"":""₹50 - ₹100""},{""name"":""Universal AC Remote"",""estimatedPrice"":""₹500 - ₹1500 (if replacement is needed)""}]}],""summary"":""The AC is not cooling and no air is coming out from the vents, even though the unit turns on. The remote control is also not working."",""urgency"":""high"",""recommendedAction"":""First, address the remote control issue by replacing its batteries. Then, check and clean/replace the AC filter. If the problem persists, a technician should inspect the blower motor and thermostat.""}",null,completed,2026-05-25 18:33:00.798778+00,2026-05-25 18:32:59.91+00
4a3bef11-e4f5-40af-b81e-2b62335a36d1,c357bd0c-ed09-4aed-9e47-2952abc4b848,00000000-0000-0000-0000-000000000001,bd081ad6-5fe3-4c1d-a919-81b1055efa19,abc84f5b-a950-406e-ab46-cefbe11df925,"[{""answer"":""Full room cleaning"",""question"":""What needs cleaning?""},{""answer"":""Yesterday"",""question"":""When was the last cleaning done?""},{""answer"":""Happens regularly"",""question"":""Is this a one-time request or recurring issue?""}]","{""causes"":[{""cause"":""Housekeeping staff negligence/dishonesty"",""severity"":""high"",""solution"":""Retrain housekeeping staff on cleaning protocols and importance of honesty. Implement a system for residents to confirm cleaning completion. Consider disciplinary action for repeated offenses."",""probability"":0.9,""estimatedCost"":""INR 0 (internal training/management time)""},{""cause"":""Lack of proper supervision of housekeeping staff"",""severity"":""medium"",""solution"":""Implement a supervisory system to ensure cleaning tasks are completed and reported accurately. Regular spot checks and feedback mechanisms."",""probability"":0.7,""estimatedCost"":""INR 0 (management time)""},{""cause"":""Miscommunication or unclear cleaning schedule/expectations"",""severity"":""low"",""solution"":""Clearly communicate cleaning schedules and expectations to both residents and housekeeping staff. Use a checklist for cleaning tasks."",""probability"":0.4,""estimatedCost"":""INR 0 (printing/communication)""}],""summary"":""The primary issue is repeated negligence and dishonesty by the housekeeping staff, specifically Neema, regarding room cleaning. This has escalated to multiple incidents within a single week, despite the resident paying for housekeeping services. There's a clear pattern of false claims and fabricated excuses."",""urgency"":""critical"",""recommendedAction"":""Immediate intervention from management is required to address the repeated negligence and dishonesty of the housekeeping staff. This includes retraining, implementing a robust supervision system, and potentially disciplinary action. A system for residents to confirm cleaning completion should also be considered.""}",null,completed,2026-05-25 18:40:49.18319+00,2026-05-25 18:40:48.015+00
4fb5b33a-5ecb-4f9a-89e4-ca829efed752,23895d1d-2d76-4fb4-9dbd-d0ff1b8eedff,00000000-0000-0000-0000-000000000001,8c42685b-f2df-4dec-96bd-0e77b715e33e,47389994-b201-4bb1-bf91-8bce4dbde510,"[{""answer"":""Yesterday"",""question"":""When did you first notice this issue?""},{""answer"":""Minor — can manage"",""question"":""How severe is the issue?""},{""answer"":""First time"",""question"":""Has this issue happened before?""},{""answer"":""Not sure"",""question"":""Did anything specific trigger this issue?""},{""answer"":""Not sure"",""question"":""Is the issue affecting other rooms or just yours?""}]","{""causes"":[{""cause"":""Power outage or fluctuation"",""severity"":""medium"",""solution"":""Check the main power supply to the lift. If there was a power cut, the lift should reset automatically once power is restored. If fluctuations are frequent, consider installing a voltage stabilizer."",""probability"":0.4,""estimatedCost"":""₹0 - ₹8,000"",""requiredParts"":[{""name"":""Voltage Stabilizer (if needed)"",""estimatedPrice"":""₹5,000 - ₹8,000""}]},{""cause"":""Safety circuit triggered"",""severity"":""medium"",""solution"":""Lifts have multiple safety sensors (e.g., door sensors, overload sensors). One of these might have been triggered. A lift technician will need to inspect and reset the safety circuit."",""probability"":0.3,""estimatedCost"":""₹500 - ₹2,000 (technician visit)"",""requiredParts"":[]},{""cause"":""Minor mechanical fault (e.g., door mechanism, brake)"",""severity"":""medium"",""solution"":""A small mechanical component might be jammed or faulty. This requires a lift technician to diagnose and repair or replace the specific part."",""probability"":0.2,""estimatedCost"":""₹1,000 - ₹5,000 (technician visit + minor part replacement)"",""requiredParts"":[{""name"":""Various small mechanical parts (e.g., door rollers, sensors)"",""estimatedPrice"":""₹500 - ₹3,000""}]},{""cause"":""Control panel malfunction"",""severity"":""high"",""solution"":""The lift's control panel might have a minor glitch or a more serious electronic fault. A qualified lift technician will need to inspect and potentially repair or replace components in the control panel."",""probability"":0.1,""estimatedCost"":""₹2,000 - ₹15,000 (technician visit + potential part replacement)"",""requiredParts"":[{""name"":""Control board components or entire board"",""estimatedPrice"":""₹1,000 - ₹10,000""}]}],""summary"":""The lift is stuck, and this is the first time this issue has occurred. The severity is currently minor, but the exact cause is unknown."",""urgency"":""medium"",""recommendedAction"":""Since the lift is stuck and it's a safety-critical component, it is recommended to immediately contact a qualified lift maintenance technician. Do not attempt to fix the lift yourself. Ensure all residents are aware that the lift is out of service.""}",null,completed,2026-05-26 07:25:10.92299+00,2026-05-26 07:25:12.332+00
db3177b1-1f50-440e-a06f-6fc929d918ed,b78384d6-f204-47ff-9590-9608188a8126,00000000-0000-0000-0000-000000000001,8c42685b-f2df-4dec-96bd-0e77b715e33e,abc84f5b-a950-406e-ab46-cefbe11df925,"[{""answer"":""Floor / sweeping"",""question"":""What needs cleaning?""},{""answer"":""Today but not proper"",""question"":""When was the last cleaning done?""},{""answer"":""One-time"",""question"":""Is this a one-time request or recurring issue?""}]","{""causes"":[{""cause"":""Inadequate cleaning practices and lack of regular deep cleaning."",""severity"":""high"",""solution"":""Thorough deep cleaning of the fridge and kitchen area, including scrubbing, degreasing, and sanitizing all surfaces. Dispose of old food items from the fridge. Use appropriate cleaning agents for different surfaces."",""probability"":0.8,""estimatedCost"":""INR 500 - 1000"",""requiredParts"":[{""name"":""Heavy-duty kitchen degreaser"",""estimatedPrice"":""INR 150""},{""name"":""Disinfectant spray"",""estimatedPrice"":""INR 100""},{""name"":""Scrub brushes and sponges"",""estimatedPrice"":""INR 100""},{""name"":""Microfiber cloths"",""estimatedPrice"":""INR 50""},{""name"":""Cockroach killer spray/bait"",""estimatedPrice"":""INR 150""}]},{""cause"":""Pest infestation (cockroaches) due to food spills and unhygienic conditions."",""severity"":""high"",""solution"":""After cleaning, apply cockroach killer spray or bait in affected areas. Seal any cracks or crevices where pests might enter. Implement regular pest control measures."",""probability"":0.7,""estimatedCost"":""INR 200 - 500"",""requiredParts"":[{""name"":""Cockroach killer spray/bait"",""estimatedPrice"":""INR 150""},{""name"":""Caulking gun and sealant (if cracks are present)"",""estimatedPrice"":""INR 200""}]},{""cause"":""Lack of proper waste management, leading to accumulation of dirt and attracting pests."",""severity"":""medium"",""solution"":""Ensure proper disposal of waste in sealed bins. Empty bins regularly. Implement a system for segregating wet and dry waste."",""probability"":0.6,""estimatedCost"":""INR 0 (requires behavioral change and proper waste bins)"",""requiredParts"":[{""name"":""Lidded dustbins (if not available)"",""estimatedPrice"":""INR 300-500""}]}],""summary"":""The fridge and kitchen are in an extremely unhygienic state due to inadequate cleaning, pest infestation, and potentially poor waste management. This poses a significant health risk."",""urgency"":""critical"",""recommendedAction"":""Immediate and thorough deep cleaning of the fridge and kitchen is required, followed by pest control measures and implementation of better cleaning and waste management practices. This is a critical health and hygiene issue that needs to be addressed urgently.""}",null,completed,2026-05-26 07:26:09.799925+00,2026-05-26 07:26:11.241+00
4350aaa6-977f-4af9-81ad-ca4403beaeec,8a21f623-e774-4f1e-ab8c-83fbcc18c810,00000000-0000-0000-0000-000000000001,bd081ad6-5fe3-4c1d-a919-81b1055efa19,a5831922-eaeb-48c2-941c-fd96fae8813d,"[{""answer"":""Yes"",""question"":""Is the AC turning on when you press the power button?""},{""answer"":""No air at all"",""question"":""Is air coming out from the AC vents?""},{""answer"":""Never / Not sure"",""question"":""When was the AC filter last cleaned?""},{""answer"":""Yes"",""question"":""Is there any water leaking from the AC?""},{""answer"":""Yes"",""question"":""Is the remote control working properly?""}]","{""causes"":[{""cause"":""Clogged AC filter"",""severity"":""high"",""solution"":""Clean or replace the AC filter. A clogged filter can restrict airflow, causing the evaporator coil to freeze and subsequently drip water as it melts. This also explains why no air is coming out."",""probability"":0.6,""estimatedCost"":""₹200 - ₹800"",""requiredParts"":[{""name"":""AC filter cleaning spray"",""estimatedPrice"":""₹200 - ₹400""},{""name"":""New AC filter (if replacement needed)"",""estimatedPrice"":""₹400 - ₹800""}]},{""cause"":""Blocked condensate drain line"",""severity"":""medium"",""solution"":""Clear the condensate drain line. Algae, mold, or debris can block the drain line, causing water to back up and overflow from the AC unit. This can also reduce airflow."",""probability"":0.3,""estimatedCost"":""₹500 - ₹1500"",""requiredParts"":[{""name"":""Wet/dry vacuum"",""estimatedPrice"":""₹0 (if available) / ₹2000-₹5000 (if purchased)""},{""name"":""Drain line cleaner"",""estimatedPrice"":""₹300 - ₹700""}]},{""cause"":""Frozen evaporator coil due to low refrigerant"",""severity"":""high"",""solution"":""Check refrigerant levels and recharge if necessary. A low refrigerant level can cause the evaporator coil to freeze, leading to water dripping as the ice melts. This would also severely impact airflow."",""probability"":0.1,""estimatedCost"":""₹1500 - ₹3500"",""requiredParts"":[{""name"":""Refrigerant gas"",""estimatedPrice"":""₹1000 - ₹2500""}]}],""summary"":""The primary issue is water dripping from the AC unit and no air coming out, despite the AC turning on. The most probable cause is a clogged AC filter, which can lead to freezing of the evaporator coil and subsequent water leakage, as well as restricted airflow. Other possibilities include a blocked condensate drain line or low refrigerant levels causing the coil to freeze."",""urgency"":""high"",""recommendedAction"":""Immediately clean or replace the AC filter. If the issue persists, inspect and clear the condensate drain line. If still unresolved, a professional technician should be called to check refrigerant levels and other potential issues.""}",null,completed,2026-05-26 07:28:22.875235+00,2026-05-26 07:28:21.021+00
331f9584-fc77-4473-8c63-e68520ae8637,b53c8057-ceb7-453d-ba81-05a80347d635,00000000-0000-0000-0000-000000000001,bd081ad6-5fe3-4c1d-a919-81b1055efa19,abc84f5b-a950-406e-ab46-cefbe11df925,"[{""answer"":""Bathroom"",""question"":""What needs cleaning?""},{""answer"":""Yesterday"",""question"":""When was the last cleaning done?""},{""answer"":""One-time"",""question"":""Is this a one-time request or recurring issue?""}]","{""causes"":[{""cause"":""Oversight by cleaning staff"",""severity"":""low"",""solution"":""Communicate with cleaning staff to ensure all areas are covered during cleaning."",""probability"":0.7,""estimatedCost"":""0 INR""},{""cause"":""Inadequate cleaning schedule for high-traffic areas"",""severity"":""medium"",""solution"":""Review and adjust the cleaning schedule to increase frequency for washrooms, especially in high-traffic hostels/PGs."",""probability"":0.2,""estimatedCost"":""0 INR""},{""cause"":""Lack of proper cleaning supplies or equipment"",""severity"":""low"",""solution"":""Ensure cleaning staff have access to appropriate and sufficient cleaning supplies and equipment."",""probability"":0.1,""estimatedCost"":""200-500 INR (for basic supplies if needed)"",""requiredParts"":[{""name"":""Toilet cleaner"",""estimatedPrice"":""100-200 INR""},{""name"":""Brush"",""estimatedPrice"":""50-100 INR""},{""name"":""Disinfectant"",""estimatedPrice"":""100-200 INR""}]}],""summary"":""The washroom/toilet was not cleaned yesterday, despite a cleaning having been done. This appears to be a one-time oversight."",""urgency"":""low"",""recommendedAction"":""Immediate action is to ensure the washroom is cleaned today. For long-term, communicate with cleaning staff and review cleaning protocols.""}",null,completed,2026-05-26 07:29:45.331983+00,2026-05-26 07:29:44.12+00
d09ad4aa-d389-43b3-ab0c-987b6cc5c289,5745ae7c-577e-45ee-8306-282882275a32,00000000-0000-0000-0000-000000000001,bd081ad6-5fe3-4c1d-a919-81b1055efa19,47389994-b201-4bb1-bf91-8bce4dbde510,"[{""answer"":""More than a week"",""question"":""When did you first notice this issue?""},{""answer"":""Minor — can manage"",""question"":""How severe is the issue?""},{""answer"":""First time"",""question"":""Has this issue happened before?""},{""answer"":""Nothing, happened on its own"",""question"":""Did anything specific trigger this issue?""},{""answer"":""Only my room"",""question"":""Is the issue affecting other rooms or just yours?""}]","{""causes"":[{""cause"":""Leaking drainage pipe from the upper floor."",""severity"":""medium"",""solution"":""Inspect the drainage pipes on the floor above parking slot C-11 for any cracks, loose connections, or blockages. Repair or replace the faulty section of the pipe. Clean the car window to remove the water marks."",""probability"":0.8,""estimatedCost"":""₹500 - ₹2000"",""requiredParts"":[{""name"":""PVC pipe section (if replacement needed)"",""estimatedPrice"":""₹200 - ₹800""},{""name"":""Sealant/Adhesive"",""estimatedPrice"":""₹100 - ₹300""}]},{""cause"":""Overflow from an AC unit's drain pan on the upper floor."",""severity"":""low"",""solution"":""Check the AC units directly above parking slot C-11 for overflowing drain pans. Clean the drain pan and ensure the drain line is clear. Clean the car window to remove the water marks."",""probability"":0.15,""estimatedCost"":""₹300 - ₹1000"",""requiredParts"":[{""name"":""Drain pan cleaner (if needed)"",""estimatedPrice"":""₹150 - ₹250""}]},{""cause"":""Water seepage from a balcony or terrace directly above."",""severity"":""medium"",""solution"":""Inspect the balcony or terrace area directly above parking slot C-11 for any signs of water pooling or cracks in the flooring/waterproofing. Address the source of seepage. Clean the car window to remove the water marks."",""probability"":0.05,""estimatedCost"":""₹1000 - ₹5000"",""requiredParts"":[{""name"":""Waterproofing material (if needed)"",""estimatedPrice"":""₹500 - ₹2000""}]}],""summary"":""Water is dripping from the top floor onto your car, causing permanent marks on the window glass. The issue has been ongoing for more than a week and is a first-time occurrence."",""urgency"":""medium"",""recommendedAction"":""Immediately investigate the source of the water leakage from the floor above parking slot C-11. Prioritize checking drainage pipes and AC unit drain pans. Once the leak is fixed, thoroughly clean the car window to remove the water marks. If the marks are stubborn, professional car detailing might be required.""}",null,completed,2026-05-26 07:42:01.954526+00,2026-05-26 07:42:00.448+00
dc9852ac-7e68-4d91-b2e2-608b97f92592,4d818673-1496-448a-854e-3c4f180a1ee3,00000000-0000-0000-0000-000000000001,bd081ad6-5fe3-4c1d-a919-81b1055efa19,7917cc13-aaca-4558-a2c2-8be5cd8fc159,"[{""answer"":""Yes, connected but no internet"",""question"":""Is the WiFi signal showing on your device?""},{""answer"":""Not sure"",""question"":""Are other people in the same area also affected?""},{""answer"":""All lights are green"",""question"":""Is the router light on?""},{""answer"":""No, haven't tried"",""question"":""Have you tried restarting your device?""}]","{""causes"":[{""cause"":""Device-specific issue (e.g., Wi-Fi adapter problem, IP configuration issue)"",""severity"":""medium"",""solution"":""Restart your device (laptop, phone, etc.). Check your device's Wi-Fi settings and ensure it's configured to obtain an IP address automatically (DHCP)."",""probability"":0.4,""estimatedCost"":""₹0""},{""cause"":""Router/Modem Glitch"",""severity"":""medium"",""solution"":""Restart the Wi-Fi router and modem. Unplug them from the power source for 30 seconds, then plug them back in. Wait a few minutes for them to fully boot up."",""probability"":0.3,""estimatedCost"":""₹0""},{""cause"":""ISP (Internet Service Provider) Issue"",""severity"":""medium"",""solution"":""Contact your Internet Service Provider to check for outages in your area or issues with your connection. They can perform remote diagnostics."",""probability"":0.2,""estimatedCost"":""₹0""},{""cause"":""Incorrect Router Configuration"",""severity"":""high"",""solution"":""Access the router's administration page (usually via a web browser) and verify the internet settings. Ensure the WAN connection type is correct and that there are no conflicting IP addresses. This might require some technical knowledge or assistance from the ISP."",""probability"":0.05,""estimatedCost"":""₹0""},{""cause"":""Faulty Ethernet Cable (if applicable)"",""severity"":""low"",""solution"":""If your router is connected to the modem via an Ethernet cable, check if the cable is securely plugged in and not damaged. Try replacing the Ethernet cable."",""probability"":0.05,""estimatedCost"":""₹100 - ₹300"",""requiredParts"":[{""name"":""Ethernet Cable"",""estimatedPrice"":""₹100 - ₹300""}]}],""summary"":""The Wi-Fi is connected but there is no internet access. All router lights are green, and the user has not yet tried restarting their device."",""urgency"":""medium"",""recommendedAction"":""The first step is to restart your device, as this often resolves device-specific connectivity issues. If that doesn't work, proceed to restart the router and modem. If the problem persists, contact your ISP.""}",null,completed,2026-05-26 07:44:15.62417+00,2026-05-26 07:44:14.561+00
8b3e0eec-cd49-4b51-937c-d5141f1e04c7,a212351e-fd47-4d4f-b06f-cfd544db2630,00000000-0000-0000-0000-000000000001,bd081ad6-5fe3-4c1d-a919-81b1055efa19,7917cc13-aaca-4558-a2c2-8be5cd8fc159,"[{""answer"":""Yes, connected but no internet"",""question"":""Is the WiFi signal showing on your device?""},{""answer"":""Not sure"",""question"":""Are other people in the same area also affected?""},{""answer"":""All lights are green"",""question"":""Is the router light on?""},{""answer"":""No, haven't tried"",""question"":""Have you tried restarting your device?""}]","{""causes"":[{""cause"":""Router needs a restart"",""severity"":""medium"",""solution"":""Restart the WiFi router by unplugging it for 30 seconds and then plugging it back in."",""probability"":0.6,""estimatedCost"":""₹0""},{""cause"":""Internet Service Provider (ISP) outage"",""severity"":""high"",""solution"":""Contact your Internet Service Provider to check for outages in your area."",""probability"":0.2,""estimatedCost"":""₹0""},{""cause"":""Faulty Ethernet cable connecting router to modem"",""severity"":""medium"",""solution"":""Check the Ethernet cable connecting the router to the modem. Replace if damaged."",""probability"":0.1,""estimatedCost"":""₹100 - ₹300"",""requiredParts"":[{""name"":""Ethernet cable"",""estimatedPrice"":""₹100 - ₹300""}]},{""cause"":""Router configuration issues"",""severity"":""medium"",""solution"":""Access router settings (usually via a web browser) and check for any incorrect configurations. This might require technical assistance."",""probability"":0.1,""estimatedCost"":""₹0 - ₹500 (if professional help is needed)""}],""summary"":""The WiFi is connected but there is no internet access, and the router lights are all green. The user has not yet tried restarting their device."",""urgency"":""high"",""recommendedAction"":""The first step should be to restart the WiFi router. If that doesn't resolve the issue, contact the ISP. Also, check if other users are facing similar issues.""}",null,completed,2026-05-26 07:46:04.057862+00,2026-05-26 07:46:02.964+00
72551552-f24b-43e6-9b73-ab10196d3cb8,3452ec27-2423-4f26-b3e8-61abde88cb0d,00000000-0000-0000-0000-000000000001,8c42685b-f2df-4dec-96bd-0e77b715e33e,c5f1c3c0-af88-4c54-9730-ebffed128bc9,"[{""answer"":""A few days ago"",""question"":""When did you first notice this issue?""},{""answer"":""Minor — can manage"",""question"":""How severe is the issue?""},{""answer"":""First time"",""question"":""Has this issue happened before?""},{""answer"":""Nothing, happened on its own"",""question"":""Did anything specific trigger this issue?""},{""answer"":""Not sure"",""question"":""Is the issue affecting other rooms or just yours?""}]","{""causes"":[{""cause"":""Loose connection or faulty power outlet"",""severity"":""low"",""solution"":""Check the power cord for any damage and ensure it's securely plugged into a functional power outlet. Try plugging another appliance into the same outlet to confirm it's working."",""probability"":0.4,""estimatedCost"":""₹0 - ₹100""},{""cause"":""Induction cooktop overheating"",""severity"":""medium"",""solution"":""Allow the induction cooktop to cool down completely. Ensure there is proper ventilation around the unit and that the fan is not obstructed. Avoid using oversized cookware that might block vents."",""probability"":0.3,""estimatedCost"":""₹0""},{""cause"":""Faulty internal wiring or component"",""severity"":""high"",""solution"":""This requires professional inspection and repair. A technician will need to open the unit to check for damaged wires, circuit board issues, or other component failures."",""probability"":0.2,""estimatedCost"":""₹500 - ₹2000"",""requiredParts"":[{""name"":""Replacement wiring/components (if needed)"",""estimatedPrice"":""₹200 - ₹1000""}]},{""cause"":""Incompatible cookware"",""severity"":""low"",""solution"":""Ensure you are using induction-compatible cookware. These typically have a flat bottom and are made of magnetic materials like cast iron or stainless steel with a magnetic base. A simple magnet test can confirm compatibility."",""probability"":0.1,""estimatedCost"":""₹0 (if new cookware is not needed)""}],""summary"":""The induction cooktop is experiencing intermittent issues, possibly due to power supply problems, overheating, or internal component failure. The issue is minor and has not occurred before."",""urgency"":""medium"",""recommendedAction"":""First, check the power connection and ensure proper ventilation. If the issue persists, a technician should inspect the unit for internal faults. Consider checking cookware compatibility as well.""}",null,completed,2026-05-26 07:52:53.431562+00,2026-05-26 07:52:54.882+00
bd7c9d70-5d27-462a-bff8-736c6a98d454,8227d1f8-5ed9-4eb2-b9fd-d6fc0c9423f4,00000000-0000-0000-0000-000000000001,8c42685b-f2df-4dec-96bd-0e77b715e33e,c5f1c3c0-af88-4c54-9730-ebffed128bc9,"[{""answer"":""Yesterday"",""question"":""When did you first notice this issue?""},{""answer"":""Minor — can manage"",""question"":""How severe is the issue?""},{""answer"":""First time"",""question"":""Has this issue happened before?""},{""answer"":""Nothing, happened on its own"",""question"":""Did anything specific trigger this issue?""},{""answer"":""Only my room"",""question"":""Is the issue affecting other rooms or just yours?""}]","{""causes"":[{""cause"":""Induction cooker was never provided in the room."",""severity"":""low"",""solution"":""Provide an induction cooker to the resident."",""probability"":0.9,""estimatedCost"":""₹2,000 - ₹5,000"",""requiredParts"":[{""name"":""Induction Cooker"",""estimatedPrice"":""₹2,000 - ₹5,000""}]},{""cause"":""Induction cooker was removed from the room due to an oversight or error."",""severity"":""low"",""solution"":""Investigate if an induction cooker was previously present and return it, or provide a new one."",""probability"":0.1,""estimatedCost"":""₹2,000 - ₹5,000"",""requiredParts"":[{""name"":""Induction Cooker"",""estimatedPrice"":""₹2,000 - ₹5,000""}]}],""summary"":""The resident's room is missing an induction cooker in the kitchen area. This is a new issue and only affects this specific room."",""urgency"":""low"",""recommendedAction"":""Provide an induction cooker to the resident as soon as possible. Check inventory for available units or purchase a new one if necessary.""}",null,completed,2026-05-26 08:31:25.395738+00,2026-05-26 08:31:27.13+00
ae802984-8237-4cac-93d0-6249a4ead514,32eeede6-e4e3-40c2-9aab-c6ec2fe74563,00000000-0000-0000-0000-000000000001,bd081ad6-5fe3-4c1d-a919-81b1055efa19,7917cc13-aaca-4558-a2c2-8be5cd8fc159,"[{""answer"":""No WiFi signal at all"",""question"":""Is the WiFi signal showing on your device?""},{""answer"":""Not sure"",""question"":""Are other people in the same area also affected?""},{""answer"":""All lights are green"",""question"":""Is the router light on?""},{""answer"":""No, haven't tried"",""question"":""Have you tried restarting your device?""}]","{""causes"":[{""cause"":""Device Wi-Fi adapter issue"",""severity"":""medium"",""solution"":""Restart your device. If the issue persists, check your device's Wi-Fi adapter settings or drivers. You may need to update or reinstall them."",""probability"":0.4,""estimatedCost"":""₹0 - ₹500""},{""cause"":""Router configuration issue"",""severity"":""medium"",""solution"":""Even though the lights are green, the router might have a configuration issue. Try restarting the router by unplugging it for 30 seconds and plugging it back in. If the problem continues, you might need to access the router's settings page to check Wi-Fi broadcast settings."",""probability"":0.3,""estimatedCost"":""₹0""},{""cause"":""Faulty Wi-Fi antenna or internal hardware issue in the router"",""severity"":""high"",""solution"":""If restarting the router and checking device settings don't work, the router itself might have a hardware problem. This would require professional inspection or replacement of the router."",""probability"":0.2,""estimatedCost"":""₹1,500 - ₹5,000"",""requiredParts"":[{""name"":""New Wi-Fi Router"",""estimatedPrice"":""₹1,500 - ₹5,000""}]},{""cause"":""Interference from other devices or networks"",""severity"":""low"",""solution"":""Other electronic devices or neighboring Wi-Fi networks can sometimes interfere with your signal. Try changing the Wi-Fi channel on your router (this usually requires accessing the router's settings page)."",""probability"":0.1,""estimatedCost"":""₹0""}],""summary"":""The Wi-Fi signal is not showing on your device, despite the router lights being green. You haven't tried restarting your device yet."",""urgency"":""medium"",""recommendedAction"":""First, restart your device. If that doesn't resolve the issue, try restarting the Wi-Fi router. If the problem still persists, investigate your device's Wi-Fi adapter settings and consider checking the router's configuration or seeking professional help if it's a hardware fault.""}",null,completed,2026-05-26 08:36:44.458862+00,2026-05-26 08:36:43.336+00
d7fa3f13-cd5f-4abf-ba88-de2948de57c3,1c905e75-7535-416d-a137-8dc916747194,00000000-0000-0000-0000-000000000001,bd081ad6-5fe3-4c1d-a919-81b1055efa19,7917cc13-aaca-4558-a2c2-8be5cd8fc159,"[{""answer"":""Yes, connected but no internet"",""question"":""Is the WiFi signal showing on your device?""},{""answer"":""Not sure"",""question"":""Are other people in the same area also affected?""},{""answer"":""All lights are green"",""question"":""Is the router light on?""},{""answer"":""No, haven't tried"",""question"":""Have you tried restarting your device?""}]","{""causes"":[{""cause"":""Temporary network glitch or IP conflict on your device."",""severity"":""low"",""solution"":""Restart your device (phone, laptop, etc.) and then restart the Wi-Fi router. This often resolves temporary network issues."",""probability"":0.6,""estimatedCost"":""₹0""},{""cause"":""Internet Service Provider (ISP) outage or service interruption."",""severity"":""medium"",""solution"":""Check with your Internet Service Provider (ISP) for any known outages in your area. You can usually do this by visiting their website, checking their social media, or calling their customer support. If there's an outage, you'll have to wait for them to resolve it."",""probability"":0.2,""estimatedCost"":""₹0""},{""cause"":""Router configuration issue or firmware bug."",""severity"":""medium"",""solution"":""Access the router's administration page (usually via a web browser) and check its settings. Ensure that the internet connection type is correctly configured (e.g., DHCP, PPPoE). If you're unsure, you might need to reset the router to factory defaults and reconfigure it, or contact your ISP for assistance. If the router firmware is outdated, consider updating it."",""probability"":0.15,""estimatedCost"":""₹0""},{""cause"":""Faulty Ethernet cable connecting the router to the modem (if applicable)."",""severity"":""low"",""solution"":""Inspect the Ethernet cable connecting your router to the modem (if you have a separate modem). Ensure it's securely plugged in at both ends. If the cable appears damaged, replace it."",""probability"":0.05,""estimatedCost"":""₹100 - ₹300"",""requiredParts"":[{""name"":""Ethernet cable (CAT5e or CAT6)"",""estimatedPrice"":""₹100 - ₹300""}]}],""summary"":""Your Wi-Fi is connected but there's no internet access. The router lights are all green, indicating the router itself is powered on and likely functioning, but the internet signal isn't reaching your devices. You haven't tried restarting your device yet."",""urgency"":""medium"",""recommendedAction"":""First, restart your device and the Wi-Fi router. If the issue persists, contact your ISP to check for outages. If still unresolved, investigate router settings or consider replacing the Ethernet cable if applicable.""}",null,completed,2026-05-26 08:38:03.262598+00,2026-05-26 08:38:02.157+00
7dc0a7e0-a09e-4f3d-9958-8fbbfe29f3d8,01e761fc-cf80-46dc-99fc-90cec18565a9,00000000-0000-0000-0000-000000000001,bd081ad6-5fe3-4c1d-a919-81b1055efa19,e2aa2aaa-8af6-4807-9a4e-7665c5421eed,"[{""answer"":""Today"",""question"":""When did you first notice this issue?""},{""answer"":""Minor — can manage"",""question"":""How severe is the issue?""},{""answer"":""First time"",""question"":""Has this issue happened before?""},{""answer"":""Nothing, happened on its own"",""question"":""Did anything specific trigger this issue?""},{""answer"":""Only my room"",""question"":""Is the issue affecting other rooms or just yours?""}]","{""causes"":[{""cause"":""Worn-out lock mechanism"",""severity"":""medium"",""solution"":""Replace the lock cylinder or the entire lock set."",""probability"":0.6,""estimatedCost"":""₹200 - ₹500"",""requiredParts"":[{""name"":""New lock cylinder"",""estimatedPrice"":""₹150 - ₹300""},{""name"":""Screwdriver set"",""estimatedPrice"":""₹50 - ₹200""}]},{""cause"":""Misaligned strike plate or latch"",""severity"":""low"",""solution"":""Adjust the strike plate or realign the latch mechanism. This might involve tightening screws or slightly repositioning the strike plate."",""probability"":0.25,""estimatedCost"":""₹0 - ₹100"",""requiredParts"":[{""name"":""Screwdriver set"",""estimatedPrice"":""₹50 - ₹200""}]},{""cause"":""Broken key or foreign object in the lock"",""severity"":""medium"",""solution"":""Inspect the lock for any broken key fragments or foreign objects. If found, attempt to carefully remove them. If a key is broken inside, a locksmith might be needed."",""probability"":0.1,""estimatedCost"":""₹0 - ₹500 (if locksmith needed)"",""requiredParts"":[]},{""cause"":""Loose screws in the lock assembly"",""severity"":""low"",""solution"":""Tighten all visible screws on the lock assembly and the strike plate."",""probability"":0.05,""estimatedCost"":""₹0"",""requiredParts"":[{""name"":""Screwdriver set"",""estimatedPrice"":""₹50 - ₹200""}]}],""summary"":""The furniture lock in your room is not working. This is a minor issue that started today and is affecting only your room. It's the first time this has happened, and there was no specific trigger."",""urgency"":""medium"",""recommendedAction"":""First, try to identify if the issue is due to loose screws or a misaligned strike plate, as these are the easiest to fix. If not, consider replacing the lock cylinder or the entire lock set. If a key is broken inside, a locksmith might be required.""}",null,completed,2026-05-26 08:40:07.806403+00,2026-05-26 08:40:06.338+00
344e7241-736d-4c67-8951-fefe8b1bab39,01e761fc-cf80-46dc-99fc-90cec18565a9,00000000-0000-0000-0000-000000000001,bd081ad6-5fe3-4c1d-a919-81b1055efa19,e2aa2aaa-8af6-4807-9a4e-7665c5421eed,"[{""answer"":""Today"",""question"":""When did you first notice this issue?""},{""answer"":""Minor — can manage"",""question"":""How severe is the issue?""},{""answer"":""First time"",""question"":""Has this issue happened before?""},{""answer"":""Nothing, happened on its own"",""question"":""Did anything specific trigger this issue?""},{""answer"":""Only my room"",""question"":""Is the issue affecting other rooms or just yours?""}]","{""causes"":[{""cause"":""Worn-out lock mechanism"",""severity"":""medium"",""solution"":""Replace the lock cylinder or the entire lock set."",""probability"":0.6,""estimatedCost"":""₹200 - ₹500"",""requiredParts"":[{""name"":""Lock cylinder"",""estimatedPrice"":""₹150 - ₹300""},{""name"":""New lock set (optional)"",""estimatedPrice"":""₹300 - ₹₹800""}]},{""cause"":""Misaligned latch or strike plate"",""severity"":""low"",""solution"":""Adjust the strike plate or the latch mechanism to ensure proper alignment. This might involve tightening screws or slightly repositioning the strike plate."",""probability"":0.25,""estimatedCost"":""₹50 - ₹150"",""requiredParts"":[{""name"":""Screws (if needed)"",""estimatedPrice"":""₹10 - ₹20""}]},{""cause"":""Broken key or foreign object in the lock"",""severity"":""medium"",""solution"":""Attempt to remove the broken key or foreign object using pliers or a specialized tool. If unsuccessful, the lock cylinder may need to be replaced."",""probability"":0.1,""estimatedCost"":""₹0 - ₹500"",""requiredParts"":[{""name"":""Lock cylinder (if replacement is needed)"",""estimatedPrice"":""₹150 - ₹300""}]},{""cause"":""Loose screws in the lock assembly"",""severity"":""low"",""solution"":""Tighten all visible screws on the lock assembly, including those on the handles, latch, and strike plate."",""probability"":0.05,""estimatedCost"":""₹0"",""requiredParts"":[]}],""summary"":""The furniture lock in your room is not working. This is a minor issue, noticed today for the first time, and is isolated to your room. There was no specific trigger."",""urgency"":""medium"",""recommendedAction"":""Initially, try tightening all screws on the lock assembly. If that doesn't resolve the issue, inspect the lock for any foreign objects or a broken key. If the problem persists, consider adjusting the strike plate or latch. If none of these solutions work, the lock cylinder or the entire lock set may need to be replaced.""}",null,completed,2026-05-26 08:42:46.733109+00,2026-05-26 08:42:45.298+00
a08b7601-b10a-45e1-8017-fa43b81d2774,2a30d99f-9ee0-433b-83d4-e4038d28c669,00000000-0000-0000-0000-000000000001,bd081ad6-5fe3-4c1d-a919-81b1055efa19,47389994-b201-4bb1-bf91-8bce4dbde510,"[{""answer"":""Today"",""question"":""When did you first notice this issue?""},{""answer"":""Minor — can manage"",""question"":""How severe is the issue?""},{""answer"":""First time"",""question"":""Has this issue happened before?""},{""answer"":""Not sure"",""question"":""Did anything specific trigger this issue?""},{""answer"":""Only my room"",""question"":""Is the issue affecting other rooms or just yours?""}]","{""causes"":[{""cause"":""Clogged showerhead"",""severity"":""medium"",""solution"":""Clean the showerhead by unscrewing it and removing mineral deposits. Soaking in vinegar can help."",""probability"":0.7,""estimatedCost"":""₹0 - ₹50 (for vinegar/cleaning solution)""},{""cause"":""Partially closed stopcock/valve"",""severity"":""low"",""solution"":""Check the stopcock or isolation valve for the shower and ensure it is fully open."",""probability"":0.15,""estimatedCost"":""₹0""},{""cause"":""Kinked or blocked shower hose"",""severity"":""medium"",""solution"":""Inspect the shower hose for any kinks or blockages. If blocked, try flushing it or replacing it."",""probability"":0.1,""estimatedCost"":""₹200 - ₹500 (for a new shower hose if needed)"",""requiredParts"":[{""name"":""Shower hose"",""estimatedPrice"":""₹200 - ₹500""}]},{""cause"":""Low water pressure in the building"",""severity"":""low"",""solution"":""This would affect other water outlets. If it's only the shower, this is less likely. If it's a building-wide issue, contact the building management."",""probability"":0.05,""estimatedCost"":""₹0 (if building issue)""}],""summary"":""The bathroom shower in your room has very slow water flow and low pressure. This is a new issue and only affects your room."",""urgency"":""low"",""recommendedAction"":""Start by cleaning the showerhead. If the issue persists, check the shower hose and stopcock. If still unresolved, report to maintenance for further investigation as it might require a plumber.""}",null,completed,2026-05-26 08:48:03.470123+00,2026-05-26 08:48:02.181+00
f1d4c22b-4d78-49da-884c-a3289b9f3f7f,6d5795dc-528f-4803-9e0f-be060bc4f7af,00000000-0000-0000-0000-000000000001,bd081ad6-5fe3-4c1d-a919-81b1055efa19,e2aa2aaa-8af6-4807-9a4e-7665c5421eed,"[{""answer"":""Today"",""question"":""When did you first notice this issue?""},{""answer"":""Minor — can manage"",""question"":""How severe is the issue?""},{""answer"":""First time"",""question"":""Has this issue happened before?""},{""answer"":""Nothing, happened on its own"",""question"":""Did anything specific trigger this issue?""},{""answer"":""Only my room"",""question"":""Is the issue affecting other rooms or just yours?""}]","{""causes"":[{""cause"":""Lack of essential furniture for individual use."",""severity"":""medium"",""solution"":""Provide a dedicated table and chair for the tenant's room."",""probability"":0.95,""estimatedCost"":""₹1,500 - ₹4,000"",""requiredParts"":[{""name"":""Study Table"",""estimatedPrice"":""₹1,000 - ₹2,500""},{""name"":""Chair"",""estimatedPrice"":""₹500 - ₹1,500""}]},{""cause"":""Oversight in initial room furnishing or allocation."",""severity"":""low"",""solution"":""Review and update the standard furniture provision policy for all rooms to ensure consistency."",""probability"":0.05,""estimatedCost"":""₹0""}],""summary"":""The tenant requires a dedicated table and chair for individual study and work-from-home purposes, as currently, they only have a small table while other flatmates have full setups. This is causing inconvenience for the tenant."",""urgency"":""medium"",""recommendedAction"":""Procure and provide a study table and chair to the tenant's room as soon as possible. Also, review the furniture allocation process to prevent similar issues in the future.""}",null,completed,2026-05-26 08:51:53.925292+00,2026-05-26 08:51:52.489+00
90af2ef3-a711-400e-bbaa-52dfccd02cb3,298b0b9f-9d4c-4ef2-a37f-7d9e7d35910d,00000000-0000-0000-0000-000000000001,bd081ad6-5fe3-4c1d-a919-81b1055efa19,a5831922-eaeb-48c2-941c-fd96fae8813d,"[{""answer"":""Yes"",""question"":""Is the AC turning on when you press the power button?""},{""answer"":""No air at all"",""question"":""Is air coming out from the AC vents?""},{""answer"":""Never / Not sure"",""question"":""When was the AC filter last cleaned?""},{""answer"":""No"",""question"":""Is there any water leaking from the AC?""},{""answer"":""Yes"",""question"":""Is the remote control working properly?""}]","{""causes"":[{""cause"":""Blower motor malfunction"",""severity"":""high"",""solution"":""Inspect and replace the blower motor. Check for any obstructions in the blower assembly."",""probability"":0.6,""estimatedCost"":""₹3,000 - ₹8,000"",""requiredParts"":[{""name"":""Blower Motor"",""estimatedPrice"":""₹2,500 - ₹7,000""},{""name"":""Capacitor (if needed)"",""estimatedPrice"":""₹300 - ₹800""}]},{""cause"":""Clogged air filter"",""severity"":""medium"",""solution"":""Clean or replace the air filter. A clogged filter can restrict airflow and cause the blower to stop working."",""probability"":0.2,""estimatedCost"":""₹200 - ₹1,000"",""requiredParts"":[{""name"":""AC Filter"",""estimatedPrice"":""₹200 - ₹1,000""}]},{""cause"":""Faulty thermostat or control board"",""severity"":""high"",""solution"":""Test the thermostat and control board for proper operation. Replace if faulty."",""probability"":0.15,""estimatedCost"":""₹1,500 - ₹6,000"",""requiredParts"":[{""name"":""Thermostat"",""estimatedPrice"":""₹1,000 - ₹4,000""},{""name"":""Control Board"",""estimatedPrice"":""₹2,000 - ₹5,000""}]},{""cause"":""Wiring issue or power supply problem"",""severity"":""medium"",""solution"":""Check all electrical connections and power supply to the AC unit. Repair any loose or damaged wiring."",""probability"":0.05,""estimatedCost"":""₹500 - ₹2,000""}],""summary"":""The AC is turning on but no air is coming from the vents, indicating a problem with the internal airflow system. The outdoor unit is leaking water, which is a separate issue likely related to drainage."",""urgency"":""high"",""recommendedAction"":""Immediately arrange for a qualified AC technician to inspect the unit. The lack of airflow can lead to further damage to the AC system, and the water leak from the outdoor unit needs to be addressed to prevent potential water damage or electrical hazards. Do not attempt to operate the AC until it has been inspected and repaired.""}",null,completed,2026-05-28 04:40:23.640708+00,2026-05-28 04:40:23.111+00
63a5d11e-4f2a-4474-8d22-ed4df6752946,2d51794c-13c3-46fb-9138-15f4b9c36f32,00000000-0000-0000-0000-000000000001,bd081ad6-5fe3-4c1d-a919-81b1055efa19,54bc37a9-ef71-4e18-b896-593f71b161fa,"[{""answer"":""Yes, light is on"",""question"":""Is the geyser power light on?""},{""answer"":""Less than 10 minutes"",""question"":""How long have you waited after turning it on?""},{""answer"":""No"",""question"":""Is there any water leaking from the geyser?""},{""answer"":""Yes"",""question"":""Is the geyser MCB turned on?""}]","{""causes"":[{""cause"":""Faulty geyser switch (DP switch)"",""severity"":""high"",""solution"":""Replace the faulty geyser switch with a new one. This will ensure the geyser can be manually turned on and off safely."",""probability"":0.9,""estimatedCost"":""₹200 - ₹500"",""requiredParts"":[{""name"":""Geyser DP Switch"",""estimatedPrice"":""₹150 - ₹400""}]},{""cause"":""Short circuit in geyser wiring"",""severity"":""high"",""solution"":""Inspect the geyser's internal wiring for any signs of short circuits or damage. Repair or replace the affected wiring. This requires a qualified electrician."",""probability"":0.08,""estimatedCost"":""₹300 - ₹800"",""requiredParts"":[{""name"":""Electrical wire (if needed)"",""estimatedPrice"":""₹50 - ₹200""}]},{""cause"":""Faulty thermostat in geyser"",""severity"":""medium"",""solution"":""If the geyser is automatically switching on and heating continuously without user input, the thermostat might be faulty and needs replacement. This prevents overheating."",""probability"":0.02,""estimatedCost"":""₹400 - ₹1000"",""requiredParts"":[{""name"":""Geyser Thermostat"",""estimatedPrice"":""₹300 - ₹800""}]}],""summary"":""The geyser switch is broken and the geyser is automatically switching on, even though the power light is on and the MCB is on. There is no water leakage. The primary issue is likely a faulty geyser switch."",""urgency"":""high"",""recommendedAction"":""Immediately turn off the geyser's MCB to prevent continuous operation and potential overheating or electrical hazards. Arrange for a qualified electrician to inspect and replace the faulty geyser switch as soon as possible.""}",null,completed,2026-05-28 04:42:16.052228+00,2026-05-28 04:42:15.289+00
41bb8af0-d702-4945-a3a6-c5a531e842a8,49b58c99-5f2f-43ea-aa8e-87a305d018af,00000000-0000-0000-0000-000000000001,bd081ad6-5fe3-4c1d-a919-81b1055efa19,e2aa2aaa-8af6-4807-9a4e-7665c5421eed,"[{""answer"":""Yesterday"",""question"":""When did you first notice this issue?""},{""answer"":""Minor — can manage"",""question"":""How severe is the issue?""},{""answer"":""First time"",""question"":""Has this issue happened before?""},{""answer"":""Nothing, happened on its own"",""question"":""Did anything specific trigger this issue?""},{""answer"":""Only my room"",""question"":""Is the issue affecting other rooms or just yours?""}]","{""causes"":[{""cause"":""Loose toilet seat hinges or fittings."",""severity"":""low"",""solution"":""Tighten the toilet seat hinges/fittings. This can usually be done with a screwdriver."",""probability"":0.8,""estimatedCost"":""₹0 - ₹50"",""requiredParts"":[]},{""cause"":""Worn out or broken toilet seat hinges/fittings."",""severity"":""medium"",""solution"":""Replace the toilet seat hinges/fittings. This might require a new set of hinges."",""probability"":0.15,""estimatedCost"":""₹100 - ₹300"",""requiredParts"":[{""name"":""Toilet seat hinge set"",""estimatedPrice"":""₹100 - ₹300""}]},{""cause"":""Incompatible or incorrectly installed toilet seat."",""severity"":""medium"",""solution"":""Reinstall the toilet seat correctly or replace it with a compatible one if necessary."",""probability"":0.05,""estimatedCost"":""₹0 - ₹800"",""requiredParts"":[{""name"":""New toilet seat (if incompatible)"",""estimatedPrice"":""₹500 - ₹800""}]}],""summary"":""The toilet seat in room C12 b is loose and needs to be fixed. The issue was first noticed yesterday and is a minor inconvenience, affecting only this room. It's the first time this issue has occurred, and there was no specific trigger."",""urgency"":""low"",""recommendedAction"":""Initially, attempt to tighten the existing toilet seat hinges. If the problem persists, inspect the hinges for wear and tear and replace them if necessary. If the seat still isn't stable, consider if it's the correct type for the toilet and reinstall or replace it.""}",null,completed,2026-05-28 04:49:37.52681+00,2026-05-28 04:49:37.007+00
5dd47314-9d1e-491e-b3e9-09fb307613a0,aecce5fb-e812-42f2-9ac3-2c17e70ce753,00000000-0000-0000-0000-000000000001,bd081ad6-5fe3-4c1d-a919-81b1055efa19,e2aa2aaa-8af6-4807-9a4e-7665c5421eed,"[{""answer"":""Yesterday"",""question"":""When did you first notice this issue?""},{""answer"":""Minor — can manage"",""question"":""How severe is the issue?""},{""answer"":""First time"",""question"":""Has this issue happened before?""},{""answer"":""Nothing, happened on its own"",""question"":""Did anything specific trigger this issue?""},{""answer"":""Only my room"",""question"":""Is the issue affecting other rooms or just yours?""}]","{""causes"":[{""cause"":""Wear and tear/aging of the adhesive used for the beading."",""severity"":""low"",""solution"":""Re-glue the cupboard beading using a strong wood adhesive."",""probability"":0.7,""estimatedCost"":""₹50 - ₹150"",""requiredParts"":[{""name"":""Wood adhesive (e.g., Fevicol, Araldite)"",""estimatedPrice"":""₹50 - ₹150""}]},{""cause"":""Impact or accidental pulling of the beading."",""severity"":""low"",""solution"":""Re-glue the cupboard beading using a strong wood adhesive."",""probability"":0.2,""estimatedCost"":""₹50 - ₹150"",""requiredParts"":[{""name"":""Wood adhesive (e.g., Fevicol, Araldite)"",""estimatedPrice"":""₹50 - ₹150""}]},{""cause"":""Humidity or moisture affecting the adhesive bond."",""severity"":""low"",""solution"":""Re-glue the cupboard beading using a strong wood adhesive and ensure the area is dry."",""probability"":0.1,""estimatedCost"":""₹50 - ₹150"",""requiredParts"":[{""name"":""Wood adhesive (e.g., Fevicol, Araldite)"",""estimatedPrice"":""₹50 - ₹150""}]}],""summary"":""The beading on cupboard A44a has come loose and needs to be re-glued. This is a minor issue, likely due to normal wear and tear or possibly a minor impact."",""urgency"":""low"",""recommendedAction"":""Re-glue the cupboard beading with a suitable adhesive. This can be done by a handyman or maintenance staff.""}",null,completed,2026-05-28 04:50:59.378055+00,2026-05-28 04:50:58.865+00
339cf083-19d1-4215-a883-8349f6a16786,b013dda1-2181-41f8-a9c3-db8acdeaca2d,00000000-0000-0000-0000-000000000001,bd081ad6-5fe3-4c1d-a919-81b1055efa19,d76dd3bd-ccb7-4991-a01f-ce158dfe908e,"[{""answer"":""Today"",""question"":""When did you first notice this issue?""},{""answer"":""Minor — can manage"",""question"":""How severe is the issue?""},{""answer"":""First time"",""question"":""Has this issue happened before?""},{""answer"":""Nothing, happened on its own"",""question"":""Did anything specific trigger this issue?""},{""answer"":""Only my room"",""question"":""Is the issue affecting other rooms or just yours?""}]","{""causes"":[{""cause"":""Partially clogged aerator in the tap. Over time, mineral deposits and debris can accumulate in the aerator, restricting water flow."",""severity"":""low"",""solution"":""Unscrew the aerator from the tap, clean it thoroughly with a brush and vinegar, and then reattach it. If heavily clogged, replace the aerator."",""probability"":0.6,""estimatedCost"":""₹50 - ₹150"",""requiredParts"":[{""name"":""Tap Aerator"",""estimatedPrice"":""₹50 - ₹100""}]},{""cause"":""Kink or blockage in the water supply line to the tap. This could be due to a bent pipe or an accumulation of sediment."",""severity"":""medium"",""solution"":""Inspect the visible water supply lines for any kinks. If no kinks are found, the blockage might be internal, requiring a plumber to flush the line."",""probability"":0.25,""estimatedCost"":""₹200 - ₹500 (if plumber needed)"",""requiredParts"":[]},{""cause"":""Faulty tap cartridge or washer. Worn-out internal components can restrict water flow."",""severity"":""medium"",""solution"":""Replace the tap cartridge or washer. This usually requires turning off the main water supply to the room."",""probability"":0.15,""estimatedCost"":""₹150 - ₹400"",""requiredParts"":[{""name"":""Tap Cartridge/Washer"",""estimatedPrice"":""₹100 - ₹300""}]}],""summary"":""The water flow in your room's tap is slower than usual. This is likely a minor issue affecting only your tap."",""urgency"":""low"",""recommendedAction"":""First, try cleaning the tap aerator. This is the most common and easiest fix. If the issue persists, further investigation into the water supply line or tap internals may be needed.""}",null,completed,2026-05-28 09:38:02.981313+00,2026-05-28 09:38:02.277+00
310fa93a-882b-4e1f-b040-c9292d620b62,1253875a-f6c4-4ed0-92d1-c3e6e7a4dabb,00000000-0000-0000-0000-000000000001,bd081ad6-5fe3-4c1d-a919-81b1055efa19,a5831922-eaeb-48c2-941c-fd96fae8813d,"[{""answer"":""Yes"",""question"":""Is the AC turning on when you press the power button?""},{""answer"":""No air at all"",""question"":""Is air coming out from the AC vents?""},{""answer"":""Never / Not sure"",""question"":""When was the AC filter last cleaned?""},{""answer"":""No"",""question"":""Is there any water leaking from the AC?""},{""answer"":""Yes"",""question"":""Is the remote control working properly?""}]","{""causes"":[{""cause"":""Clogged AC filter"",""severity"":""medium"",""solution"":""Clean or replace the AC filter. A clogged filter can restrict airflow, causing the coil to freeze and subsequently drip water when it melts."",""probability"":0.7,""estimatedCost"":""₹200 - ₹500"",""requiredParts"":[{""name"":""AC filter"",""estimatedPrice"":""₹200 - ₹500""}]},{""cause"":""Frozen evaporator coil"",""severity"":""high"",""solution"":""Turn off the AC and let the coil thaw. Once thawed, check for proper drainage and airflow. This is often a symptom of a clogged filter or low refrigerant."",""probability"":0.2,""estimatedCost"":""₹0 (if self-resolved after thawing) - ₹1500 (if professional help needed for refrigerant check)"",""requiredParts"":[]},{""cause"":""Faulty blower motor"",""severity"":""high"",""solution"":""Inspect and repair/replace the blower motor. If the blower motor isn't working, no air will come out, and this can lead to freezing and dripping."",""probability"":0.1,""estimatedCost"":""₹2000 - ₹5000"",""requiredParts"":[{""name"":""Blower motor"",""estimatedPrice"":""₹1500 - ₹4000""}]}],""summary"":""The AC is turning on but no air is coming out, and there's water dripping. The filter cleaning history is unknown."",""urgency"":""high"",""recommendedAction"":""Immediately turn off the AC unit to prevent further damage from water leakage and potential electrical hazards. First, check and clean/replace the AC filter. If the issue persists, contact a technician to inspect the evaporator coil and blower motor.""}",null,completed,2026-05-28 09:52:19.124758+00,2026-05-28 09:52:18.448+00
1e2ff2ec-3e56-410c-9e8a-f2ad163d19e3,83d03c23-f8b3-4f6c-8f52-e156f3fc8823,00000000-0000-0000-0000-000000000001,bd081ad6-5fe3-4c1d-a919-81b1055efa19,47389994-b201-4bb1-bf91-8bce4dbde510,"[{""answer"":""Today"",""question"":""When did you first notice this issue?""},{""answer"":""Minor — can manage"",""question"":""How severe is the issue?""},{""answer"":""First time"",""question"":""Has this issue happened before?""},{""answer"":""Nothing, happened on its own"",""question"":""Did anything specific trigger this issue?""},{""answer"":""Only my room"",""question"":""Is the issue affecting other rooms or just yours?""}]","{""causes"":[{""cause"":""Misaligned latch or strike plate"",""severity"":""medium"",""solution"":""Adjust the strike plate or latch mechanism to ensure proper alignment. This might involve loosening screws, repositioning the plate, and then tightening the screws. In some cases, the hinge screws might need tightening as well if the door has sagged."",""probability"":0.6,""estimatedCost"":""₹50 - ₹200"",""requiredParts"":[{""name"":""Screwdriver set"",""estimatedPrice"":""₹100 - ₹300""}]},{""cause"":""Worn-out latch mechanism"",""severity"":""medium"",""solution"":""The internal spring or mechanism of the latch might be worn out, preventing it from extending fully or holding properly. Replacing the latch mechanism would be necessary."",""probability"":0.2,""estimatedCost"":""₹200 - ₹500"",""requiredParts"":[{""name"":""New wardrobe latch mechanism"",""estimatedPrice"":""₹150 - ₹400""},{""name"":""Screwdriver set"",""estimatedPrice"":""₹100 - ₹300""}]},{""cause"":""Swollen wood due to humidity"",""severity"":""low"",""solution"":""High humidity can cause the wood of the wardrobe door or frame to swell, leading to a tighter fit and difficulty in locking. Running a dehumidifier in the room or using sandpaper to slightly reduce the size of the door edge where it's catching might help. If swelling is severe, professional carpentry might be needed."",""probability"":0.15,""estimatedCost"":""₹0 - ₹500 (for sandpaper/dehumidifier use)"",""requiredParts"":[{""name"":""Sandpaper (fine-grit)"",""estimatedPrice"":""₹20 - ₹50""}]},{""cause"":""Loose hinges"",""severity"":""low"",""solution"":""Loose hinges can cause the door to sag, leading to misalignment of the latch. Tightening the hinge screws can often resolve this. If the screw holes are stripped, using longer screws or wood filler might be necessary."",""probability"":0.05,""estimatedCost"":""₹0 - ₹100"",""requiredParts"":[{""name"":""Screwdriver set"",""estimatedPrice"":""₹100 - ₹300""},{""name"":""Longer screws (if needed)"",""estimatedPrice"":""₹10 - ₹50""}]}],""summary"":""The wardrobe door is unable to lock, a new issue that appeared today and is isolated to one room. The severity is minor, and it's the first time this has happened."",""urgency"":""medium"",""recommendedAction"":""First, check for misalignment of the latch and strike plate and try to adjust them. If that doesn't work, inspect the latch mechanism for wear and tear. Consider environmental factors like humidity if the door seems to be catching.""}",null,completed,2026-05-28 09:57:36.190968+00,2026-05-28 09:57:35.045+00
9144603b-af6c-4d3b-886c-331d97e5d667,0235df0d-e86c-43df-8113-5df1701a4bd2,00000000-0000-0000-0000-000000000001,bd081ad6-5fe3-4c1d-a919-81b1055efa19,47389994-b201-4bb1-bf91-8bce4dbde510,"[{""answer"":""Today"",""question"":""When did you first notice this issue?""},{""answer"":""Minor — can manage"",""question"":""How severe is the issue?""},{""answer"":""First time"",""question"":""Has this issue happened before?""},{""answer"":""Nothing, happened on its own"",""question"":""Did anything specific trigger this issue?""},{""answer"":""Only my room"",""question"":""Is the issue affecting other rooms or just yours?""}]","{""causes"":[{""cause"":""Locks were never installed or have been removed."",""severity"":""low"",""solution"":""Install new locks on the almira and table."",""probability"":0.7,""estimatedCost"":""₹300 - ₹800 per lock"",""requiredParts"":[{""name"":""Almira lock"",""estimatedPrice"":""₹150 - ₹400""},{""name"":""Table lock"",""estimatedPrice"":""₹150 - ₹400""}]},{""cause"":""Locks are present but keys are missing."",""severity"":""low"",""solution"":""Provide new keys or replace the locks if keys cannot be duplicated."",""probability"":0.2,""estimatedCost"":""₹100 - ₹500 per lock"",""requiredParts"":[{""name"":""Key blank and cutting service"",""estimatedPrice"":""₹50 - ₹150""},{""name"":""Almira lock (if replacement needed)"",""estimatedPrice"":""₹150 - ₹400""},{""name"":""Table lock (if replacement needed)"",""estimatedPrice"":""₹150 - ₹400""}]},{""cause"":""Locks are broken or jammed."",""severity"":""low"",""solution"":""Repair or replace the broken locks."",""probability"":0.1,""estimatedCost"":""₹200 - ₹800 per lock"",""requiredParts"":[{""name"":""Almira lock"",""estimatedPrice"":""₹150 - ₹400""},{""name"":""Table lock"",""estimatedPrice"":""₹150 - ₹400""}]}],""summary"":""The almira and table in your room are missing locks or their keys, or the existing locks are broken. This is a minor issue affecting only your room and was noticed today for the first time."",""urgency"":""low"",""recommendedAction"":""A maintenance person should inspect the almira and table to determine if locks need to be installed, keys need to be provided, or existing locks need to be repaired/replaced. Based on the assessment, appropriate locks should be installed or fixed.""}",null,completed,2026-05-28 09:59:20.052474+00,2026-05-28 09:59:19.413+00
132e38b3-1452-4f71-a16d-51739e7717ff,35dd8f94-4c35-4169-a395-42d399fd0956,00000000-0000-0000-0000-000000000001,bd081ad6-5fe3-4c1d-a919-81b1055efa19,a25aca1b-211b-41d3-ab08-78bd2b9541e8,"[{""answer"":""Today"",""question"":""When did you first notice this issue?""},{""answer"":""Minor — can manage"",""question"":""How severe is the issue?""},{""answer"":""First time"",""question"":""Has this issue happened before?""},{""answer"":""Nothing, happened on its own"",""question"":""Did anything specific trigger this issue?""},{""answer"":""Only my room"",""question"":""Is the issue affecting other rooms or just yours?""}]","{""causes"":[{""cause"":""Wear and tear/Accidental damage"",""severity"":""low"",""solution"":""Replace the commode lid."",""probability"":0.9,""estimatedCost"":""₹300 - ₹800"",""requiredParts"":[{""name"":""New commode lid"",""estimatedPrice"":""₹250 - ₹750""},{""name"":""Commode lid hinges/fittings (if not included with lid)"",""estimatedPrice"":""₹50 - ₹100""}]},{""cause"":""Faulty installation (less likely if it lasted some time)"",""severity"":""low"",""solution"":""Reinstall a new commode lid correctly."",""probability"":0.1,""estimatedCost"":""₹300 - ₹800"",""requiredParts"":[{""name"":""New commode lid"",""estimatedPrice"":""₹250 - ₹750""},{""name"":""Commode lid hinges/fittings (if not included with lid)"",""estimatedPrice"":""₹50 - ₹100""}]}],""summary"":""The commode lid in the common bathroom is broken. This is a minor issue and was noticed today for the first time. It is likely due to normal wear and tear or accidental damage."",""urgency"":""low"",""recommendedAction"":""Replace the broken commode lid with a new one. This can be done by the hostel staff or a local plumber.""}",null,completed,2026-05-28 10:18:04.624223+00,2026-05-28 10:18:03.974+00
3a194235-bd23-42b4-a3b5-3fec8ecea762,8acb89e3-ea87-4013-8fdf-7f56b6d7f6b2,00000000-0000-0000-0000-000000000001,bd081ad6-5fe3-4c1d-a919-81b1055efa19,a5831922-eaeb-48c2-941c-fd96fae8813d,"[{""answer"":""Yes"",""question"":""Is the AC turning on when you press the power button?""},{""answer"":""No air at all"",""question"":""Is air coming out from the AC vents?""},{""answer"":""Never / Not sure"",""question"":""When was the AC filter last cleaned?""},{""answer"":""No"",""question"":""Is there any water leaking from the AC?""},{""answer"":""Yes"",""question"":""Is the remote control working properly?""}]","{""causes"":[{""cause"":""Blower motor malfunction"",""severity"":""high"",""solution"":""Inspect and repair/replace the blower motor. Check for obstructions in the blower assembly."",""probability"":0.6,""estimatedCost"":""₹2,500 - ₹8,000"",""requiredParts"":[{""name"":""Blower motor"",""estimatedPrice"":""₹2,000 - ₹6,000""},{""name"":""Capacitor (if applicable)"",""estimatedPrice"":""₹300 - ₹800""}]},{""cause"":""Clogged air filter"",""severity"":""medium"",""solution"":""Clean or replace the AC air filter. A severely clogged filter can restrict airflow completely."",""probability"":0.3,""estimatedCost"":""₹200 - ₹1,000"",""requiredParts"":[{""name"":""AC filter"",""estimatedPrice"":""₹200 - ₹1,000""}]},{""cause"":""Evaporator coil frozen"",""severity"":""high"",""solution"":""Turn off the AC and let the coil thaw. Check for refrigerant leaks or issues with the fan motor after thawing."",""probability"":0.1,""estimatedCost"":""₹500 - ₹3,000 (for inspection and potential refrigerant top-up)"",""requiredParts"":[]}],""summary"":""The AC is turning on but no air is coming out from the vents, and the filter hasn't been cleaned or its cleaning history is unknown. This strongly suggests an issue with the airflow system."",""urgency"":""high"",""recommendedAction"":""Immediately turn off the AC to prevent further damage. A technician should inspect the blower motor, air filter, and evaporator coil as soon as possible.""}",null,completed,2026-05-28 10:21:01.537994+00,2026-05-28 10:21:00.213+00
c0e2698d-7f65-4dc0-baaa-5a00461f2db8,ebb855b4-4121-4659-977f-638e2ffdeb75,00000000-0000-0000-0000-000000000001,bd081ad6-5fe3-4c1d-a919-81b1055efa19,caf6381e-5189-4c1f-bf0a-4dfd99d9b9e7,"[{""answer"":""Yesterday"",""question"":""When did you first notice this issue?""},{""answer"":""Minor — can manage"",""question"":""How severe is the issue?""},{""answer"":""First time"",""question"":""Has this issue happened before?""},{""answer"":""Nothing, happened on its own"",""question"":""Did anything specific trigger this issue?""},{""answer"":""Only my room"",""question"":""Is the issue affecting other rooms or just yours?""}]","{""causes"":[{""cause"":""Clogged drain pump filter"",""severity"":""medium"",""solution"":""Clean the drain pump filter. This can usually be accessed from the front or back of the machine. Refer to the washing machine's manual for specific instructions."",""probability"":0.6,""estimatedCost"":""₹0 - ₹100 (if a technician is called)"",""requiredParts"":[]},{""cause"":""Kinked or blocked drain hose"",""severity"":""low"",""solution"":""Check the drain hose for any kinks or blockages. Straighten the hose if kinked, and remove any obstructions. Ensure the hose is not inserted too far into the drainpipe."",""probability"":0.2,""estimatedCost"":""₹0"",""requiredParts"":[]},{""cause"":""Faulty drain pump"",""severity"":""high"",""solution"":""The drain pump may need to be replaced. This is a more complex repair and might require a technician. If you are comfortable with DIY, you can order a replacement pump and install it."",""probability"":0.15,""estimatedCost"":""₹1500 - ₹3000 (for pump and labor)"",""requiredParts"":[{""name"":""Washing machine drain pump"",""estimatedPrice"":""₹1000 - ₹2000""}]},{""cause"":""Problem with the washing machine's lid switch (for top-loaders) or door lock (for front-loaders)"",""severity"":""medium"",""solution"":""Ensure the lid/door is closing properly. If the switch/lock is faulty, the machine might not proceed to the drain cycle. This might require a technician to repair or replace the switch/lock."",""probability"":0.05,""estimatedCost"":""₹500 - ₹1500"",""requiredParts"":[{""name"":""Washing machine lid switch or door lock"",""estimatedPrice"":""₹300 - ₹1000""}]}],""summary"":""The washing machine is not draining water. This is a minor issue that started yesterday and has not happened before. It is only affecting one room."",""urgency"":""medium"",""recommendedAction"":""First, check and clean the drain pump filter and inspect the drain hose for kinks or blockages. If the issue persists, it might indicate a faulty drain pump or a problem with the lid/door switch. Consider calling a technician if the initial troubleshooting steps do not resolve the problem.""}",null,completed,2026-06-02 04:19:02.415496+00,2026-06-02 04:19:00.83+00
6eae7e48-4abe-4983-826b-7f22c91b0c88,48a7025a-a65f-4b80-914c-984259833370,00000000-0000-0000-0000-000000000001,bd081ad6-5fe3-4c1d-a919-81b1055efa19,d76dd3bd-ccb7-4991-a01f-ce158dfe908e,"[{""answer"":""Yesterday"",""question"":""When did you first notice this issue?""},{""answer"":""Minor — can manage"",""question"":""How severe is the issue?""},{""answer"":""First time"",""question"":""Has this issue happened before?""},{""answer"":""Nothing, happened on its own"",""question"":""Did anything specific trigger this issue?""},{""answer"":""Only my room"",""question"":""Is the issue affecting other rooms or just yours?""}]","{""causes"":[{""cause"":""Loose pipe joint or fitting"",""severity"":""low"",""solution"":""Tighten the loose joint/fitting. If tightening doesn't work, apply plumber's tape or sealant."",""probability"":0.6,""estimatedCost"":""₹50 - ₹200"",""requiredParts"":[{""name"":""Plumber's tape/sealant"",""estimatedPrice"":""₹50 - ₹100""}]},{""cause"":""Worn out washer or O-ring in a pipe joint"",""severity"":""low"",""solution"":""Replace the worn-out washer or O-ring."",""probability"":0.25,""estimatedCost"":""₹100 - ₹300"",""requiredParts"":[{""name"":""Assorted washers/O-rings"",""estimatedPrice"":""₹50 - ₹150""}]},{""cause"":""Small crack in the pipe"",""severity"":""medium"",""solution"":""Repair the crack using epoxy putty or replace the small section of the pipe."",""probability"":0.1,""estimatedCost"":""₹200 - ₹800"",""requiredParts"":[{""name"":""Epoxy putty"",""estimatedPrice"":""₹100 - ₹250""},{""name"":""PVC pipe section (if replacement needed)"",""estimatedPrice"":""₹100 - ₹300""}]},{""cause"":""Corrosion in metal pipes (less likely for a new issue)"",""severity"":""medium"",""solution"":""Clean the corroded area and apply a rust-inhibiting sealant, or replace the corroded section."",""probability"":0.05,""estimatedCost"":""₹300 - ₹1000"",""requiredParts"":[{""name"":""Rust-inhibiting sealant"",""estimatedPrice"":""₹150 - ₹300""},{""name"":""Metal pipe section (if replacement needed)"",""estimatedPrice"":""₹200 - ₹500""}]}],""summary"":""There is a minor water leakage in the hall, noticed yesterday for the first time and only affecting your room. The issue is manageable."",""urgency"":""low"",""recommendedAction"":""Inspect the visible plumbing lines in the hall to identify the exact source of the leak. Look for dripping water, wet spots, or signs of corrosion around pipe joints and fittings. Try tightening any loose connections. If the leak persists, further investigation will be needed to determine if a washer replacement or pipe repair is required. It is advisable to address this soon to prevent the issue from worsening and causing more significant damage.""}",null,completed,2026-06-02 04:21:38.467671+00,2026-06-02 04:21:36.979+00
fd83fcfe-8c00-4f0f-992b-4ec996831872,de3748e9-f438-493b-9322-b16d547efa5c,00000000-0000-0000-0000-000000000001,bd081ad6-5fe3-4c1d-a919-81b1055efa19,28158382-d5c1-436c-927b-3e3d9855c2af,"[{""answer"":""Entire room"",""question"":""Is the power out in the entire room or just some outlets?""},{""answer"":""Yes, it's on"",""question"":""Have you checked the MCB / circuit breaker?""},{""answer"":""Yes, others have power"",""question"":""Is there power in the common areas or other rooms?""},{""answer"":""Happened suddenly"",""question"":""Did this happen suddenly or after plugging something in?""}]","{""causes"":[{""cause"":""Overloaded circuit due to faulty AC stabilizer or appliance."",""severity"":""high"",""solution"":""Inspect the AC stabilizer and the appliance connected to it for faults. Replace the burnt plug and the stabilizer if it's faulty. Check for any other signs of electrical damage in the room."",""probability"":0.6,""estimatedCost"":""₹500 - ₹2000"",""requiredParts"":[{""name"":""New 16A plug"",""estimatedPrice"":""₹100 - ₹250""},{""name"":""AC Stabilizer (if faulty)"",""estimatedPrice"":""₹1000 - ₹3000""}]},{""cause"":""Loose wiring or poor contact at the plug point causing arcing and overheating."",""severity"":""medium"",""solution"":""Replace the burnt plug. Inspect the wiring at the plug point and tighten any loose connections. Ensure proper insulation."",""probability"":0.3,""estimatedCost"":""₹300 - ₹800"",""requiredParts"":[{""name"":""New 16A plug"",""estimatedPrice"":""₹100 - ₹250""},{""name"":""Electrical tape/insulation"",""estimatedPrice"":""₹50 - ₹100""}]},{""cause"":""Short circuit within the AC stabilizer or the appliance connected to it."",""severity"":""high"",""solution"":""Disconnect the AC stabilizer and the appliance. Test them individually to identify the faulty unit. Replace the burnt plug and the faulty unit. An electrician should inspect the wiring for any damage caused by the short circuit."",""probability"":0.1,""estimatedCost"":""₹1000 - ₹5000+"",""requiredParts"":[{""name"":""New 16A plug"",""estimatedPrice"":""₹100 - ₹250""},{""name"":""AC Stabilizer (if faulty)"",""estimatedPrice"":""₹1000 - ₹3000""},{""name"":""Appliance repair/replacement (if faulty)"",""estimatedPrice"":""Variable""}]}],""summary"":""The entire room has no power, but the MCB is on and other rooms have power. The AC stabilizer plug burned suddenly, indicating an electrical fault within the room's circuit or connected appliances."",""urgency"":""critical"",""recommendedAction"":""Immediately disconnect the AC stabilizer and any other appliances from the affected outlets. Do not attempt to use the burnt plug or any other outlets in the room until an electrician has inspected and repaired the issue. Mathi should prioritize this repair due to the high risk of further electrical damage or fire. Ensure the main power supply to the room is switched off before any inspection or repair work is done.""}",null,completed,2026-06-02 04:24:42.747135+00,2026-06-02 04:24:41.255+00
bc53bbb3-8045-4b3a-b945-536deb36f641,4b313b65-29bc-4a38-9c5c-a7db2daa1745,00000000-0000-0000-0000-000000000001,bd081ad6-5fe3-4c1d-a919-81b1055efa19,a25aca1b-211b-41d3-ab08-78bd2b9541e8,"[{""answer"":""Today"",""question"":""When did you first notice this issue?""},{""answer"":""Minor — can manage"",""question"":""How severe is the issue?""},{""answer"":""First time"",""question"":""Has this issue happened before?""},{""answer"":""Nothing, happened on its own"",""question"":""Did anything specific trigger this issue?""},{""answer"":""Only my room"",""question"":""Is the issue affecting other rooms or just yours?""}]","{""causes"":[{""cause"":""Low water pressure from the main supply line to the building."",""severity"":""medium"",""solution"":""Check the main water supply valve to ensure it's fully open. If the issue persists, contact the building management to inquire about overall water pressure in the area."",""probability"":0.4,""estimatedCost"":""₹0 - ₹200 (if a plumber is called for inspection)""},{""cause"":""Clogged aerator in the tap."",""severity"":""low"",""solution"":""Unscrew the aerator from the tap, clean any sediment or debris, and reattach it. This can often be done without tools or with a simple wrench."",""probability"":0.3,""estimatedCost"":""₹0"",""requiredParts"":[{""name"":""Tap aerator (if replacement is needed)"",""estimatedPrice"":""₹50 - ₹150""}]},{""cause"":""Partial blockage in the tap's water supply line."",""severity"":""medium"",""solution"":""Turn off the water supply to the toilet. Disconnect the supply line from the tap and check for any visible blockages. Flush the line to clear any debris. This might require a plumber."",""probability"":0.2,""estimatedCost"":""₹300 - ₹700 (plumber visit)"",""requiredParts"":[{""name"":""Teflon tape (if lines are disconnected)"",""estimatedPrice"":""₹20 - ₹50""}]},{""cause"":""Faulty tap cartridge or washer."",""severity"":""medium"",""solution"":""If the above solutions don't work, the internal components of the tap (cartridge or washer) might be worn out or faulty. This would require replacing the cartridge or washer, or in some cases, the entire tap. This usually requires a plumber."",""probability"":0.1,""estimatedCost"":""₹400 - ₹1200 (plumber visit + parts)"",""requiredParts"":[{""name"":""Tap cartridge/washer (specific to tap model)"",""estimatedPrice"":""₹100 - ₹500""},{""name"":""New tap (if replacement is necessary)"",""estimatedPrice"":""₹500 - ₹2000""}]}],""summary"":""The tap water in your toilet is flowing very slowly, and this issue started today. It's a minor inconvenience and is only affecting your room. This is the first time you've experienced this problem."",""urgency"":""medium"",""recommendedAction"":""Start by checking the simplest solutions first, such as the main water supply and the tap aerator. If these don't resolve the issue, it's advisable to contact building management or a plumber for further inspection and repair.""}",null,completed,2026-06-02 05:50:52.441521+00,2026-06-02 05:50:52.119+00
f4ad28a1-f124-4ced-8f73-6f319639c33a,2f821a1a-cdee-4e0b-b688-83e9e30edf93,00000000-0000-0000-0000-000000000001,bd081ad6-5fe3-4c1d-a919-81b1055efa19,e2aa2aaa-8af6-4807-9a4e-7665c5421eed,"[{""answer"":""Yesterday"",""question"":""When did you first notice this issue?""},{""answer"":""Minor — can manage"",""question"":""How severe is the issue?""},{""answer"":""First time"",""question"":""Has this issue happened before?""},{""answer"":""Nothing, happened on its own"",""question"":""Did anything specific trigger this issue?""},{""answer"":""Only my room"",""question"":""Is the issue affecting other rooms or just yours?""}]","{""causes"":[{""cause"":""Bed bugs infestation due to external source (e.g., luggage, new furniture, visitors)"",""severity"":""high"",""solution"":""Thorough chemical treatment of the room, including cracks and crevices, by a professional pest control service. Replacement of infested mattress and pillow. High-temperature washing of all bedding and curtains."",""probability"":0.7,""estimatedCost"":""₹2,500 - ₹6,000 for pest control, ₹4,000 - ₹8,000 for mattress, ₹500 - ₹1,500 for pillow."",""requiredParts"":[{""name"":""Pest control service"",""estimatedPrice"":""₹2,500 - ₹6,000""},{""name"":""New mattress"",""estimatedPrice"":""₹4,000 - ₹8,000""},{""name"":""New pillow"",""estimatedPrice"":""₹500 - ₹1,500""}]},{""cause"":""Bed bugs introduced from an adjacent room or common area (less likely as it's only in your room)"",""severity"":""high"",""solution"":""Same as above, with additional inspection and potential treatment of adjacent areas if infestation is found to have spread."",""probability"":0.2,""estimatedCost"":""₹2,500 - ₹6,000 for pest control, ₹4,000 - ₹8,000 for mattress, ₹500 - ₹1,500 for pillow."",""requiredParts"":[{""name"":""Pest control service"",""estimatedPrice"":""₹2,500 - ₹6,000""},{""name"":""New mattress"",""estimatedPrice"":""₹4,000 - ₹8,000""},{""name"":""New pillow"",""estimatedPrice"":""₹500 - ₹1,500""}]},{""cause"":""Infestation due to long-term neglect or unsanitary conditions (less likely given it's a first-time issue and 'minor' severity)"",""severity"":""high"",""solution"":""Same as above, with emphasis on deep cleaning and regular hygiene practices to prevent recurrence."",""probability"":0.1,""estimatedCost"":""₹2,500 - ₹6,000 for pest control, ₹4,000 - ₹8,000 for mattress, ₹500 - ₹1,500 for pillow."",""requiredParts"":[{""name"":""Pest control service"",""estimatedPrice"":""₹2,500 - ₹6,000""},{""name"":""New mattress"",""estimatedPrice"":""₹4,000 - ₹8,000""},{""name"":""New pillow"",""estimatedPrice"":""₹500 - ₹1,500""}]}],""summary"":""Bed bug infestation in the bed, requiring immediate treatment and replacement of bedding."",""urgency"":""high"",""recommendedAction"":""Engage a professional pest control service immediately. Replace the mattress and pillow. Wash all bedding and curtains in hot water. Inspect surrounding furniture and areas for any signs of spread.""}",null,completed,2026-06-02 05:55:52.022215+00,2026-06-02 05:55:51.626+00
fd548ac0-015e-49e6-be75-fcbebb6d1ea4,87886ad5-efc3-47b9-8ef3-65cef3bd906a,00000000-0000-0000-0000-000000000001,bd081ad6-5fe3-4c1d-a919-81b1055efa19,a5831922-eaeb-48c2-941c-fd96fae8813d,"[{""answer"":""Yes"",""question"":""Is the AC turning on when you press the power button?""},{""answer"":""No air at all"",""question"":""Is air coming out from the AC vents?""},{""answer"":""Never / Not sure"",""question"":""When was the AC filter last cleaned?""},{""answer"":""No"",""question"":""Is there any water leaking from the AC?""},{""answer"":""Yes"",""question"":""Is the remote control working properly?""}]","{""causes"":[{""cause"":""Blower motor malfunction"",""severity"":""high"",""solution"":""Inspect and repair/replace the blower motor. This will require a qualified technician."",""probability"":0.6,""estimatedCost"":""₹2000 - ₹5000"",""requiredParts"":[{""name"":""Blower motor"",""estimatedPrice"":""₹1500 - ₹4000""}]},{""cause"":""Clogged air filter"",""severity"":""medium"",""solution"":""Clean or replace the AC air filter. This can often be done by the user."",""probability"":0.3,""estimatedCost"":""₹0 - ₹500"",""requiredParts"":[{""name"":""AC filter (if replacement needed)"",""estimatedPrice"":""₹200 - ₹500""}]},{""cause"":""Evaporator coil frozen"",""severity"":""high"",""solution"":""Turn off the AC and allow the coil to defrost. Check for underlying causes like low refrigerant or poor airflow. This may require a technician."",""probability"":0.1,""estimatedCost"":""₹0 - ₹3000"",""requiredParts"":[]}],""summary"":""The primary issue is no air coming from the AC vents, indicating a problem with the airflow system. The AC not cooling is a secondary symptom likely caused by the lack of airflow or a related issue."",""urgency"":""high"",""recommendedAction"":""Immediately address the lack of airflow. Start by checking and cleaning/replacing the AC filter. If that doesn't resolve the issue, a technician should be called to inspect the blower motor and evaporator coil.""}",null,completed,2026-06-02 06:34:23.406954+00,2026-06-02 06:34:09.56+00
872f31e0-cd4e-4da6-b888-2fe046efa014,3938fc58-441d-46d3-b350-690023ef2634,00000000-0000-0000-0000-000000000001,8c42685b-f2df-4dec-96bd-0e77b715e33e,c5f1c3c0-af88-4c54-9730-ebffed128bc9,"[{""answer"":""Today"",""question"":""When did you first notice this issue?""},{""answer"":""Minor — can manage"",""question"":""How severe is the issue?""},{""answer"":""First time"",""question"":""Has this issue happened before?""},{""answer"":""Nothing, happened on its own"",""question"":""Did anything specific trigger this issue?""},{""answer"":""Only my room"",""question"":""Is the issue affecting other rooms or just yours?""}]","{""causes"":[{""cause"":""Faulty temperature sensor or control knob"",""severity"":""medium"",""solution"":""Inspect and replace the temperature sensor or control knob. This may involve opening the induction cooktop and checking the connections."",""probability"":0.6,""estimatedCost"":""₹500 - ₹1500"",""requiredParts"":[{""name"":""Induction Cooktop Temperature Sensor"",""estimatedPrice"":""₹200 - ₹700""},{""name"":""Induction Cooktop Control Knob/Module"",""estimatedPrice"":""₹300 - ₹800""}]},{""cause"":""Control board malfunction"",""severity"":""high"",""solution"":""The main control board might be faulty. This would require replacement of the control board."",""probability"":0.3,""estimatedCost"":""₹1500 - ₹4000"",""requiredParts"":[{""name"":""Induction Cooktop Control Board"",""estimatedPrice"":""₹1000 - ₹3000""}]},{""cause"":""Loose wiring or connection issues"",""severity"":""low"",""solution"":""Check all internal wiring and connections for any looseness or corrosion. Reconnect or clean as necessary."",""probability"":0.1,""estimatedCost"":""₹200 - ₹500"",""requiredParts"":[]}],""summary"":""The induction cooktop in your room is not allowing temperature reduction and other functions are not working. This is likely due to a faulty temperature sensor, control knob, or a malfunctioning control board. Loose wiring could also be a minor contributing factor."",""urgency"":""medium"",""recommendedAction"":""It is recommended to have a technician inspect the induction cooktop to accurately diagnose the issue and replace the faulty components. While the issue is currently minor, it could worsen and become a safety hazard if not addressed.""}",null,completed,2026-06-02 10:39:12.937353+00,2026-06-02 10:39:15.603+00
ad3ceafc-3ca9-40e1-bc5a-efbc860c9e53,7b5a60ef-d1f2-4f62-943f-59506796ec43,00000000-0000-0000-0000-000000000001,bd081ad6-5fe3-4c1d-a919-81b1055efa19,e2aa2aaa-8af6-4807-9a4e-7665c5421eed,"[{""answer"":""More than a week"",""question"":""When did you first notice this issue?""},{""answer"":""Minor — can manage"",""question"":""How severe is the issue?""},{""answer"":""First time"",""question"":""Has this issue happened before?""},{""answer"":""Nothing, happened on its own"",""question"":""Did anything specific trigger this issue?""},{""answer"":""Only my room"",""question"":""Is the issue affecting other rooms or just yours?""}]","{""causes"":[{""cause"":""Loose hinges"",""severity"":""medium"",""solution"":""Tighten the screws on the hinges. If the screws are stripped, replace them with slightly larger ones or use wall plugs."",""probability"":0.6,""estimatedCost"":""₹50 - ₹200"",""requiredParts"":[{""name"":""Screwdriver"",""estimatedPrice"":""₹50 - ₹150""},{""name"":""Screws (if needed)"",""estimatedPrice"":""₹20 - ₹50""}]},{""cause"":""Misaligned door"",""severity"":""medium"",""solution"":""Adjust the hinges to realign the door. This usually involves turning specific screws on the hinges to move the door up/down or in/out."",""probability"":0.2,""estimatedCost"":""₹0 - ₹50"",""requiredParts"":[{""name"":""Screwdriver"",""estimatedPrice"":""₹50 - ₹150""}]},{""cause"":""Swollen wood due to humidity"",""severity"":""low"",""solution"":""If the swelling is minor, it might resolve on its own when humidity decreases. For persistent issues, a carpenter might need to plane down the edge of the door slightly."",""probability"":0.15,""estimatedCost"":""₹0 - ₹500"",""requiredParts"":[{""name"":""Sandpaper (if minor)"",""estimatedPrice"":""₹10 - ₹30""}]},{""cause"":""Damaged hinges"",""severity"":""high"",""solution"":""Replace the damaged hinges with new ones of the same type and size."",""probability"":0.05,""estimatedCost"":""₹200 - ₹500"",""requiredParts"":[{""name"":""New hinges (pair)"",""estimatedPrice"":""₹150 - ₹400""},{""name"":""Screwdriver"",""estimatedPrice"":""₹50 - ₹150""}]}],""summary"":""The wardrobe door is not closing properly, likely due to loose or misaligned hinges, or possibly swollen wood. It's a minor issue that has been present for over a week and is isolated to one room."",""urgency"":""low"",""recommendedAction"":""First, try tightening the screws on the hinges. If that doesn't work, attempt to adjust the door alignment using the hinge screws. If the issue persists, a carpenter may be needed to assess for swollen wood or damaged hinges.""}",null,completed,2026-06-03 04:26:28.341143+00,2026-06-03 04:26:27.322+00
b5d9aca2-5fa3-4357-a98d-83a7675ade8b,188b1fdb-205f-470f-b9f4-db6e18d74a41,00000000-0000-0000-0000-000000000001,bd081ad6-5fe3-4c1d-a919-81b1055efa19,47389994-b201-4bb1-bf91-8bce4dbde510,"[{""answer"":""Yesterday"",""question"":""When did you first notice this issue?""},{""answer"":""Minor — can manage"",""question"":""How severe is the issue?""},{""answer"":""First time"",""question"":""Has this issue happened before?""},{""answer"":""Nothing, happened on its own"",""question"":""Did anything specific trigger this issue?""},{""answer"":""Only my room"",""question"":""Is the issue affecting other rooms or just yours?""}]","{""causes"":[{""cause"":""Accumulation of dust and dirt on fan blades and motor."",""severity"":""low"",""solution"":""Clean the fan blades and motor thoroughly using a dry cloth or brush. For stubborn dirt, a slightly damp cloth can be used, ensuring the fan is switched off and completely dry before use."",""probability"":0.9,""estimatedCost"":""₹0 - ₹50""},{""cause"":""Improper fan installation leading to increased dust accumulation."",""severity"":""low"",""solution"":""Inspect fan installation for proper alignment and secure mounting. Reinstall if necessary."",""probability"":0.08,""estimatedCost"":""₹100 - ₹300""},{""cause"":""Worn out fan bearings causing reduced fan efficiency and attracting more dust due to static."",""severity"":""medium"",""solution"":""Replace fan bearings. This might require a professional."",""probability"":0.02,""estimatedCost"":""₹300 - ₹800"",""requiredParts"":[{""name"":""Fan Bearings"",""estimatedPrice"":""₹150 - ₹400""}]}],""summary"":""The fan in your room needs cleaning due to accumulated dust and dirt. This is a minor issue that can be resolved easily."",""urgency"":""low"",""recommendedAction"":""Clean the fan blades and motor. Regular cleaning is recommended to prevent future dust buildup.""}",null,completed,2026-06-03 06:08:51.48192+00,2026-06-03 06:08:50.772+00
4104adf2-66fc-476c-ba56-bff8b8335553,ecfd4173-3aef-4da2-8aa5-f03fe01f639e,00000000-0000-0000-0000-000000000001,bd081ad6-5fe3-4c1d-a919-81b1055efa19,e2aa2aaa-8af6-4807-9a4e-7665c5421eed,"[{""answer"":""Today"",""question"":""When did you first notice this issue?""},{""answer"":""Minor — can manage"",""question"":""How severe is the issue?""},{""answer"":""First time"",""question"":""Has this issue happened before?""},{""answer"":""Nothing, happened on its own"",""question"":""Did anything specific trigger this issue?""},{""answer"":""Only my room"",""question"":""Is the issue affecting other rooms or just yours?""}]","{""causes"":[{""cause"":""Loose joints in the bed frame due to regular wear and tear or improper assembly."",""severity"":""medium"",""solution"":""Tighten all screws and bolts on the bed frame. If screws are stripped, replace them with slightly larger ones or use wood glue with toothpicks to fill the hole before reinserting the screw."",""probability"":0.6,""estimatedCost"":""₹50 - ₹200"",""requiredParts"":[{""name"":""Screwdriver/Wrench set"",""estimatedPrice"":""₹0 (if available) - ₹300 (if purchased)""},{""name"":""Wood glue (optional)"",""estimatedPrice"":""₹50 - ₹100""},{""name"":""Replacement screws (optional)"",""estimatedPrice"":""₹20 - ₹50""}]},{""cause"":""Worn out or missing felt pads/bushings between bed frame components, causing wood-on-wood or metal-on-metal friction."",""severity"":""low"",""solution"":""Apply felt pads, cork, or thin rubber strips between the creaking parts to reduce friction. Check if any existing bushings are worn and replace them."",""probability"":0.25,""estimatedCost"":""₹100 - ₹300"",""requiredParts"":[{""name"":""Felt pads/Cork/Rubber strips"",""estimatedPrice"":""₹100 - ₹300""}]},{""cause"":""Uneven bed frame or floor, causing stress on the joints."",""severity"":""low"",""solution"":""Check if the bed frame is level. If not, use shims under the bed legs to stabilize it. Also, check if the floor itself is uneven and address that if possible."",""probability"":0.1,""estimatedCost"":""₹0 - ₹100"",""requiredParts"":[{""name"":""Shims (wood or plastic)"",""estimatedPrice"":""₹0 (if scraps available) - ₹100""}]},{""cause"":""Loose or broken slats/bed base."",""severity"":""medium"",""solution"":""Inspect the slats or bed base for any cracks or looseness. Secure loose slats with screws or replace broken ones. If the bed base is damaged, it might need repair or replacement."",""probability"":0.05,""estimatedCost"":""₹200 - ₹1000+"",""requiredParts"":[{""name"":""Replacement slats (if needed)"",""estimatedPrice"":""₹100 - ₹500 per slat""},{""name"":""Screws"",""estimatedPrice"":""₹20 - ₹50""}]}],""summary"":""The bed is making a creaking noise, likely due to loose joints, worn-out pads, or an uneven frame. The issue is minor and started today."",""urgency"":""low"",""recommendedAction"":""Inspect the bed frame for loose joints and tighten them. If the creaking persists, check for worn-out pads or an uneven frame.""}",null,completed,2026-06-04 10:03:36.776108+00,2026-06-04 10:03:35.489+00
713fed6b-adb0-4634-8c56-3c77479b2556,204275a1-d75e-4b2f-ad2f-ae607f40730a,00000000-0000-0000-0000-000000000001,bd081ad6-5fe3-4c1d-a919-81b1055efa19,28158382-d5c1-436c-927b-3e3d9855c2af,"[{""answer"":""Entire room"",""question"":""Is the power out in the entire room or just some outlets?""},{""answer"":""Yes, it's on"",""question"":""Have you checked the MCB / circuit breaker?""},{""answer"":""Yes, others have power"",""question"":""Is there power in the common areas or other rooms?""},{""answer"":""Happened suddenly"",""question"":""Did this happen suddenly or after plugging something in?""}]","{""causes"":[{""cause"":""Faulty tube light starter"",""severity"":""medium"",""solution"":""Replace the starter. This is a common issue and an easy fix."",""probability"":0.6,""estimatedCost"":""₹50 - ₹150"",""requiredParts"":[{""name"":""Tube light starter"",""estimatedPrice"":""₹50 - ₹150""}]},{""cause"":""Faulty tube light (bulb)"",""severity"":""medium"",""solution"":""Replace the tube light. Over time, tube lights can burn out."",""probability"":0.25,""estimatedCost"":""₹150 - ₹400"",""requiredParts"":[{""name"":""Tube light (fluorescent lamp)"",""estimatedPrice"":""₹150 - ₹400""}]},{""cause"":""Loose wiring in the tube light fixture or switch"",""severity"":""medium"",""solution"":""Inspect and tighten all wiring connections in the tube light fixture and the wall switch. This might require a screwdriver and basic electrical knowledge."",""probability"":0.1,""estimatedCost"":""₹0 (if done yourself) - ₹200 (if electrician is called for minor work)"",""requiredParts"":[]},{""cause"":""Faulty tube light choke/ballast"",""severity"":""high"",""solution"":""Replace the choke/ballast. This component regulates the current to the tube light and can fail."",""probability"":0.05,""estimatedCost"":""₹200 - ₹600"",""requiredParts"":[{""name"":""Tube light choke/ballast"",""estimatedPrice"":""₹200 - ₹600""}]}],""summary"":""The tube light in the room is not working, and the issue seems to be isolated to this specific light, as the MCB is on and other areas have power. The problem occurred suddenly."",""urgency"":""medium"",""recommendedAction"":""Start by checking and replacing the tube light starter, as it's the most common and easiest fix. If that doesn't resolve the issue, proceed to check the tube light itself. If still unresolved, inspect wiring or call an electrician to check the choke/ballast.""}",null,completed,2026-06-04 10:05:22.034928+00,2026-06-04 10:05:20.883+00
8c2eceb8-a14b-4889-b072-102d741e5275,96c1cf88-5d0c-4449-a197-7c8bc5fd4dc3,00000000-0000-0000-0000-000000000001,bd081ad6-5fe3-4c1d-a919-81b1055efa19,a25aca1b-211b-41d3-ab08-78bd2b9541e8,"[{""answer"":""Today"",""question"":""When did you first notice this issue?""},{""answer"":""Minor — can manage"",""question"":""How severe is the issue?""},{""answer"":""First time"",""question"":""Has this issue happened before?""},{""answer"":""Nothing, happened on its own"",""question"":""Did anything specific trigger this issue?""},{""answer"":""Only my room"",""question"":""Is the issue affecting other rooms or just yours?""}]","{""causes"":[{""cause"":""Clogged drain grill due to accumulated hair, soap scum, and debris."",""severity"":""medium"",""solution"":""Clean the drain grill thoroughly by removing all visible debris. Use a drain cleaner solution for any stubborn blockages."",""probability"":0.9,""estimatedCost"":""INR 0 - INR 150"",""requiredParts"":[{""name"":""Drain cleaner solution"",""estimatedPrice"":""INR 100 - INR 150""}]},{""cause"":""Minor blockage further down the drain pipe."",""severity"":""low"",""solution"":""If cleaning the grill doesn't resolve the issue, a plumbing snake might be needed to clear any deeper blockages."",""probability"":0.1,""estimatedCost"":""INR 300 - INR 500"",""requiredParts"":[{""name"":""Plumbing snake (if not available)"",""estimatedPrice"":""INR 200 - INR 400""}]}],""summary"":""Water logging in the bathroom is primarily due to a clogged drain grill. This is a minor issue and can be resolved with simple cleaning."",""urgency"":""low"",""recommendedAction"":""Clean the drain grill immediately. If the issue persists, consider using a drain cleaner or a plumbing snake.""}",null,completed,2026-06-04 10:11:05.661153+00,2026-06-04 10:11:04.542+00
a7469cd8-809f-4ec7-9e33-ca2fedc219ca,61d72347-fcd7-4363-94c2-e82a2a80912c,00000000-0000-0000-0000-000000000001,bd081ad6-5fe3-4c1d-a919-81b1055efa19,abc84f5b-a950-406e-ab46-cefbe11df925,"[{""answer"":""Bathroom"",""question"":""What needs cleaning?""},{""answer"":""Yesterday"",""question"":""When was the last cleaning done?""},{""answer"":""One-time"",""question"":""Is this a one-time request or recurring issue?""}]","{""causes"":[{""cause"":""Algae/mold growth on washroom tiles due to moisture and inadequate cleaning."",""severity"":""high"",""solution"":""Thorough cleaning of washroom tiles with bleaching powder and a hard brush. Ensure proper ventilation after cleaning."",""probability"":0.7,""estimatedCost"":""INR 200"",""requiredParts"":[{""name"":""Bleaching powder"",""estimatedPrice"":""INR 50""},{""name"":""Hard brush"",""estimatedPrice"":""INR 100""}]},{""cause"":""Sediment/mineral buildup in wash basin and main tap nozzles."",""severity"":""medium"",""solution"":""Unscrew and clean tap nozzles. Soak in vinegar solution if buildup is severe. Flush taps thoroughly after cleaning."",""probability"":0.8,""estimatedCost"":""INR 0"",""requiredParts"":[]},{""cause"":""Poor drainage in the washroom leading to water accumulation and slippery surfaces."",""severity"":""medium"",""solution"":""Inspect washroom drainage for blockages and clear if necessary. Improve slope if water pooling is a persistent issue."",""probability"":0.2,""estimatedCost"":""INR 300-500"",""requiredParts"":[{""name"":""Drain cleaner (if blockage found)"",""estimatedPrice"":""INR 150""}]}],""summary"":""The washroom tiles are extremely slippery when wet, posing a safety hazard. Additionally, the water outflow from the wash basin and main taps is very poor."",""urgency"":""high"",""recommendedAction"":""Immediately clean the washroom tiles with bleaching powder and address the tap nozzle blockages. Investigate and resolve any drainage issues to prevent recurrence of water accumulation.""}",null,completed,2026-06-04 10:20:37.536361+00,2026-06-04 10:20:36.131+00
66acff9f-f7b9-4c3f-88eb-2f35f52fa4cf,30f4d87a-751c-4266-ad46-975889178700,00000000-0000-0000-0000-000000000001,bd081ad6-5fe3-4c1d-a919-81b1055efa19,abc84f5b-a950-406e-ab46-cefbe11df925,"[{""answer"":""Bathroom"",""question"":""What needs cleaning?""},{""answer"":""Yesterday"",""question"":""When was the last cleaning done?""},{""answer"":""One-time"",""question"":""Is this a one-time request or recurring issue?""}]","{""causes"":[{""cause"":""Housekeeping staff using inappropriate cleaning methods and solutions for mirrors."",""severity"":""medium"",""solution"":""Train housekeeping staff on proper mirror cleaning techniques, including the use of appropriate cleaning agents (soap/glass cleaner) and clean, potable water instead of borewell water. Implement a daily cleaning schedule for washroom mirrors."",""probability"":0.9,""estimatedCost"":""INR 0 (training cost absorbed by operations)""},{""cause"":""Lack of clear cleaning protocols and standards for washroom mirrors."",""severity"":""medium"",""solution"":""Establish and communicate clear, written cleaning protocols for all washroom fixtures, especially mirrors, specifying cleaning agents, water type, and frequency. Supervise staff to ensure adherence to these protocols."",""probability"":0.7,""estimatedCost"":""INR 0 (protocol development cost absorbed by operations)""},{""cause"":""Unavailability of appropriate cleaning supplies (e.g., glass cleaner, clean cloths) for mirrors."",""severity"":""low"",""solution"":""Ensure that housekeeping staff are consistently provided with the necessary cleaning supplies, including glass cleaner, clean microfibre cloths, and access to potable water for cleaning."",""probability"":0.4,""estimatedCost"":""INR 100-200 per month (for cleaning supplies)""}],""summary"":""The primary issue is the improper cleaning of the washroom mirror by housekeeping staff, specifically the use of borewell water instead of appropriate cleaning agents and potable water. This has resulted in the mirror not being effectively cleaned since the resident moved in, despite a recent cleaning attempt."",""urgency"":""high"",""recommendedAction"":""Immediate training and clear instruction for housekeeping staff on proper mirror cleaning procedures and the provision of correct cleaning supplies. Regular checks should be implemented to ensure compliance.""}",null,completed,2026-06-04 10:24:39.76113+00,2026-06-04 10:24:38.601+00
5cae8a60-73f9-4bee-ad19-9619dc6dabdb,54316a65-9440-462b-b7db-271a2192364b,00000000-0000-0000-0000-000000000001,bd081ad6-5fe3-4c1d-a919-81b1055efa19,e2aa2aaa-8af6-4807-9a4e-7665c5421eed,"[{""answer"":""Today"",""question"":""When did you first notice this issue?""},{""answer"":""Minor — can manage"",""question"":""How severe is the issue?""},{""answer"":""First time"",""question"":""Has this issue happened before?""},{""answer"":""Nothing, happened on its own"",""question"":""Did anything specific trigger this issue?""},{""answer"":""Only my room"",""question"":""Is the issue affecting other rooms or just yours?""}]","{""causes"":[{""cause"":""Accumulation of dirt and grime on the sofa fabric due to regular use."",""severity"":""low"",""solution"":""Deep cleaning with a fabric shampoo and a wet/dry vacuum cleaner."",""probability"":0.9,""estimatedCost"":""₹500 - ₹1000"",""requiredParts"":[{""name"":""Fabric shampoo"",""estimatedPrice"":""₹200 - ₹400""},{""name"":""Microfiber cloths"",""estimatedPrice"":""₹100 - ₹200""}]},{""cause"":""Stains from spills or food particles that have set into the fabric."",""severity"":""medium"",""solution"":""Spot cleaning with a suitable fabric stain remover followed by deep cleaning."",""probability"":0.7,""estimatedCost"":""₹600 - ₹1200"",""requiredParts"":[{""name"":""Fabric stain remover"",""estimatedPrice"":""₹250 - ₹450""},{""name"":""Fabric shampoo"",""estimatedPrice"":""₹200 - ₹400""},{""name"":""Microfiber cloths"",""estimatedPrice"":""₹100 - ₹200""}]}],""summary"":""The hall couch requires deep cleaning due to accumulated dirt and potential stains. This is a minor issue that can be resolved with proper cleaning."",""urgency"":""low"",""recommendedAction"":""Schedule a professional deep cleaning service or perform a thorough DIY cleaning using appropriate fabric cleaning products.""}",null,completed,2026-06-04 10:27:48.270842+00,2026-06-04 10:27:46.729+00
e80b0ea6-d366-4988-8fc1-8700d84dbbaa,715031c3-cc29-4ff1-ae30-4ac0fcb63e01,00000000-0000-0000-0000-000000000001,bd081ad6-5fe3-4c1d-a919-81b1055efa19,a5831922-eaeb-48c2-941c-fd96fae8813d,"[{""answer"":""Yes"",""question"":""Is the AC turning on when you press the power button?""},{""answer"":""Yes, but warm air"",""question"":""Is air coming out from the AC vents?""},{""answer"":""Never / Not sure"",""question"":""When was the AC filter last cleaned?""},{""answer"":""No"",""question"":""Is there any water leaking from the AC?""},{""answer"":""Yes"",""question"":""Is the remote control working properly?""}]","{""causes"":[{""cause"":""Dirty AC filter"",""severity"":""medium"",""solution"":""Clean or replace the AC filter. This is the most common reason for inefficient cooling and can restrict airflow."",""probability"":0.6,""estimatedCost"":""₹200 - ₹500 (for cleaning/basic filter replacement)"",""requiredParts"":[{""name"":""AC filter"",""estimatedPrice"":""₹200 - ₹500""}]},{""cause"":""Low refrigerant level"",""severity"":""high"",""solution"":""The AC unit may have a refrigerant leak, leading to insufficient cooling. A technician will need to detect and fix the leak, then recharge the refrigerant."",""probability"":0.2,""estimatedCost"":""₹2000 - ₹5000 (for leak detection, repair, and gas refill)""},{""cause"":""Dirty condenser coils"",""severity"":""medium"",""solution"":""Dust and debris on the condenser coils can hinder heat exchange, reducing cooling efficiency. The coils need to be cleaned by a professional."",""probability"":0.15,""estimatedCost"":""₹800 - ₹1500 (for professional cleaning)""},{""cause"":""Faulty compressor"",""severity"":""high"",""solution"":""The compressor is the heart of the AC system. If it's faulty, the AC won't cool. This usually requires professional repair or replacement."",""probability"":0.05,""estimatedCost"":""₹7000 - ₹15000+ (for repair or replacement, depending on AC type and compressor cost)""}],""summary"":""The AC is not cooling efficiently, and warm air is coming out of the vents. The filter has not been cleaned recently."",""urgency"":""high"",""recommendedAction"":""Start by cleaning or replacing the AC filter immediately. If the issue persists, a professional AC technician should be called to inspect for refrigerant leaks, dirty condenser coils, or a faulty compressor.""}",null,completed,2026-06-04 10:31:41.372736+00,2026-06-04 10:31:40.185+00
73b52058-37de-43af-ae5b-fe99127e5f94,f113e226-b3c6-4360-9d6d-eaf9928fcd6c,00000000-0000-0000-0000-000000000001,bd081ad6-5fe3-4c1d-a919-81b1055efa19,abc84f5b-a950-406e-ab46-cefbe11df925,"[{""answer"":""Full room cleaning"",""question"":""What needs cleaning?""},{""answer"":""Yesterday"",""question"":""When was the last cleaning done?""},{""answer"":""One-time"",""question"":""Is this a one-time request or recurring issue?""}]","{""causes"":[{""cause"":""Dust accumulation due to everyday living and lack of regular deep cleaning."",""severity"":""medium"",""solution"":""Deep cleaning of the fan, AC, and ceiling to remove accumulated dust."",""probability"":0.9,""estimatedCost"":""INR 300 - 500""},{""cause"":""Ineffective regular cleaning, leading to dust buildup in hard-to-reach areas."",""severity"":""low"",""solution"":""Review and improve regular cleaning procedures to include dusting of fans, ACs, and ceilings."",""probability"":0.1,""estimatedCost"":""INR 0 (internal process improvement)""}],""summary"":""The user, Rama from C-34, has requested a deep cleaning for their single room. Specifically, the fan, AC, and ceiling require cleaning due to dust accumulation. Although a cleaning was done yesterday, it appears to have been a superficial cleaning, not addressing the deep-seated dust."",""urgency"":""medium"",""recommendedAction"":""Schedule a deep cleaning service for room C-34, focusing on the fan, AC, and ceiling. Ensure the cleaning staff are equipped with appropriate tools for high-reach dusting and cleaning. Follow up with Rama to confirm satisfaction after the cleaning.""}",null,completed,2026-06-04 10:33:10.238714+00,2026-06-04 10:33:09.004+00
30ae3e41-3e31-4cf9-be0d-bbe6e40618ab,047c498a-6455-4af2-a829-3e20b6f96ed3,00000000-0000-0000-0000-000000000001,bd081ad6-5fe3-4c1d-a919-81b1055efa19,28158382-d5c1-436c-927b-3e3d9855c2af,"[{""answer"":""Entire room"",""question"":""Is the power out in the entire room or just some outlets?""},{""answer"":""Yes, it's on"",""question"":""Have you checked the MCB / circuit breaker?""},{""answer"":""Yes, others have power"",""question"":""Is there power in the common areas or other rooms?""},{""answer"":""Happened suddenly"",""question"":""Did this happen suddenly or after plugging something in?""}]","{""causes"":[{""cause"":""Loose wiring connection to the washroom light circuit."",""severity"":""medium"",""solution"":""Inspect and tighten all wiring connections to the washroom light circuit, including the switch and the light fixture itself. This may involve opening up the switchboard and the light fixture."",""probability"":0.4,""estimatedCost"":""₹200 - ₹500 (for electrician's visit and minor consumables)""},{""cause"":""Faulty light fixture in the washroom."",""severity"":""medium"",""solution"":""Replace the existing light fixture with a new, appropriate washroom-grade light fixture. Ensure the new fixture is suitable for damp environments."",""probability"":0.3,""estimatedCost"":""₹500 - ₹1500 (for a new light fixture and installation)"",""requiredParts"":[{""name"":""Washroom-grade light fixture"",""estimatedPrice"":""₹300 - ₹1000""}]},{""cause"":""Damaged wiring within the wall leading to the washroom light."",""severity"":""high"",""solution"":""Trace and identify the damaged section of the wiring. Replace the damaged wiring. This might require minor wall repair after the wiring replacement."",""probability"":0.2,""estimatedCost"":""₹1000 - ₹3000 (for wiring, wall repair, and electrician's charges)"",""requiredParts"":[{""name"":""Electrical wire (appropriate gauge)"",""estimatedPrice"":""₹100 - ₹300 per meter""},{""name"":""Wall patching material"",""estimatedPrice"":""₹50 - ₹150""}]},{""cause"":""Faulty light switch for the washroom."",""severity"":""low"",""solution"":""Replace the washroom light switch with a new one."",""probability"":0.1,""estimatedCost"":""₹150 - ₹400 (for a new switch and installation)"",""requiredParts"":[{""name"":""Light switch"",""estimatedPrice"":""₹50 - ₹200""}]}],""summary"":""The washroom light is not working, making it difficult to use the wash basin for activities like shaving. The issue seems to be isolated to the washroom, as other areas have power and the MCB is on. The problem occurred suddenly."",""urgency"":""high"",""recommendedAction"":""An electrician should be called to inspect the washroom's electrical wiring and light fixture. They should start by checking the connections, then the fixture itself, and finally the wiring within the walls and the switch. The priority is to restore proper lighting above the wash basin for safety and convenience.""}",null,completed,2026-06-05 04:55:43.544344+00,2026-06-05 04:55:43.131+00
7eed018a-75b0-43e1-8b39-b850b05835b3,ddbe9afe-17ac-4cbf-aba7-3713ac3dcd53,00000000-0000-0000-0000-000000000001,bd081ad6-5fe3-4c1d-a919-81b1055efa19,abc84f5b-a950-406e-ab46-cefbe11df925,"[{""answer"":""Bathroom"",""question"":""What needs cleaning?""},{""answer"":""Yesterday"",""question"":""When was the last cleaning done?""},{""answer"":""One-time"",""question"":""Is this a one-time request or recurring issue?""}]","{""causes"":[{""cause"":""Inadequate cleaning by staff"",""severity"":""medium"",""solution"":""Retrain cleaning staff on proper bathroom cleaning procedures, including specific attention to floors, mirrors, and walls. Implement a checklist for daily cleaning tasks."",""probability"":0.7,""estimatedCost"":""INR 0 (if internal staff) - INR 500 (if external trainer is hired for retraining)""},{""cause"":""Lack of proper cleaning supplies/equipment"",""severity"":""low"",""solution"":""Ensure cleaning staff have access to appropriate cleaning agents for different surfaces (floor, mirror, wall), brushes, mops, and squeegees. Replace old or worn-out equipment."",""probability"":0.2,""estimatedCost"":""INR 500 - INR 2000 for new supplies and equipment""},{""cause"":""High usage/traffic in the common toilet"",""severity"":""low"",""solution"":""Increase the frequency of cleaning for the B31 common toilet, especially during peak hours. Consider scheduling an additional spot cleaning session."",""probability"":0.1,""estimatedCost"":""INR 0 (if internal staff can adjust schedule) - INR 300 per extra cleaning session (if external help is needed)""}],""summary"":""The common toilet in B31 has poor cleaning, specifically on the floor, mirror, and walls, despite being cleaned yesterday. This appears to be a one-time issue."",""urgency"":""medium"",""recommendedAction"":""Immediately address the cleaning quality in B31 common toilet. Retrain cleaning staff and ensure they have adequate supplies. Consider increasing cleaning frequency if usage is high.""}",null,completed,2026-06-06 04:11:36.240077+00,2026-06-06 04:11:35.605+00
3ac534c7-d9a3-4bdf-9822-99dbe7b66d15,313e7f25-536e-4c44-bcbc-aeeed7545253,00000000-0000-0000-0000-000000000001,bd081ad6-5fe3-4c1d-a919-81b1055efa19,a5831922-eaeb-48c2-941c-fd96fae8813d,"[{""answer"":""Yes"",""question"":""Is the AC turning on when you press the power button?""},{""answer"":""No air at all"",""question"":""Is air coming out from the AC vents?""},{""answer"":""Never / Not sure"",""question"":""When was the AC filter last cleaned?""},{""answer"":""No"",""question"":""Is there any water leaking from the AC?""},{""answer"":""Yes"",""question"":""Is the remote control working properly?""}]","{""causes"":[{""cause"":""Blower motor malfunction"",""severity"":""high"",""solution"":""Inspect and repair/replace the blower motor. Check for obstructions in the blower assembly."",""probability"":0.6,""estimatedCost"":""₹2000 - ₹5000"",""requiredParts"":[{""name"":""Blower Motor"",""estimatedPrice"":""₹1500 - ₹4000""}]},{""cause"":""Capacitor failure"",""severity"":""medium"",""solution"":""Test and replace the faulty capacitor. This can prevent the blower motor from starting."",""probability"":0.2,""estimatedCost"":""₹500 - ₹1500"",""requiredParts"":[{""name"":""AC Capacitor"",""estimatedPrice"":""₹300 - ₹1000""}]},{""cause"":""Control board issue"",""severity"":""high"",""solution"":""Diagnose and replace the control board if it's not sending power to the blower motor."",""probability"":0.1,""estimatedCost"":""₹3000 - ₹8000"",""requiredParts"":[{""name"":""AC Control Board"",""estimatedPrice"":""₹2500 - ₹7000""}]},{""cause"":""Wiring issue/loose connection"",""severity"":""medium"",""solution"":""Inspect all wiring connections to the blower motor and control board. Tighten any loose connections or repair damaged wires."",""probability"":0.1,""estimatedCost"":""₹300 - ₹1000""}],""summary"":""The AC is turning on but no air is coming out, indicating a problem with the internal air circulation system. The remote is now confirmed to be working."",""urgency"":""high"",""recommendedAction"":""Immediately arrange for an AC technician to inspect the blower motor, capacitor, and control board. Given the lack of airflow, the issue is likely mechanical or electrical within the AC unit itself, preventing air circulation. Since the remote is working, it's not a factor in the lack of airflow. Addressing this promptly will prevent further damage and restore cooling.""}",null,completed,2026-06-06 04:17:58.319571+00,2026-06-06 04:17:57.743+00
7c5ab61a-6076-48fc-a196-5a94d94e6448,07125828-0af2-447b-88e1-cafa8a322705,00000000-0000-0000-0000-000000000001,bd081ad6-5fe3-4c1d-a919-81b1055efa19,a5831922-eaeb-48c2-941c-fd96fae8813d,"[{""answer"":""Yes"",""question"":""Is the AC turning on when you press the power button?""},{""answer"":""No air at all"",""question"":""Is air coming out from the AC vents?""},{""answer"":""Never / Not sure"",""question"":""When was the AC filter last cleaned?""},{""answer"":""No"",""question"":""Is there any water leaking from the AC?""},{""answer"":""Yes"",""question"":""Is the remote control working properly?""}]","{""causes"":[{""cause"":""Blocked AC pipe due to debris or improper installation, leading to no airflow despite the unit turning on. The hole in the AC pipe could be a symptom or a contributing factor to this blockage."",""severity"":""high"",""solution"":""Inspect the AC pipe for blockages and clear any debris. Repair the hole in the AC pipe using appropriate sealing materials. This may involve disassembling part of the AC unit to access the pipe."",""probability"":0.7,""estimatedCost"":""₹800 - ₹2500"",""requiredParts"":[{""name"":""AC pipe sealing kit/material"",""estimatedPrice"":""₹200 - ₹500""},{""name"":""Duct tape/insulation tape"",""estimatedPrice"":""₹50 - ₹150""}]},{""cause"":""Faulty blower motor or fan, preventing air circulation even if the AC unit is powered on. The hole in the AC pipe might be a separate issue or a red herring."",""severity"":""high"",""solution"":""Test the blower motor and fan for functionality. Replace if found to be faulty. Simultaneously, address the AC pipe hole if it's a separate issue."",""probability"":0.2,""estimatedCost"":""₹2000 - ₹6000"",""requiredParts"":[{""name"":""AC Blower Motor"",""estimatedPrice"":""₹1500 - ₹4500""},{""name"":""AC Fan Blade (if separate)"",""estimatedPrice"":""₹300 - ₹1000""}]},{""cause"":""Extremely dirty or clogged AC filter, severely restricting airflow. While the primary issue is 'no air at all', a completely blocked filter can mimic this. The AC pipe hole might be a separate, minor issue."",""severity"":""medium"",""solution"":""Clean or replace the AC filter. If airflow is restored, then address the AC pipe hole as a separate maintenance task."",""probability"":0.1,""estimatedCost"":""₹100 - ₹500"",""requiredParts"":[{""name"":""AC Filter (if replacement needed)"",""estimatedPrice"":""₹100 - ₹400""}]}],""summary"":""The AC unit turns on, and the remote is working, but there is no air coming from the vents. A hole in the AC pipe has been identified. The AC filter has never been cleaned or the last cleaning date is unknown."",""urgency"":""high"",""recommendedAction"":""Prioritize inspection and repair of the AC pipe blockage and the hole. Simultaneously, check the AC filter and clean/replace it. If these steps do not resolve the issue, further investigation into the blower motor is required.""}",null,completed,2026-06-06 04:35:58.771993+00,2026-06-06 04:35:58.19+00
f53f7310-8af7-42e9-9502-2754741997f7,00442f6b-bad8-4efc-9138-a7fe5a491665,00000000-0000-0000-0000-000000000001,bd081ad6-5fe3-4c1d-a919-81b1055efa19,47389994-b201-4bb1-bf91-8bce4dbde510,"[{""answer"":""Today"",""question"":""When did you first notice this issue?""},{""answer"":""Minor — can manage"",""question"":""How severe is the issue?""},{""answer"":""First time"",""question"":""Has this issue happened before?""},{""answer"":""Nothing, happened on its own"",""question"":""Did anything specific trigger this issue?""},{""answer"":""Only my room"",""question"":""Is the issue affecting other rooms or just yours?""}]","{""causes"":[{""cause"":""The existing cupboard lock is weak and does not provide adequate security."",""severity"":""medium"",""solution"":""Install an external lock on the cupboard."",""probability"":0.9,""estimatedCost"":""₹200 - ₹800"",""requiredParts"":[{""name"":""External cupboard lock (e.g., padlock, cam lock, or latch lock)"",""estimatedPrice"":""₹150 - ₹700""},{""name"":""Screws/fasteners (if not included with the lock)"",""estimatedPrice"":""₹20 - ₹50""}]},{""cause"":""The cupboard door or frame might be slightly misaligned, putting stress on the existing lock."",""severity"":""low"",""solution"":""Check and adjust the alignment of the cupboard door and frame. This might improve the effectiveness of the existing lock or make it easier to install a new one."",""probability"":0.1,""estimatedCost"":""₹0 - ₹100"",""requiredParts"":[]}],""summary"":""The cupboard's existing lock is weak, necessitating an external lock for improved security. The issue was noticed today and is confined to your room."",""urgency"":""medium"",""recommendedAction"":""Install an external lock on the cupboard to enhance security. Consider a padlock, cam lock, or latch lock based on your preference and the cupboard's design. If the cupboard door or frame appears misaligned, a minor adjustment might also be beneficial.""}",null,completed,2026-06-06 05:34:07.579792+00,2026-06-06 05:34:07+00
619e0630-5ea5-4149-a274-872e9f37a396,617dfc67-d0d6-429a-bfa5-06460a2c98da,00000000-0000-0000-0000-000000000001,8c42685b-f2df-4dec-96bd-0e77b715e33e,f3614e6e-8394-40cd-bbb3-b1f78e9f17c2,"[{""answer"":""Rent amount"",""question"":""Which part of the bill seems incorrect?""},{""answer"":""Yes"",""question"":""Do you have the previous month's bill for comparison?""},{""answer"":""Small (under ₹500)"",""question"":""How much difference do you notice?""}]","{""causes"":[{""cause"":""Data entry error by staff."",""severity"":""low"",""solution"":""Verify the rent amount with the administration and request a corrected bill. Cross-check with your rental agreement."",""probability"":0.7,""estimatedCost"":""₹0""},{""cause"":""Minor, legitimate charge not clearly itemized."",""severity"":""low"",""solution"":""Contact administration for clarification on the additional charge. It could be for a service availed or a minor utility adjustment."",""probability"":0.2,""estimatedCost"":""₹0""},{""cause"":""System glitch in billing software."",""severity"":""low"",""solution"":""Report the discrepancy to the administration. They may need to re-generate the bill or manually adjust it. This is less likely for a small, consistent difference."",""probability"":0.1,""estimatedCost"":""₹0""}],""summary"":""The rent amount on your bill is slightly incorrect (under ₹500 difference compared to the previous month). This is likely due to a minor administrative error or an unclarified small charge."",""urgency"":""low"",""recommendedAction"":""Contact the administration to clarify the discrepancy in the rent amount. Be prepared to provide your previous month's bill and rental agreement for verification.""}",null,completed,2026-06-08 06:41:23.137731+00,2026-06-08 06:41:27.397+00
428798a9-c019-494c-a7b3-afc6259c0b48,42c21bca-c32d-4c2d-b7d4-23f8666ab04d,00000000-0000-0000-0000-000000000001,bd081ad6-5fe3-4c1d-a919-81b1055efa19,a5831922-eaeb-48c2-941c-fd96fae8813d,"[{""answer"":""Yes"",""question"":""Is the AC turning on when you press the power button?""},{""answer"":""No air at all"",""question"":""Is air coming out from the AC vents?""},{""answer"":""Never / Not sure"",""question"":""When was the AC filter last cleaned?""},{""answer"":""No"",""question"":""Is there any water leaking from the AC?""},{""answer"":""Yes"",""question"":""Is the remote control working properly?""}]","{""causes"":[{""cause"":""Clogged AC filter"",""severity"":""medium"",""solution"":""Clean or replace the AC filter. This can be done by opening the front panel of the AC unit, removing the filter, cleaning it with water and mild detergent, and then drying it before reinserting. If the filter is too old or damaged, it should be replaced."",""probability"":0.6,""estimatedCost"":""₹200 - ₹800"",""requiredParts"":[{""name"":""AC filter (if replacement needed)"",""estimatedPrice"":""₹300 - ₹700""}]},{""cause"":""Blower motor issue"",""severity"":""high"",""solution"":""The blower motor might be faulty or seized, preventing air circulation. This requires a technician to inspect and potentially replace the blower motor. This is a more complex repair."",""probability"":0.2,""estimatedCost"":""₹2000 - ₹5000"",""requiredParts"":[{""name"":""Blower motor"",""estimatedPrice"":""₹1500 - ₹4000""}]},{""cause"":""Capacitor issue"",""severity"":""medium"",""solution"":""A faulty capacitor can prevent the blower motor from starting. A technician can test and replace the capacitor. This is a relatively quick fix if it's the only issue."",""probability"":0.1,""estimatedCost"":""₹800 - ₹1500"",""requiredParts"":[{""name"":""AC capacitor"",""estimatedPrice"":""₹300 - ₹800""}]},{""cause"":""Thermostat malfunction"",""severity"":""low"",""solution"":""Although less likely given the 'no air at all' symptom, a malfunctioning thermostat could be sending incorrect signals. Check the thermostat settings and ensure it's set to 'cool' and a low temperature. If issues persist, a technician might need to inspect or replace it."",""probability"":0.1,""estimatedCost"":""₹500 - ₹2000"",""requiredParts"":[{""name"":""Thermostat (if replacement needed)"",""estimatedPrice"":""₹1000 - ₹1500""}]}],""summary"":""The AC is turning on but no air is coming out from the vents. The filter has never been cleaned or the cleaning history is unknown. The remote is working."",""urgency"":""high"",""recommendedAction"":""Given that the AC is turning on but no air is coming out, the most probable cause is a clogged filter. This should be addressed first as it's the simplest and most cost-effective solution. If cleaning/replacing the filter doesn't resolve the issue, a technician should be called to inspect the blower motor and capacitor. Since the AC has not been repaired for a long time and no remote was provided, it's crucial to address these maintenance issues promptly to prevent further damage and ensure proper functioning. It's also important to ensure a remote is available for proper operation and control of the AC unit.""}",null,completed,2026-06-09 05:56:48.504934+00,2026-06-09 05:56:47.734+00
19bf48d2-a481-4f83-9e00-55c89b64e41a,c50579e1-6a2e-452e-a149-b4be524cb522,00000000-0000-0000-0000-000000000001,bd081ad6-5fe3-4c1d-a919-81b1055efa19,47389994-b201-4bb1-bf91-8bce4dbde510,"[{""answer"":""A few days ago"",""question"":""When did you first notice this issue?""},{""answer"":""Minor — can manage"",""question"":""How severe is the issue?""},{""answer"":""First time"",""question"":""Has this issue happened before?""},{""answer"":""Nothing, happened on its own"",""question"":""Did anything specific trigger this issue?""},{""answer"":""Only my room"",""question"":""Is the issue affecting other rooms or just yours?""}]","{""causes"":[{""cause"":""Bike was moved by another resident or staff member without informing you."",""severity"":""low"",""solution"":""Check with other residents and hostel staff if anyone moved your bike. Review CCTV footage if available."",""probability"":0.7,""estimatedCost"":""INR 0""},{""cause"":""Bike was moved by an unauthorized person (theft attempt or prank)."",""severity"":""medium"",""solution"":""Review CCTV footage to identify the person. If it was a theft attempt, consider reporting to the police. If it was a prank, address the issue with the individual."",""probability"":0.2,""estimatedCost"":""INR 0""},{""cause"":""You might have forgotten where you parked your bike, or it was moved due to a temporary parking rearrangement."",""severity"":""low"",""solution"":""Double-check all possible parking areas. Inquire about any temporary parking changes."",""probability"":0.1,""estimatedCost"":""INR 0""}],""summary"":""Your bike was moved overnight. The primary concern is to identify who moved it and why. The issue is minor as the bike is still on the premises, but understanding the cause is important for security and peace of mind."",""urgency"":""low"",""recommendedAction"":""The immediate action is to review CCTV footage to identify who moved the bike. Concurrently, inquire with hostel staff and other residents. Depending on the findings, further action may include addressing the individual, reporting to authorities, or simply being more mindful of parking locations.""}",null,completed,2026-06-09 06:00:33.498534+00,2026-06-09 06:00:32.895+00
d8f77342-9ed3-45e0-80b4-d9f21d607818,ec7dd572-aa06-43eb-8cf4-469684996ac1,00000000-0000-0000-0000-000000000001,bd081ad6-5fe3-4c1d-a919-81b1055efa19,a5831922-eaeb-48c2-941c-fd96fae8813d,"[{""answer"":""Yes"",""question"":""Is the AC turning on when you press the power button?""},{""answer"":""No air at all"",""question"":""Is air coming out from the AC vents?""},{""answer"":""Never / Not sure"",""question"":""When was the AC filter last cleaned?""},{""answer"":""No"",""question"":""Is there any water leaking from the AC?""},{""answer"":""Yes"",""question"":""Is the remote control working properly?""}]","{""causes"":[{""cause"":""Blower motor malfunction"",""severity"":""high"",""solution"":""Inspect and repair/replace the blower motor. Check for obstructions in the blower assembly."",""probability"":0.6,""estimatedCost"":""₹2000 - ₹5000"",""requiredParts"":[{""name"":""Blower motor"",""estimatedPrice"":""₹1500 - ₹4000""},{""name"":""Capacitor (if applicable)"",""estimatedPrice"":""₹200 - ₹500""}]},{""cause"":""Clogged air filter"",""severity"":""medium"",""solution"":""Clean or replace the AC air filter. A severely clogged filter can restrict airflow to the point of no air coming out."",""probability"":0.3,""estimatedCost"":""₹200 - ₹800"",""requiredParts"":[{""name"":""AC air filter"",""estimatedPrice"":""₹200 - ₹800""}]},{""cause"":""Faulty thermostat/control board"",""severity"":""medium"",""solution"":""Test the thermostat for proper operation. If the thermostat is sending incorrect signals, the blower might not engage. A faulty control board could also be the culprit."",""probability"":0.1,""estimatedCost"":""₹1000 - ₹3000"",""requiredParts"":[{""name"":""Thermostat"",""estimatedPrice"":""₹800 - ₹2500""},{""name"":""Control board"",""estimatedPrice"":""₹1500 - ₹5000""}]}],""summary"":""The AC is turning on but no air is coming out from the vents, indicating a problem with the airflow system. The most probable cause is a blower motor malfunction, followed by a severely clogged air filter."",""urgency"":""high"",""recommendedAction"":""Immediately shut off the AC unit to prevent further damage. Arrange for a qualified technician to inspect the blower motor and air filter. If the issue is a clogged filter, it can be resolved quickly. If it's the blower motor, it will require repair or replacement.""}",null,completed,2026-06-09 06:04:22.25442+00,2026-06-09 06:04:21.724+00
96976dcc-81f7-4613-99ba-ef1bf402d3c9,60a2a5bb-341e-440a-9008-8eedeba17856,00000000-0000-0000-0000-000000000001,bd081ad6-5fe3-4c1d-a919-81b1055efa19,d76dd3bd-ccb7-4991-a01f-ce158dfe908e,"[{""answer"":""Yesterday"",""question"":""When did you first notice this issue?""},{""answer"":""Minor — can manage"",""question"":""How severe is the issue?""},{""answer"":""First time"",""question"":""Has this issue happened before?""},{""answer"":""Nothing, happened on its own"",""question"":""Did anything specific trigger this issue?""},{""answer"":""Only my room"",""question"":""Is the issue affecting other rooms or just yours?""}]","{""causes"":[{""cause"":""Loose drainpipe connection"",""severity"":""medium"",""solution"":""Tighten the drainpipe connections under the sink. This often resolves minor leaks."",""probability"":0.6,""estimatedCost"":""₹0 - ₹50"",""requiredParts"":[{""name"":""Plumber's tape (optional)"",""estimatedPrice"":""₹20""}]},{""cause"":""Worn-out P-trap washer/gasket"",""severity"":""medium"",""solution"":""Replace the rubber washer or gasket inside the P-trap. Over time, these can degrade and cause leaks."",""probability"":0.3,""estimatedCost"":""₹50 - ₹150"",""requiredParts"":[{""name"":""P-trap washer/gasket"",""estimatedPrice"":""₹30 - ₹100""}]},{""cause"":""Cracked P-trap or drainpipe"",""severity"":""high"",""solution"":""If the P-trap or drainpipe itself is cracked, it will need to be replaced. This is less common for minor leaks but possible."",""probability"":0.1,""estimatedCost"":""₹200 - ₹500"",""requiredParts"":[{""name"":""New P-trap assembly or drainpipe section"",""estimatedPrice"":""₹150 - ₹400""}]}],""summary"":""The kitchen sink drain is leaking, a minor issue noticed yesterday for the first time. It's isolated to your room and didn't have a specific trigger."",""urgency"":""medium"",""recommendedAction"":""First, check and tighten all drainpipe connections under the sink. If the leak persists, inspect the P-trap washer/gasket for wear and replace if necessary. If neither of these solves the issue, a cracked pipe might be the cause, requiring replacement. It's recommended to address this soon to prevent water damage.""}",null,completed,2026-06-09 06:40:38.509458+00,2026-06-09 06:40:35.701+00
3fe5ec00-685f-488a-856f-aa6da91617ef,131febae-d05e-4205-a572-c63a9cc4a124,00000000-0000-0000-0000-000000000001,bd081ad6-5fe3-4c1d-a919-81b1055efa19,caf6381e-5189-4c1f-bf0a-4dfd99d9b9e7,"[{""answer"":""Yesterday"",""question"":""When did you first notice this issue?""},{""answer"":""Minor — can manage"",""question"":""How severe is the issue?""},{""answer"":""First time"",""question"":""Has this issue happened before?""},{""answer"":""Nothing, happened on its own"",""question"":""Did anything specific trigger this issue?""},{""answer"":""Only my room"",""question"":""Is the issue affecting other rooms or just yours?""}]","{""causes"":[{""cause"":""Power supply issue (loose plug, tripped breaker)"",""severity"":""low"",""solution"":""Check power plug, wall socket, and circuit breaker. Reset if tripped."",""probability"":0.4,""estimatedCost"":""₹0""},{""cause"":""Lid switch malfunction"",""severity"":""medium"",""solution"":""Inspect lid switch for damage. If faulty, it needs replacement."",""probability"":0.3,""estimatedCost"":""₹300 - ₹800"",""requiredParts"":[{""name"":""Washing machine lid switch"",""estimatedPrice"":""₹200 - ₹500""}]},{""cause"":""Motor overheating or faulty motor"",""severity"":""high"",""solution"":""Allow motor to cool down. If still not working, motor may need repair or replacement."",""probability"":0.2,""estimatedCost"":""₹1500 - ₹5000"",""requiredParts"":[{""name"":""Washing machine motor"",""estimatedPrice"":""₹1000 - ₹4000""}]},{""cause"":""Control board malfunction"",""severity"":""high"",""solution"":""Control board may need repair or replacement."",""probability"":0.1,""estimatedCost"":""₹2000 - ₹7000"",""requiredParts"":[{""name"":""Washing machine control board"",""estimatedPrice"":""₹1500 - ₹6000""}]}],""summary"":""The washing machine is not working, and this is the first time this issue has occurred. It's a minor issue affecting only your room."",""urgency"":""medium"",""recommendedAction"":""Start by checking the power supply. If that doesn't resolve the issue, further inspection of the lid switch, motor, or control board will be necessary. It's recommended to have a technician inspect the appliance if basic troubleshooting doesn't work.""}",null,completed,2026-06-09 06:43:47.687469+00,2026-06-09 06:43:46.917+00
889a1714-5a07-4911-add3-37ba10dd809e,b6252b1a-ee47-4f4d-8e22-212452907c29,00000000-0000-0000-0000-000000000001,bd081ad6-5fe3-4c1d-a919-81b1055efa19,caf6381e-5189-4c1f-bf0a-4dfd99d9b9e7,"[{""answer"":""Yesterday"",""question"":""When did you first notice this issue?""},{""answer"":""Minor — can manage"",""question"":""How severe is the issue?""},{""answer"":""First time"",""question"":""Has this issue happened before?""},{""answer"":""Nothing, happened on its own"",""question"":""Did anything specific trigger this issue?""},{""answer"":""Only my room"",""question"":""Is the issue affecting other rooms or just yours?""}]","{""causes"":[{""cause"":""Accumulation of lint and debris in the washing machine filter or drum."",""severity"":""low"",""solution"":""Clean the lint filter and wipe down the drum thoroughly. Run a self-cleaning cycle with hot water and vinegar or a washing machine cleaner."",""probability"":0.8,""estimatedCost"":""₹0 - ₹200"",""requiredParts"":[{""name"":""White vinegar (optional)"",""estimatedPrice"":""₹50 - ₹100""},{""name"":""Washing machine cleaner (optional)"",""estimatedPrice"":""₹100 - ₹200""}]},{""cause"":""Overloading the washing machine, which can prevent proper rinsing and lead to lint redeposition."",""severity"":""low"",""solution"":""Wash smaller loads to ensure clothes are thoroughly rinsed and lint is removed effectively."",""probability"":0.15,""estimatedCost"":""₹0""},{""cause"":""Using too much detergent, which can leave residue and attract dust particles."",""severity"":""low"",""solution"":""Use the recommended amount of detergent for your load size and water hardness."",""probability"":0.05,""estimatedCost"":""₹0""}],""summary"":""The washing machine is leaving dust particles on clothes, likely due to lint and debris accumulation. It's a minor issue that started recently and is isolated to your room."",""urgency"":""low"",""recommendedAction"":""Perform a thorough cleaning of the washing machine, focusing on the lint filter and drum. Adjust washing habits if necessary (load size, detergent amount).""}",null,completed,2026-06-09 06:45:53.349843+00,2026-06-09 06:45:47.241+00
35285bab-ae1b-48f8-b069-2ff49eafe7c9,53f77ddc-446d-4480-a617-de536961a1e0,00000000-0000-0000-0000-000000000001,bd081ad6-5fe3-4c1d-a919-81b1055efa19,01208ba1-4225-4a61-be39-3afe03dad690,"[{""answer"":""Yesterday"",""question"":""When did you first notice this issue?""},{""answer"":""Minor — can manage"",""question"":""How severe is the issue?""},{""answer"":""First time"",""question"":""Has this issue happened before?""},{""answer"":""Nothing, happened on its own"",""question"":""Did anything specific trigger this issue?""},{""answer"":""Only my room"",""question"":""Is the issue affecting other rooms or just yours?""}]","{""causes"":[{""cause"":""Clogged sediment filter"",""severity"":""medium"",""solution"":""Replace the sediment filter."",""probability"":0.6,""estimatedCost"":""₹300 - ₹500"",""requiredParts"":[{""name"":""Sediment filter"",""estimatedPrice"":""₹250 - ₹450""}]},{""cause"":""Clogged carbon filter"",""severity"":""medium"",""solution"":""Replace the carbon filter."",""probability"":0.2,""estimatedCost"":""₹400 - ₹700"",""requiredParts"":[{""name"":""Carbon filter"",""estimatedPrice"":""₹350 - ₹650""}]},{""cause"":""Faulty RO membrane"",""severity"":""high"",""solution"":""Replace the RO membrane."",""probability"":0.1,""estimatedCost"":""₹1500 - ₹3000"",""requiredParts"":[{""name"":""RO membrane"",""estimatedPrice"":""₹1400 - ₹2900""}]},{""cause"":""Low water pressure"",""severity"":""low"",""solution"":""Check the water supply pressure. If consistently low, a booster pump might be needed."",""probability"":0.1,""estimatedCost"":""₹0 (if pressure issue is external) - ₹3000 (for booster pump)"",""requiredParts"":[{""name"":""Booster pump (if needed)"",""estimatedPrice"":""₹2500 - ₹2900""}]}],""summary"":""The RO water filter in your room is experiencing issues, likely due to a clogged filter or a faulty RO membrane. Since it's a minor issue and the first time it's occurred, it's most probable that a basic filter replacement will resolve it."",""urgency"":""medium"",""recommendedAction"":""Inspect the RO unit to identify which filter is broken or clogged. Start by checking the sediment and carbon filters as they are the most common culprits. Replace the faulty filter. If the issue persists, consider checking the RO membrane or water pressure.""}",null,completed,2026-06-09 06:48:30.620249+00,2026-06-09 06:48:29.731+00
a9140fc8-ca24-42ae-be61-d1a624bda34f,de899f7a-76a9-4f06-bf71-892c57ca7b22,00000000-0000-0000-0000-000000000001,bd081ad6-5fe3-4c1d-a919-81b1055efa19,abc84f5b-a950-406e-ab46-cefbe11df925,"[{""answer"":""Full room cleaning"",""question"":""What needs cleaning?""},{""answer"":""Yesterday"",""question"":""When was the last cleaning done?""},{""answer"":""One-time"",""question"":""Is this a one-time request or recurring issue?""}]","{""causes"":[{""cause"":""Inadequate cleaning frequency for high-traffic areas or specific room conditions."",""severity"":""medium"",""solution"":""Implement a more frequent cleaning schedule for the room, especially if it's a high-traffic area or if the resident has specific needs (e.g., allergies)."",""probability"":0.6,""estimatedCost"":""INR 300 - 500 (for additional cleaning supplies/staff time if needed)""},{""cause"":""Cleaning staff missed certain areas or did not perform a thorough cleaning."",""severity"":""medium"",""solution"":""Retrain cleaning staff on proper cleaning protocols and ensure a checklist is used for each room to guarantee all areas are covered thoroughly."",""probability"":0.3,""estimatedCost"":""INR 0 (if internal staff retraining) - INR 1000 (if external training is required)""},{""cause"":""Resident expectations for cleanliness are higher than the standard cleaning service provides."",""severity"":""low"",""solution"":""Communicate clearly with residents about the scope of the standard cleaning service and offer options for enhanced cleaning services at an additional cost."",""probability"":0.1,""estimatedCost"":""INR 0 (for communication) - INR 500-1000 (for enhanced cleaning service, if opted by resident)""}],""summary"":""The resident reported that a full room cleaning is needed, despite a cleaning having been done yesterday. This is a one-time request."",""urgency"":""medium"",""recommendedAction"":""Investigate the specific areas that require cleaning and compare them against the standard cleaning checklist. Provide immediate re-cleaning of the unsatisfactory areas. Review cleaning protocols and staff training to prevent recurrence.""}",null,completed,2026-06-09 07:02:06.269312+00,2026-06-09 07:02:05.726+00
c03261b3-0462-4546-bc3b-d4cd3a2f2317,a63e7669-3fd6-4fdc-a961-ad40190c10fa,00000000-0000-0000-0000-000000000001,bd081ad6-5fe3-4c1d-a919-81b1055efa19,abc84f5b-a950-406e-ab46-cefbe11df925,"[{""answer"":""Full room cleaning"",""question"":""What needs cleaning?""},{""answer"":""Yesterday"",""question"":""When was the last cleaning done?""},{""answer"":""One-time"",""question"":""Is this a one-time request or recurring issue?""}]","{""causes"":[{""cause"":""Housekeeping oversight or miscommunication"",""severity"":""medium"",""solution"":""Communicate with housekeeping to schedule immediate cleaning and reinforce cleaning protocols."",""probability"":0.7,""estimatedCost"":""INR 0""},{""cause"":""Staff shortage or high workload"",""severity"":""medium"",""solution"":""Assess housekeeping staff availability and workload. Consider temporary staff or re-prioritize tasks."",""probability"":0.2,""estimatedCost"":""INR 0""},{""cause"":""Guest overlooked 'Do Not Disturb' sign (if applicable)"",""severity"":""low"",""solution"":""Verify if a 'Do Not Disturb' sign was used. Remind guests about cleaning request procedures."",""probability"":0.1,""estimatedCost"":""INR 0""}],""summary"":""The room and washroom have not been cleaned since yesterday, requiring a full cleaning service. This appears to be a one-time oversight."",""urgency"":""medium"",""recommendedAction"":""Immediately dispatch housekeeping to clean the room and washroom. Follow up to ensure cleaning protocols are being met.""}",null,completed,2026-06-09 07:43:28.303601+00,2026-06-09 07:43:27.608+00
4e049055-af06-4c14-bbff-bb857695377c,f0affaee-a05c-4cd9-97b6-f6b895f55ad6,00000000-0000-0000-0000-000000000001,bd081ad6-5fe3-4c1d-a919-81b1055efa19,28158382-d5c1-436c-927b-3e3d9855c2af,"[{""answer"":""Entire room"",""question"":""Is the power out in the entire room or just some outlets?""},{""answer"":""Yes, it's on"",""question"":""Have you checked the MCB / circuit breaker?""},{""answer"":""Yes, others have power"",""question"":""Is there power in the common areas or other rooms?""},{""answer"":""Happened suddenly"",""question"":""Did this happen suddenly or after plugging something in?""}]","{""causes"":[{""cause"":""Loose wiring connection in the AC switch or power outlet."",""severity"":""medium"",""solution"":""Inspect and tighten the wiring connections in the AC switch and the power outlet. This may require opening the switchboard."",""probability"":0.4,""estimatedCost"":""₹200 - ₹500 (Electrician visit charges)""},{""cause"":""Faulty AC switch."",""severity"":""medium"",""solution"":""Replace the faulty AC switch with a new one."",""probability"":0.3,""estimatedCost"":""₹300 - ₹700 (Switch cost + Electrician charges)"",""requiredParts"":[{""name"":""AC Switch"",""estimatedPrice"":""₹100 - ₹200""}]},{""cause"":""Internal wiring fault in the room."",""severity"":""high"",""solution"":""A thorough inspection of the room's internal wiring is needed to identify and repair any breaks or short circuits. This might involve tracing the wiring from the main distribution board."",""probability"":0.2,""estimatedCost"":""₹800 - ₹2000+ (Depending on complexity and repair extent)""},{""cause"":""Faulty circuit breaker/MCB, despite appearing 'on'."",""severity"":""medium"",""solution"":""Test the MCB with a multimeter to confirm its functionality. If faulty, replace it."",""probability"":0.1,""estimatedCost"":""₹500 - ₹1000 (MCB cost + Electrician charges)"",""requiredParts"":[{""name"":""MCB (Miniature Circuit Breaker)"",""estimatedPrice"":""₹200 - ₹500""}]}],""summary"":""The entire room has no power, and the AC switch is not working, making the AC unusable. The MCB is on, and other rooms have power. The issue occurred suddenly."",""urgency"":""high"",""recommendedAction"":""Given that the entire room is without power and it happened suddenly, it's recommended to call a qualified electrician immediately to diagnose and fix the issue. Do not attempt to open switchboards or tamper with wiring if you are not experienced, as it can be dangerous.""}",null,completed,2026-06-09 10:36:21.855853+00,2026-06-09 10:36:20.988+00
3e99847b-be07-42d6-b071-56fc59a742cc,3f7257c9-29d8-41bb-a4d5-18b68bbeba1f,00000000-0000-0000-0000-000000000001,bd081ad6-5fe3-4c1d-a919-81b1055efa19,28158382-d5c1-436c-927b-3e3d9855c2af,"[{""answer"":""Entire room"",""question"":""Is the power out in the entire room or just some outlets?""},{""answer"":""Yes, it's on"",""question"":""Have you checked the MCB / circuit breaker?""},{""answer"":""Yes, others have power"",""question"":""Is there power in the common areas or other rooms?""},{""answer"":""Happened suddenly"",""question"":""Did this happen suddenly or after plugging something in?""}]","{""causes"":[{""cause"":""Faulty fan motor or capacitor"",""severity"":""medium"",""solution"":""Replace the fan capacitor or the entire fan motor. If the fan is old, replacing the entire fan might be more cost-effective."",""probability"":0.7,""estimatedCost"":""₹500 - ₹1500 for capacitor replacement, ₹1500 - ₹3000 for motor replacement or new fan."",""requiredParts"":[{""name"":""Fan Capacitor"",""estimatedPrice"":""₹200 - ₹500""},{""name"":""Ceiling Fan Motor"",""estimatedPrice"":""₹1000 - ₹2500""}]},{""cause"":""Loose wiring connection at the fan or switch"",""severity"":""low"",""solution"":""Inspect and tighten all wiring connections at the fan and the fan speed regulator/switch. Ensure proper insulation."",""probability"":0.2,""estimatedCost"":""₹200 - ₹500 (for electrician visit if needed)"",""requiredParts"":[]},{""cause"":""Faulty fan speed regulator/dimmer switch"",""severity"":""low"",""solution"":""Replace the fan speed regulator or dimmer switch. Sometimes these components can degrade and not provide full power to the fan."",""probability"":0.1,""estimatedCost"":""₹300 - ₹800"",""requiredParts"":[{""name"":""Fan Speed Regulator/Dimmer Switch"",""estimatedPrice"":""₹200 - ₹700""}]}],""summary"":""The fan in room B22/B1 is running very slowly, despite the MCB being on and other rooms having power. This issue occurred suddenly."",""urgency"":""medium"",""recommendedAction"":""First, check and tighten all wiring connections at the fan and the speed regulator. If the problem persists, replace the fan capacitor. If the issue still isn't resolved, consider replacing the fan speed regulator or the entire fan motor/fan unit.""}",null,completed,2026-06-09 10:39:37.306249+00,2026-06-09 10:39:36.599+00
4e64abd8-4e27-416b-82da-28e57b0ef61d,32dfcd89-4de1-4165-bbc4-a648bc99f9f5,00000000-0000-0000-0000-000000000001,bd081ad6-5fe3-4c1d-a919-81b1055efa19,28158382-d5c1-436c-927b-3e3d9855c2af,"[{""answer"":""Entire room"",""question"":""Is the power out in the entire room or just some outlets?""},{""answer"":""Yes, it's on"",""question"":""Have you checked the MCB / circuit breaker?""},{""answer"":""Yes, others have power"",""question"":""Is there power in the common areas or other rooms?""},{""answer"":""Happened suddenly"",""question"":""Did this happen suddenly or after plugging something in?""}]","{""causes"":[{""cause"":""Loose wiring connection in the room's main switchboard or junction box."",""severity"":""high"",""solution"":""Inspect and tighten all wiring connections in the room's switchboard and junction boxes. This should be done by a qualified electrician."",""probability"":0.4,""estimatedCost"":""₹200 - ₹500 (Electrician visit charges)""},{""cause"":""Faulty main switch or circuit breaker for the room."",""severity"":""high"",""solution"":""Test the main switch and circuit breaker. If found faulty, replace it with a new one of the same rating. This should be done by a qualified electrician."",""probability"":0.3,""estimatedCost"":""₹300 - ₹800 (Electrician visit + cost of new MCB/switch)"",""requiredParts"":[{""name"":""MCB/Main Switch"",""estimatedPrice"":""₹150 - ₹400""}]},{""cause"":""Damaged main power cable supplying power to the room."",""severity"":""high"",""solution"":""Inspect the main power cable for any visible damage. If damaged, the affected section of the cable needs to be replaced. This requires a qualified electrician."",""probability"":0.2,""estimatedCost"":""₹500 - ₹1500 (Electrician visit + cost of cable)"",""requiredParts"":[{""name"":""Electrical Cable (appropriate gauge)"",""estimatedPrice"":""₹50 - ₹150 per meter""}]},{""cause"":""Issue with the building's main power supply to that specific section/floor."",""severity"":""high"",""solution"":""Contact the building's maintenance or electricity provider to investigate the main power supply to your section/floor."",""probability"":0.1,""estimatedCost"":""₹0 (If it's a building-wide issue, maintenance should cover it)""}],""summary"":""The entire room has no power, despite the MCB being on and other rooms having power. This indicates a localized electrical fault within the room's power supply system."",""urgency"":""critical"",""recommendedAction"":""Immediately contact a qualified electrician to diagnose and fix the issue. Do not attempt to repair electrical faults yourself if you are not trained, as it can be dangerous.""}",null,completed,2026-06-12 05:29:19.926818+00,2026-06-12 05:29:18.588+00
9de40ad1-e8ce-4bcc-b4f9-ceb1e2c5292e,8b77d984-c02f-4275-97fa-4e5696f7ff85,00000000-0000-0000-0000-000000000001,bd081ad6-5fe3-4c1d-a919-81b1055efa19,abc84f5b-a950-406e-ab46-cefbe11df925,"[{""answer"":""Full room cleaning"",""question"":""What needs cleaning?""},{""answer"":""Yesterday"",""question"":""When was the last cleaning done?""},{""answer"":""One-time"",""question"":""Is this a one-time request or recurring issue?""}]","{""causes"":[{""cause"":""Cleaner oversight or rushed job."",""severity"":""medium"",""solution"":""Communicate specific cleaning expectations to the cleaner and conduct a quick check after cleaning."",""probability"":0.7,""estimatedCost"":""INR 0""},{""cause"":""Lack of proper cleaning tools or supplies."",""severity"":""low"",""solution"":""Ensure the cleaner has all necessary and effective cleaning supplies and equipment."",""probability"":0.2,""estimatedCost"":""INR 500 - 1500"",""requiredParts"":[{""name"":""New cleaning supplies (e.g., floor cleaner, disinfectant, dusting cloths)"",""estimatedPrice"":""INR 500 - 1000""},{""name"":""Better quality mop or vacuum cleaner"",""estimatedPrice"":""INR 500 - 1500""}]},{""cause"":""Unclear cleaning checklist or standards."",""severity"":""low"",""solution"":""Establish a clear and detailed cleaning checklist for the room and communicate it to the cleaning staff."",""probability"":0.1,""estimatedCost"":""INR 0""}],""summary"":""The room was not cleaned properly despite being cleaned yesterday. This appears to be a one-time issue."",""urgency"":""low"",""recommendedAction"":""Address the cleaning quality with the cleaning staff and ensure proper cleaning protocols are followed for future cleanings. A follow-up inspection after the next cleaning is recommended.""}",null,completed,2026-06-12 05:32:44.337905+00,2026-06-12 05:32:43.805+00
8e54c40e-5291-4b5d-8a37-919e636a5890,af56a3bd-431e-4109-a114-dd960d9d2ba2,00000000-0000-0000-0000-000000000001,bd081ad6-5fe3-4c1d-a919-81b1055efa19,caf6381e-5189-4c1f-bf0a-4dfd99d9b9e7,"[{""answer"":""Yesterday"",""question"":""When did you first notice this issue?""},{""answer"":""Minor — can manage"",""question"":""How severe is the issue?""},{""answer"":""First time"",""question"":""Has this issue happened before?""},{""answer"":""Nothing, happened on its own"",""question"":""Did anything specific trigger this issue?""},{""answer"":""Only my room"",""question"":""Is the issue affecting other rooms or just yours?""}]","{""causes"":[{""cause"":""Drain hose kinked or clogged"",""severity"":""medium"",""solution"":""Check the drain hose for any kinks or blockages. Straighten the hose if kinked, or clear any obstructions if clogged."",""probability"":0.4,""estimatedCost"":""₹0 - ₹100""},{""cause"":""Drain pump filter clogged"",""severity"":""medium"",""solution"":""Locate and clean the drain pump filter. Refer to the washing machine's manual for instructions on how to access and clean the filter."",""probability"":0.3,""estimatedCost"":""₹0 - ₹200""},{""cause"":""Faulty drain pump"",""severity"":""high"",""solution"":""The drain pump may need to be replaced. This usually requires a technician. If you are comfortable with DIY, you can order the part and replace it yourself."",""probability"":0.2,""estimatedCost"":""₹1500 - ₹3000"",""requiredParts"":[{""name"":""Washing machine drain pump"",""estimatedPrice"":""₹1000 - ₹2500""}]},{""cause"":""Issue with the washing machine's control board"",""severity"":""high"",""solution"":""The control board might be faulty and sending continuous signals to the water inlet valve. This requires a technician to diagnose and replace the control board."",""probability"":0.1,""estimatedCost"":""₹2000 - ₹5000"",""requiredParts"":[{""name"":""Washing machine control board"",""estimatedPrice"":""₹1500 - ₹4000""}]}],""summary"":""The washing machine is not draining properly and water is flowing constantly, requiring the main tap to be closed. This is a new issue and only affects your room."",""urgency"":""high"",""recommendedAction"":""First, check the drain hose for kinks or clogs and clear them. If the issue persists, clean the drain pump filter. If still unresolved, it's likely a faulty drain pump or control board, and professional help might be needed.""}",null,completed,2026-06-12 05:35:52.978925+00,2026-06-12 05:35:52.009+00
2f844f0e-d3ac-4d5f-b211-fad60de2e235,5d9d7a1b-fb90-40b5-9623-002f5c788745,00000000-0000-0000-0000-000000000001,bd081ad6-5fe3-4c1d-a919-81b1055efa19,caf6381e-5189-4c1f-bf0a-4dfd99d9b9e7,"[{""answer"":""Yesterday"",""question"":""When did you first notice this issue?""},{""answer"":""Minor — can manage"",""question"":""How severe is the issue?""},{""answer"":""First time"",""question"":""Has this issue happened before?""},{""answer"":""Nothing, happened on its own"",""question"":""Did anything specific trigger this issue?""},{""answer"":""Only my room"",""question"":""Is the issue affecting other rooms or just yours?""}]","{""causes"":[{""cause"":""Detergent residue: Using too much detergent or a type of detergent that doesn't dissolve well can leave residue on clothes."",""severity"":""medium"",""solution"":""Advise the user to use the recommended amount of detergent and try a different brand or type (e.g., liquid detergent instead of powder). Also, suggest running an empty cycle with hot water and vinegar to clean the machine."",""probability"":0.4,""estimatedCost"":""₹0 - ₹200 (for vinegar/detergent change)""},{""cause"":""Washing machine not draining properly: A clogged drain pump filter or a kinked drain hose can prevent proper rinsing, leaving residue."",""severity"":""medium"",""solution"":""Inspect and clean the drain pump filter. Check the drain hose for kinks or blockages. If the issue persists, a technician might be needed to check the drain pump."",""probability"":0.3,""estimatedCost"":""₹0 - ₹500 (for cleaning, if technician needed: ₹300 - ₹800)""},{""cause"":""Hard water deposits: If the hostel has hard water, mineral deposits can build up in the washing machine and transfer to clothes as residue."",""severity"":""low"",""solution"":""Suggest using a water softener product specifically designed for washing machines or adding a cup of white vinegar to the rinse cycle regularly. Running an empty hot water cycle with a descaling agent can also help."",""probability"":0.2,""estimatedCost"":""₹200 - ₹500 (for descaling agent/water softener)""},{""cause"":""Overloading the washing machine: Overloading can prevent clothes from rinsing properly, leading to detergent or dirt residue."",""severity"":""low"",""solution"":""Advise the user to wash smaller loads to allow for proper water circulation and rinsing."",""probability"":0.1,""estimatedCost"":""₹0""}],""summary"":""The washing machine is leaving residue on clothes, which was first noticed yesterday. It's a minor issue and hasn't happened before. The problem is isolated to one room."",""urgency"":""medium"",""recommendedAction"":""Initially, the user should try simple solutions like adjusting detergent usage and cleaning the machine. If the problem persists, a more thorough inspection of the machine's drainage system or water quality might be necessary. Since it's a minor issue, immediate professional intervention is not required, but monitoring is advised.""}",null,completed,2026-06-12 05:42:59.742811+00,2026-06-12 05:42:59.261+00
6f6de998-dfaf-426b-a94f-33d68790934f,96abc1f1-6f1a-4e36-a35f-b1432c33a3be,00000000-0000-0000-0000-000000000001,bd081ad6-5fe3-4c1d-a919-81b1055efa19,caf6381e-5189-4c1f-bf0a-4dfd99d9b9e7,"[{""answer"":""Yesterday"",""question"":""When did you first notice this issue?""},{""answer"":""Minor — can manage"",""question"":""How severe is the issue?""},{""answer"":""First time"",""question"":""Has this issue happened before?""},{""answer"":""Nothing, happened on its own"",""question"":""Did anything specific trigger this issue?""},{""answer"":""Only my room"",""question"":""Is the issue affecting other rooms or just yours?""}]","{""causes"":[{""cause"":""Clogged water inlet filter"",""severity"":""medium"",""solution"":""Clean the water inlet filter. This can be done by unscrewing the water inlet hose from the washing machine and carefully removing and cleaning the mesh filter inside. Rinse it under running water to remove any debris."",""probability"":0.6,""estimatedCost"":""₹0 - ₹50"",""requiredParts"":[{""name"":""Brush/Cloth for cleaning"",""estimatedPrice"":""₹0""}]},{""cause"":""Kinked or blocked inlet hose"",""severity"":""low"",""solution"":""Check the water inlet hose for any kinks or bends that might be restricting water flow. Straighten the hose if necessary. Also, check for any blockages inside the hose by disconnecting it and inspecting it."",""probability"":0.2,""estimatedCost"":""₹0 - ₹200"",""requiredParts"":[{""name"":""Replacement hose (if damaged)"",""estimatedPrice"":""₹150 - ₹200""}]},{""cause"":""Low water pressure in the building"",""severity"":""low"",""solution"":""Check if other water outlets in the building (e.g., taps in other rooms) also have low water pressure. If so, the issue might be with the building's water supply. Contact building management to investigate."",""probability"":0.15,""estimatedCost"":""₹0"",""requiredParts"":[]},{""cause"":""Faulty water inlet valve"",""severity"":""high"",""solution"":""If the above solutions don't work, the water inlet valve might be faulty and not opening correctly. This usually requires replacement by a technician."",""probability"":0.05,""estimatedCost"":""₹800 - ₹1500"",""requiredParts"":[{""name"":""Washing machine water inlet valve"",""estimatedPrice"":""₹500 - ₹800""}]}],""summary"":""The washing machine is experiencing very low water flow, causing it to take an unusually long time to fill. This issue was first noticed yesterday and has not occurred before. It is only affecting your room."",""urgency"":""medium"",""recommendedAction"":""Start by checking and cleaning the water inlet filter and inspecting the inlet hose for kinks or blockages. If these steps do not resolve the issue, investigate the building's water pressure. If the problem persists, it may indicate a faulty water inlet valve, which would require professional assistance.""}",null,completed,2026-06-12 05:56:55.346525+00,2026-06-12 05:56:54.781+00
abc4cb30-8e52-4116-a36c-4c4f977b2504,49b3a5c8-bea6-4e84-afdb-52c0b6f5cc67,00000000-0000-0000-0000-000000000001,bd081ad6-5fe3-4c1d-a919-81b1055efa19,28158382-d5c1-436c-927b-3e3d9855c2af,"[{""answer"":""Entire room"",""question"":""Is the power out in the entire room or just some outlets?""},{""answer"":""Yes, it's on"",""question"":""Have you checked the MCB / circuit breaker?""},{""answer"":""Yes, others have power"",""question"":""Is there power in the common areas or other rooms?""},{""answer"":""Happened suddenly"",""question"":""Did this happen suddenly or after plugging something in?""}]","{""causes"":[{""cause"":""Faulty light bulb or tube light"",""severity"":""low"",""solution"":""Replace the faulty bulb/tube light."",""probability"":0.6,""estimatedCost"":""₹50 - ₹200"",""requiredParts"":[{""name"":""LED Bulb/Tube Light"",""estimatedPrice"":""₹50 - ₹200""}]},{""cause"":""Loose wiring connection at the light fixture or switch"",""severity"":""medium"",""solution"":""Inspect and tighten all wiring connections at the light fixture and switch. This may require opening the switchboard and fixture."",""probability"":0.25,""estimatedCost"":""₹150 - ₹300 (Electrician visit if needed)"",""requiredParts"":[]},{""cause"":""Faulty light switch"",""severity"":""medium"",""solution"":""Replace the faulty light switch."",""probability"":0.1,""estimatedCost"":""₹100 - ₹250"",""requiredParts"":[{""name"":""Light Switch"",""estimatedPrice"":""₹50 - ₹150""}]},{""cause"":""Internal wiring fault in the room"",""severity"":""high"",""solution"":""A qualified electrician needs to inspect the internal wiring for any breaks or short circuits and repair them."",""probability"":0.05,""estimatedCost"":""₹500 - ₹1500+"",""requiredParts"":[{""name"":""Electrical Wire"",""estimatedPrice"":""₹50 - ₹200 (per meter if needed)""}]}],""summary"":""The light in the room is not working, even though the MCB is on and other rooms have power. This suggests a localized issue within the room's lighting circuit."",""urgency"":""medium"",""recommendedAction"":""Start by checking and replacing the light bulb/tube light. If that doesn't resolve the issue, inspect the wiring connections at the fixture and switch. If the problem persists, it's advisable to call a qualified electrician to diagnose and fix potential wiring or switch faults.""}",null,completed,2026-06-12 05:58:41.697549+00,2026-06-12 05:58:41.151+00
75803908-7f51-431e-8f00-b5acc25fac4d,91c3df30-8736-4363-afda-343891a9380a,00000000-0000-0000-0000-000000000001,bd081ad6-5fe3-4c1d-a919-81b1055efa19,01208ba1-4225-4a61-be39-3afe03dad690,"[{""answer"":""Yesterday"",""question"":""When did you first notice this issue?""},{""answer"":""Minor — can manage"",""question"":""How severe is the issue?""},{""answer"":""First time"",""question"":""Has this issue happened before?""},{""answer"":""Nothing, happened on its own"",""question"":""Did anything specific trigger this issue?""},{""answer"":""Only my room"",""question"":""Is the issue affecting other rooms or just yours?""}]","{""causes"":[{""cause"":""Expired or faulty RO membrane/filters"",""severity"":""high"",""solution"":""Replace the RO membrane and all filters (sediment, pre-carbon, post-carbon)."",""probability"":0.7,""estimatedCost"":""₹1,500 - ₹3,000"",""requiredParts"":[{""name"":""RO Membrane"",""estimatedPrice"":""₹800 - ₹1,500""},{""name"":""Sediment Filter"",""estimatedPrice"":""₹200 - ₹400""},{""name"":""Pre-Carbon Filter"",""estimatedPrice"":""₹200 - ₹400""},{""name"":""Post-Carbon Filter"",""estimatedPrice"":""₹300 - ₹700""}]},{""cause"":""Contaminated water tank"",""severity"":""medium"",""solution"":""Clean and sanitize the RO water storage tank thoroughly."",""probability"":0.2,""estimatedCost"":""₹200 - ₹500""},{""cause"":""Bacterial growth in pipes or filters"",""severity"":""medium"",""solution"":""Sanitize the entire RO system, including pipes and filters, using a food-grade sanitizer. If the taste persists, replace filters."",""probability"":0.1,""estimatedCost"":""₹500 - ₹1,000"",""requiredParts"":[{""name"":""RO System Sanitizer"",""estimatedPrice"":""₹200 - ₹400""}]}],""summary"":""The bad taste in the RO water is likely due to expired or faulty filters/membrane, or possibly a contaminated storage tank. Since it's the first time this issue has occurred and it's only in your room, a localized problem with the RO unit is indicated."",""urgency"":""medium"",""recommendedAction"":""The RO system needs to be inspected by a technician. The most probable solution will be to replace the RO membrane and all filters. A thorough cleaning of the water tank is also recommended.""}",null,completed,2026-06-12 06:01:34.889425+00,2026-06-12 06:01:34.065+00
af8f930e-bbc9-439b-8455-7be94a627a20,6fe8eb8d-4e64-4977-8968-772d400d759e,00000000-0000-0000-0000-000000000001,bd081ad6-5fe3-4c1d-a919-81b1055efa19,a5831922-eaeb-48c2-941c-fd96fae8813d,"[{""answer"":""Yes"",""question"":""Is the AC turning on when you press the power button?""},{""answer"":""No air at all"",""question"":""Is air coming out from the AC vents?""},{""answer"":""Never / Not sure"",""question"":""When was the AC filter last cleaned?""},{""answer"":""No"",""question"":""Is there any water leaking from the AC?""},{""answer"":""Yes"",""question"":""Is the remote control working properly?""}]","{""causes"":[{""cause"":""Blower motor malfunction"",""severity"":""high"",""solution"":""Inspect and repair/replace the blower motor. Check for obstructions in the blower assembly."",""probability"":0.6,""estimatedCost"":""₹2000 - ₹5000"",""requiredParts"":[{""name"":""Blower motor"",""estimatedPrice"":""₹1500 - ₹3500""},{""name"":""Capacitor (if applicable)"",""estimatedPrice"":""₹200 - ₹500""}]},{""cause"":""Clogged AC filter"",""severity"":""medium"",""solution"":""Clean or replace the AC filter. A severely clogged filter can restrict airflow completely."",""probability"":0.3,""estimatedCost"":""₹200 - ₹800"",""requiredParts"":[{""name"":""AC filter"",""estimatedPrice"":""₹200 - ₹800""}]},{""cause"":""Faulty thermostat/control board"",""severity"":""medium"",""solution"":""Test the thermostat for proper operation. If faulty, replace it. Inspect the control board for any visible damage or loose connections."",""probability"":0.1,""estimatedCost"":""₹1000 - ₹4000"",""requiredParts"":[{""name"":""Thermostat"",""estimatedPrice"":""₹800 - ₹2500""},{""name"":""Control board"",""estimatedPrice"":""₹1500 - ₹3000""}]}],""summary"":""The AC is not blowing any air, despite the unit turning on. This indicates an issue with the airflow system, most likely the blower motor or a severely clogged filter."",""urgency"":""high"",""recommendedAction"":""Immediately arrange for a qualified technician to inspect the AC unit. Prioritize checking the blower motor and the AC filter. Do not operate the AC until the issue is resolved to prevent further damage.""}",null,completed,2026-06-13 06:38:21.717267+00,2026-06-13 06:38:20.72+00
de0bb1ee-15ef-4c28-94f7-fc5209e832a4,4916dbd8-2371-41fd-aae7-9946532592bd,00000000-0000-0000-0000-000000000001,bd081ad6-5fe3-4c1d-a919-81b1055efa19,e2aa2aaa-8af6-4807-9a4e-7665c5421eed,"[{""answer"":""Yesterday"",""question"":""When did you first notice this issue?""},{""answer"":""Minor — can manage"",""question"":""How severe is the issue?""},{""answer"":""First time"",""question"":""Has this issue happened before?""},{""answer"":""Nothing, happened on its own"",""question"":""Did anything specific trigger this issue?""},{""answer"":""Only my room"",""question"":""Is the issue affecting other rooms or just yours?""}]","{""causes"":[{""cause"":""Loose joints or fasteners due to previous incomplete repair."",""severity"":""medium"",""solution"":""Tighten all joints and fasteners. Add wood glue to reinforce joints if necessary. Replace any stripped screws or damaged hardware."",""probability"":0.7,""estimatedCost"":""₹200 - ₹500"",""requiredParts"":[{""name"":""Wood glue"",""estimatedPrice"":""₹50 - ₹150""},{""name"":""Screws/Fasteners"",""estimatedPrice"":""₹50 - ₹100""}]},{""cause"":""Damaged or weakened bed frame components (e.g., cracked wood, bent metal)."",""severity"":""medium"",""solution"":""Inspect the bed frame for any cracks, bends, or other damage. Repair or replace damaged components. This might involve reinforcing with additional wood or metal braces."",""probability"":0.2,""estimatedCost"":""₹500 - ₹1500"",""requiredParts"":[{""name"":""Wood planks/Metal braces"",""estimatedPrice"":""₹200 - ₹800""},{""name"":""Screws/Bolts"",""estimatedPrice"":""₹50 - ₹150""}]},{""cause"":""Uneven bed legs or unstable base."",""severity"":""low"",""solution"":""Check if all bed legs are even and making proper contact with the floor. Use shims or adjust leg levelers if present to stabilize the bed."",""probability"":0.1,""estimatedCost"":""₹50 - ₹200"",""requiredParts"":[{""name"":""Shims/Felt pads"",""estimatedPrice"":""₹20 - ₹50""}]}],""summary"":""The bed is shaking because the previous repair was incomplete, leading to loose joints or damaged frame components. It's a minor issue but needs proper attention to prevent recurrence."",""urgency"":""medium"",""recommendedAction"":""A maintenance technician needs to thoroughly inspect the bed frame, tighten all fasteners, reinforce joints, and replace any damaged parts to ensure a complete and lasting repair.""}",null,completed,2026-06-13 06:56:27.982524+00,2026-06-13 06:56:27.025+00
2d5a42e1-2f46-405e-bd19-307a3b45a634,255bff17-c0f3-4eb4-810b-05df5eb3c360,00000000-0000-0000-0000-000000000001,bd081ad6-5fe3-4c1d-a919-81b1055efa19,a25aca1b-211b-41d3-ab08-78bd2b9541e8,"[{""answer"":""Today"",""question"":""When did you first notice this issue?""},{""answer"":""Minor — can manage"",""question"":""How severe is the issue?""},{""answer"":""First time"",""question"":""Has this issue happened before?""},{""answer"":""Nothing, happened on its own"",""question"":""Did anything specific trigger this issue?""},{""answer"":""Only my room"",""question"":""Is the issue affecting other rooms or just yours?""}]","{""causes"":[{""cause"":""Partially closed or faulty stopcock/angle valve"",""severity"":""medium"",""solution"":""Check if the stopcock or angle valve for your bathroom's water supply is fully open. If it's partially closed, open it completely. If it's fully open but the flow is still low, the valve might be faulty and need replacement."",""probability"":0.4,""estimatedCost"":""₹200 - ₹500"",""requiredParts"":[{""name"":""New stopcock/angle valve (if faulty)"",""estimatedPrice"":""₹150 - ₹400""}]},{""cause"":""Clogged aerator or showerhead"",""severity"":""low"",""solution"":""Remove the aerator from the faucet and the showerhead. Clean any mineral deposits or debris. Reinstall and check water flow. If flow improves, this was the issue."",""probability"":0.3,""estimatedCost"":""₹0 - ₹100"",""requiredParts"":[{""name"":""Vinegar or descaling solution (if needed)"",""estimatedPrice"":""₹50 - ₹100""}]},{""cause"":""Minor blockage in the water supply line to the bathroom"",""severity"":""medium"",""solution"":""This would require a plumber to inspect the specific water line to your bathroom for any blockages. It might involve opening up a section of the pipe to clear the obstruction."",""probability"":0.2,""estimatedCost"":""₹500 - ₹1500"",""requiredParts"":[{""name"":""Pipe fittings (if replacement is needed after clearing blockage)"",""estimatedPrice"":""₹100 - ₹300""}]},{""cause"":""Reduced water pressure from the main supply or building's water pump"",""severity"":""high"",""solution"":""Since the issue is only in your room, it's less likely to be a main supply or pump issue affecting the whole building. However, it's worth checking with other residents if they are experiencing similar low water pressure. If it's a building-wide issue, the building management needs to address the main water supply or pump."",""probability"":0.1,""estimatedCost"":""N/A (Building management responsibility)"",""requiredParts"":[]}],""summary"":""The low water flow in your bathroom is likely due to a localized issue, as it's only affecting your room and started recently. The most probable causes are a partially closed or faulty valve, or a clogged aerator/showerhead."",""urgency"":""medium"",""recommendedAction"":""First, check the stopcock/angle valve and clean the aerator/showerhead. If the issue persists, a plumber will need to inspect the water line for blockages. If other rooms also experience low pressure, inform building management.""}",null,completed,2026-06-13 12:02:47.076237+00,2026-06-13 12:02:45.716+00
0aaf34a4-cf3d-43ad-9410-a4f7d7e782cb,1a95484c-9172-45a3-b983-a8d8aa409c42,00000000-0000-0000-0000-000000000001,bd081ad6-5fe3-4c1d-a919-81b1055efa19,28158382-d5c1-436c-927b-3e3d9855c2af,"[{""answer"":""Entire room"",""question"":""Is the power out in the entire room or just some outlets?""},{""answer"":""Yes, it's on"",""question"":""Have you checked the MCB / circuit breaker?""},{""answer"":""Yes, others have power"",""question"":""Is there power in the common areas or other rooms?""},{""answer"":""Happened suddenly"",""question"":""Did this happen suddenly or after plugging something in?""}]","{""causes"":[{""cause"":""Tripped circuit breaker (MCB) - even if it appears 'on', it might be in a tripped state. This is the most common cause for a sudden power outage in a single room while others have power."",""severity"":""medium"",""solution"":""Manually switch the MCB off completely and then firmly switch it back to the 'on' position. If it trips again immediately, there might be a short circuit or overload."",""probability"":0.7,""estimatedCost"":""₹0""},{""cause"":""Loose wiring connection in the MCB box or within the room's electrical circuit. A sudden jolt or vibration could have loosened a connection."",""severity"":""high"",""solution"":""An electrician needs to inspect the wiring connections in the MCB box and the room's switchboards/outlets. This requires professional help."",""probability"":0.2,""estimatedCost"":""₹200 - ₹500 (Electrician visit)"",""requiredParts"":[{""name"":""None (unless wires need replacement)"",""estimatedPrice"":""₹0 - ₹100""}]},{""cause"":""Faulty MCB. While less common, an MCB can fail internally and not provide power even when it appears to be in the 'on' position."",""severity"":""high"",""solution"":""An electrician needs to test the MCB and replace it if found faulty."",""probability"":0.08,""estimatedCost"":""₹300 - ₹700 (MCB replacement + Electrician visit)"",""requiredParts"":[{""name"":""Single Pole MCB (16A or 20A, depending on circuit)"",""estimatedPrice"":""₹150 - ₹300""}]},{""cause"":""Internal wiring fault (e.g., short circuit, broken wire) within the room that is not immediately tripping the main MCB but preventing power flow to the entire room."",""severity"":""high"",""solution"":""This requires a thorough inspection by an electrician to trace the fault and repair/replace the affected wiring."",""probability"":0.02,""estimatedCost"":""₹500 - ₹1500+ (Electrician visit + wiring repair/replacement)"",""requiredParts"":[{""name"":""Electrical wire (specific gauge and length as needed)"",""estimatedPrice"":""₹50 - ₹500+""},{""name"":""Electrical tape/connectors"",""estimatedPrice"":""₹20 - ₹50""}]}],""summary"":""The entire room has no electricity, despite the MCB appearing to be on and other rooms having power. This happened suddenly."",""urgency"":""high"",""recommendedAction"":""First, try resetting the MCB by switching it completely off and then on again. If power is not restored, or if the MCB trips again, immediately contact a qualified electrician to inspect the wiring and MCB. Do not attempt to open the MCB box or tamper with wiring yourself as it can be dangerous.""}",null,completed,2026-06-13 12:05:20.01781+00,2026-06-13 12:05:18.687+00
f9d8443e-cd01-49be-ab9c-68886ec1d7e2,84606359-3085-4e82-8854-11ac5b5045e7,00000000-0000-0000-0000-000000000001,bd081ad6-5fe3-4c1d-a919-81b1055efa19,28158382-d5c1-436c-927b-3e3d9855c2af,"[{""answer"":""Entire room"",""question"":""Is the power out in the entire room or just some outlets?""},{""answer"":""Yes, it's on"",""question"":""Have you checked the MCB / circuit breaker?""},{""answer"":""Yes, others have power"",""question"":""Is there power in the common areas or other rooms?""},{""answer"":""Happened suddenly"",""question"":""Did this happen suddenly or after plugging something in?""}]","{""causes"":[{""cause"":""Loose wiring in the switchboard or junction box supplying the room."",""severity"":""high"",""solution"":""Inspect and tighten all wiring connections in the room's switchboard and junction boxes. This should be done by a qualified electrician."",""probability"":0.4,""estimatedCost"":""₹300 - ₹700 (Electrician visit charges)""},{""cause"":""Faulty main switch or circuit breaker for the room."",""severity"":""high"",""solution"":""Test the main switch/MCB for continuity. If faulty, replace it with a new one of the same rating. This requires an electrician."",""probability"":0.3,""estimatedCost"":""₹500 - ₹1200 (Electrician visit + MCB cost)"",""requiredParts"":[{""name"":""MCB (Miniature Circuit Breaker)"",""estimatedPrice"":""₹200 - ₹500""}]},{""cause"":""Internal wiring fault within the room's circuit (e.g., short circuit or open circuit)."",""severity"":""high"",""solution"":""An electrician needs to trace the wiring to identify and repair the fault. This might involve opening conduit or plaster."",""probability"":0.2,""estimatedCost"":""₹800 - ₹2500 (Electrician charges depending on complexity)""},{""cause"":""Issue with the main power supply to the building/floor, affecting only your room's circuit."",""severity"":""high"",""solution"":""Contact the building's maintenance or electricity provider to check the main supply lines and distribution board."",""probability"":0.1,""estimatedCost"":""₹0 - ₹500 (If it's an external issue, no direct cost to you, but an electrician might charge for initial inspection)""}],""summary"":""The entire room has no power, despite the MCB being on and other rooms having power. This happened suddenly. The heater switch could not be turned off, which might be a symptom or a separate issue."",""urgency"":""critical"",""recommendedAction"":""Immediately call a qualified electrician to diagnose and fix the electrical fault. Do not attempt to fix it yourself due to the high risk of electrical shock and further damage. Ensure the main power supply to the room (if possible) is turned off until the electrician arrives.""}",null,completed,2026-06-13 12:08:07.429032+00,2026-06-13 12:08:06.307+00
e94217c8-d8cf-4f08-86ab-d8e025de30a0,93da2cb6-2365-4ade-b0a3-bffbb5fc56fe,00000000-0000-0000-0000-000000000001,bd081ad6-5fe3-4c1d-a919-81b1055efa19,abc84f5b-a950-406e-ab46-cefbe11df925,"[{""answer"":""Full room cleaning"",""question"":""What needs cleaning?""},{""answer"":""Yesterday"",""question"":""When was the last cleaning done?""},{""answer"":""One-time"",""question"":""Is this a one-time request or recurring issue?""}]","{""causes"":[{""cause"":""Inadequate cleaning by staff"",""severity"":""medium"",""solution"":""Retrain cleaning staff on balcony cleaning protocols and ensure all areas are covered during full room cleaning."",""probability"":0.7,""estimatedCost"":""INR 0""},{""cause"":""Miscommunication regarding cleaning scope"",""severity"":""low"",""solution"":""Clarify with cleaning staff that 'full room cleaning' includes the balcony area. Update cleaning checklists to explicitly mention balcony cleaning."",""probability"":0.2,""estimatedCost"":""INR 0""},{""cause"":""External factors (e.g., dust, birds)"",""severity"":""low"",""solution"":""Implement a more frequent cleaning schedule for balconies, especially if located in dusty areas or prone to bird activity."",""probability"":0.1,""estimatedCost"":""INR 0""}],""summary"":""The balcony was not cleaned during the last 'full room cleaning' despite the cleaning having been done yesterday. This appears to be a one-time issue."",""urgency"":""medium"",""recommendedAction"":""Immediate re-cleaning of the balcony and a review of cleaning protocols with the staff to prevent recurrence.""}",null,completed,2026-06-13 12:11:14.808184+00,2026-06-13 12:11:13.643+00
4e65124d-b001-4ecd-8d55-abb1a26e7c71,4505aa76-6647-4ef0-b86d-d332e066828a,00000000-0000-0000-0000-000000000001,bd081ad6-5fe3-4c1d-a919-81b1055efa19,a5831922-eaeb-48c2-941c-fd96fae8813d,"[{""answer"":""Yes"",""question"":""Is the AC turning on when you press the power button?""},{""answer"":""No air at all"",""question"":""Is air coming out from the AC vents?""},{""answer"":""Never / Not sure"",""question"":""When was the AC filter last cleaned?""},{""answer"":""No"",""question"":""Is there any water leaking from the AC?""},{""answer"":""Yes"",""question"":""Is the remote control working properly?""}]","{""causes"":[{""cause"":""Blower motor malfunction"",""severity"":""high"",""solution"":""Inspect and repair/replace the blower motor. Check for obstructions in the blower assembly."",""probability"":0.6,""estimatedCost"":""₹2000 - ₹5000"",""requiredParts"":[{""name"":""Blower motor"",""estimatedPrice"":""₹1500 - ₹4000""},{""name"":""Capacitor (if applicable)"",""estimatedPrice"":""₹200 - ₹500""}]},{""cause"":""Clogged air filter"",""severity"":""medium"",""solution"":""Clean or replace the air filter. A severely clogged filter can restrict airflow to the point of no air coming out."",""probability"":0.3,""estimatedCost"":""₹0 - ₹500"",""requiredParts"":[{""name"":""AC filter"",""estimatedPrice"":""₹300 - ₹500""}]},{""cause"":""Control board issue"",""severity"":""high"",""solution"":""Inspect the control board for any visible damage or burnt components. Replace if necessary."",""probability"":0.1,""estimatedCost"":""₹3000 - ₹8000"",""requiredParts"":[{""name"":""AC control board"",""estimatedPrice"":""₹2500 - ₹7000""}]}],""summary"":""The AC in room B24 is turning on but no air is coming out from the vents, indicating a problem with the airflow system. The filter has not been cleaned or the cleaning history is unknown."",""urgency"":""high"",""recommendedAction"":""Immediately arrange for a technician to inspect the AC unit, focusing on the blower motor, air filter, and control board. Prioritize checking the blower motor as it's the most likely cause for no air output.""}",null,completed,2026-06-13 12:13:03.873406+00,2026-06-13 12:13:02.795+00
10403d7d-0cca-4dbc-bb0d-e2b97724fa76,2a619afd-a49f-45c5-a21c-eb85d9784f98,00000000-0000-0000-0000-000000000001,bd081ad6-5fe3-4c1d-a919-81b1055efa19,28158382-d5c1-436c-927b-3e3d9855c2af,"[{""answer"":""Entire room"",""question"":""Is the power out in the entire room or just some outlets?""},{""answer"":""Yes, it has tripped"",""question"":""Have you checked the MCB / circuit breaker?""},{""answer"":""Yes, others have power"",""question"":""Is there power in the common areas or other rooms?""},{""answer"":""Happened suddenly"",""question"":""Did this happen suddenly or after plugging something in?""}]","{""causes"":[{""cause"":""Short circuit due to faulty wiring or appliance."",""severity"":""high"",""solution"":""Identify and isolate the faulty wiring or appliance. Repair or replace as necessary. Reset the MCB."",""probability"":0.6,""estimatedCost"":""₹500 - ₹2000"",""requiredParts"":[{""name"":""Wiring/Appliance repair parts"",""estimatedPrice"":""₹200 - ₹1500""}]},{""cause"":""Overload due to too many appliances on one circuit."",""severity"":""medium"",""solution"":""Distribute appliances across different circuits. Avoid using high-power appliances simultaneously. Reset the MCB."",""probability"":0.2,""estimatedCost"":""₹0 - ₹200"",""requiredParts"":[]},{""cause"":""Faulty MCB (Miniature Circuit Breaker)."",""severity"":""high"",""solution"":""Replace the faulty MCB. Ensure proper sizing and installation."",""probability"":0.15,""estimatedCost"":""₹300 - ₹800"",""requiredParts"":[{""name"":""New MCB"",""estimatedPrice"":""₹200 - ₹700""}]},{""cause"":""Loose connection in the electrical circuit."",""severity"":""medium"",""solution"":""Inspect and tighten all connections in the affected circuit, including switchboards and junction boxes. Reset the MCB."",""probability"":0.05,""estimatedCost"":""₹200 - ₹500"",""requiredParts"":[{""name"":""Electrical tape/connectors"",""estimatedPrice"":""₹50 - ₹200""}]}],""summary"":""The entire room has no power, and the MCB has tripped suddenly. Other rooms have power."",""urgency"":""high"",""recommendedAction"":""Immediately call an electrician to diagnose and fix the issue. Do not attempt to reset the MCB multiple times without identifying the root cause, as it could lead to further damage or safety hazards.""}",null,completed,2026-06-13 12:15:50.960912+00,2026-06-13 12:15:49.659+00
8ffc4ffd-3ef1-4b9d-bc77-aece40a8da81,72f49c21-8aa8-45bb-a4c7-4954fcb84481,00000000-0000-0000-0000-000000000001,bd081ad6-5fe3-4c1d-a919-81b1055efa19,7917cc13-aaca-4558-a2c2-8be5cd8fc159,"[{""answer"":""No WiFi signal at all"",""question"":""Is the WiFi signal showing on your device?""},{""answer"":""Not sure"",""question"":""Are other people in the same area also affected?""},{""answer"":""All lights are green"",""question"":""Is the router light on?""},{""answer"":""No, haven't tried"",""question"":""Have you tried restarting your device?""}]","{""causes"":[{""cause"":""Device Wi-Fi adapter is off or faulty."",""severity"":""medium"",""solution"":""Check if Wi-Fi is enabled on the device. If it is, try restarting the device. If the issue persists, the Wi-Fi adapter might be faulty and require replacement or repair."",""probability"":0.4,""estimatedCost"":""₹0 - ₹1500"",""requiredParts"":[{""name"":""USB Wi-Fi Adapter"",""estimatedPrice"":""₹500 - ₹1500""}]},{""cause"":""Router configuration issue or firmware bug."",""severity"":""medium"",""solution"":""Restart the router by unplugging it for 30 seconds and plugging it back in. If the issue persists, access the router's administration page to check settings or update firmware. This might require a technician if you are unfamiliar with router configurations."",""probability"":0.3,""estimatedCost"":""₹0 - ₹500 (if technician is needed)"",""requiredParts"":[]},{""cause"":""ISP (Internet Service Provider) outage in the area."",""severity"":""high"",""solution"":""Contact your ISP to check for known outages in your area. If there is an outage, wait for them to resolve it."",""probability"":0.2,""estimatedCost"":""₹0"",""requiredParts"":[]},{""cause"":""Damaged Wi-Fi antenna on the router."",""severity"":""medium"",""solution"":""Inspect the router's external antennas (if any) for damage. If damaged, they might need to be replaced. This usually requires a technician."",""probability"":0.1,""estimatedCost"":""₹500 - ₹1000"",""requiredParts"":[{""name"":""Router Antenna"",""estimatedPrice"":""₹200 - ₹500""}]}],""summary"":""The user is experiencing no Wi-Fi signal on their device, despite the router lights being green. They have not yet tried restarting their device."",""urgency"":""medium"",""recommendedAction"":""First, restart the device. If the problem persists, restart the router. If still no signal, check with other users in the area or contact the ISP. Consider a faulty device Wi-Fi adapter as a possible cause if only one device is affected.""}",null,completed,2026-06-13 12:19:29.802831+00,2026-06-13 12:19:28.507+00
d43f1230-ce1d-4d85-b60c-056feca03ddf,ba000612-08eb-466e-a200-9116b2f0ab0f,00000000-0000-0000-0000-000000000001,bd081ad6-5fe3-4c1d-a919-81b1055efa19,28158382-d5c1-436c-927b-3e3d9855c2af,"[{""answer"":""Entire room"",""question"":""Is the power out in the entire room or just some outlets?""},{""answer"":""Yes, it's on"",""question"":""Have you checked the MCB / circuit breaker?""},{""answer"":""Yes, others have power"",""question"":""Is there power in the common areas or other rooms?""},{""answer"":""Happened suddenly"",""question"":""Did this happen suddenly or after plugging something in?""}]","{""causes"":[{""cause"":""Faulty tube light starter"",""severity"":""medium"",""solution"":""Replace the starter. This is a common issue and an easy fix."",""probability"":0.4,""estimatedCost"":""₹50 - ₹100"",""requiredParts"":[{""name"":""Tube light starter"",""estimatedPrice"":""₹50""}]},{""cause"":""Faulty tube light itself"",""severity"":""medium"",""solution"":""Replace the tube light. Over time, tube lights can burn out."",""probability"":0.3,""estimatedCost"":""₹150 - ₹300"",""requiredParts"":[{""name"":""Tube light (4 ft LED)"",""estimatedPrice"":""₹250""}]},{""cause"":""Loose wiring in the tube light fixture or switch"",""severity"":""medium"",""solution"":""Inspect and tighten all wiring connections in the fixture and switch. This requires an electrician."",""probability"":0.2,""estimatedCost"":""₹200 - ₹500 (electrician visit)"",""requiredParts"":[]},{""cause"":""Faulty tube light choke/ballast"",""severity"":""medium"",""solution"":""Replace the choke/ballast. This component regulates the current to the tube light."",""probability"":0.08,""estimatedCost"":""₹200 - ₹400"",""requiredParts"":[{""name"":""Tube light choke/ballast"",""estimatedPrice"":""₹300""}]},{""cause"":""Internal wiring fault in the room's lighting circuit"",""severity"":""high"",""solution"":""A thorough inspection of the room's electrical wiring by a qualified electrician is needed to identify and repair the fault. This is less likely if only one fixture is affected."",""probability"":0.02,""estimatedCost"":""₹500 - ₹1500+ (electrician visit and repair)"",""requiredParts"":[]}],""summary"":""The tube light in room C43 is not working, and the entire room seems to be without power for lighting, even though the MCB is on and other rooms have power. This happened suddenly."",""urgency"":""medium"",""recommendedAction"":""First, try replacing the tube light starter, as it's the most common and easiest fix. If that doesn't work, replace the tube light itself. If the issue persists, an electrician should be called to inspect the wiring and other components.""}",null,completed,2026-06-15 08:36:47.222641+00,2026-06-15 08:36:46.315+00
68f13a8e-eb09-49b5-827c-fbdef59e225e,73752713-dfcb-4eff-8ce4-b47bbb904804,00000000-0000-0000-0000-000000000001,bd081ad6-5fe3-4c1d-a919-81b1055efa19,01208ba1-4225-4a61-be39-3afe03dad690,"[{""answer"":""Today"",""question"":""When did you first notice this issue?""},{""answer"":""Minor — can manage"",""question"":""How severe is the issue?""},{""answer"":""First time"",""question"":""Has this issue happened before?""},{""answer"":""Nothing, happened on its own"",""question"":""Did anything specific trigger this issue?""},{""answer"":""Only my room"",""question"":""Is the issue affecting other rooms or just yours?""}]","{""causes"":[{""cause"":""Clogged pre-filter or sediment filter"",""severity"":""medium"",""solution"":""Replace the clogged pre-filter or sediment filter. These filters remove larger particles and sediment before the water reaches the RO membrane. If they are clogged, water flow will be restricted."",""probability"":0.4,""estimatedCost"":""₹200 - ₹500"",""requiredParts"":[{""name"":""Pre-filter/Sediment filter"",""estimatedPrice"":""₹200 - ₹500""}]},{""cause"":""Faulty shut-off valve or inlet valve"",""severity"":""medium"",""solution"":""Inspect and replace the faulty shut-off valve or inlet valve. These valves control the water flow into the RO system. If they are not opening correctly, water won't enter the filter."",""probability"":0.3,""estimatedCost"":""₹300 - ₹800"",""requiredParts"":[{""name"":""Shut-off valve/Inlet valve"",""estimatedPrice"":""₹300 - ₹800""}]},{""cause"":""Low water pressure from the main supply"",""severity"":""low"",""solution"":""Check the main water supply pressure. If it's too low, the RO system may not be able to draw water effectively. This might require a booster pump, but first, confirm the main supply pressure."",""probability"":0.2,""estimatedCost"":""₹0 (if no booster pump needed) - ₹3000 (for booster pump)"",""requiredParts"":[{""name"":""Water pressure gauge (for diagnosis)"",""estimatedPrice"":""₹100 - ₹200""},{""name"":""Booster pump (if needed)"",""estimatedPrice"":""₹2500 - ₹3000""}]},{""cause"":""Kinked or blocked water inlet pipe"",""severity"":""low"",""solution"":""Inspect the water inlet pipe for any kinks or blockages. Straighten any kinks or clear any obstructions to allow proper water flow."",""probability"":0.1,""estimatedCost"":""₹0 - ₹100 (if minor repair/repositioning)"",""requiredParts"":[]}],""summary"":""The RO water filter is completely empty and not working, indicating a lack of water flow into the system. This is a new issue and only affects your room."",""urgency"":""high"",""recommendedAction"":""Immediately investigate the water inlet to the RO system. Check for clogged filters, faulty valves, or issues with the main water supply pressure. Given the filter is completely empty, the water supply to the unit is completely cut off or severely restricted.""}",null,completed,2026-06-15 08:38:18.277165+00,2026-06-15 08:38:17.675+00
b2a6c5fd-d17e-4342-b72a-ea0a11246799,42068e51-cf17-44bb-9dd2-2b27cec6e39e,00000000-0000-0000-0000-000000000001,bd081ad6-5fe3-4c1d-a919-81b1055efa19,7917cc13-aaca-4558-a2c2-8be5cd8fc159,"[{""answer"":""Yes, connected but no internet"",""question"":""Is the WiFi signal showing on your device?""},{""answer"":""Not sure"",""question"":""Are other people in the same area also affected?""},{""answer"":""All lights are green"",""question"":""Is the router light on?""},{""answer"":""No, haven't tried"",""question"":""Have you tried restarting your device?""}]","{""causes"":[{""cause"":""Lizard in the Wi-Fi plug point causing a short circuit or damage to the wiring/router."",""severity"":""high"",""solution"":""Carefully and safely remove the lizard from the plug point. Inspect the plug point and router for any visible damage. If damage is found, the plug point or router may need to be replaced. If no damage is visible, try restarting the router and your device."",""probability"":0.7,""estimatedCost"":""₹500 - ₹2000 (for plug point replacement) or ₹1500 - ₹5000 (for router replacement)"",""requiredParts"":[{""name"":""New Wi-Fi plug point"",""estimatedPrice"":""₹200 - ₹500""},{""name"":""New Wi-Fi router"",""estimatedPrice"":""₹1500 - ₹5000""}]},{""cause"":""Router malfunction despite green lights, possibly due to internal damage from the lizard incident or other issues."",""severity"":""medium"",""solution"":""Restart the router by unplugging it for 30 seconds and plugging it back in. If the issue persists, try a factory reset (refer to router manual). If still no internet, the router may need replacement."",""probability"":0.2,""estimatedCost"":""₹0 (for restart/reset) or ₹1500 - ₹5000 (for router replacement)"",""requiredParts"":[{""name"":""New Wi-Fi router"",""estimatedPrice"":""₹1500 - ₹5000""}]},{""cause"":""Internet Service Provider (ISP) outage or issue."",""severity"":""medium"",""solution"":""Contact your Internet Service Provider to check for any outages in your area or issues with your connection. They may be able to troubleshoot remotely."",""probability"":0.1,""estimatedCost"":""₹0""}],""summary"":""The primary cause of the internet issue is likely a lizard in the Wi-Fi plug point, potentially causing damage to the wiring or router. Although the Wi-Fi shows connected and all lights are green, there is no internet access."",""urgency"":""high"",""recommendedAction"":""Immediately and safely remove the lizard from the plug point. After ensuring safety, restart the router and your device. If the problem persists, inspect for damage and consider replacing the plug point or router. Contact the ISP if the issue remains unresolved after these steps.""}",null,completed,2026-06-15 08:40:46.820424+00,2026-06-15 08:40:46.201+00
553dbefa-628c-414c-8a60-8ea2b596b32c,a3081c04-706b-45c9-9a10-6ee5edce0401,00000000-0000-0000-0000-000000000001,8c42685b-f2df-4dec-96bd-0e77b715e33e,c5f1c3c0-af88-4c54-9730-ebffed128bc9,"[{""answer"":""Today"",""question"":""When did you first notice this issue?""},{""answer"":""Minor — can manage"",""question"":""How severe is the issue?""},{""answer"":""First time"",""question"":""Has this issue happened before?""},{""answer"":""Nothing, happened on its own"",""question"":""Did anything specific trigger this issue?""},{""answer"":""Only my room"",""question"":""Is the issue affecting other rooms or just yours?""}]","{""causes"":[{""cause"":""Microwave not plugged in or power outlet not working."",""severity"":""low"",""solution"":""Check if the microwave is properly plugged into a working power outlet. Test the outlet with another appliance."",""probability"":0.6,""estimatedCost"":""₹0""},{""cause"":""Blown fuse or tripped circuit breaker."",""severity"":""medium"",""solution"":""Check the fuse box or circuit breaker for the kitchen. Replace blown fuse or reset tripped breaker."",""probability"":0.2,""estimatedCost"":""₹50 - ₹100"",""requiredParts"":[{""name"":""Fuse"",""estimatedPrice"":""₹50 - ₹100""}]},{""cause"":""Faulty door switch."",""severity"":""medium"",""solution"":""The microwave will not operate if the door switch is faulty and doesn't register as closed. This requires professional repair."",""probability"":0.15,""estimatedCost"":""₹500 - ₹1500"",""requiredParts"":[{""name"":""Microwave Door Switch"",""estimatedPrice"":""₹200 - ₹500""}]},{""cause"":""Internal component failure (e.g., magnetron, capacitor)."",""severity"":""high"",""solution"":""This is a more serious internal issue requiring a qualified technician to diagnose and repair or replace the microwave."",""probability"":0.05,""estimatedCost"":""₹1500 - ₹4000 (or replacement cost)"",""requiredParts"":[{""name"":""Magnetron/Capacitor (if repairable)"",""estimatedPrice"":""₹800 - ₹2000""}]}],""summary"":""The microwave in the kitchen is not working. The issue was noticed today and is minor, affecting only one room. It's the first time this issue has occurred, and there was no specific trigger."",""urgency"":""medium"",""recommendedAction"":""First, check the power supply to the microwave. If that doesn't resolve the issue, further investigation by a maintenance person may be required to check for a blown fuse, faulty door switch, or internal component failure.""}",null,completed,2026-06-15 08:42:14.951772+00,2026-06-15 08:42:19.601+00
bf5aef15-be6a-4bb9-932c-338497655368,c1a019ae-9535-418f-a544-5a76ab8b9f50,00000000-0000-0000-0000-000000000001,8c42685b-f2df-4dec-96bd-0e77b715e33e,f3614e6e-8394-40cd-bbb3-b1f78e9f17c2,"[{""answer"":""Rent amount"",""question"":""Which part of the bill seems incorrect?""},{""answer"":""Yes"",""question"":""Do you have the previous month's bill for comparison?""},{""answer"":""Small (under ₹500)"",""question"":""How much difference do you notice?""}]","{""causes"":[{""cause"":""Incorrect meter reading or calculation error"",""severity"":""high"",""solution"":""Review meter readings and recalculate the bill. Compare with previous months' consumption."",""probability"":0.7,""estimatedCost"":""₹0""},{""cause"":""Undetected power leakage or faulty wiring in the room"",""severity"":""medium"",""solution"":""Inspect wiring and appliances for any leakage or faults. This may require an electrician."",""probability"":0.2,""estimatedCost"":""₹300 - ₹800"",""requiredParts"":[{""name"":""Electrician visit"",""estimatedPrice"":""₹300 - ₹800""}]},{""cause"":""Shared meter with another high-consumption area"",""severity"":""high"",""solution"":""Install a separate sub-meter for apartment A23 to accurately track consumption."",""probability"":0.1,""estimatedCost"":""₹1,500 - ₹3,000"",""requiredParts"":[{""name"":""Sub-meter"",""estimatedPrice"":""₹1,000 - ₹2,000""},{""name"":""Electrician charges for installation"",""estimatedPrice"":""₹500 - ₹1,000""}]}],""summary"":""The electricity bill for apartment A23 appears unusually high, with a small difference (under ₹500) compared to the previous month, but the overall amount is concerning. The tenant suspects incorrect billing or high consumption not justified by their usage."",""urgency"":""high"",""recommendedAction"":""Immediately review the electricity meter readings and billing calculations for apartment A23. Consider installing a sub-meter for accurate tracking and transparency. Investigate potential power leakage if billing review doesn't resolve the issue.""}",null,completed,2026-06-15 10:11:19.766086+00,2026-06-15 10:11:24.697+00
d033747e-a128-4186-8776-cf4533997380,b9b6ff6a-a698-42ae-b3b3-76647096971e,00000000-0000-0000-0000-000000000001,bd081ad6-5fe3-4c1d-a919-81b1055efa19,d76dd3bd-ccb7-4991-a01f-ce158dfe908e,"[{""answer"":""Yesterday"",""question"":""When did you first notice this issue?""},{""answer"":""Minor — can manage"",""question"":""How severe is the issue?""},{""answer"":""First time"",""question"":""Has this issue happened before?""},{""answer"":""Nothing, happened on its own"",""question"":""Did anything specific trigger this issue?""},{""answer"":""Only my room"",""question"":""Is the issue affecting other rooms or just yours?""}]","{""causes"":[{""cause"":""Mineral buildup in handshowerhead"",""severity"":""low"",""solution"":""Clean the handshowerhead by soaking it in a descaling solution (e.g., vinegar and water) to remove mineral deposits. Use a brush to scrub off any stubborn buildup."",""probability"":0.6,""estimatedCost"":""₹50 - ₹150"",""requiredParts"":[{""name"":""Vinegar/Descaling solution"",""estimatedPrice"":""₹50 - ₹100""},{""name"":""Brush"",""estimatedPrice"":""₹0 - ₹50""}]},{""cause"":""Partially clogged hose"",""severity"":""medium"",""solution"":""Disconnect the handshower hose and check for any blockages. Flush the hose with water to dislodge debris. If severely clogged, consider replacing the hose."",""probability"":0.2,""estimatedCost"":""₹100 - ₹400"",""requiredParts"":[{""name"":""Handshower hose (if replacement needed)"",""estimatedPrice"":""₹100 - ₹350""}]},{""cause"":""Worn-out rubber washer/gasket"",""severity"":""low"",""solution"":""Inspect the rubber washers/gaskets at the connection points of the handshower and hose. If they appear worn or cracked, replace them to ensure a proper seal."",""probability"":0.15,""estimatedCost"":""₹20 - ₹100"",""requiredParts"":[{""name"":""Rubber washers/gaskets"",""estimatedPrice"":""₹20 - ₹100""}]},{""cause"":""Low water pressure to the handshower"",""severity"":""medium"",""solution"":""Check the main water supply valve to ensure it's fully open. If the issue persists, there might be a broader water pressure problem in the building, which would require further investigation by a plumber."",""probability"":0.05,""estimatedCost"":""₹0 - ₹500 (if professional assessment needed)"",""requiredParts"":[]}],""summary"":""The handshower is experiencing a minor issue, likely due to mineral buildup or a partially clogged hose. This is the first time this issue has occurred and it's isolated to one room."",""urgency"":""low"",""recommendedAction"":""Start by cleaning the handshower head. If the issue persists, check the hose for clogs and then inspect the washers/gaskets. If all else fails, consider a broader water pressure check.""}",null,completed,2026-06-16 04:56:13.214231+00,2026-06-16 04:56:12.207+00
219ad9d8-5562-4fad-8f08-3e5f86a73d4d,230eeb01-de31-420e-bcc1-9eaee856ece8,00000000-0000-0000-0000-000000000001,bd081ad6-5fe3-4c1d-a919-81b1055efa19,d76dd3bd-ccb7-4991-a01f-ce158dfe908e,"[{""answer"":""Yesterday"",""question"":""When did you first notice this issue?""},{""answer"":""Minor — can manage"",""question"":""How severe is the issue?""},{""answer"":""First time"",""question"":""Has this issue happened before?""},{""answer"":""Nothing, happened on its own"",""question"":""Did anything specific trigger this issue?""},{""answer"":""Only my room"",""question"":""Is the issue affecting other rooms or just yours?""}]","{""causes"":[{""cause"":""Worn-out spring or faulty mechanism in the hand shower button, preventing it from returning to its original position and stopping water flow."",""severity"":""medium"",""solution"":""Replace the hand shower unit."",""probability"":0.8,""estimatedCost"":""₹500 - ₹1500"",""requiredParts"":[{""name"":""New hand shower unit"",""estimatedPrice"":""₹400 - ₹1200""},{""name"":""Teflon tape"",""estimatedPrice"":""₹50""}]},{""cause"":""Accumulation of mineral deposits or debris within the hand shower's internal mechanism, obstructing the button's movement."",""severity"":""low"",""solution"":""Disassemble and clean the hand shower. If cleaning doesn't resolve the issue, replacement is recommended."",""probability"":0.15,""estimatedCost"":""₹200 - ₹800"",""requiredParts"":[{""name"":""White vinegar or descaling solution"",""estimatedPrice"":""₹100 - ₹300""}]},{""cause"":""Damage to the hand shower hose, causing pressure issues that affect the button's functionality."",""severity"":""low"",""solution"":""Inspect and replace the hand shower hose if damaged."",""probability"":0.05,""estimatedCost"":""₹300 - ₹700"",""requiredParts"":[{""name"":""New hand shower hose"",""estimatedPrice"":""₹250 - ₹600""},{""name"":""Washers (if needed)"",""estimatedPrice"":""₹20 - ₹50""}]}],""summary"":""The hand shower button is not retracting after being pressed, leading to continuous water flow. This is likely due to a worn-out internal mechanism or mineral buildup."",""urgency"":""medium"",""recommendedAction"":""The most probable solution is to replace the hand shower unit. A plumber should be called to assess the situation and perform the replacement. If a new unit is not immediately available, a temporary fix might involve manually pulling the button back, but this is not a sustainable solution.""}",null,completed,2026-06-16 05:03:32.159168+00,2026-06-16 05:03:26.065+00
50b3021f-4461-442b-9777-aaed4c19df30,ccba095f-b24b-4f5b-8598-7c8389259de9,00000000-0000-0000-0000-000000000001,bd081ad6-5fe3-4c1d-a919-81b1055efa19,abc84f5b-a950-406e-ab46-cefbe11df925,"[{""answer"":""Full room cleaning"",""question"":""What needs cleaning?""},{""answer"":""Yesterday"",""question"":""When was the last cleaning done?""},{""answer"":""One-time"",""question"":""Is this a one-time request or recurring issue?""}]","{""causes"":[{""cause"":""Inadequate cleaning of room windows during yesterday's cleaning service."",""severity"":""medium"",""solution"":""Re-clean room windows thoroughly."",""probability"":0.8,""estimatedCost"":""₹100 - ₹200""},{""cause"":""External environmental factors (e.g., dust from construction, traffic, or dry weather) causing rapid dust accumulation on windows."",""severity"":""low"",""solution"":""Regular window cleaning as part of routine maintenance."",""probability"":0.2,""estimatedCost"":""Included in regular cleaning service""}],""summary"":""The primary issue is dusty room windows, likely due to an oversight during yesterday's cleaning. While external factors can contribute to dust, the immediate concern is the current state of the windows."",""urgency"":""medium"",""recommendedAction"":""Arrange for a re-cleaning of the room windows as soon as possible. It is a one-time request, so a focused cleaning of the windows should resolve the issue. Consider reviewing cleaning protocols to ensure all areas, including windows, are adequately addressed during routine cleaning.""}",null,completed,2026-06-16 05:09:56.795292+00,2026-06-16 05:09:56.022+00
e90e87e1-dd9e-45cf-bdce-827901ba09d8,7ec25312-d183-4981-b47a-4c126bd9f97e,00000000-0000-0000-0000-000000000001,bd081ad6-5fe3-4c1d-a919-81b1055efa19,28158382-d5c1-436c-927b-3e3d9855c2af,"[{""answer"":""Entire room"",""question"":""Is the power out in the entire room or just some outlets?""},{""answer"":""Yes, it's on"",""question"":""Have you checked the MCB / circuit breaker?""},{""answer"":""Yes, others have power"",""question"":""Is there power in the common areas or other rooms?""},{""answer"":""Happened suddenly"",""question"":""Did this happen suddenly or after plugging something in?""}]","{""causes"":[{""cause"":""Loose wiring in the fan or switchboard"",""severity"":""high"",""solution"":""Inspect and tighten all wiring connections in the fan and switchboard. This may require an electrician."",""probability"":0.4,""estimatedCost"":""₹200 - ₹500 (Electrician visit if needed)""},{""cause"":""Faulty fan regulator"",""severity"":""medium"",""solution"":""Replace the fan regulator. This can often be done by a skilled handyman or electrician."",""probability"":0.3,""estimatedCost"":""₹300 - ₹800 (Regulator cost + installation)"",""requiredParts"":[{""name"":""Fan Regulator"",""estimatedPrice"":""₹150 - ₹500""}]},{""cause"":""Damaged fan motor or internal components"",""severity"":""high"",""solution"":""The fan motor or internal components may be damaged, leading to a complete power outage for the fan. This would require replacement of the fan or motor. An electrician should diagnose this."",""probability"":0.2,""estimatedCost"":""₹1000 - ₹3000 (Fan motor replacement or new fan + installation)"",""requiredParts"":[{""name"":""Ceiling Fan Motor"",""estimatedPrice"":""₹800 - ₹2000""},{""name"":""New Ceiling Fan (if motor not replaceable)"",""estimatedPrice"":""₹1500 - ₹3000""}]},{""cause"":""Tripped internal safety mechanism in the fan"",""severity"":""low"",""solution"":""Some fans have internal safety mechanisms that can trip. Try turning off the power to the fan at the MCB for a few minutes and then turning it back on. If this doesn't work, it's likely another issue."",""probability"":0.1,""estimatedCost"":""₹0""}],""summary"":""The entire room has no power, but other rooms and common areas do. The MCB is on, and the issue occurred suddenly. This points to an electrical fault specific to the room's circuit or the fan itself."",""urgency"":""high"",""recommendedAction"":""Immediately call a qualified electrician to diagnose and fix the issue. Do not attempt to repair electrical wiring or components yourself unless you are qualified, as it can be dangerous.""}",null,completed,2026-06-16 05:12:53.239863+00,2026-06-16 05:12:52.104+00
3e61087e-cb82-492e-ab9f-f1698158d6c7,8048197e-b83c-45a0-bf10-7a52115667e4,00000000-0000-0000-0000-000000000001,bd081ad6-5fe3-4c1d-a919-81b1055efa19,abc84f5b-a950-406e-ab46-cefbe11df925,"[{""answer"":""Floor / sweeping"",""question"":""What needs cleaning?""},{""answer"":""Yesterday"",""question"":""When was the last cleaning done?""},{""answer"":""One-time"",""question"":""Is this a one-time request or recurring issue?""}]","{""causes"":[{""cause"":""Inadequate cleaning of the fan during the last cleaning session."",""severity"":""medium"",""solution"":""Thoroughly clean the fan blades and housing using a damp cloth and a mild cleaning solution. Ensure all dust is removed."",""probability"":0.8,""estimatedCost"":""INR 0 - 50 (for cleaning supplies if not already available)""},{""cause"":""Accumulation of dust due to open windows or poor ventilation."",""severity"":""low"",""solution"":""Advise keeping windows closed during dusty periods or installing a mesh screen. Improve overall ventilation in the room."",""probability"":0.15,""estimatedCost"":""INR 0 - 200 (for mesh screen if needed)""},{""cause"":""Infrequent cleaning schedule for fans."",""severity"":""low"",""solution"":""Establish a regular cleaning schedule for fans, perhaps bi-weekly or monthly, depending on dust accumulation rates."",""probability"":0.05,""estimatedCost"":""INR 0""}],""summary"":""The fan blades still have dust despite a cleaning session yesterday. The primary issue is inadequate cleaning of the fan itself, possibly exacerbated by environmental factors or an infrequent cleaning schedule for fans."",""urgency"":""medium"",""recommendedAction"":""Immediately re-clean the fan thoroughly, focusing on the blades. Review cleaning procedures for fans and consider adjusting the cleaning schedule if dust-prone areas.""}",null,completed,2026-06-16 05:18:11.511241+00,2026-06-16 05:18:10.469+00
04f92f7f-3d10-4bf0-82b9-e0efc461389e,4f8b2dee-434d-4bea-8392-a77c7e9c5362,00000000-0000-0000-0000-000000000001,bd081ad6-5fe3-4c1d-a919-81b1055efa19,a5831922-eaeb-48c2-941c-fd96fae8813d,"[{""answer"":""Yes"",""question"":""Is the AC turning on when you press the power button?""},{""answer"":""Yes, but very weak"",""question"":""Is air coming out from the AC vents?""},{""answer"":""Never / Not sure"",""question"":""When was the AC filter last cleaned?""},{""answer"":""No"",""question"":""Is there any water leaking from the AC?""},{""answer"":""Yes"",""question"":""Is the remote control working properly?""}]","{""causes"":[{""cause"":""Clogged AC filter"",""severity"":""medium"",""solution"":""Clean or replace the AC filter. This can be done by the user or a technician."",""probability"":0.7,""estimatedCost"":""₹0 - ₹500"",""requiredParts"":[{""name"":""AC filter"",""estimatedPrice"":""₹300 - ₹500""}]},{""cause"":""Dirty evaporator coils"",""severity"":""medium"",""solution"":""Clean the evaporator coils. This usually requires a technician."",""probability"":0.2,""estimatedCost"":""₹800 - ₹1500""},{""cause"":""Low refrigerant levels"",""severity"":""high"",""solution"":""Check for refrigerant leaks and recharge the refrigerant. This requires a technician."",""probability"":0.1,""estimatedCost"":""₹1500 - ₹3000"",""requiredParts"":[{""name"":""Refrigerant gas"",""estimatedPrice"":""₹1000 - ₹2000""}]}],""summary"":""The AC unit is leaking water from the outdoor unit, and the airflow from the vents is weak. The AC filter has not been cleaned or the cleaning history is unknown."",""urgency"":""medium"",""recommendedAction"":""First, check and clean the AC filter. If the issue persists, a technician should inspect the AC unit for dirty evaporator coils or low refrigerant levels.""}",null,completed,2026-06-16 05:21:56.449701+00,2026-06-16 05:21:55.655+00
04bf5642-c9d9-4cc9-b2ec-f87e63ae40b6,79ca95c6-84d4-4fe7-b054-b7e9588ce30d,00000000-0000-0000-0000-000000000001,bd081ad6-5fe3-4c1d-a919-81b1055efa19,7917cc13-aaca-4558-a2c2-8be5cd8fc159,"[{""answer"":""Yes, connected but no internet"",""question"":""Is the WiFi signal showing on your device?""},{""answer"":""No, only me"",""question"":""Are other people in the same area also affected?""},{""answer"":""All lights are green"",""question"":""Is the router light on?""},{""answer"":""Yes, still not working"",""question"":""Have you tried restarting your device?""}]","{""causes"":[{""cause"":""IP conflict or incorrect network settings on your device."",""severity"":""medium"",""solution"":""Renew the IP address on your device or manually configure network settings. (e.g., forget and rejoin the network)"",""probability"":0.6,""estimatedCost"":""₹0"",""requiredParts"":[]},{""cause"":""Faulty Wi-Fi adapter on your device."",""severity"":""medium"",""solution"":""Try connecting with another device to confirm. If other devices work, the issue is with your device's Wi-Fi adapter. This might require repair or replacement of the adapter."",""probability"":0.2,""estimatedCost"":""₹500 - ₹2000 (for USB Wi-Fi adapter)"",""requiredParts"":[{""name"":""USB Wi-Fi Adapter"",""estimatedPrice"":""₹500 - ₹2000""}]},{""cause"":""Specific device-related software issue (e.g., driver issues, malware)."",""severity"":""low"",""solution"":""Update Wi-Fi drivers, run a malware scan, or perform a system restore."",""probability"":0.15,""estimatedCost"":""₹0""},{""cause"":""Router configuration issue specific to your device's MAC address."",""severity"":""low"",""solution"":""Check router settings for MAC filtering or device specific restrictions. This would require access to the router's admin panel."",""probability"":0.05,""estimatedCost"":""₹0""}],""summary"":""The user is connected to Wi-Fi but has no internet access, while others in the same area are not affected. All router lights are green, and restarting the device did not resolve the issue."",""urgency"":""medium"",""recommendedAction"":""First, try renewing the IP address on the affected device or forgetting and rejoining the Wi-Fi network. If that doesn't work, test with another device to rule out a faulty Wi-Fi adapter. If the issue persists only on the user's device, investigate device-specific software issues like drivers or malware.""}",null,completed,2026-06-16 05:28:57.606977+00,2026-06-16 05:28:56.806+00
9049fe76-bf8a-47c6-9c60-ae5b29d3ed2c,fd2604e2-76a9-40ac-b9cb-34f60454de15,00000000-0000-0000-0000-000000000001,bd081ad6-5fe3-4c1d-a919-81b1055efa19,c5f1c3c0-af88-4c54-9730-ebffed128bc9,"[{""answer"":""Yesterday"",""question"":""When did you first notice this issue?""},{""answer"":""Minor — can manage"",""question"":""How severe is the issue?""},{""answer"":""First time"",""question"":""Has this issue happened before?""},{""answer"":""Nothing, happened on its own"",""question"":""Did anything specific trigger this issue?""},{""answer"":""Only my room"",""question"":""Is the issue affecting other rooms or just yours?""}]","{""causes"":[{""cause"":""Power outlet malfunction or tripped circuit breaker."",""severity"":""low"",""solution"":""Check if the microwave is properly plugged into a working outlet. Try plugging another appliance into the same outlet to confirm it's receiving power. If not, check the circuit breaker for your room and reset it if tripped."",""probability"":0.4,""estimatedCost"":""₹0 - ₹100"",""requiredParts"":[]},{""cause"":""Microwave door latch not closing properly."",""severity"":""low"",""solution"":""Ensure the microwave door is completely closed and latched. Sometimes, a slightly ajar door can prevent the microwave from starting."",""probability"":0.3,""estimatedCost"":""₹0"",""requiredParts"":[]},{""cause"":""Internal fuse blown."",""severity"":""medium"",""solution"":""A blown internal fuse can prevent the microwave from turning on. This usually requires a technician to replace the fuse. Do not attempt to replace it yourself unless you have experience with appliance repair."",""probability"":0.2,""estimatedCost"":""₹300 - ₹800"",""requiredParts"":[{""name"":""Microwave fuse"",""estimatedPrice"":""₹50 - ₹200""}]},{""cause"":""Faulty magnetron or other internal component failure."",""severity"":""high"",""solution"":""If the magnetron or other major internal components have failed, the microwave will likely need professional repair or replacement. This is a more serious issue."",""probability"":0.1,""estimatedCost"":""₹1500 - ₹4000+"",""requiredParts"":[{""name"":""Magnetron (if faulty)"",""estimatedPrice"":""₹1000 - ₹2500""},{""name"":""Other internal components"",""estimatedPrice"":""Varies""}]}],""summary"":""The microwave in your room is not working. This is the first time this issue has occurred, and it started yesterday without any specific trigger. The issue is minor and only affects your room."",""urgency"":""medium"",""recommendedAction"":""First, check the power outlet and circuit breaker. If that doesn't resolve the issue, ensure the microwave door is fully closed. If the problem persists, it's recommended to have a technician inspect the microwave for internal issues like a blown fuse or component failure.""}",null,completed,2026-06-16 05:31:34.410381+00,2026-06-16 05:31:33.396+00
1b2e8291-e0eb-48a9-984b-0eaa9011608c,3d9e2a93-f4a4-4d7c-b921-19347f1c1403,00000000-0000-0000-0000-000000000001,bd081ad6-5fe3-4c1d-a919-81b1055efa19,e2aa2aaa-8af6-4807-9a4e-7665c5421eed,"[{""answer"":""Today"",""question"":""When did you first notice this issue?""},{""answer"":""Minor — can manage"",""question"":""How severe is the issue?""},{""answer"":""First time"",""question"":""Has this issue happened before?""},{""answer"":""Nothing, happened on its own"",""question"":""Did anything specific trigger this issue?""},{""answer"":""Only my room"",""question"":""Is the issue affecting other rooms or just yours?""}]","{""causes"":[{""cause"":""Normal wear and tear, leading to accumulation of dirt and grime that is difficult to clean."",""severity"":""low"",""solution"":""Replace the dirty bucket and mug with new ones."",""probability"":0.8,""estimatedCost"":""₹150 - ₹300"",""requiredParts"":[{""name"":""Plastic bucket"",""estimatedPrice"":""₹100 - ₹200""},{""name"":""Plastic mug"",""estimatedPrice"":""₹50 - ₹100""}]},{""cause"":""Improper cleaning or maintenance of the bucket and mug over time."",""severity"":""low"",""solution"":""While replacement is the immediate solution, implementing a regular cleaning schedule for all common area items can prevent future occurrences."",""probability"":0.2,""estimatedCost"":""₹0"",""requiredParts"":[]}],""summary"":""The bucket and mug in the room are dirty and cannot be cleaned effectively, leading to dirt coming off them. This is a minor issue affecting only one room and was noticed today for the first time."",""urgency"":""low"",""recommendedAction"":""Replace the dirty bucket and mug with new ones. Consider reviewing cleaning protocols for common area items to prevent recurrence.""}",null,completed,2026-06-16 09:34:17.835776+00,2026-06-16 09:34:16.956+00
b25903c8-3b84-42e3-95eb-2b00f0b6c2db,2e989071-829e-4249-8612-aa3fcf326aa7,00000000-0000-0000-0000-000000000001,bd081ad6-5fe3-4c1d-a919-81b1055efa19,47389994-b201-4bb1-bf91-8bce4dbde510,"[{""answer"":""Yesterday"",""question"":""When did you first notice this issue?""},{""answer"":""Minor — can manage"",""question"":""How severe is the issue?""},{""answer"":""First time"",""question"":""Has this issue happened before?""},{""answer"":""Nothing, happened on its own"",""question"":""Did anything specific trigger this issue?""},{""answer"":""Only my room"",""question"":""Is the issue affecting other rooms or just yours?""}]","{""causes"":[{""cause"":""Glass pane fell out due to weak sealant or improper installation."",""severity"":""medium"",""solution"":""Replace the missing glass pane and secure it with appropriate sealant."",""probability"":0.7,""estimatedCost"":""₹300 - ₹700"",""requiredParts"":[{""name"":""Glass pane (12x18 inches, 4mm thick)"",""estimatedPrice"":""₹150 - ₹300""},{""name"":""Silicone sealant"",""estimatedPrice"":""₹100 - ₹200""},{""name"":""Putty/Glazing compound"",""estimatedPrice"":""₹50 - ₹100""}]},{""cause"":""Accidental breakage due to external impact (e.g., strong wind, object hitting the window)."",""severity"":""medium"",""solution"":""Replace the missing glass pane and secure it with appropriate sealant. Inspect the surrounding frame for any damage."",""probability"":0.2,""estimatedCost"":""₹300 - ₹700"",""requiredParts"":[{""name"":""Glass pane (12x18 inches, 4mm thick)"",""estimatedPrice"":""₹150 - ₹300""},{""name"":""Silicone sealant"",""estimatedPrice"":""₹100 - ₹200""},{""name"":""Putty/Glazing compound"",""estimatedPrice"":""₹50 - ₹100""}]},{""cause"":""Wear and tear of the window frame leading to the glass pane becoming loose and falling out."",""severity"":""low"",""solution"":""Replace the missing glass pane and secure it with appropriate sealant. If the frame is significantly damaged, consider minor repairs to the frame."",""probability"":0.1,""estimatedCost"":""₹400 - ₹900"",""requiredParts"":[{""name"":""Glass pane (12x18 inches, 4mm thick)"",""estimatedPrice"":""₹150 - ₹300""},{""name"":""Silicone sealant"",""estimatedPrice"":""₹100 - ₹200""},{""name"":""Putty/Glazing compound"",""estimatedPrice"":""₹50 - ₹100""},{""name"":""Wood filler/repair kit (if frame is wooden)"",""estimatedPrice"":""₹100 - ₹200""}]}],""summary"":""A glass pane is missing from the bathroom window. This is a minor issue that was noticed yesterday and has not happened before. It is affecting only one room."",""urgency"":""low"",""recommendedAction"":""Replace the missing glass pane as soon as possible to prevent insects, dust, and water from entering the room. This will also improve security and insulation.""}",null,completed,2026-06-18 04:52:59.630053+00,2026-06-18 04:52:59.138+00
a717cfbd-82f6-4b21-84d2-255df886b77b,f066b048-d1c1-461f-9f98-1db50a26d591,00000000-0000-0000-0000-000000000001,bd081ad6-5fe3-4c1d-a919-81b1055efa19,d76dd3bd-ccb7-4991-a01f-ce158dfe908e,"[{""answer"":""A few days ago"",""question"":""When did you first notice this issue?""},{""answer"":""Minor — can manage"",""question"":""How severe is the issue?""},{""answer"":""First time"",""question"":""Has this issue happened before?""},{""answer"":""Nothing, happened on its own"",""question"":""Did anything specific trigger this issue?""},{""answer"":""Only my room"",""question"":""Is the issue affecting other rooms or just yours?""}]","{""causes"":[{""cause"":""Clogged kitchen sink drain due to food debris and grease buildup, leading to water overflow and leakage. The bad smell indicates stagnant water and bacterial growth."",""severity"":""medium"",""solution"":""Clear the clog using a drain snake or a chemical drain cleaner. Ensure proper disposal of food waste in the future."",""probability"":0.7,""estimatedCost"":""INR 300 - 800"",""requiredParts"":[{""name"":""Drain snake (if not available)"",""estimatedPrice"":""INR 200 - 500""},{""name"":""Chemical drain cleaner (if preferred)"",""estimatedPrice"":""INR 100 - 300""}]},{""cause"":""Loose or damaged P-trap connection under the kitchen sink, causing water to leak. The smell is from the leaked water accumulating and stagnating."",""severity"":""medium"",""solution"":""Tighten the P-trap connections. If the P-trap is damaged, it needs to be replaced."",""probability"":0.2,""estimatedCost"":""INR 200 - 700"",""requiredParts"":[{""name"":""P-trap replacement (if damaged)"",""estimatedPrice"":""INR 150 - 400""}]},{""cause"":""Cracked or corroded drain pipe under the kitchen sink, allowing water to escape. The smell is due to the leaked water and potential mold growth."",""severity"":""high"",""solution"":""Replace the damaged section of the drain pipe."",""probability"":0.1,""estimatedCost"":""INR 500 - 1500"",""requiredParts"":[{""name"":""PVC drain pipe section"",""estimatedPrice"":""INR 200 - 500""},{""name"":""PVC primer and cement"",""estimatedPrice"":""INR 100 - 200""}]}],""summary"":""The kitchen is experiencing water leakage and a foul smell, likely due to a plumbing issue. Although currently minor, it needs to be addressed to prevent further damage and hygiene concerns."",""urgency"":""medium"",""recommendedAction"":""Investigate the kitchen sink drain and P-trap for clogs or loose connections. If these are not the cause, inspect the drain pipe for cracks or corrosion. Address the issue promptly to prevent escalation and maintain hygiene.""}",null,completed,2026-06-18 04:55:30.528897+00,2026-06-18 04:55:30.103+00
63dead29-520e-4eaa-82ab-785dc9c2ab9f,6fe04578-66d9-4f36-a50d-df7ac49d7c3e,00000000-0000-0000-0000-000000000001,bd081ad6-5fe3-4c1d-a919-81b1055efa19,a5831922-eaeb-48c2-941c-fd96fae8813d,"[{""answer"":""Yes"",""question"":""Is the AC turning on when you press the power button?""},{""answer"":""Yes, but very weak"",""question"":""Is air coming out from the AC vents?""},{""answer"":""Never / Not sure"",""question"":""When was the AC filter last cleaned?""},{""answer"":""No"",""question"":""Is there any water leaking from the AC?""},{""answer"":""Yes"",""question"":""Is the remote control working properly?""}]","{""causes"":[{""cause"":""Clogged AC filter"",""severity"":""medium"",""solution"":""Clean or replace the AC filter. This will improve airflow and cooling efficiency."",""probability"":0.7,""estimatedCost"":""₹200 - ₹500 (for cleaning) / ₹500 - ₹1500 (for replacement)"",""requiredParts"":[{""name"":""AC filter"",""estimatedPrice"":""₹500 - ₹1500""}]},{""cause"":""Dirty evaporator coils"",""severity"":""medium"",""solution"":""Clean the evaporator coils. Dirt and grime on the coils can restrict airflow and reduce cooling capacity."",""probability"":0.2,""estimatedCost"":""₹800 - ₹1500"",""requiredParts"":[]},{""cause"":""Low refrigerant levels"",""severity"":""high"",""solution"":""Check for refrigerant leaks and recharge the AC system. Low refrigerant can lead to poor cooling and potential damage to the compressor."",""probability"":0.1,""estimatedCost"":""₹1500 - ₹3000 (for leak detection and recharge)"",""requiredParts"":[{""name"":""Refrigerant"",""estimatedPrice"":""₹1000 - ₹2000""}]}],""summary"":""The AC is turning on and air is coming out, but it's very weak. The filter has never been cleaned or the cleaning date is unknown. This suggests a problem with airflow restriction."",""urgency"":""medium"",""recommendedAction"":""Start by cleaning or replacing the AC filter. If the issue persists, further inspection of the evaporator coils and refrigerant levels will be necessary.""}",null,completed,2026-06-18 07:25:50.187408+00,2026-06-18 07:25:49.581+00
b62aaf5e-9620-451b-80bc-de4bfe9f281f,25627ef2-0336-47f6-8a33-cf89a60ab7c7,00000000-0000-0000-0000-000000000001,bd081ad6-5fe3-4c1d-a919-81b1055efa19,01208ba1-4225-4a61-be39-3afe03dad690,"[{""answer"":""Yesterday"",""question"":""When did you first notice this issue?""},{""answer"":""Minor — can manage"",""question"":""How severe is the issue?""},{""answer"":""First time"",""question"":""Has this issue happened before?""},{""answer"":""Nothing, happened on its own"",""question"":""Did anything specific trigger this issue?""},{""answer"":""Only my room"",""question"":""Is the issue affecting other rooms or just yours?""}]","{""causes"":[{""cause"":""Clogged sediment filter or carbon filter"",""severity"":""medium"",""solution"":""Replace the clogged filter(s)."",""probability"":0.4,""estimatedCost"":""₹300 - ₹800"",""requiredParts"":[{""name"":""Sediment filter"",""estimatedPrice"":""₹300 - ₹500""},{""name"":""Carbon filter"",""estimatedPrice"":""₹400 - ₹800""}]},{""cause"":""Clogged RO membrane"",""severity"":""high"",""solution"":""Replace the RO membrane."",""probability"":0.3,""estimatedCost"":""₹1500 - ₹3000"",""requiredParts"":[{""name"":""RO membrane"",""estimatedPrice"":""₹1500 - ₹3000""}]},{""cause"":""Low water pressure"",""severity"":""low"",""solution"":""Check the water supply pressure. If it's consistently low, a booster pump might be needed."",""probability"":0.15,""estimatedCost"":""₹0 (if pressure issue resolved by external means) - ₹2500 (for booster pump)"",""requiredParts"":[{""name"":""Booster pump (if needed)"",""estimatedPrice"":""₹2000 - ₹2500""}]},{""cause"":""Faulty shut-off valve or flow restrictor"",""severity"":""medium"",""solution"":""Inspect and replace the faulty valve or flow restrictor."",""probability"":0.1,""estimatedCost"":""₹200 - ₹700"",""requiredParts"":[{""name"":""Shut-off valve"",""estimatedPrice"":""₹200 - ₹400""},{""name"":""Flow restrictor"",""estimatedPrice"":""₹300 - ₹700""}]},{""cause"":""Airlock in the system"",""severity"":""low"",""solution"":""Bleed the air from the system by opening a faucet connected to the RO unit until water flows steadily."",""probability"":0.05,""estimatedCost"":""₹0""}],""summary"":""The RO water purifier in your room is not filtering water, which you noticed yesterday. This is the first time this issue has occurred, and it's only affecting your room. The severity is minor, and no specific trigger was identified."",""urgency"":""medium"",""recommendedAction"":""Start by checking and replacing the sediment and carbon filters. If the issue persists, then investigate the RO membrane and water pressure. If you are unsure, it's best to call a technician to diagnose and fix the problem to avoid further damage to the unit.""}",null,completed,2026-06-18 07:28:58.851121+00,2026-06-18 07:28:58.427+00
940b9806-b5d7-4083-9d92-2e48013be046,51d838ab-d34d-458d-8ba4-a58d1c010c5f,00000000-0000-0000-0000-000000000001,bd081ad6-5fe3-4c1d-a919-81b1055efa19,01208ba1-4225-4a61-be39-3afe03dad690,"[{""answer"":""Today"",""question"":""When did you first notice this issue?""},{""answer"":""Minor — can manage"",""question"":""How severe is the issue?""},{""answer"":""First time"",""question"":""Has this issue happened before?""},{""answer"":""Nothing, happened on its own"",""question"":""Did anything specific trigger this issue?""},{""answer"":""Only my room"",""question"":""Is the issue affecting other rooms or just yours?""}]","{""causes"":[{""cause"":""Loose connection in the water filter or its components."",""severity"":""medium"",""solution"":""Inspect all connections, including inlet and outlet pipes, filter housing, and any fittings. Tighten any loose connections securely. If a connection appears stripped or damaged, it may need to be replaced."",""probability"":0.6,""estimatedCost"":""₹0 - ₹100"",""requiredParts"":[{""name"":""Teflon tape (if re-sealing connections)"",""estimatedPrice"":""₹30 - ₹50""}]},{""cause"":""Damaged O-rings or gaskets in the filter housing or connections."",""severity"":""medium"",""solution"":""Turn off the water supply to the RO system. Carefully open the filter housing and inspect the O-rings or gaskets for cracks, tears, or displacement. Replace any damaged O-rings/gaskets with new ones of the correct size. Apply a thin layer of food-grade silicone grease to new O-rings before installation to ensure a good seal."",""probability"":0.25,""estimatedCost"":""₹100 - ₹300"",""requiredParts"":[{""name"":""Replacement O-rings/gaskets (specific to RO model)"",""estimatedPrice"":""₹50 - ₹250""},{""name"":""Food-grade silicone grease"",""estimatedPrice"":""₹50 - ₹100""}]},{""cause"":""Cracked filter housing or damaged RO membrane housing."",""severity"":""high"",""solution"":""Turn off the water supply. Visually inspect the filter housings and RO membrane housing for any visible cracks or damage. If a crack is found, the affected housing will need to be replaced. This may require professional assistance if you are not comfortable with plumbing."",""probability"":0.1,""estimatedCost"":""₹500 - ₹2000"",""requiredParts"":[{""name"":""Replacement filter housing or RO membrane housing (specific to RO model)"",""estimatedPrice"":""₹400 - ₹1800""}]},{""cause"":""Clogged or faulty RO membrane/filters causing back pressure and leaks."",""severity"":""high"",""solution"":""If the filter is not working and leaking, it's possible that the filters or RO membrane are clogged, leading to excessive pressure and leaks. Replace the pre-filters, carbon filters, and if necessary, the RO membrane. This often resolves both the 'not working' and 'leaking' issues."",""probability"":0.05,""estimatedCost"":""₹800 - ₹3000"",""requiredParts"":[{""name"":""Full set of replacement filters (sediment, carbon, RO membrane)"",""estimatedPrice"":""₹700 - ₹2800""}]}],""summary"":""The RO water filter is leaking and not functioning properly. The issue was noticed today, is minor, and is a first-time occurrence affecting only one room. The most probable cause is a loose connection, followed by damaged O-rings or gaskets."",""urgency"":""medium"",""recommendedAction"":""First, check and tighten all connections on the RO water filter. If the leak persists, inspect and replace any damaged O-rings or gaskets. If these steps do not resolve the issue, a professional inspection for cracked housings or clogged filters/membrane may be necessary.""}",null,completed,2026-06-18 07:30:48.695971+00,2026-06-18 07:30:47.528+00
c2f2f543-9511-4e63-ac69-3880e85a1b6a,7934badb-1059-4191-a4f4-a54e31d99bba,00000000-0000-0000-0000-000000000001,bd081ad6-5fe3-4c1d-a919-81b1055efa19,01208ba1-4225-4a61-be39-3afe03dad690,"[{""answer"":""Today"",""question"":""When did you first notice this issue?""},{""answer"":""Minor — can manage"",""question"":""How severe is the issue?""},{""answer"":""First time"",""question"":""Has this issue happened before?""},{""answer"":""Nothing, happened on its own"",""question"":""Did anything specific trigger this issue?""},{""answer"":""Only my room"",""question"":""Is the issue affecting other rooms or just yours?""}]","{""causes"":[{""cause"":""Loose connection in the RO water filter's plumbing."",""severity"":""medium"",""solution"":""Tighten all visible connections around the RO filter. If the leak persists, disconnect and reconnect the pipes, ensuring a snug fit."",""probability"":0.6,""estimatedCost"":""₹0 - ₹50 (for basic tools if not available)""},{""cause"":""Cracked or damaged RO filter housing."",""severity"":""medium"",""solution"":""Inspect the filter housing for any visible cracks. If found, the housing will need to be replaced."",""probability"":0.25,""estimatedCost"":""₹300 - ₹800"",""requiredParts"":[{""name"":""RO filter housing"",""estimatedPrice"":""₹300 - ₹800""}]},{""cause"":""Worn out O-rings or gaskets in the RO filter system."",""severity"":""low"",""solution"":""Replace the O-rings or gaskets. These are usually found at the connections or inside the filter housing."",""probability"":0.1,""estimatedCost"":""₹50 - ₹200"",""requiredParts"":[{""name"":""RO filter O-ring/gasket set"",""estimatedPrice"":""₹50 - ₹200""}]},{""cause"":""Faulty water pressure regulator causing excessive pressure."",""severity"":""high"",""solution"":""Check the water pressure. If it's too high, a pressure regulator might be needed or the existing one might be faulty and require replacement."",""probability"":0.05,""estimatedCost"":""₹800 - ₹2000 (for regulator and installation)"",""requiredParts"":[{""name"":""Water pressure regulator"",""estimatedPrice"":""₹600 - ₹1500""}]}],""summary"":""The RO water filter in your room is leaking. This is a minor issue that started today and is affecting only your room. It's likely due to a loose connection, a cracked housing, or worn-out seals."",""urgency"":""medium"",""recommendedAction"":""First, try tightening all connections around the RO filter. If the leak continues, inspect the filter housing for cracks and consider replacing O-rings/gaskets. If the problem persists, it might be a pressure issue requiring a professional to assess and fix.""}",null,completed,2026-06-18 07:32:50.689829+00,2026-06-18 07:32:50.036+00
8c8cd98b-e12e-400f-9abc-c75bd17b72f3,b04c6dc7-ef50-48b8-937b-f6b9039c131a,00000000-0000-0000-0000-000000000001,bd081ad6-5fe3-4c1d-a919-81b1055efa19,47389994-b201-4bb1-bf91-8bce4dbde510,"[{""answer"":""Today"",""question"":""When did you first notice this issue?""},{""answer"":""Minor — can manage"",""question"":""How severe is the issue?""},{""answer"":""First time"",""question"":""Has this issue happened before?""},{""answer"":""Nothing, happened on its own"",""question"":""Did anything specific trigger this issue?""},{""answer"":""Only my room"",""question"":""Is the issue affecting other rooms or just yours?""}]","{""causes"":[{""cause"":""The screw holding the cloth hanger in D41C has become loose over time due to repeated use or minor vibrations, leading to instability."",""severity"":""medium"",""solution"":""Tighten the existing screw with a screwdriver. If the screw hole is stripped, a wall plug (rawal plug) might be needed to provide a secure grip for the screw."",""probability"":0.8,""estimatedCost"":""₹ 0 - ₹ 10"",""requiredParts"":[{""name"":""Screwdriver"",""estimatedPrice"":""₹ 0 (if available with maintenance)""},{""name"":""Wall plug (if needed)"",""estimatedPrice"":""₹ 5 - ₹ 10""}]},{""cause"":""The screw itself might be damaged (e.g., stripped threads) or the wall plug (if present) might be worn out, preventing a tight fit."",""severity"":""medium"",""solution"":""Replace the screw with a new one of the same size or slightly larger. If a wall plug is present and damaged, replace it as well. If no wall plug is present and the hole is too wide, install a new wall plug."",""probability"":0.15,""estimatedCost"":""₹ 10 - ₹ 20"",""requiredParts"":[{""name"":""New screw"",""estimatedPrice"":""₹ 5 - ₹ 10""},{""name"":""Wall plug (if needed)"",""estimatedPrice"":""₹ 5 - ₹ 10""}]},{""cause"":""The material of the wall where the hanger is mounted might be weak or damaged, causing the screw to lose its grip."",""severity"":""high"",""solution"":""This might require patching the wall with plaster or cement before re-inserting the screw with a new wall plug, or relocating the hanger to a more secure spot on the wall."",""probability"":0.05,""estimatedCost"":""₹ 50 - ₹ 150"",""requiredParts"":[{""name"":""Wall plaster/cement (if needed)"",""estimatedPrice"":""₹ 30 - ₹ 50""},{""name"":""New screw"",""estimatedPrice"":""₹ 5 - ₹ 10""},{""name"":""Wall plug"",""estimatedPrice"":""₹ 5 - ₹ 10""}]}],""summary"":""The cloth hanger screw in D41C is loose and unstable, making it unusable. This is a minor issue, noticed today for the first time, and is isolated to this room."",""urgency"":""medium"",""recommendedAction"":""A maintenance person should inspect the cloth hanger in D41C, attempt to tighten the screw, and replace it or add a wall plug if necessary. If the wall is damaged, it should be repaired.""}",null,completed,2026-06-18 07:34:53.627431+00,2026-06-18 07:34:52.97+00
d32d7bbe-0b48-42ea-bfb6-afa59a865071,a7e318bc-fde2-4691-a766-fbdf9b064f4d,00000000-0000-0000-0000-000000000001,bd081ad6-5fe3-4c1d-a919-81b1055efa19,a5831922-eaeb-48c2-941c-fd96fae8813d,"[{""answer"":""Yes"",""question"":""Is the AC turning on when you press the power button?""},{""answer"":""No air at all"",""question"":""Is air coming out from the AC vents?""},{""answer"":""Never / Not sure"",""question"":""When was the AC filter last cleaned?""},{""answer"":""No"",""question"":""Is there any water leaking from the AC?""},{""answer"":""Yes"",""question"":""Is the remote control working properly?""}]","{""causes"":[{""cause"":""Clogged AC filter"",""severity"":""medium"",""solution"":""Clean or replace the AC filter. This can be done by opening the front panel of the AC unit, removing the filter, and washing it with water and mild soap. If the filter is too old or damaged, it should be replaced."",""probability"":0.7,""estimatedCost"":""₹200 - ₹500"",""requiredParts"":[{""name"":""AC filter"",""estimatedPrice"":""₹200 - ₹500""}]},{""cause"":""Blower motor issue"",""severity"":""high"",""solution"":""The blower motor might be faulty or seized. This requires a technician to inspect and potentially replace the blower motor. This is a more complex repair."",""probability"":0.2,""estimatedCost"":""₹1500 - ₹4000"",""requiredParts"":[{""name"":""Blower motor"",""estimatedPrice"":""₹1000 - ₹3000""}]},{""cause"":""Capacitor issue"",""severity"":""medium"",""solution"":""A faulty capacitor can prevent the blower motor from starting. A technician can test and replace the capacitor."",""probability"":0.1,""estimatedCost"":""₹500 - ₹1500"",""requiredParts"":[{""name"":""AC capacitor"",""estimatedPrice"":""₹300 - ₹1000""}]}],""summary"":""The AC unit in room D-41C is turning on but no air is coming out from the vents. The AC filter has not been cleaned or the cleaning history is unknown. There is no water leakage reported."",""urgency"":""high"",""recommendedAction"":""Given that the AC is turning on but no air is coming out, the most probable cause is a clogged AC filter. It is recommended to first clean or replace the AC filter. If the issue persists, a technician should be called to inspect the blower motor and capacitor.""}",null,completed,2026-06-18 07:38:47.781564+00,2026-06-18 07:38:47.344+00
17eebe2d-e6aa-4c19-b5cb-a2e3cdbfa69c,697a386b-0c0f-44c4-8653-96a72084bcec,00000000-0000-0000-0000-000000000001,bd081ad6-5fe3-4c1d-a919-81b1055efa19,a25aca1b-211b-41d3-ab08-78bd2b9541e8,"[{""answer"":""Today"",""question"":""When did you first notice this issue?""},{""answer"":""Minor — can manage"",""question"":""How severe is the issue?""},{""answer"":""First time"",""question"":""Has this issue happened before?""},{""answer"":""Nothing, happened on its own"",""question"":""Did anything specific trigger this issue?""},{""answer"":""Only my room"",""question"":""Is the issue affecting other rooms or just yours?""}]","{""causes"":[{""cause"":""Low water pressure in the building or specific line."",""severity"":""medium"",""solution"":""Check the main water supply valve for the building and ensure it is fully open. If the issue persists, a plumber may need to inspect the building's water pressure system."",""probability"":0.4,""estimatedCost"":""₹0 - ₹500 (for plumber inspection if needed)""},{""cause"":""Clogged aerator or tap filter."",""severity"":""low"",""solution"":""Unscrew the aerator/filter from the tap spout, clean any accumulated debris or mineral deposits, and reattach it. This can often be done by the resident."",""probability"":0.3,""estimatedCost"":""₹0""},{""cause"":""Partial blockage in the tap's internal mechanism or supply line."",""severity"":""medium"",""solution"":""The tap may need to be disassembled and inspected for blockages. This might require a plumber. If the supply line is blocked, it may need flushing or replacement."",""probability"":0.2,""estimatedCost"":""₹200 - ₹800 (for plumber service, potentially more if parts need replacement)"",""requiredParts"":[{""name"":""Tap washer/gasket (if worn)"",""estimatedPrice"":""₹10 - ₹50""}]},{""cause"":""Faulty tap cartridge or valve."",""severity"":""high"",""solution"":""The internal cartridge or valve of the tap may be faulty and require replacement. This will need a plumber."",""probability"":0.1,""estimatedCost"":""₹300 - ₹1500 (for plumber service and cartridge/valve replacement)"",""requiredParts"":[{""name"":""Tap cartridge/valve"",""estimatedPrice"":""₹150 - ₹700 (depending on tap model)""}]}],""summary"":""The water flow from the taps in room 13 B 13 is a trickle, indicating a problem with water pressure or a blockage within the tap or supply line. Since it's a new issue and only affects one room, it's likely a localized problem."",""urgency"":""medium"",""recommendedAction"":""First, check the aerator/filter on the affected taps and clean them. If the issue persists, the building's maintenance or a plumber should be called to investigate the water pressure and internal tap mechanisms.""}",null,completed,2026-06-18 08:29:35.376624+00,2026-06-18 08:29:34.842+00
4edf7234-b0c6-49ab-9103-842ef147fa4e,64ee36db-ed0b-4fe8-bbfe-d5aa6e77423f,00000000-0000-0000-0000-000000000001,bd081ad6-5fe3-4c1d-a919-81b1055efa19,a5831922-eaeb-48c2-941c-fd96fae8813d,"[{""answer"":""Yes"",""question"":""Is the AC turning on when you press the power button?""},{""answer"":""No air at all"",""question"":""Is air coming out from the AC vents?""},{""answer"":""Never / Not sure"",""question"":""When was the AC filter last cleaned?""},{""answer"":""No"",""question"":""Is there any water leaking from the AC?""},{""answer"":""Yes"",""question"":""Is the remote control working properly?""}]","{""causes"":[{""cause"":""Blower motor failure"",""severity"":""high"",""solution"":""Replace the blower motor."",""probability"":0.6,""estimatedCost"":""₹3,000 - ₹7,000"",""requiredParts"":[{""name"":""Blower Motor"",""estimatedPrice"":""₹2,500 - ₹6,000""}]},{""cause"":""Clogged AC filter"",""severity"":""medium"",""solution"":""Clean or replace the AC filter."",""probability"":0.3,""estimatedCost"":""₹200 - ₹800"",""requiredParts"":[{""name"":""AC Filter"",""estimatedPrice"":""₹150 - ₹500""}]},{""cause"":""Faulty thermostat/control board"",""severity"":""medium"",""solution"":""Inspect and replace the thermostat or control board if faulty."",""probability"":0.1,""estimatedCost"":""₹1,000 - ₹4,000"",""requiredParts"":[{""name"":""Thermostat/Control Board"",""estimatedPrice"":""₹800 - ₹3,500""}]}],""summary"":""The AC is turning on but no air is coming out of the vents. This indicates a problem with the air circulation system, most likely the blower motor or a severely clogged filter."",""urgency"":""high"",""recommendedAction"":""Immediately arrange for an AC technician to inspect the unit. Prioritize checking the blower motor and the AC filter.""}",null,completed,2026-06-18 08:31:02.6822+00,2026-06-18 08:31:01.748+00
7d7ef281-032d-490e-972b-f917e1e10a69,8c965ce1-1fdc-4f92-b919-e5bad7017ebf,00000000-0000-0000-0000-000000000001,bd081ad6-5fe3-4c1d-a919-81b1055efa19,a5831922-eaeb-48c2-941c-fd96fae8813d,"[{""answer"":""Yes"",""question"":""Is the AC turning on when you press the power button?""},{""answer"":""No air at all"",""question"":""Is air coming out from the AC vents?""},{""answer"":""Never / Not sure"",""question"":""When was the AC filter last cleaned?""},{""answer"":""Yes"",""question"":""Is there any water leaking from the AC?""},{""answer"":""Yes"",""question"":""Is the remote control working properly?""}]","{""causes"":[{""cause"":""Clogged AC filter leading to evaporator coil freezing and reduced airflow."",""severity"":""high"",""solution"":""Clean or replace the AC filter. Allow the AC to thaw completely before restarting."",""probability"":0.7,""estimatedCost"":""₹200 - ₹500 (for cleaning/basic filter replacement)"",""requiredParts"":[{""name"":""AC filter"",""estimatedPrice"":""₹200 - ₹500""}]},{""cause"":""Blocked condensate drain line causing water leakage and potential airflow issues."",""severity"":""medium"",""solution"":""Clear the condensate drain line. This may involve flushing with water or using a wet/dry vacuum."",""probability"":0.2,""estimatedCost"":""₹300 - ₹700 (for cleaning)"",""requiredParts"":[]},{""cause"":""Faulty blower motor or capacitor, resulting in no air circulation."",""severity"":""high"",""solution"":""Inspect and replace the blower motor or capacitor if found faulty. This requires a qualified technician."",""probability"":0.1,""estimatedCost"":""₹2000 - ₹5000 (for parts and labor)"",""requiredParts"":[{""name"":""Blower motor"",""estimatedPrice"":""₹1500 - ₹3500""},{""name"":""Capacitor"",""estimatedPrice"":""₹500 - ₹1500""}]}],""summary"":""The AC is turning on but not blowing any air, and there's water leakage. The most probable cause is a clogged AC filter leading to freezing of the evaporator coil. Other possibilities include a blocked condensate drain line or a faulty blower motor."",""urgency"":""high"",""recommendedAction"":""Immediately turn off the AC to prevent further damage. First, check and clean/replace the AC filter. If the issue persists after thawing, inspect the condensate drain line. If still unresolved, a technician should be called to diagnose potential blower motor issues.""}",null,completed,2026-06-18 08:33:53.020655+00,2026-06-18 08:33:52.415+00
59cf1f9e-2dad-4ee4-8fd0-446ba1934e9f,f578ef87-8153-4c0a-98bd-4feed4ac6d3c,00000000-0000-0000-0000-000000000001,bd081ad6-5fe3-4c1d-a919-81b1055efa19,47389994-b201-4bb1-bf91-8bce4dbde510,"[{""answer"":""More than a week"",""question"":""When did you first notice this issue?""},{""answer"":""Minor — can manage"",""question"":""How severe is the issue?""},{""answer"":""First time"",""question"":""Has this issue happened before?""},{""answer"":""Nothing, happened on its own"",""question"":""Did anything specific trigger this issue?""},{""answer"":""Only my room"",""question"":""Is the issue affecting other rooms or just yours?""}]","{""causes"":[{""cause"":""Keys are misplaced or lost."",""severity"":""low"",""solution"":""Check common areas, ask roommates, or retrace steps to find the keys. If not found, a new set will need to be issued."",""probability"":0.8,""estimatedCost"":""₹0 - ₹200 (for a new key if lost)"",""requiredParts"":[{""name"":""New key blank"",""estimatedPrice"":""₹20 - ₹50""}]},{""cause"":""Keys were never issued or provided during check-in."",""severity"":""low"",""solution"":""Contact the hostel management to request the main door keys. They should be able to provide a set immediately."",""probability"":0.15,""estimatedCost"":""₹0""},{""cause"":""Incorrect keys were provided."",""severity"":""low"",""solution"":""Verify the key with the hostel management and request the correct set. This might involve exchanging the incorrect key for the right one."",""probability"":0.05,""estimatedCost"":""₹0""}],""summary"":""The resident is requesting main door keys, indicating they either do not have them, have misplaced them, or were given incorrect ones. The issue has been ongoing for over a week but is considered minor."",""urgency"":""low"",""recommendedAction"":""The resident should first thoroughly search for the keys. If unsuccessful, they should contact hostel management immediately to obtain a new set or the correct keys. Hostel management should verify key issuance records.""}",null,completed,2026-06-18 08:37:24.567934+00,2026-06-18 08:37:23.895+00
31c9fd66-17b9-4e52-959a-f5eadfe6df0f,327e384f-e936-47d9-9cfb-ca1b41bc8f1c,00000000-0000-0000-0000-000000000001,bd081ad6-5fe3-4c1d-a919-81b1055efa19,a25aca1b-211b-41d3-ab08-78bd2b9541e8,"[{""answer"":""Today"",""question"":""When did you first notice this issue?""},{""answer"":""Minor — can manage"",""question"":""How severe is the issue?""},{""answer"":""First time"",""question"":""Has this issue happened before?""},{""answer"":""Nothing, happened on its own"",""question"":""Did anything specific trigger this issue?""},{""answer"":""Only my room"",""question"":""Is the issue affecting other rooms or just yours?""}]","{""causes"":[{""cause"":""Clogged drain due to hair, soap scum, or foreign objects."",""severity"":""medium"",""solution"":""Clear the drain using a plunger, drain snake, or chemical drain cleaner. For severe clogs, the P-trap might need to be removed and cleaned."",""probability"":0.6,""estimatedCost"":""INR 100-500 (for plunger/chemical cleaner) or INR 500-1500 (for plumber if P-trap needs removal)"",""requiredParts"":[{""name"":""Plunger"",""estimatedPrice"":""INR 100-300""},{""name"":""Drain cleaner (chemical)"",""estimatedPrice"":""INR 200-500""}]},{""cause"":""Partially closed or faulty shut-off valve for the water tap."",""severity"":""low"",""solution"":""Check the shut-off valve located near the toilet or under the sink and ensure it is fully open. If the valve is faulty, it may need replacement."",""probability"":0.15,""estimatedCost"":""INR 0 (if just needs opening) or INR 300-800 (for valve replacement by plumber)"",""requiredParts"":[{""name"":""Angle stop valve (if replacement needed)"",""estimatedPrice"":""INR 200-500""}]},{""cause"":""Aerator or faucet filter clogged with sediment."",""severity"":""low"",""solution"":""Unscrew the aerator from the tap, clean any accumulated sediment, and reattach. This can often be done by hand or with a wrench."",""probability"":0.15,""estimatedCost"":""INR 0 (DIY) or INR 200-400 (for plumber)"",""requiredParts"":[{""name"":""Faucet aerator (if replacement needed)"",""estimatedPrice"":""INR 50-200""}]},{""cause"":""Low water pressure in the building's main supply."",""severity"":""medium"",""solution"":""This would affect all water outlets. Check with other residents or the building management. If it's a building-wide issue, a professional assessment of the main water supply system might be needed."",""probability"":0.05,""estimatedCost"":""Varies greatly depending on the cause and solution for the main supply issue."",""requiredParts"":[]},{""cause"":""Vent pipe blockage (less common for a single toilet, but possible)."",""severity"":""high"",""solution"":""A blocked vent pipe can cause slow draining and gurgling sounds. This usually requires a plumber to inspect and clear the vent stack on the roof."",""probability"":0.05,""estimatedCost"":""INR 1000-3000 (for plumber with specialized tools)"",""requiredParts"":[]}],""summary"":""The toilet is experiencing low water pressure from the tap and slow draining. This is a new issue, affecting only one room, and is currently manageable."",""urgency"":""medium"",""recommendedAction"":""First, attempt to clear the drain using a plunger or chemical cleaner. Simultaneously, check the water tap's shut-off valve to ensure it's fully open and clean the aerator. If these steps don't resolve the issues, a plumber should be called to investigate further, especially for persistent clogs or if the low water pressure is not resolved by simple checks.""}",null,completed,2026-06-18 09:47:05.065549+00,2026-06-18 09:46:55.008+00
15e3d5e9-9837-4b81-9696-c5ab1e4d6b2b,659960b4-5804-4736-8e20-c646a5ef5c4b,00000000-0000-0000-0000-000000000001,bd081ad6-5fe3-4c1d-a919-81b1055efa19,a25aca1b-211b-41d3-ab08-78bd2b9541e8,"[{""answer"":""Yesterday"",""question"":""When did you first notice this issue?""},{""answer"":""Minor — can manage"",""question"":""How severe is the issue?""},{""answer"":""First time"",""question"":""Has this issue happened before?""},{""answer"":""Nothing, happened on its own"",""question"":""Did anything specific trigger this issue?""},{""answer"":""Only my room"",""question"":""Is the issue affecting other rooms or just yours?""}]","{""causes"":[{""cause"":""Loose showerhead connection or worn-out washer/gasket."",""severity"":""medium"",""solution"":""Tighten the showerhead connection. If leakage persists, replace the washer or gasket inside the showerhead. This can be a DIY fix or require a plumber."",""probability"":0.6,""estimatedCost"":""INR 50 - 200 (for washer/gasket) or INR 200 - 500 (plumber visit if needed)"",""requiredParts"":[{""name"":""Rubber washer/gasket"",""estimatedPrice"":""INR 50 - 100""},{""name"":""Plumber's tape (optional)"",""estimatedPrice"":""INR 50 - 100""}]},{""cause"":""Cracked or damaged showerhead."",""severity"":""medium"",""solution"":""Replace the entire showerhead. This is a straightforward replacement."",""probability"":0.2,""estimatedCost"":""INR 300 - 1500 (depending on showerhead quality)"",""requiredParts"":[{""name"":""New showerhead"",""estimatedPrice"":""INR 300 - 1500""}]},{""cause"":""Clogged showerhead nozzles due to mineral buildup."",""severity"":""low"",""solution"":""Clean the showerhead nozzles. This can be done by soaking the showerhead in vinegar or using a brush to clear the blockages."",""probability"":0.15,""estimatedCost"":""INR 0 - 50 (for vinegar/brush)"",""requiredParts"":[]},{""cause"":""Problem with the internal diverter valve (if applicable for shared shower system)."",""severity"":""high"",""solution"":""Inspect and repair/replace the diverter valve. This usually requires a plumber."",""probability"":0.05,""estimatedCost"":""INR 500 - 1500 (for diverter valve and plumber charges)"",""requiredParts"":[{""name"":""Diverter valve (if replacement needed)"",""estimatedPrice"":""INR 300 - 800""}]}],""summary"":""Water is leaking from the overhead shower during use, leading to reduced water flow and speed. This is a minor issue that started yesterday and has not occurred before. It is only affecting your room."",""urgency"":""medium"",""recommendedAction"":""Initially, try tightening the showerhead connection. If the leak persists, inspect the showerhead for visible cracks or damage, and consider cleaning the nozzles. If these steps don't resolve the issue, it might be necessary to replace the washer/gasket or the entire showerhead. For more complex issues like a faulty diverter valve, a plumber's assistance will be required.""}",null,completed,2026-06-19 04:56:45.903897+00,2026-06-19 04:56:45.097+00
9d3799e5-92ac-4e37-8aed-66b54ac147c0,c94b4387-b104-49de-a22d-136c17203559,00000000-0000-0000-0000-000000000001,bd081ad6-5fe3-4c1d-a919-81b1055efa19,a25aca1b-211b-41d3-ab08-78bd2b9541e8,"[{""answer"":""Today"",""question"":""When did you first notice this issue?""},{""answer"":""Minor — can manage"",""question"":""How severe is the issue?""},{""answer"":""First time"",""question"":""Has this issue happened before?""},{""answer"":""Nothing, happened on its own"",""question"":""Did anything specific trigger this issue?""},{""answer"":""Only my room"",""question"":""Is the issue affecting other rooms or just yours?""}]","{""causes"":[{""cause"":""Clogged showerhead due to mineral buildup or debris."",""severity"":""medium"",""solution"":""Clean the showerhead by soaking it in a descaling solution (vinegar or a commercial descaler) or by manually removing debris. If cleaning doesn't work, replace the showerhead."",""probability"":0.6,""estimatedCost"":""₹100 - ₹500 (for cleaning supplies or a basic showerhead)"",""requiredParts"":[{""name"":""Vinegar/Descaling solution"",""estimatedPrice"":""₹50 - ₹200""},{""name"":""New showerhead (if needed)"",""estimatedPrice"":""₹200 - ₹500""}]},{""cause"":""Corrosion or sediment buildup in the water pipes leading to the shower, causing reduced water flow and discolored water."",""severity"":""high"",""solution"":""This requires a plumber to inspect and potentially flush the water lines. In severe cases, pipe replacement might be necessary."",""probability"":0.3,""estimatedCost"":""₹500 - ₹2000 (for inspection and flushing, potentially more for pipe replacement)"",""requiredParts"":[{""name"":""Plumber's service"",""estimatedPrice"":""₹500 - ₹2000""}]},{""cause"":""Issue with the building's main water supply or water heater, leading to low pressure and discolored water."",""severity"":""high"",""solution"":""Contact building management to investigate the main water supply or water heater. This is beyond individual room maintenance."",""probability"":0.1,""estimatedCost"":""N/A (responsibility of building management)"",""requiredParts"":[]}],""summary"":""The shower in your room is experiencing low water pressure, with water only dripping, and the tap below the shower is dispensing brown water. This issue started today and is isolated to your room."",""urgency"":""medium"",""recommendedAction"":""Start by cleaning the showerhead. If the issue persists or if the brown water continues, contact building maintenance to investigate the water supply and pipes.""}",null,completed,2026-06-19 10:22:47.679358+00,2026-06-19 10:22:46.322+00
32e0fd1c-f9c7-4161-95de-a25fc7ccffe9,0fa32228-d1f8-4453-90d2-a0553412b2f1,00000000-0000-0000-0000-000000000001,bd081ad6-5fe3-4c1d-a919-81b1055efa19,caf6381e-5189-4c1f-bf0a-4dfd99d9b9e7,"[{""answer"":""Today"",""question"":""When did you first notice this issue?""},{""answer"":""Minor — can manage"",""question"":""How severe is the issue?""},{""answer"":""First time"",""question"":""Has this issue happened before?""},{""answer"":""Nothing, happened on its own"",""question"":""Did anything specific trigger this issue?""},{""answer"":""Only my room"",""question"":""Is the issue affecting other rooms or just yours?""}]","{""causes"":[{""cause"":""Clogged water inlet filter"",""severity"":""medium"",""solution"":""Clean the water inlet filter. This can be done by unscrewing the water supply hose from the back of the washing machine and removing the small mesh filter. Rinse it under running water to remove any debris."",""probability"":0.7,""estimatedCost"":""₹0 - ₹50"",""requiredParts"":[{""name"":""No specific parts, just cleaning supplies"",""estimatedPrice"":""₹0""}]},{""cause"":""Low water pressure in the building"",""severity"":""low"",""solution"":""Check the main water supply valve to ensure it's fully open. If the issue persists, it might be a building-wide water pressure problem, which would require contacting building maintenance."",""probability"":0.2,""estimatedCost"":""₹0"",""requiredParts"":[]},{""cause"":""Clogged drain pump filter"",""severity"":""medium"",""solution"":""Clean the drain pump filter. This is usually located at the bottom front of the washing machine behind a small access panel. Refer to the washing machine's manual for exact location and cleaning instructions."",""probability"":0.1,""estimatedCost"":""₹0 - ₹50"",""requiredParts"":[{""name"":""No specific parts, just cleaning supplies"",""estimatedPrice"":""₹0""}]}],""summary"":""The washing machine is experiencing low water flow and dirt in the drum. This is likely due to a clogged filter."",""urgency"":""medium"",""recommendedAction"":""First, clean the water inlet filter. If the problem persists, check the drain pump filter and then consider if there's a building-wide water pressure issue.""}",null,completed,2026-06-19 10:24:56.693291+00,2026-06-19 10:24:52.795+00
c844bcc7-5159-4ea1-a85d-8f7e28a12a2f,31b72d96-b600-47b9-864d-47d51f9766f0,00000000-0000-0000-0000-000000000001,bd081ad6-5fe3-4c1d-a919-81b1055efa19,a5831922-eaeb-48c2-941c-fd96fae8813d,"[{""answer"":""Yes"",""question"":""Is the AC turning on when you press the power button?""},{""answer"":""No air at all"",""question"":""Is air coming out from the AC vents?""},{""answer"":""Never / Not sure"",""question"":""When was the AC filter last cleaned?""},{""answer"":""No"",""question"":""Is there any water leaking from the AC?""},{""answer"":""Yes"",""question"":""Is the remote control working properly?""}]","{""causes"":[{""cause"":""Blower motor malfunction"",""severity"":""high"",""solution"":""Inspect and repair/replace the blower motor. Check for obstructions in the blower assembly."",""probability"":0.6,""estimatedCost"":""₹2000 - ₹5000"",""requiredParts"":[{""name"":""Blower Motor"",""estimatedPrice"":""₹1500 - ₹4000""},{""name"":""Capacitor (if applicable)"",""estimatedPrice"":""₹200 - ₹500""}]},{""cause"":""Clogged AC filter"",""severity"":""medium"",""solution"":""Clean or replace the AC filter. A heavily clogged filter can restrict airflow significantly."",""probability"":0.3,""estimatedCost"":""₹0 - ₹500"",""requiredParts"":[{""name"":""AC Filter"",""estimatedPrice"":""₹300 - ₹500""}]},{""cause"":""Faulty fan speed control/relay"",""severity"":""medium"",""solution"":""Inspect and test the fan speed control switch or relay. Replace if faulty."",""probability"":0.1,""estimatedCost"":""₹500 - ₹1500"",""requiredParts"":[{""name"":""Fan Speed Control Switch/Relay"",""estimatedPrice"":""₹300 - ₹1000""}]}],""summary"":""The AC unit turns on, but no air is coming out of the vents. The filter cleaning history is unknown, and there are no water leaks. The remote control is functional."",""urgency"":""critical"",""recommendedAction"":""Immediately arrange for a qualified technician to inspect the AC unit, focusing on the blower motor, AC filter, and fan speed control. Continued operation without airflow can lead to further damage to the AC system.""}",null,completed,2026-06-19 11:56:44.386294+00,2026-06-19 11:55:26.467+00
f32f5e20-d1b6-4200-9ec8-56435eef31b5,fe5a5b64-d81e-45cf-be23-0471b912df3c,00000000-0000-0000-0000-000000000001,bd081ad6-5fe3-4c1d-a919-81b1055efa19,01208ba1-4225-4a61-be39-3afe03dad690,"[{""answer"":""Yesterday"",""question"":""When did you first notice this issue?""},{""answer"":""Minor — can manage"",""question"":""How severe is the issue?""},{""answer"":""First time"",""question"":""Has this issue happened before?""},{""answer"":""Nothing, happened on its own"",""question"":""Did anything specific trigger this issue?""},{""answer"":""Only my room"",""question"":""Is the issue affecting other rooms or just yours?""}]","{""causes"":[{""cause"":""Clogged sediment filter or carbon filter"",""severity"":""medium"",""solution"":""Replace the clogged filter(s)."",""probability"":0.6,""estimatedCost"":""₹300 - ₹800"",""requiredParts"":[{""name"":""Sediment filter"",""estimatedPrice"":""₹200 - ₹400""},{""name"":""Carbon filter"",""estimatedPrice"":""₹200 - ₹400""}]},{""cause"":""RO membrane fouling or damage"",""severity"":""high"",""solution"":""Replace the RO membrane."",""probability"":0.3,""estimatedCost"":""₹1500 - ₹3000"",""requiredParts"":[{""name"":""RO membrane"",""estimatedPrice"":""₹1500 - ₹3000""}]},{""cause"":""Faulty UV lamp (if applicable)"",""severity"":""medium"",""solution"":""Replace the UV lamp."",""probability"":0.05,""estimatedCost"":""₹500 - ₹1000"",""requiredParts"":[{""name"":""UV lamp"",""estimatedPrice"":""₹500 - ₹1000""}]},{""cause"":""Loose connections or leaks in the RO system"",""severity"":""low"",""solution"":""Inspect and tighten all connections, repair any leaks."",""probability"":0.05,""estimatedCost"":""₹0 - ₹200"",""requiredParts"":[]}],""summary"":""The RO water quality is not drinkable, likely due to a clogged filter or a damaged RO membrane. Given your sensitive throat, this issue needs immediate attention."",""urgency"":""critical"",""recommendedAction"":""Immediately inspect and replace the sediment and carbon filters. If the issue persists, check and replace the RO membrane. Also, verify all connections for leaks and ensure the UV lamp is functioning correctly.""}",null,completed,2026-06-20 05:37:37.093407+00,2026-06-20 05:37:35.661+00
cd79c3fb-517f-4f39-87af-6e03219dcd6a,83656a61-e193-4ff2-8091-fbb5a8f2c5ad,00000000-0000-0000-0000-000000000001,bd081ad6-5fe3-4c1d-a919-81b1055efa19,47389994-b201-4bb1-bf91-8bce4dbde510,"[{""answer"":""Today"",""question"":""When did you first notice this issue?""},{""answer"":""Minor — can manage"",""question"":""How severe is the issue?""},{""answer"":""First time"",""question"":""Has this issue happened before?""},{""answer"":""Nothing, happened on its own"",""question"":""Did anything specific trigger this issue?""},{""answer"":""Only my room"",""question"":""Is the issue affecting other rooms or just yours?""}]","{""causes"":[{""cause"":""Worn-out or faulty door lock mechanism."",""severity"":""medium"",""solution"":""Replace the entire door lock assembly."",""probability"":0.7,""estimatedCost"":""₹300 - ₹800"",""requiredParts"":[{""name"":""New door lock assembly"",""estimatedPrice"":""₹200 - ₹600""}]},{""cause"":""Loose screws in the door lock assembly."",""severity"":""low"",""solution"":""Tighten the screws on the door lock and strike plate."",""probability"":0.2,""estimatedCost"":""₹0 - ₹50"",""requiredParts"":[{""name"":""Screwdriver"",""estimatedPrice"":""₹0 (if available)""}]},{""cause"":""Misaligned door or door frame causing stress on the lock."",""severity"":""medium"",""solution"":""Adjust the door hinges or strike plate to ensure proper alignment."",""probability"":0.1,""estimatedCost"":""₹100 - ₹300"",""requiredParts"":[{""name"":""Screwdriver"",""estimatedPrice"":""₹0 (if available)""},{""name"":""Wood shims (if needed)"",""estimatedPrice"":""₹20 - ₹50""}]}],""summary"":""The bathroom door lock is broken and comes out, making it difficult to open the door. This is a new issue and only affects your room."",""urgency"":""medium"",""recommendedAction"":""Since the issue is affecting the functionality of the bathroom door, it's recommended to have a maintenance person inspect and fix it as soon as possible. A temporary fix might be possible by tightening screws, but a full replacement of the lock assembly is the most likely long-term solution.""}",null,completed,2026-06-24 07:50:39.693102+00,2026-06-24 07:50:39.032+00
7893fc42-a906-491e-bb7d-aa8d30bb6bdb,43e6cbf0-e2d4-40ae-bf20-4df7b23cf915,00000000-0000-0000-0000-000000000001,bd081ad6-5fe3-4c1d-a919-81b1055efa19,a5831922-eaeb-48c2-941c-fd96fae8813d,"[{""answer"":""Yes"",""question"":""Is the AC turning on when you press the power button?""},{""answer"":""No air at all"",""question"":""Is air coming out from the AC vents?""},{""answer"":""Never / Not sure"",""question"":""When was the AC filter last cleaned?""},{""answer"":""No"",""question"":""Is there any water leaking from the AC?""},{""answer"":""Yes"",""question"":""Is the remote control working properly?""}]","{""causes"":[{""cause"":""Blower motor malfunction or failure"",""severity"":""high"",""solution"":""Inspect the blower motor and its components (capacitor, wiring). Repair or replace the blower motor if faulty."",""probability"":0.6,""estimatedCost"":""₹2,500 - ₹8,000"",""requiredParts"":[{""name"":""Blower motor"",""estimatedPrice"":""₹2,000 - ₹7,000""},{""name"":""Blower motor capacitor"",""estimatedPrice"":""₹300 - ₹800""}]},{""cause"":""Blocked or severely dirty air filter"",""severity"":""medium"",""solution"":""Clean or replace the AC air filter. Ensure regular cleaning to prevent future blockages."",""probability"":0.2,""estimatedCost"":""₹200 - ₹500"",""requiredParts"":[{""name"":""AC air filter"",""estimatedPrice"":""₹200 - ₹500""}]},{""cause"":""Faulty thermostat or control board"",""severity"":""medium"",""solution"":""Check the thermostat settings and wiring. If the thermostat is functioning, inspect the AC control board for any visible damage or faulty connections. Replace the thermostat or control board if necessary."",""probability"":0.15,""estimatedCost"":""₹1,000 - ₹4,000"",""requiredParts"":[{""name"":""Thermostat"",""estimatedPrice"":""₹800 - ₹3,000""},{""name"":""AC control board"",""estimatedPrice"":""₹1,500 - ₹3,500""}]},{""cause"":""Broken fan belt (for some older AC models)"",""severity"":""medium"",""solution"":""Inspect the fan belt for wear and tear. Replace if broken or severely worn."",""probability"":0.05,""estimatedCost"":""₹500 - ₹1,500"",""requiredParts"":[{""name"":""Fan belt"",""estimatedPrice"":""₹300 - ₹1,000""}]}],""summary"":""The AC is turning on but no air is coming out from the vents, indicating a problem with the air circulation system. The most probable cause is a blower motor malfunction."",""urgency"":""high"",""recommendedAction"":""Immediately arrange for a qualified technician to inspect the AC unit, focusing on the blower motor, air filter, and control system. Do not operate the AC until it has been repaired to prevent further damage.""}",null,completed,2026-06-22 06:27:33.988658+00,2026-06-22 06:27:33.055+00
6f51ee7c-1034-4b05-8579-188b65833096,430db962-2353-4fd9-912d-297e09e7bf28,00000000-0000-0000-0000-000000000001,bd081ad6-5fe3-4c1d-a919-81b1055efa19,abc84f5b-a950-406e-ab46-cefbe11df925,"[{""answer"":""Dusty surfaces / furniture"",""question"":""What needs cleaning?""},{""answer"":""Yesterday"",""question"":""When was the last cleaning done?""},{""answer"":""One-time"",""question"":""Is this a one-time request or recurring issue?""}]","{""causes"":[{""cause"":""Lack of regular and thorough cleaning of the kitchen area."",""severity"":""high"",""solution"":""Implement a daily cleaning schedule for the kitchen, including countertops, induction cooktop, and oven. Ensure proper disposal of food waste."",""probability"":0.9,""estimatedCost"":""INR 300 - 500 (for cleaning supplies if not already available)""},{""cause"":""Infestation of cockroaches and lizards due to unhygienic conditions and food debris."",""severity"":""high"",""solution"":""Conduct a pest control treatment in the kitchen area. Seal any cracks or openings that may serve as entry points for pests. Maintain cleanliness to prevent recurrence."",""probability"":0.8,""estimatedCost"":""INR 1000 - 2000 (for professional pest control service)""},{""cause"":""Oven smelling bad due to accumulated food spills and grease."",""severity"":""medium"",""solution"":""Thoroughly clean the oven using a degreaser and oven cleaner. Regular cleaning after each use can prevent odor buildup."",""probability"":0.9,""estimatedCost"":""INR 200 - 400 (for oven cleaner and degreaser)""},{""cause"":""Dust and dirt accumulation on kitchen countertops and induction cooktop due to infrequent cleaning."",""severity"":""medium"",""solution"":""Wipe down countertops and induction cooktop daily with a suitable cleaning agent. Ensure all food preparation surfaces are sanitized regularly."",""probability"":0.95,""estimatedCost"":""INR 150 - 300 (for all-purpose cleaner and disinfectant)""}],""summary"":""The primary issue is a severe lack of kitchen cleanliness leading to pest infestation, foul odors, and unhygienic cooking surfaces. Although the last cleaning was reported as 'yesterday', the extent of the issues suggests that the cleaning was either not thorough or not consistently maintained."",""urgency"":""critical"",""recommendedAction"":""Immediately implement a comprehensive cleaning and pest control plan for the kitchen. Assign dedicated personnel for daily cleaning and supervision to ensure sustained hygiene. A follow-up inspection should be scheduled within 24-48 hours to confirm the effectiveness of the actions taken.""}",null,completed,2026-06-22 06:30:21.549633+00,2026-06-22 06:30:19.769+00
c68c2abc-09a4-438b-9934-e1c4f678ca4c,5a5c1abb-862e-439f-b206-930acf2ac60a,00000000-0000-0000-0000-000000000001,bd081ad6-5fe3-4c1d-a919-81b1055efa19,01208ba1-4225-4a61-be39-3afe03dad690,"[{""answer"":""Yesterday"",""question"":""When did you first notice this issue?""},{""answer"":""Minor — can manage"",""question"":""How severe is the issue?""},{""answer"":""First time"",""question"":""Has this issue happened before?""},{""answer"":""Nothing, happened on its own"",""question"":""Did anything specific trigger this issue?""},{""answer"":""Only my room"",""question"":""Is the issue affecting other rooms or just yours?""}]","{""causes"":[{""cause"":""Clogged RO filter"",""severity"":""medium"",""solution"":""Replace the clogged RO filter."",""probability"":0.6,""estimatedCost"":""₹300 - ₹800"",""requiredParts"":[{""name"":""RO filter cartridge"",""estimatedPrice"":""₹300 - ₹800""}]},{""cause"":""Low water pressure to the RO unit"",""severity"":""low"",""solution"":""Check and increase the water pressure to the RO unit. This might involve checking the main water supply valve or a booster pump if installed."",""probability"":0.2,""estimatedCost"":""₹0 - ₹500 (if minor adjustments are needed, or pump repair)"",""requiredParts"":[]},{""cause"":""Faulty shut-off valve in the RO system"",""severity"":""medium"",""solution"":""Inspect and replace the faulty shut-off valve."",""probability"":0.15,""estimatedCost"":""₹200 - ₹600"",""requiredParts"":[{""name"":""RO shut-off valve"",""estimatedPrice"":""₹200 - ₹600""}]},{""cause"":""Air lock in the RO system"",""severity"":""low"",""solution"":""Bleed the air from the RO system by opening the faucet and allowing water to flow until the air is expelled."",""probability"":0.05,""estimatedCost"":""₹0"",""requiredParts"":[]}],""summary"":""The RO water issue, first noticed yesterday and affecting only your room, is likely due to a clogged filter, low water pressure, or a faulty shut-off valve. It's a minor issue for now but needs attention."",""urgency"":""medium"",""recommendedAction"":""Start by checking the RO filter and water pressure. If these are not the issue, inspect the shut-off valve. Consider calling a technician if the problem persists after these initial checks.""}",null,completed,2026-06-22 06:44:28.34332+00,2026-06-22 06:44:27.541+00
d92d6548-a815-439d-9c8c-b5bcf4b306ae,3d9051cc-ec57-4acb-89ea-b68821421808,00000000-0000-0000-0000-000000000001,bd081ad6-5fe3-4c1d-a919-81b1055efa19,e2aa2aaa-8af6-4807-9a4e-7665c5421eed,"[{""answer"":""Yesterday"",""question"":""When did you first notice this issue?""},{""answer"":""Minor — can manage"",""question"":""How severe is the issue?""},{""answer"":""First time"",""question"":""Has this issue happened before?""},{""answer"":""Nothing, happened on its own"",""question"":""Did anything specific trigger this issue?""},{""answer"":""Only my room"",""question"":""Is the issue affecting other rooms or just yours?""}]","{""causes"":[{""cause"":""Wear and tear of the keyhole mechanism due to regular use."",""severity"":""medium"",""solution"":""Replace the keyhole cylinder or the entire lock mechanism."",""probability"":0.7,""estimatedCost"":""₹150 - ₹300"",""requiredParts"":[{""name"":""Cupboard lock cylinder"",""estimatedPrice"":""₹100 - ₹200""},{""name"":""Screws"",""estimatedPrice"":""₹10 - ₹20""}]},{""cause"":""Forced entry attempt or accidental damage to the keyhole."",""severity"":""medium"",""solution"":""Replace the entire lock mechanism and reinforce the cupboard door if necessary."",""probability"":0.2,""estimatedCost"":""₹300 - ₹700"",""requiredParts"":[{""name"":""Cupboard lock set"",""estimatedPrice"":""₹200 - ₹500""},{""name"":""Screws"",""estimatedPrice"":""₹10 - ₹20""},{""name"":""Wood filler/adhesive (if door damaged)"",""estimatedPrice"":""₹50 - ₹100""}]},{""cause"":""Manufacturing defect in the keyhole mechanism."",""severity"":""low"",""solution"":""Replace the keyhole cylinder or the entire lock mechanism. If under warranty, contact the manufacturer."",""probability"":0.1,""estimatedCost"":""₹150 - ₹300"",""requiredParts"":[{""name"":""Cupboard lock cylinder"",""estimatedPrice"":""₹100 - ₹200""},{""name"":""Screws"",""estimatedPrice"":""₹10 - ₹20""}]}],""summary"":""The cupboard keyhole is broken, likely due to wear and tear or accidental damage. It's a minor issue affecting only your room and was noticed yesterday for the first time."",""urgency"":""medium"",""recommendedAction"":""Inspect the keyhole to determine if only the cylinder needs replacement or the entire lock mechanism. Arrange for a handyman to replace the faulty part.""}",null,completed,2026-06-22 06:47:30.349343+00,2026-06-22 06:47:29.247+00
a3ef3f63-4cb3-445e-80a4-6a7e7cec86fd,984460d4-41c3-4c2d-93ce-47902e5c6391,00000000-0000-0000-0000-000000000001,bd081ad6-5fe3-4c1d-a919-81b1055efa19,e2aa2aaa-8af6-4807-9a4e-7665c5421eed,"[{""answer"":""Today"",""question"":""When did you first notice this issue?""},{""answer"":""Minor — can manage"",""question"":""How severe is the issue?""},{""answer"":""First time"",""question"":""Has this issue happened before?""},{""answer"":""Nothing, happened on its own"",""question"":""Did anything specific trigger this issue?""},{""answer"":""Only my room"",""question"":""Is the issue affecting other rooms or just yours?""}]","{""causes"":[{""cause"":""Normal wear and tear due to age and prolonged use."",""severity"":""medium"",""solution"":""Replace the old bed with a new one."",""probability"":0.9,""estimatedCost"":""₹8,000 - ₹15,000"",""requiredParts"":[{""name"":""New bed frame"",""estimatedPrice"":""₹5,000 - ₹10,000""},{""name"":""New mattress"",""estimatedPrice"":""₹3,000 - ₹5,000""}]},{""cause"":""Accidental damage or misuse (less likely given the user's input)."",""severity"":""medium"",""solution"":""Replace the old bed with a new one."",""probability"":0.1,""estimatedCost"":""₹8,000 - ₹15,000"",""requiredParts"":[{""name"":""New bed frame"",""estimatedPrice"":""₹5,000 - ₹10,000""},{""name"":""New mattress"",""estimatedPrice"":""₹3,000 - ₹5,000""}]}],""summary"":""The bed in your room is old, torn, and dirty, likely due to normal wear and tear. While you can manage for now, it needs to be replaced for comfort and hygiene."",""urgency"":""medium"",""recommendedAction"":""The bed needs to be replaced. We will arrange for a new bed and mattress to be delivered and installed in your room as soon as possible. We recommend replacing it within the next 3-5 days.""}",null,completed,2026-06-22 10:39:26.041837+00,2026-06-22 10:39:22.762+00
87cd91f0-575e-4219-bfb9-e75fe5ac8b44,c0ddb057-58a9-457b-af08-0bb6312b17ab,00000000-0000-0000-0000-000000000001,bd081ad6-5fe3-4c1d-a919-81b1055efa19,e2aa2aaa-8af6-4807-9a4e-7665c5421eed,"[{""answer"":""Today"",""question"":""When did you first notice this issue?""},{""answer"":""Minor — can manage"",""question"":""How severe is the issue?""},{""answer"":""First time"",""question"":""Has this issue happened before?""},{""answer"":""Nothing, happened on its own"",""question"":""Did anything specific trigger this issue?""},{""answer"":""Only my room"",""question"":""Is the issue affecting other rooms or just yours?""}]","{""causes"":[{""cause"":""Mattress has reached the end of its lifespan and has degraded, leading to increased firmness and discomfort."",""severity"":""medium"",""solution"":""Replace the old mattress with a new one. Consider a mattress with a medium-soft to soft firmness level for better comfort."",""probability"":0.7,""estimatedCost"":""₹8,000 - ₹15,000"",""requiredParts"":[{""name"":""New Mattress (Queen/King size)"",""estimatedPrice"":""₹8,000 - ₹15,000""}]},{""cause"":""The mattress is of a type that is inherently firm, which may not suit the user's comfort preference."",""severity"":""low"",""solution"":""Add a mattress topper to provide an extra layer of cushioning and softness. This is a more cost-effective solution than full replacement."",""probability"":0.2,""estimatedCost"":""₹2,000 - ₹5,000"",""requiredParts"":[{""name"":""Mattress Topper (Memory Foam/Latex)"",""estimatedPrice"":""₹2,000 - ₹5,000""}]},{""cause"":""Lack of proper mattress rotation or maintenance has led to uneven wear and hardening in certain areas."",""severity"":""low"",""solution"":""While unlikely to fully resolve an already hard mattress, regular rotation (every 3-6 months) can extend mattress life and prevent uneven wear in new mattresses."",""probability"":0.1,""estimatedCost"":""₹0"",""requiredParts"":[]}],""summary"":""The mattress in your room is causing discomfort due to its hardness, making it difficult to sleep. This is a new issue and is isolated to your room."",""urgency"":""medium"",""recommendedAction"":""The primary recommendation is to replace the mattress. If budget is a concern, a mattress topper can be a temporary or alternative solution to improve comfort.""}",null,completed,2026-06-22 10:41:06.947129+00,2026-06-22 10:41:06.024+00
681f9769-0d60-45f5-b3b3-5e831b7b6b16,421bb1d1-5097-4c05-a533-97860e8a541c,00000000-0000-0000-0000-000000000001,bd081ad6-5fe3-4c1d-a919-81b1055efa19,01208ba1-4225-4a61-be39-3afe03dad690,"[{""answer"":""Yesterday"",""question"":""When did you first notice this issue?""},{""answer"":""Minor — can manage"",""question"":""How severe is the issue?""},{""answer"":""First time"",""question"":""Has this issue happened before?""},{""answer"":""Nothing, happened on its own"",""question"":""Did anything specific trigger this issue?""},{""answer"":""Only my room"",""question"":""Is the issue affecting other rooms or just yours?""}]","{""causes"":[{""cause"":""Clogged RO filters due to accumulated sediment and contaminants."",""severity"":""high"",""solution"":""Replace all RO filters (sediment, pre-carbon, RO membrane, post-carbon). Sanitize the RO water tank and pipes."",""probability"":0.9,""estimatedCost"":""₹1,500 - ₹3,000"",""requiredParts"":[{""name"":""RO Sediment Filter"",""estimatedPrice"":""₹300 - ₹500""},{""name"":""RO Pre-Carbon Filter"",""estimatedPrice"":""₹300 - ₹500""},{""name"":""RO Membrane"",""estimatedPrice"":""₹700 - ₹1,500""},{""name"":""RO Post-Carbon Filter"",""estimatedPrice"":""₹300 - ₹500""}]},{""cause"":""Bacterial growth in the RO system due to infrequent cleaning and stagnant water."",""severity"":""high"",""solution"":""Thoroughly clean and sanitize the entire RO system, including the water tank and pipes, using a food-grade sanitizer. Replace filters as a precautionary measure."",""probability"":0.7,""estimatedCost"":""₹1,500 - ₹3,000"",""requiredParts"":[{""name"":""RO Sediment Filter"",""estimatedPrice"":""₹300 - ₹500""},{""name"":""RO Pre-Carbon Filter"",""estimatedPrice"":""₹300 - ₹500""},{""name"":""RO Membrane"",""estimatedPrice"":""₹700 - ₹1,500""},{""name"":""RO Post-Carbon Filter"",""estimatedPrice"":""₹300 - ₹500""},{""name"":""Food-grade RO Sanitizer"",""estimatedPrice"":""₹200 - ₹400""}]},{""cause"":""Expired RO filters that have lost their effectiveness in purifying water."",""severity"":""medium"",""solution"":""Replace all RO filters with new ones. Check the filter replacement schedule and adhere to it."",""probability"":0.6,""estimatedCost"":""₹1,500 - ₹3,000"",""requiredParts"":[{""name"":""RO Sediment Filter"",""estimatedPrice"":""₹300 - ₹500""},{""name"":""RO Pre-Carbon Filter"",""estimatedPrice"":""₹300 - ₹500""},{""name"":""RO Membrane"",""estimatedPrice"":""₹700 - ₹1,500""},{""name"":""RO Post-Carbon Filter"",""estimatedPrice"":""₹300 - ₹500""}]}],""summary"":""The RO water is dirty and stinking, likely due to neglected filter maintenance leading to clogged filters and potential bacterial growth. This poses a health risk and requires immediate attention."",""urgency"":""critical"",""recommendedAction"":""Immediately stop consuming water from the RO system. A qualified technician must inspect, clean, and replace all filters in the RO system. The entire system should be sanitized to ensure safe drinking water. Establish a regular maintenance schedule for filter replacement and cleaning.""}",null,completed,2026-06-24 07:47:15.289426+00,2026-06-24 07:47:14.801+00
1dabf3f2-98d7-46f2-bf91-81c780a36531,949e7e59-6b77-4b9a-8372-85cdc319db87,00000000-0000-0000-0000-000000000001,bd081ad6-5fe3-4c1d-a919-81b1055efa19,a25aca1b-211b-41d3-ab08-78bd2b9541e8,"[{""answer"":""Yesterday"",""question"":""When did you first notice this issue?""},{""answer"":""Minor — can manage"",""question"":""How severe is the issue?""},{""answer"":""First time"",""question"":""Has this issue happened before?""},{""answer"":""Nothing, happened on its own"",""question"":""Did anything specific trigger this issue?""},{""answer"":""Only my room"",""question"":""Is the issue affecting other rooms or just yours?""}]","{""causes"":[{""cause"":""Food debris and grease buildup in the kitchen sink drainpipe."",""severity"":""medium"",""solution"":""Clear the clog using a drain snake or a chemical drain cleaner. Regular flushing with hot water and baking soda/vinegar can prevent future clogs."",""probability"":0.8,""estimatedCost"":""₹200 - ₹500 (for drain cleaner/snake) or ₹500 - ₹1000 (for plumber visit if severe)"",""requiredParts"":[{""name"":""Drain cleaner (chemical)"",""estimatedPrice"":""₹200 - ₹400""},{""name"":""Drain snake (manual)"",""estimatedPrice"":""₹300 - ₹500""}]},{""cause"":""Improper disposal of food waste, leading to blockages."",""severity"":""low"",""solution"":""Educate residents on proper waste disposal practices, emphasizing the use of a sink strainer and avoiding pouring grease down the drain."",""probability"":0.15,""estimatedCost"":""₹0 (awareness and education)"",""requiredParts"":[{""name"":""Sink strainer"",""estimatedPrice"":""₹50 - ₹150""}]},{""cause"":""Structural issue with the drainpipe (e.g., pipe damage, improper slope)."",""severity"":""high"",""solution"":""Inspection by a plumber to identify and repair any structural damage to the drainpipe. This may involve pipe replacement or re-sloping."",""probability"":0.05,""estimatedCost"":""₹2000 - ₹10000+ (depending on the extent of damage and repair required)"",""requiredParts"":[{""name"":""PVC pipes/fittings (if replacement needed)"",""estimatedPrice"":""₹500 - ₹2000+""}]}],""summary"":""The kitchen sink in your room is repeatedly getting clogged. This is likely due to a buildup of food debris and grease in the drainpipe. While currently a minor issue, recurring clogs can lead to more severe problems if not addressed."",""urgency"":""medium"",""recommendedAction"":""Initially, try to clear the clog using a drain cleaner or a manual drain snake. Implement regular maintenance practices like flushing with hot water and baking soda/vinegar. If the issue persists or worsens, a professional plumber should be called to inspect the drainpipe for any underlying structural issues and provide a more permanent solution. Also, ensure proper disposal of food waste to prevent future occurrences.""}",null,completed,2026-06-24 07:48:35.432418+00,2026-06-24 07:48:34.95+00
0e4ca2fe-35bb-4e84-a66d-5d6289061c95,7ae58cd2-f723-43f4-9507-209bed09b762,00000000-0000-0000-0000-000000000001,bd081ad6-5fe3-4c1d-a919-81b1055efa19,abc84f5b-a950-406e-ab46-cefbe11df925,"{""Has this happened before?"":""First time"",""How would you rate the severity?"":""Minor - can wait"",""How long has this issue been present?"":""Just noticed""}","{""causes"":[{""cause"":""Accumulation of dust and dirt"",""estimatedCost"":""₹500–₹1500"",""probability"":80,""requiredParts"":[{""estimatedPrice"":""₹200–₹400"",""name"":""Vacuum cleaner filters""}],""severity"":""low"",""solution"":""Thoroughly vacuum and mop the floors, and dust all surfaces""},{""cause"":""Inadequate waste disposal"",""estimatedCost"":""₹0–₹500"",""probability"":15,""requiredParts"":[],""severity"":""low"",""solution"":""Ensure regular emptying of trash cans and proper waste management""},{""cause"":""Spill or stain"",""estimatedCost"":""₹200–₹800"",""probability"":5,""requiredParts"":[{""estimatedPrice"":""₹100–₹300"",""name"":""Cleaning products (detergents, etc.)""}],""severity"":""low"",""solution"":""Identify and clean the spill or stain using appropriate cleaning products""}],""recommendedAction"":""Schedule a routine cleaning service"",""summary"":""A minor cleaning issue has been noticed, with no prior occurrences, and can be addressed at a convenient time. The issue is not severe and does not require immediate attention."",""urgency"":""low""}","Accumulation of dust and dirt. Solution: Thoroughly vacuum and mop the floors, and dust all surfaces",completed,2026-06-25 11:21:06.979257+00,2026-06-25 11:27:42.123+00
9dfa4909-dfa7-4940-9480-93e55d361721,cd9d1309-4a43-4af2-85c7-a8f6aa98cc45,00000000-0000-0000-0000-000000000001,bd081ad6-5fe3-4c1d-a919-81b1055efa19,abc84f5b-a950-406e-ab46-cefbe11df925,"{""Has this happened before?"":""First time"",""How would you rate the severity?"":""Minor - can wait"",""How long has this issue been present?"":""Just noticed""}","{""causes"":[{""cause"":""Dust accumulation"",""estimatedCost"":""₹500–₹1000"",""probability"":80,""requiredParts"":[],""severity"":""low"",""solution"":""Vacuum or sweep the area, and wipe down surfaces with a damp cloth""},{""cause"":""Spill or stain"",""estimatedCost"":""₹200–₹500"",""probability"":15,""requiredParts"":[{""estimatedPrice"":""₹100–₹200"",""name"":""Cleaning solution""}],""severity"":""low"",""solution"":""Identify the type of stain and apply a suitable cleaning solution, then wipe clean with a damp cloth""},{""cause"":""Inadequate cleaning schedule"",""estimatedCost"":""₹0"",""probability"":5,""requiredParts"":[],""severity"":""low"",""solution"":""Review and adjust the cleaning schedule to ensure regular maintenance""}],""recommendedAction"":""Schedule a routine cleaning service"",""summary"":""A minor cleaning issue has been noticed, with no prior occurrences, and can be addressed at a convenient time."",""urgency"":""low""}",Housekeeping cleaning work done. Solution: Housekeeping cleaning work done,completed,2026-06-25 11:30:14.339852+00,2026-06-25 11:31:39.9+00
84394384-c9c0-4c48-9572-1454f836b28a,074ea4b3-1a2f-4ee8-a73c-6e16276f6bff,00000000-0000-0000-0000-000000000001,bd081ad6-5fe3-4c1d-a919-81b1055efa19,28158382-d5c1-436c-927b-3e3d9855c2af,"{""Which area is affected?"":""Single outlet / switch"",""Are any appliances damaged?"":""No appliance issues"",""What is the primary symptom?"":""Sparks / burning smell""}","{""summary"":""The property is experiencing sparks and a burning smell from a single outlet or switch, indicating a potential electrical issue that requires immediate attention."",""urgency"":""high"",""recommendedAction"":""Turn off the main power supply and contact a licensed electrician to inspect and repair the affected area"",""causes"":[{""cause"":""Loose or faulty wiring"",""probability"":80,""severity"":""high"",""solution"":""Inspect the wiring, tighten any loose connections, and replace damaged wires as needed"",""estimatedCost"":""₹1000–₹3000"",""requiredParts"":[{""name"":""Wire nuts or connectors"",""estimatedPrice"":""₹50–₹200""},{""name"":""Electrical tape"",""estimatedPrice"":""₹20–₹100""}]},{""cause"":""Overloaded circuit"",""probability"":15,""severity"":""medium"",""solution"":""Reduce the load on the circuit by unplugging non-essential appliances or installing a new circuit"",""estimatedCost"":""₹500–₹2000"",""requiredParts"":[]},{""cause"":""Faulty outlet or switch"",""probability"":5,""severity"":""medium"",""solution"":""Replace the faulty outlet or switch with a new one"",""estimatedCost"":""₹500–₹1500"",""requiredParts"":[{""name"":""New outlet or switch"",""estimatedPrice"":""₹200–₹800""}]}]}","6amp switch and socket changed . Solution: 6amp switch and socket changed ",ai_complete,2026-06-25 11:12:07.618916+00,2026-06-26 10:24:28.527+00
25e577c7-027a-4caf-97e3-73a514cd0419,84c4cb57-827f-49b5-a473-4bb6df134de6,00000000-0000-0000-0000-000000000001,bd081ad6-5fe3-4c1d-a919-81b1055efa19,a25aca1b-211b-41d3-ab08-78bd2b9541e8,"{""Has this happened before?"":""First time"",""How would you rate the severity?"":""Minor - can wait"",""How long has this issue been present?"":""Just noticed""}","{""causes"":[{""cause"":""Clogged Drain Line"",""estimatedCost"":""₹500–₹1500"",""probability"":60,""requiredParts"":[{""estimatedPrice"":""₹200–₹400"",""name"":""Plunger""},{""estimatedPrice"":""₹800–₹1200"",""name"":""Plumbing Snake""}],""severity"":""low"",""solution"":""Use a plunger or plumbing snake to clear the blockage, then check the drain line for any mineral buildup or debris""},{""cause"":""Loose or Faulty Flush Valve"",""estimatedCost"":""₹1000–₹2500"",""probability"":20,""requiredParts"":[{""estimatedPrice"":""₹800–₹1500"",""name"":""Flush Valve""}],""severity"":""medium"",""solution"":""Tighten or replace the flush valve, ensuring it is properly aligned and functioning""},{""cause"":""Mineral Buildup in the Toilet"",""estimatedCost"":""₹200–₹500"",""probability"":10,""requiredParts"":[{""estimatedPrice"":""₹100–₹300"",""name"":""Toilet Cleaner or Descaler""}],""severity"":""low"",""solution"":""Use a toilet cleaner or descaler to remove mineral deposits, then check for any signs of damage or wear""},{""cause"":""Other Issues (e.g. Wax Ring, Flange)"",""estimatedCost"":""₹1500–₹3000"",""probability"":10,""requiredParts"":[{""estimatedPrice"":""₹500–₹1000"",""name"":""Wax Ring""},{""estimatedPrice"":""₹1000–₹2000"",""name"":""Flange""}],""severity"":""high"",""solution"":""Inspect the wax ring and flange for any signs of damage or deterioration, then replace as needed""}],""recommendedAction"":""Inspect and diagnose the toilet issue to determine the root cause"",""summary"":""The toilet issue has just been noticed and is considered minor, with the homeowner rating its severity as something that can wait. This is the first time the issue has occurred."",""urgency"":""low""}",Water not coming . Solution: C31 - common Restroom washing machine and washbasin water coming work done,completed,2026-06-27 07:30:44.766114+00,2026-06-27 07:31:47.489+00
e6c4a039-39f1-4a75-88ea-0671d8de7208,7a34f85d-6bcf-47c5-a0e3-2b6bc3123ff4,00000000-0000-0000-0000-000000000001,bd081ad6-5fe3-4c1d-a919-81b1055efa19,28158382-d5c1-436c-927b-3e3d9855c2af,"[{""answer"":""Entire room"",""question"":""Is the power out in the entire room or just some outlets?""},{""answer"":""Yes, it's on"",""question"":""Have you checked the MCB / circuit breaker?""},{""answer"":""Yes, others have power"",""question"":""Is there power in the common areas or other rooms?""},{""answer"":""Happened suddenly"",""question"":""Did this happen suddenly or after plugging something in?""}]","{""causes"":[{""cause"":""Faulty fan regulator"",""severity"":""medium"",""solution"":""Replace the fan regulator."",""probability"":0.8,""estimatedCost"":""₹200 - ₹500"",""requiredParts"":[{""name"":""Fan Regulator"",""estimatedPrice"":""₹150 - ₹450""}]},{""cause"":""Loose wiring connection in the switchboard"",""severity"":""medium"",""solution"":""Inspect and tighten the wiring connections in the switchboard. If wires are burnt, replace them."",""probability"":0.15,""estimatedCost"":""₹100 - ₹300"",""requiredParts"":[{""name"":""Electrical Wires (if needed)"",""estimatedPrice"":""₹50 - ₹100""}]},{""cause"":""Faulty wiring from the main supply to the switchboard"",""severity"":""high"",""solution"":""Inspect the main wiring connection to the switchboard and repair/replace as necessary. This might require a qualified electrician."",""probability"":0.05,""estimatedCost"":""₹500 - ₹1500"",""requiredParts"":[{""name"":""Electrical Wires"",""estimatedPrice"":""₹200 - ₹500""}]}],""summary"":""The fan regulator in the switchboard is not working, preventing fan speed control. The issue affects the entire room, despite the MCB being on and other rooms having power. The problem occurred suddenly."",""urgency"":""medium"",""recommendedAction"":""Replace the fan regulator. If the issue persists, inspect the wiring connections in the switchboard and main supply.""}",null,completed,2026-06-30 04:09:44.816398+00,2026-06-30 04:09:43.944+00
9588b2c6-d16f-4e58-bdf3-dd0bccd38875,86745b91-6f81-4ee1-b55f-e981c6de7b5c,00000000-0000-0000-0000-000000000001,bd081ad6-5fe3-4c1d-a919-81b1055efa19,abc84f5b-a950-406e-ab46-cefbe11df925,"[{""answer"":""Floor / sweeping"",""question"":""What needs cleaning?""},{""answer"":""Yesterday"",""question"":""When was the last cleaning done?""},{""answer"":""One-time"",""question"":""Is this a one-time request or recurring issue?""}]","{""causes"":[{""cause"":""Daily sweeping is not sufficient for maintaining deep cleanliness, leading to accumulation of dirt and grime over time."",""severity"":""medium"",""solution"":""Implement a schedule for deep cleaning of floors, including scrubbing and mopping with appropriate cleaning agents."",""probability"":0.8,""estimatedCost"":""₹500 - ₹1000"",""requiredParts"":[{""name"":""Floor cleaner/disinfectant"",""estimatedPrice"":""₹200 - ₹400""},{""name"":""Scrub brush/mop"",""estimatedPrice"":""₹300 - ₹600""}]},{""cause"":""High foot traffic in the area contributes to faster accumulation of dirt, making daily sweeping less effective for deep cleaning."",""severity"":""low"",""solution"":""Increase the frequency of sweeping and spot cleaning in high-traffic areas, in addition to scheduled deep cleaning."",""probability"":0.15,""estimatedCost"":""₹0"",""requiredParts"":[]},{""cause"":""Inadequate cleaning tools or techniques are being used for daily sweeping, preventing effective removal of all dirt particles."",""severity"":""low"",""solution"":""Provide proper training on effective sweeping and cleaning techniques and ensure appropriate tools (e.g., good quality brooms, dustpans) are available."",""probability"":0.05,""estimatedCost"":""₹0 - ₹200"",""requiredParts"":[{""name"":""Good quality broom/dustpan"",""estimatedPrice"":""₹0 - ₹200""}]}],""summary"":""The primary issue is that daily sweeping is insufficient for maintaining deep cleanliness of the floors, leading to an overdue deep cleaning requirement. This is a one-time request, indicating a need for a thorough cleaning now and potentially a revised cleaning schedule for the future."",""urgency"":""medium"",""recommendedAction"":""Perform a deep cleaning of the floors immediately. Subsequently, establish a regular deep cleaning schedule (e.g., weekly or bi-weekly) to prevent future accumulation of dirt, especially in high-traffic areas. Ensure cleaning staff are equipped with appropriate tools and trained in effective cleaning techniques.""}",null,completed,2026-06-30 04:14:21.277436+00,2026-06-30 04:14:20.41+00
9f2300b6-0782-4bc0-b453-84f01caa92de,a654bf9b-1cb0-4547-a58d-48ada2ec7a05,00000000-0000-0000-0000-000000000001,bd081ad6-5fe3-4c1d-a919-81b1055efa19,47389994-b201-4bb1-bf91-8bce4dbde510,"[{""answer"":""Yesterday"",""question"":""When did you first notice this issue?""},{""answer"":""Minor — can manage"",""question"":""How severe is the issue?""},{""answer"":""First time"",""question"":""Has this issue happened before?""},{""answer"":""Nothing, happened on its own"",""question"":""Did anything specific trigger this issue?""},{""answer"":""Only my room"",""question"":""Is the issue affecting other rooms or just yours?""}]","{""causes"":[{""cause"":""Worn out lock mechanism"",""severity"":""medium"",""solution"":""Replace the cupboard lock."",""probability"":0.7,""estimatedCost"":""₹150 - ₹300"",""requiredParts"":[{""name"":""Cupboard lock"",""estimatedPrice"":""₹100 - ₹250""}]},{""cause"":""Misaligned lock or strike plate"",""severity"":""low"",""solution"":""Adjust the alignment of the lock and strike plate. This might involve tightening screws or slightly repositioning the strike plate."",""probability"":0.2,""estimatedCost"":""₹50 - ₹100""},{""cause"":""Broken key or foreign object in the lock"",""severity"":""medium"",""solution"":""Inspect the lock for any broken key pieces or foreign objects. If found, attempt to remove them. If unsuccessful, the lock may need to be replaced."",""probability"":0.1,""estimatedCost"":""₹0 - ₹300"",""requiredParts"":[{""name"":""Cupboard lock (if replacement needed)"",""estimatedPrice"":""₹100 - ₹250""}]}],""summary"":""The cupboard lock in your room is not working, preventing you from securing your belongings. This is a minor issue that needs to be addressed to ensure security."",""urgency"":""medium"",""recommendedAction"":""The most likely solution is to replace the cupboard lock. A technician should be dispatched to assess the lock and perform the necessary repair or replacement.""}",null,completed,2026-06-30 04:17:00.400467+00,2026-06-30 04:16:58.906+00
d6e9e6e5-f455-4e2a-b96d-d42f8f1ff077,89fb6e9b-199c-475d-afcf-8e705a911f49,00000000-0000-0000-0000-000000000001,bd081ad6-5fe3-4c1d-a919-81b1055efa19,e2aa2aaa-8af6-4807-9a4e-7665c5421eed,"[{""answer"":""Yesterday"",""question"":""When did you first notice this issue?""},{""answer"":""Minor — can manage"",""question"":""How severe is the issue?""},{""answer"":""First time"",""question"":""Has this issue happened before?""},{""answer"":""Nothing, happened on its own"",""question"":""Did anything specific trigger this issue?""},{""answer"":""Only my room"",""question"":""Is the issue affecting other rooms or just yours?""}]","{""causes"":[{""cause"":""Bedside table was never provided in the room."",""severity"":""low"",""solution"":""Procure and place a new bedside table in the room."",""probability"":0.7,""estimatedCost"":""₹1,000 - ₹3,000"",""requiredParts"":[{""name"":""Bedside table"",""estimatedPrice"":""₹1,000 - ₹3,000""}]},{""cause"":""Bedside table was removed for maintenance/repair and not returned."",""severity"":""low"",""solution"":""Locate the missing bedside table and return it to the room. If damaged, repair or replace."",""probability"":0.2,""estimatedCost"":""₹0 - ₹500 (for minor repairs)"",""requiredParts"":[{""name"":""Repair materials (if needed)"",""estimatedPrice"":""₹0 - ₹500""}]},{""cause"":""Bedside table was accidentally moved to another room or common area."",""severity"":""low"",""solution"":""Search common areas and other rooms for the bedside table and return it."",""probability"":0.1,""estimatedCost"":""₹0"",""requiredParts"":[]}],""summary"":""The bedside table is missing from the room. This is a first-time issue and only affects this specific room. The resident noticed it yesterday."",""urgency"":""low"",""recommendedAction"":""Provide a bedside table to the room as soon as possible. Prioritize checking inventory for an available table or procuring a new one.""}",null,completed,2026-06-30 04:24:27.136834+00,2026-06-30 04:24:26.351+00
74d566d7-4d73-4358-9649-4fd95810f9b5,d5643989-a331-4967-ba63-11ee9e1e1f64,00000000-0000-0000-0000-000000000001,bd081ad6-5fe3-4c1d-a919-81b1055efa19,abc84f5b-a950-406e-ab46-cefbe11df925,"[{""answer"":""Floor / sweeping"",""question"":""What needs cleaning?""},{""answer"":""Yesterday"",""question"":""When was the last cleaning done?""},{""answer"":""One-time"",""question"":""Is this a one-time request or recurring issue?""}]","{""causes"":[{""cause"":""Lizard entry due to open doors/windows or gaps."",""severity"":""medium"",""solution"":""Seal any gaps or cracks in walls and around pipes. Ensure doors and windows are closed or have screens."",""probability"":0.7,""estimatedCost"":""INR 200 - 500 for sealant/mesh""},{""cause"":""Presence of insects (cockroaches, ants) attracting lizards."",""severity"":""low"",""solution"":""Implement pest control measures for insects. Maintain kitchen cleanliness to reduce food sources for insects."",""probability"":0.2,""estimatedCost"":""INR 300 - 700 for insect repellent/pest control spray""},{""cause"":""Clutter or undisturbed areas providing hiding spots for lizards."",""severity"":""low"",""solution"":""Regularly clean and declutter areas, especially behind and under appliances like the fridge."",""probability"":0.1,""estimatedCost"":""INR 0 (can be done with existing cleaning supplies)""}],""summary"":""A lizard has been spotted in the kitchen below the fridge. This is a one-time issue, and the floor was last cleaned yesterday. The primary concern is the presence of the lizard and ensuring it doesn't reoccur."",""urgency"":""medium"",""recommendedAction"":""Remove the lizard safely. Identify and seal potential entry points. Implement basic pest control if insect presence is suspected. Maintain regular cleaning and decluttering of the kitchen area, especially around appliances.""}",null,completed,2026-06-30 04:26:08.226912+00,2026-06-30 04:26:07.379+00
d30b9635-6b04-44f4-9884-716d8a7550f1,2a3b7aa4-41df-4598-804a-40c35246e4fe,00000000-0000-0000-0000-000000000001,bd081ad6-5fe3-4c1d-a919-81b1055efa19,abc84f5b-a950-406e-ab46-cefbe11df925,"[{""answer"":""Floor / sweeping"",""question"":""What needs cleaning?""},{""answer"":""Yesterday"",""question"":""When was the last cleaning done?""},{""answer"":""One-time"",""question"":""Is this a one-time request or recurring issue?""}]","{""causes"":[{""cause"":""Presence of food crumbs and spills on the kitchen countertop and floor attracting lizards."",""severity"":""medium"",""solution"":""Thorough cleaning of kitchen countertop and floor, ensuring no food debris is left."",""probability"":0.6,""estimatedCost"":""₹150 - ₹250 (for cleaning supplies if not already available)""},{""cause"":""Easy access points for lizards into the kitchen (e.g., gaps under doors, open windows, cracks in walls)."",""severity"":""medium"",""solution"":""Identify and seal potential entry points for lizards. This might involve weatherstripping for doors, mesh for windows, and sealing cracks."",""probability"":0.3,""estimatedCost"":""₹200 - ₹500 (for sealants, mesh, or weatherstripping)""},{""cause"":""Presence of other insects (e.g., cockroaches, ants) which are a food source for lizards."",""severity"":""low"",""solution"":""Implement pest control measures for other insects in the kitchen area."",""probability"":0.1,""estimatedCost"":""₹300 - ₹700 (for pest control spray or professional service)""}],""summary"":""The primary issue is the presence of lizards on the kitchen countertop, likely due to food debris and potential entry points. Although the floor was swept yesterday, the countertop might not have been thoroughly cleaned, or new debris accumulated. This is a one-time reported incident but could recur if root causes are not addressed."",""urgency"":""critical"",""recommendedAction"":""Immediate thorough cleaning of the kitchen countertop and surrounding areas. Subsequently, identify and seal any potential entry points for lizards. Consider a general pest control check if the issue persists or other insects are observed.""}",null,completed,2026-06-30 04:59:24.253923+00,2026-06-30 04:59:23.444+00
8295928b-2db0-4160-b692-5e8ac8e49668,63d1eaff-e400-4032-a823-9494310f2bba,00000000-0000-0000-0000-000000000001,bd081ad6-5fe3-4c1d-a919-81b1055efa19,28158382-d5c1-436c-927b-3e3d9855c2af,"[{""answer"":""Entire room"",""question"":""Is the power out in the entire room or just some outlets?""},{""answer"":""Yes, it's on"",""question"":""Have you checked the MCB / circuit breaker?""},{""answer"":""Yes, others have power"",""question"":""Is there power in the common areas or other rooms?""},{""answer"":""Happened suddenly"",""question"":""Did this happen suddenly or after plugging something in?""}]","{""causes"":[{""cause"":""Loose wiring or faulty connection in the room's electrical circuit."",""severity"":""high"",""solution"":""Inspect and tighten all electrical connections in the room, including switchboards, outlets, and ceiling rose. If no loose connections are found, trace the wiring back to the distribution board to identify any breaks or disconnections."",""probability"":0.6,""estimatedCost"":""₹300 - ₹800 (Electrician visit and minor repairs)""},{""cause"":""Faulty MCB (Miniature Circuit Breaker) or fuse for the specific room."",""severity"":""high"",""solution"":""Despite the MCB appearing 'on', it might be faulty internally. Replace the MCB for the affected room. If it's an older fuse box, replace the fuse wire."",""probability"":0.25,""estimatedCost"":""₹200 - ₹500 (MCB cost) + ₹300 - ₹500 (Electrician visit)"",""requiredParts"":[{""name"":""MCB (16A or 20A, depending on load)"",""estimatedPrice"":""₹200 - ₹500""}]},{""cause"":""Internal wiring fault (e.g., short circuit, open circuit) within the room's walls or conduits."",""severity"":""high"",""solution"":""This is more complex and requires an electrician to use a multimeter to test continuity and identify the exact location of the fault. It might involve breaking a small section of the wall to access and repair/replace the faulty wiring."",""probability"":0.1,""estimatedCost"":""₹1000 - ₹5000+ (Depends on the extent of wiring repair/replacement)"",""requiredParts"":[{""name"":""Electrical wire (1.5 sq mm or 2.5 sq mm)"",""estimatedPrice"":""₹50 - ₹150 per meter""},{""name"":""Insulation tape"",""estimatedPrice"":""₹20 - ₹50""}]},{""cause"":""Faulty main distribution board connection to the room's circuit."",""severity"":""high"",""solution"":""Inspect the connections at the main distribution board. A loose or corroded connection to the specific room's circuit could be the cause. This should be done by a qualified electrician."",""probability"":0.05,""estimatedCost"":""₹300 - ₹800 (Electrician visit and minor repairs)""}],""summary"":""The entire room has no power, while other rooms and common areas do. The MCB for the room appears to be on, and the issue occurred suddenly. This indicates a localized electrical fault within the room's circuit or its direct supply."",""urgency"":""critical"",""recommendedAction"":""Immediately call a qualified electrician to diagnose and fix the issue. Do not attempt to tamper with the electrical wiring if you are not experienced, as it can be dangerous. Until the issue is resolved, ensure all appliances in the affected room are unplugged to prevent further damage or hazards.""}",null,completed,2026-06-30 08:13:18.128596+00,2026-06-30 08:13:17.022+00
48e61ea7-d6d6-4b3e-9554-6ba99618acfa,b61f51cf-1bc4-4f30-a118-dfda4bb62988,00000000-0000-0000-0000-000000000001,bd081ad6-5fe3-4c1d-a919-81b1055efa19,28158382-d5c1-436c-927b-3e3d9855c2af,"[{""answer"":""Entire room"",""question"":""Is the power out in the entire room or just some outlets?""},{""answer"":""Yes, it's on"",""question"":""Have you checked the MCB / circuit breaker?""},{""answer"":""Yes, others have power"",""question"":""Is there power in the common areas or other rooms?""},{""answer"":""Happened suddenly"",""question"":""Did this happen suddenly or after plugging something in?""}]","{""causes"":[{""cause"":""Loose wiring connection in the electrical board or junction box serving the room."",""severity"":""high"",""solution"":""Inspect and tighten all electrical connections in the room's switchboard and junction boxes. This requires a qualified electrician."",""probability"":0.4,""estimatedCost"":""₹300 - ₹800 (Electrician visit and labor)"",""requiredParts"":[]},{""cause"":""Faulty main switch or circuit breaker (MCB) for the room, despite appearing to be 'on'."",""severity"":""high"",""solution"":""Test the MCB for continuity. If faulty, replace the MCB. This requires a qualified electrician."",""probability"":0.3,""estimatedCost"":""₹500 - ₹1500 (MCB replacement and labor)"",""requiredParts"":[{""name"":""Single Pole MCB (16A or 20A, depending on load)"",""estimatedPrice"":""₹200 - ₹700""}]},{""cause"":""Internal wiring fault or short circuit within the room's electrical system."",""severity"":""high"",""solution"":""Thoroughly inspect the room's wiring for any signs of damage, burning, or short circuits. This is a complex task and requires a qualified electrician with proper testing equipment."",""probability"":0.2,""estimatedCost"":""₹800 - ₹2500+ (Extensive fault finding and repair)"",""requiredParts"":[{""name"":""Electrical wire (1.5 sq mm or 2.5 sq mm, as needed)"",""estimatedPrice"":""₹50 - ₹150 per meter""},{""name"":""Insulation tape"",""estimatedPrice"":""₹20 - ₹50""}]},{""cause"":""Failure of the main power supply line to the room from the distribution board."",""severity"":""high"",""solution"":""Check the continuity of the main power line from the distribution board to the room's switchboard. Repair or replace the faulty section. This requires a qualified electrician."",""probability"":0.1,""estimatedCost"":""₹500 - ₹2000+ (Cable repair/replacement and labor)"",""requiredParts"":[{""name"":""Main electrical cable (e.g., 4 sq mm or 6 sq mm)"",""estimatedPrice"":""₹100 - ₹300 per meter""}]}],""summary"":""The entire room has no power, affecting multiple high-power appliances like the geyser, AC, microwave, and induction stove. The MCB appears to be on, and other rooms have power. This indicates a localized electrical fault within the room's circuit."",""urgency"":""critical"",""recommendedAction"":""Immediately call a qualified electrician to diagnose and repair the electrical fault. Do not attempt to fix it yourself, as it involves high voltage and can be dangerous. Ensure the main power supply to the hostel/PG is switched off before any inspection or repair work begins.""}",null,completed,2026-06-30 08:17:47.089762+00,2026-06-30 08:17:46.231+00
a86a25fe-45c9-497c-b294-0fd2f267df29,b361c9dd-e7af-4f37-b4cf-ca5fd454fc99,00000000-0000-0000-0000-000000000001,bd081ad6-5fe3-4c1d-a919-81b1055efa19,54bc37a9-ef71-4e18-b896-593f71b161fa,"[{""answer"":""Yes, light is on"",""question"":""Is the geyser power light on?""},{""answer"":""More than 30 minutes"",""question"":""How long have you waited after turning it on?""},{""answer"":""No"",""question"":""Is there any water leaking from the geyser?""},{""answer"":""Yes"",""question"":""Is the geyser MCB turned on?""}]","{""causes"":[{""cause"":""Heating element failure"",""severity"":""high"",""solution"":""The heating element needs to be replaced. This usually requires draining the geyser and opening it up."",""probability"":0.7,""estimatedCost"":""₹800 - ₹1500"",""requiredParts"":[{""name"":""Geyser heating element"",""estimatedPrice"":""₹500 - ₹1000""},{""name"":""Gasket/Seal"",""estimatedPrice"":""₹50 - ₹100""}]},{""cause"":""Thermostat malfunction"",""severity"":""medium"",""solution"":""The thermostat might be faulty and not allowing the heating element to turn on. It needs to be checked and potentially replaced."",""probability"":0.2,""estimatedCost"":""₹500 - ₹1000"",""requiredParts"":[{""name"":""Geyser thermostat"",""estimatedPrice"":""₹300 - ₹700""}]},{""cause"":""Loose wiring connection inside the geyser"",""severity"":""medium"",""solution"":""A loose wire could be preventing power from reaching the heating element. This requires opening the geyser and checking all connections."",""probability"":0.1,""estimatedCost"":""₹300 - ₹600"",""requiredParts"":[]}],""summary"":""The geyser is not heating water despite the power light being on and no visible leaks. The most probable cause is a faulty heating element."",""urgency"":""high"",""recommendedAction"":""It is recommended to call a qualified electrician or plumber to inspect the geyser. They will be able to confirm the exact cause and replace the faulty part safely.""}",null,completed,2026-06-30 08:20:59.536135+00,2026-06-30 08:20:58.522+00
8e002723-ff20-4bf2-acee-bf928a71d63b,53040f7e-89a2-4c5c-9f73-71feae903e1a,00000000-0000-0000-0000-000000000001,bd081ad6-5fe3-4c1d-a919-81b1055efa19,28158382-d5c1-436c-927b-3e3d9855c2af,"[{""answer"":""Entire room"",""question"":""Is the power out in the entire room or just some outlets?""},{""answer"":""Yes, it's on"",""question"":""Have you checked the MCB / circuit breaker?""},{""answer"":""Yes, others have power"",""question"":""Is there power in the common areas or other rooms?""},{""answer"":""Happened suddenly"",""question"":""Did this happen suddenly or after plugging something in?""}]","{""causes"":[{""cause"":""Loose wiring in the room's electrical circuit."",""severity"":""high"",""solution"":""Inspect and tighten all electrical connections in the room's circuit, starting from the distribution board to the outlets and light fixtures. This requires a qualified electrician."",""probability"":0.4,""estimatedCost"":""₹500 - ₹1500""},{""cause"":""Faulty main switch or circuit breaker (MCB) for the room, despite appearing to be 'on'."",""severity"":""high"",""solution"":""Test the MCB for continuity and proper operation. If faulty, replace the MCB. This should be done by a qualified electrician."",""probability"":0.3,""estimatedCost"":""₹800 - ₹2000"",""requiredParts"":[{""name"":""Single Pole MCB (16A or 20A, depending on circuit)"",""estimatedPrice"":""₹300 - ₹700""}]},{""cause"":""Internal short circuit within a wall or ceiling fixture/wiring."",""severity"":""high"",""solution"":""Isolate sections of the circuit to pinpoint the location of the short. Repair or replace the damaged wiring/fixture. This is a complex task requiring an experienced electrician."",""probability"":0.2,""estimatedCost"":""₹1500 - ₹5000""},{""cause"":""Issue with the main power supply line to the room from the distribution board."",""severity"":""high"",""solution"":""Inspect the main power line for damage or disconnections. Repair or replace as necessary. This requires an electrician and may involve working with live wires."",""probability"":0.1,""estimatedCost"":""₹1000 - ₹3000""}],""summary"":""The entire room has experienced a sudden power outage, while other rooms and common areas have power, and the MCB appears to be in the 'on' position. This indicates an issue specific to the room's electrical circuit."",""urgency"":""critical"",""recommendedAction"":""Immediately contact a qualified electrician to diagnose and resolve the issue. Do not attempt to troubleshoot or repair electrical problems yourself, as it can be dangerous.""}",null,completed,2026-06-30 08:29:53.292526+00,2026-06-30 08:29:52.196+00
a82002cf-7872-4bce-b435-f79f1afbcd92,e0e94ac2-9af5-4194-ba97-3caff204496e,00000000-0000-0000-0000-000000000001,bd081ad6-5fe3-4c1d-a919-81b1055efa19,47389994-b201-4bb1-bf91-8bce4dbde510,"[{""answer"":""Today"",""question"":""When did you first notice this issue?""},{""answer"":""Minor — can manage"",""question"":""How severe is the issue?""},{""answer"":""First time"",""question"":""Has this issue happened before?""},{""answer"":""Nothing, happened on its own"",""question"":""Did anything specific trigger this issue?""},{""answer"":""Only my room"",""question"":""Is the issue affecting other rooms or just yours?""}]","{""causes"":[{""cause"":""Worn out lock mechanism"",""severity"":""medium"",""solution"":""Replace the existing cupboard lock with a new one."",""probability"":0.7,""estimatedCost"":""₹200 - ₹500"",""requiredParts"":[{""name"":""Cupboard lock"",""estimatedPrice"":""₹150 - ₹400""},{""name"":""Screws (if not included with lock)"",""estimatedPrice"":""₹10 - ₹20""}]},{""cause"":""Key broken inside the lock"",""severity"":""high"",""solution"":""Attempt to extract the broken key. If unsuccessful, the lock will need to be replaced."",""probability"":0.15,""estimatedCost"":""₹200 - ₹600"",""requiredParts"":[{""name"":""Cupboard lock (if extraction fails)"",""estimatedPrice"":""₹150 - ₹400""}]},{""cause"":""Misalignment of the lock and strike plate"",""severity"":""low"",""solution"":""Adjust the position of the strike plate or the lock mechanism to ensure proper alignment."",""probability"":0.1,""estimatedCost"":""₹50 - ₹150"",""requiredParts"":[]},{""cause"":""Loose screws on the lock or strike plate"",""severity"":""low"",""solution"":""Tighten all screws on the lock mechanism and the strike plate."",""probability"":0.05,""estimatedCost"":""₹0 - ₹50"",""requiredParts"":[]}],""summary"":""The cupboard lock in your room needs to be changed. This is a minor issue that you noticed today and it's the first time it has occurred. It's only affecting your room."",""urgency"":""medium"",""recommendedAction"":""The most probable cause is a worn-out lock mechanism. It is recommended to replace the cupboard lock. If a key is broken inside, extraction should be attempted first. If the issue is due to misalignment or loose screws, these can be adjusted or tightened respectively.""}",null,completed,2026-06-30 08:34:10.689254+00,2026-06-30 08:34:09.803+00
2ba47fb2-ec70-4025-a8ba-79abee12f2df,943908d6-ee9a-4bf4-aeab-eff7fb4ae697,00000000-0000-0000-0000-000000000001,bd081ad6-5fe3-4c1d-a919-81b1055efa19,caf6381e-5189-4c1f-bf0a-4dfd99d9b9e7,"[{""answer"":""Yesterday"",""question"":""When did you first notice this issue?""},{""answer"":""Minor — can manage"",""question"":""How severe is the issue?""},{""answer"":""First time"",""question"":""Has this issue happened before?""},{""answer"":""Nothing, happened on its own"",""question"":""Did anything specific trigger this issue?""},{""answer"":""Only my room"",""question"":""Is the issue affecting other rooms or just yours?""}]","{""causes"":[{""cause"":""Low water pressure from the building's supply line."",""severity"":""medium"",""solution"":""Check the building's main water supply valve to ensure it's fully open. If the pressure is consistently low, the building management might need to investigate the water supply system."",""probability"":0.4,""estimatedCost"":""₹0 - ₹200 (if a plumber is called to check the main valve)""},{""cause"":""Kinked or blocked inlet hose for the washing machine."",""severity"":""low"",""solution"":""Inspect the water inlet hoses connected to the washing machine for any kinks or bends. Straighten them if found. Disconnect the hoses and check for any debris or blockages inside. Clean if necessary."",""probability"":0.3,""estimatedCost"":""₹0""},{""cause"":""Clogged inlet filter screen in the washing machine."",""severity"":""medium"",""solution"":""Turn off the water supply to the washing machine. Disconnect the inlet hoses from the back of the machine. You will see small filter screens inside the inlet valves. Carefully remove and clean these screens under running water. Reinstall them and reconnect the hoses."",""probability"":0.2,""estimatedCost"":""₹0"",""requiredParts"":[{""name"":""Pliers (optional, for stubborn screens)"",""estimatedPrice"":""₹150 - ₹300""}]},{""cause"":""Faulty water inlet valve in the washing machine."",""severity"":""high"",""solution"":""If the above steps don't resolve the issue, the water inlet valve in the washing machine might be faulty and need replacement. This usually requires a technician."",""probability"":0.1,""estimatedCost"":""₹1000 - ₹2500 (for valve and technician visit)"",""requiredParts"":[{""name"":""Washing machine inlet valve (specific to model)"",""estimatedPrice"":""₹500 - ₹1500""}]}],""summary"":""The washing machine is receiving water very slowly, which started yesterday and is a minor issue affecting only your room. This is the first time it has occurred."",""urgency"":""medium"",""recommendedAction"":""Start by checking the most common and easiest solutions first: inspect the inlet hoses for kinks and clean the inlet filter screens. If the issue persists, investigate the building's water pressure. If all else fails, a faulty inlet valve might be the cause, requiring professional help.""}",null,completed,2026-06-30 08:37:43.029427+00,2026-06-30 08:37:42.216+00
e29dd731-0da4-4499-baee-3d1af6085d76,1b24e22a-8d8f-4237-80aa-4709478acf52,00000000-0000-0000-0000-000000000001,bd081ad6-5fe3-4c1d-a919-81b1055efa19,a5831922-eaeb-48c2-941c-fd96fae8813d,"[{""answer"":""Yes"",""question"":""Is the AC turning on when you press the power button?""},{""answer"":""No air at all"",""question"":""Is air coming out from the AC vents?""},{""answer"":""Never / Not sure"",""question"":""When was the AC filter last cleaned?""},{""answer"":""No"",""question"":""Is there any water leaking from the AC?""},{""answer"":""Yes"",""question"":""Is the remote control working properly?""}]","{""causes"":[{""cause"":""Clogged AC filter"",""severity"":""medium"",""solution"":""Clean or replace the AC filter. If cleaning, ensure it's completely dry before reinserting. If replacing, ensure the new filter is the correct size and type for your AC unit."",""probability"":0.7,""estimatedCost"":""₹200 - ₹800 (for cleaning/basic filter replacement)"",""requiredParts"":[{""name"":""AC filter"",""estimatedPrice"":""₹200 - ₹500""}]},{""cause"":""Blower motor issue"",""severity"":""high"",""solution"":""Inspect the blower motor for any obstructions or signs of damage. If the motor is faulty, it will need to be replaced by a qualified technician."",""probability"":0.2,""estimatedCost"":""₹2000 - ₹6000 (for repair/replacement)"",""requiredParts"":[{""name"":""Blower motor"",""estimatedPrice"":""₹1500 - ₹4000""}]},{""cause"":""Capacitor failure"",""severity"":""high"",""solution"":""A faulty capacitor can prevent the AC from starting or the fan from blowing. This will need to be diagnosed and replaced by a technician."",""probability"":0.1,""estimatedCost"":""₹1000 - ₹2500 (for replacement)"",""requiredParts"":[{""name"":""AC capacitor"",""estimatedPrice"":""₹500 - ₹1500""}]}],""summary"":""The AC is turning on but no air is coming out, and the filter hasn't been cleaned recently. The remote is working."",""urgency"":""high"",""recommendedAction"":""Start by cleaning or replacing the AC filter. If the issue persists, a technician should inspect the blower motor and capacitor.""}",null,completed,2026-06-30 08:39:48.608166+00,2026-06-30 08:39:47.752+00
09f42d6c-51de-43a1-93c1-7e7ab59eb97b,1061922a-6df4-4740-b754-7677e856b7b9,00000000-0000-0000-0000-000000000001,bd081ad6-5fe3-4c1d-a919-81b1055efa19,a25aca1b-211b-41d3-ab08-78bd2b9541e8,"[{""answer"":""Yesterday"",""question"":""When did you first notice this issue?""},{""answer"":""Minor — can manage"",""question"":""How severe is the issue?""},{""answer"":""First time"",""question"":""Has this issue happened before?""},{""answer"":""Nothing, happened on its own"",""question"":""Did anything specific trigger this issue?""},{""answer"":""Only my room"",""question"":""Is the issue affecting other rooms or just yours?""}]","{""causes"":[{""cause"":""Hair and soap scum buildup in the drainpipe."",""severity"":""medium"",""solution"":""Use a drain cleaner or a plumbing snake to clear the clog. For a more permanent solution, the drainpipe may need to be professionally cleaned."",""probability"":0.7,""estimatedCost"":""₹200 - ₹800 (for drain cleaner/snake) or ₹1000 - ₹2500 (for professional cleaning)"",""requiredParts"":[{""name"":""Drain cleaner"",""estimatedPrice"":""₹200 - ₹500""},{""name"":""Plumbing snake"",""estimatedPrice"":""₹300 - ₹800""}]},{""cause"":""Small object lodged in the drain."",""severity"":""medium"",""solution"":""Attempt to retrieve the object with pliers or a grabber tool. If unsuccessful, a plumber may need to remove the obstruction."",""probability"":0.2,""estimatedCost"":""₹0 (if retrievable) or ₹800 - ₹2000 (for plumber)"",""requiredParts"":[{""name"":""Pliers/Grabber tool"",""estimatedPrice"":""₹100 - ₹300""}]},{""cause"":""Mineral buildup in pipes (hard water areas)."",""severity"":""low"",""solution"":""Regular use of a descaling drain cleaner can help. In severe cases, pipe replacement might be necessary."",""probability"":0.1,""estimatedCost"":""₹300 - ₹700 (for descaling cleaner) or ₹5000+ (for pipe replacement)"",""requiredParts"":[{""name"":""Descaling drain cleaner"",""estimatedPrice"":""₹300 - ₹700""}]}],""summary"":""The bathroom drain in your room is clogged, likely due to hair and soap scum buildup. This is a minor issue that started yesterday and is not affecting other rooms."",""urgency"":""medium"",""recommendedAction"":""Initially, try using a drain cleaner or a plumbing snake. If the clog persists, it is recommended to call a plumber to further investigate and resolve the issue.""}",null,completed,2026-06-30 08:41:44.131566+00,2026-06-30 08:41:43.266+00
838fbeb0-1620-4c98-ba3c-0d2b42b4e36c,dc7afc7b-d90e-4653-bc2a-9c1262ca0c1a,00000000-0000-0000-0000-000000000001,bd081ad6-5fe3-4c1d-a919-81b1055efa19,a5831922-eaeb-48c2-941c-fd96fae8813d,"[{""answer"":""Yes"",""question"":""Is the AC turning on when you press the power button?""},{""answer"":""Yes, but warm air"",""question"":""Is air coming out from the AC vents?""},{""answer"":""Within last month"",""question"":""When was the AC filter last cleaned?""},{""answer"":""No"",""question"":""Is there any water leaking from the AC?""},{""answer"":""Yes"",""question"":""Is the remote control working properly?""}]","{""causes"":[{""cause"":""Low refrigerant levels"",""severity"":""medium"",""solution"":""Check for refrigerant leaks and recharge the refrigerant. This requires a trained technician."",""probability"":0.6,""estimatedCost"":""₹1500 - ₹3500"",""requiredParts"":[{""name"":""Refrigerant"",""estimatedPrice"":""₹800 - ₹2000""},{""name"":""Leak sealant (if applicable)"",""estimatedPrice"":""₹300 - ₹700""}]},{""cause"":""Dirty condenser coils"",""severity"":""medium"",""solution"":""Clean the condenser coils thoroughly. This can be done by a technician or a knowledgeable person."",""probability"":0.2,""estimatedCost"":""₹500 - ₹1200"",""requiredParts"":[{""name"":""Coil cleaner"",""estimatedPrice"":""₹200 - ₹400""}]},{""cause"":""Faulty compressor"",""severity"":""high"",""solution"":""The compressor needs to be replaced. This is a major repair and requires a qualified technician."",""probability"":0.1,""estimatedCost"":""₹8000 - ₹15000"",""requiredParts"":[{""name"":""AC Compressor"",""estimatedPrice"":""₹6000 - ₹12000""}]},{""cause"":""Clogged condensate drain line"",""severity"":""low"",""solution"":""Clear the clogged drain line. This can often be done by flushing with water or a mild cleaning solution."",""probability"":0.1,""estimatedCost"":""₹300 - ₹800"",""requiredParts"":[{""name"":""Drain line cleaner (optional)"",""estimatedPrice"":""₹100 - ₹300""}]}],""summary"":""The AC is turning on and blowing warm air, and there is water dripping. The filter was cleaned recently, and the remote is working."",""urgency"":""high"",""recommendedAction"":""Contact a qualified AC technician to diagnose and repair the issue. Given the warm air and water dripping, it's likely a refrigerant or coil issue, but a faulty compressor is also a possibility.""}",null,completed,2026-06-30 08:43:12.286966+00,2026-06-30 08:43:11.462+00
7ab6e165-59c6-4eff-8ad4-2a666855f117,72306fae-1737-4c53-917b-4a0408a78a10,00000000-0000-0000-0000-000000000001,bd081ad6-5fe3-4c1d-a919-81b1055efa19,caf6381e-5189-4c1f-bf0a-4dfd99d9b9e7,"[{""answer"":""Yesterday"",""question"":""When did you first notice this issue?""},{""answer"":""Minor — can manage"",""question"":""How severe is the issue?""},{""answer"":""First time"",""question"":""Has this issue happened before?""},{""answer"":""Nothing, happened on its own"",""question"":""Did anything specific trigger this issue?""},{""answer"":""Only my room"",""question"":""Is the issue affecting other rooms or just yours?""}]","{""causes"":[{""cause"":""Accumulation of dirt, lint, and detergent residue in the washing machine tub and dispenser."",""severity"":""medium"",""solution"":""Perform a thorough cleaning cycle using a washing machine cleaner or a mixture of vinegar and baking soda. Regularly clean the detergent dispenser and lint filter."",""probability"":0.8,""estimatedCost"":""INR 200-500 for cleaning agents."",""requiredParts"":[{""name"":""Washing machine cleaner"",""estimatedPrice"":""INR 200-400""},{""name"":""White vinegar"",""estimatedPrice"":""INR 50-100""},{""name"":""Baking soda"",""estimatedPrice"":""INR 20-50""}]},{""cause"":""Overloading the washing machine, which prevents proper rinsing and can redeposit dirt onto clothes."",""severity"":""low"",""solution"":""Wash smaller loads to allow clothes to move freely and rinse effectively."",""probability"":0.15,""estimatedCost"":""INR 0""},{""cause"":""Using too much detergent, leading to residue buildup."",""severity"":""low"",""solution"":""Use the recommended amount of detergent based on load size and water hardness."",""probability"":0.05,""estimatedCost"":""INR 0""}],""summary"":""The washing machine is leaving dirt particles on clothes, likely due to accumulated grime within the machine. This is a minor issue that can be resolved with proper cleaning."",""urgency"":""low"",""recommendedAction"":""Perform a deep cleaning of the washing machine immediately. Advise residents to avoid overloading the machine and use appropriate detergent amounts in the future.""}",null,completed,2026-06-30 08:45:56.513321+00,2026-06-30 08:45:55.66+00
67953288-12ff-472d-9957-2b4e8f64ec59,c5937030-097a-4c7d-8437-21c5444641a3,00000000-0000-0000-0000-000000000001,bd081ad6-5fe3-4c1d-a919-81b1055efa19,a5831922-eaeb-48c2-941c-fd96fae8813d,"[{""answer"":""Yes"",""question"":""Is the AC turning on when you press the power button?""},{""answer"":""No air at all"",""question"":""Is air coming out from the AC vents?""},{""answer"":""Never / Not sure"",""question"":""When was the AC filter last cleaned?""},{""answer"":""No"",""question"":""Is there any water leaking from the AC?""},{""answer"":""Yes"",""question"":""Is the remote control working properly?""}]","{""causes"":[{""cause"":""Blower motor malfunction"",""severity"":""high"",""solution"":""Inspect and repair/replace the blower motor. Check for obstructions in the blower assembly."",""probability"":0.6,""estimatedCost"":""₹2,500 - ₹7,000"",""requiredParts"":[{""name"":""Blower motor"",""estimatedPrice"":""₹2,000 - ₹5,000""},{""name"":""Capacitor (if applicable)"",""estimatedPrice"":""₹300 - ₹800""}]},{""cause"":""Clogged air filter"",""severity"":""medium"",""solution"":""Clean or replace the AC air filter. This can restrict airflow significantly."",""probability"":0.3,""estimatedCost"":""₹200 - ₹800"",""requiredParts"":[{""name"":""AC air filter"",""estimatedPrice"":""₹200 - ₹800""}]},{""cause"":""Blocked air duct/vent"",""severity"":""medium"",""solution"":""Inspect and clear any obstructions in the air ducts or vents. This could be debris, pests, or collapsed ductwork."",""probability"":0.1,""estimatedCost"":""₹500 - ₹2,000""}],""summary"":""The AC is turning on but no air is coming out from the vents, and the filter hasn't been cleaned or its cleaning status is unknown. This strongly suggests an issue with the airflow system."",""urgency"":""high"",""recommendedAction"":""Immediately arrange for a technician to inspect the AC unit, focusing on the blower motor, air filter, and ductwork. Continued operation without airflow can damage the compressor.""}",null,completed,2026-06-30 08:49:52.413345+00,2026-06-30 08:49:51.555+00
14f809ad-2fb4-4270-922e-d514fadf2a00,2c290b85-57fd-4fca-8a21-5f6dab2423bf,00000000-0000-0000-0000-000000000001,bd081ad6-5fe3-4c1d-a919-81b1055efa19,a5831922-eaeb-48c2-941c-fd96fae8813d,"[{""answer"":""Yes"",""question"":""Is the AC turning on when you press the power button?""},{""answer"":""No air at all"",""question"":""Is air coming out from the AC vents?""},{""answer"":""Never / Not sure"",""question"":""When was the AC filter last cleaned?""},{""answer"":""No"",""question"":""Is there any water leaking from the AC?""},{""answer"":""Yes"",""question"":""Is the remote control working properly?""}]","{""causes"":[{""cause"":""Blower motor malfunction"",""severity"":""high"",""solution"":""The blower motor is responsible for pushing air through the vents. If no air is coming out, it's highly likely the blower motor has failed and needs to be replaced. This will require a technician to open the AC unit, diagnose the specific motor issue, and replace it."",""probability"":0.6,""estimatedCost"":""₹2,500 - ₹6,000"",""requiredParts"":[{""name"":""AC Blower Motor"",""estimatedPrice"":""₹1,500 - ₹4,000""}]},{""cause"":""Capacitor failure"",""severity"":""medium"",""solution"":""A faulty capacitor can prevent the blower motor from starting. A technician can test the capacitor and replace it if it's defective."",""probability"":0.2,""estimatedCost"":""₹800 - ₹1,500"",""requiredParts"":[{""name"":""AC Capacitor"",""estimatedPrice"":""₹300 - ₹700""}]},{""cause"":""Clogged air filter"",""severity"":""low"",""solution"":""While you mentioned no air is coming out at all, a severely clogged air filter can restrict airflow to a point where it feels like no air is coming out. It's always good practice to clean or replace the air filter regularly. This is a DIY fix."",""probability"":0.1,""estimatedCost"":""₹0 - ₹500"",""requiredParts"":[{""name"":""AC Air Filter (if replacement needed)"",""estimatedPrice"":""₹200 - ₹500""}]},{""cause"":""Control board issue"",""severity"":""high"",""solution"":""Less likely, but a malfunctioning control board could be preventing the blower motor from receiving power. This would require a technician to diagnose and potentially replace the control board."",""probability"":0.1,""estimatedCost"":""₹3,000 - ₹8,000"",""requiredParts"":[{""name"":""AC Control Board"",""estimatedPrice"":""₹2,000 - ₹6,000""}]}],""summary"":""The AC is turning on, but no air is coming out from the vents. This strongly suggests an issue with the internal fan (blower motor) or its related components. The AC filter has not been cleaned, which could be a contributing factor, but is unlikely to cause a complete lack of airflow on its own."",""urgency"":""high"",""recommendedAction"":""Given that there is no airflow, it is recommended to call an AC technician immediately to diagnose and repair the issue. Continuing to run the AC without airflow can potentially damage other components. In the meantime, ensure the AC unit is turned off to prevent further issues.""}",null,completed,2026-06-30 09:11:10.405285+00,2026-06-30 09:11:09.611+00
e1032e74-2ac0-44f4-a907-b50da907574c,85812d2d-2e47-47d4-af86-ec809ed46287,00000000-0000-0000-0000-000000000001,bd081ad6-5fe3-4c1d-a919-81b1055efa19,abc84f5b-a950-406e-ab46-cefbe11df925,"[{""answer"":""Floor / sweeping"",""question"":""What needs cleaning?""},{""answer"":""Today but not proper"",""question"":""When was the last cleaning done?""},{""answer"":""One-time"",""question"":""Is this a one-time request or recurring issue?""}]","{""causes"":[{""cause"":""Inadequate cleaning by staff"",""severity"":""medium"",""solution"":""Retrain housekeeping staff on proper cleaning procedures, especially for floor sweeping. Implement a checklist for daily cleaning tasks to ensure all areas are covered thoroughly."",""probability"":0.8,""estimatedCost"":""INR 0 (if internal staff retraining) - INR 5000 (if external trainer is hired)""},{""cause"":""Lack of proper cleaning tools or equipment"",""severity"":""low"",""solution"":""Assess current cleaning tools. Provide appropriate and well-maintained brooms, dustpans, and mops. Consider investing in a vacuum cleaner for more effective floor cleaning."",""probability"":0.15,""estimatedCost"":""INR 1000 - INR 10000 (depending on equipment purchased)"",""requiredParts"":[{""name"":""Good quality broom and dustpan"",""estimatedPrice"":""INR 300 - INR 800""},{""name"":""Mop and bucket set"",""estimatedPrice"":""INR 500 - INR 1500""},{""name"":""Vacuum cleaner (optional)"",""estimatedPrice"":""INR 3000 - INR 8000""}]},{""cause"":""Insufficient time allocated for cleaning"",""severity"":""low"",""solution"":""Review the daily cleaning schedule and allocate sufficient time for thorough cleaning of each room, especially for floor sweeping. Ensure staff are not rushed."",""probability"":0.05,""estimatedCost"":""INR 0 (if schedule is adjusted internally)""}],""summary"":""The floor sweeping in the room was not done properly, despite cleaning being done today. This is a one-time issue."",""urgency"":""medium"",""recommendedAction"":""Immediate retraining of housekeeping staff on proper floor sweeping techniques and supervision of subsequent cleaning tasks. Consider reviewing cleaning tools and schedules.""}",null,completed,2026-06-30 09:20:30.21028+00,2026-06-30 09:20:29.094+00
7a2decfc-7ca5-48e0-948e-c15fa04709bd,1bafcc2f-7872-4122-a353-d5d40de70cb8,00000000-0000-0000-0000-000000000001,bd081ad6-5fe3-4c1d-a919-81b1055efa19,a25aca1b-211b-41d3-ab08-78bd2b9541e8,"[{""answer"":""Yesterday"",""question"":""When did you first notice this issue?""},{""answer"":""Minor — can manage"",""question"":""How severe is the issue?""},{""answer"":""First time"",""question"":""Has this issue happened before?""},{""answer"":""Nothing, happened on its own"",""question"":""Did anything specific trigger this issue?""},{""answer"":""Only my room"",""question"":""Is the issue affecting other rooms or just yours?""}]","{""causes"":[{""cause"":""Aerator Clog"",""severity"":""low"",""solution"":""Unscrew the aerator from the faucet, clean out any sediment or mineral buildup, and reattach it. This can often be done by hand or with a wrench if it's too tight."",""probability"":0.6,""estimatedCost"":""₹0 - ₹50"",""requiredParts"":[{""name"":""Aerator cleaning solution (optional)"",""estimatedPrice"":""₹50""}]},{""cause"":""Partially Closed Stopcock/Angle Valve"",""severity"":""low"",""solution"":""Check the stopcock (also known as an angle valve) located under the sink. Ensure it is fully open. Turn it counter-clockwise to open it completely."",""probability"":0.2,""estimatedCost"":""₹0""},{""cause"":""Sediment Buildup in Faucet Cartridge"",""severity"":""medium"",""solution"":""If cleaning the aerator doesn't work, the faucet cartridge might be clogged. This requires turning off the water supply, disassembling the faucet handle, removing the cartridge, and cleaning it or replacing it if damaged. This might require a plumber."",""probability"":0.15,""estimatedCost"":""₹200 - ₹800"",""requiredParts"":[{""name"":""Replacement faucet cartridge (if needed)"",""estimatedPrice"":""₹200 - ₹500""}]},{""cause"":""Issue with Building's Main Water Supply"",""severity"":""high"",""solution"":""If none of the above solutions work and other taps in the building also have low pressure, there might be an issue with the building's main water supply or pressure regulator. This would require a building maintenance professional."",""probability"":0.05,""estimatedCost"":""Varies greatly, potentially ₹1000+"",""requiredParts"":[]}],""summary"":""The low water pressure in your sink tap is most likely due to a minor clog in the aerator or a partially closed stopcock. These are common issues and usually easy to fix."",""urgency"":""low"",""recommendedAction"":""Start by checking and cleaning the aerator on your sink tap. If that doesn't resolve the issue, check the stopcock under the sink to ensure it's fully open. If the problem persists, it might indicate a more involved issue with the faucet cartridge or the building's water supply, which may require professional help.""}",null,completed,2026-06-30 09:56:27.882281+00,2026-06-30 09:56:26.925+00
e743244a-1a9c-4f04-950e-fdc5c880bfe6,b34f7660-d7e5-4c73-8b44-1b710f3ab3b1,00000000-0000-0000-0000-000000000001,bd081ad6-5fe3-4c1d-a919-81b1055efa19,7917cc13-aaca-4558-a2c2-8be5cd8fc159,"[{""answer"":""Keeps connecting and disconnecting"",""question"":""Is the WiFi signal showing on your device?""},{""answer"":""Not sure"",""question"":""Are other people in the same area also affected?""},{""answer"":""All lights are green"",""question"":""Is the router light on?""},{""answer"":""No, haven't tried"",""question"":""Have you tried restarting your device?""}]","{""causes"":[{""cause"":""Router overload or interference"",""severity"":""medium"",""solution"":""Restart the router. If the issue persists, consider changing the Wi-Fi channel or repositioning the router to minimize interference."",""probability"":0.4,""estimatedCost"":""₹0 - ₹500"",""requiredParts"":[]},{""cause"":""Faulty Wi-Fi adapter on your device"",""severity"":""medium"",""solution"":""Try connecting to the D21 Wi-Fi with another device. If other devices connect fine, the issue might be with your device's Wi-Fi adapter. Consider updating drivers or using a USB Wi-Fi adapter."",""probability"":0.2,""estimatedCost"":""₹0 - ₹1500"",""requiredParts"":[{""name"":""USB Wi-Fi adapter"",""estimatedPrice"":""₹500 - ₹1500""}]},{""cause"":""Incorrect Wi-Fi settings on your device"",""severity"":""low"",""solution"":""Forget the 'c black' network and ensure your device is configured to automatically connect to 'D21 WiFi'. Check for any VPNs or proxy settings that might be interfering."",""probability"":0.2,""estimatedCost"":""₹0"",""requiredParts"":[]},{""cause"":""Weak Wi-Fi signal from D21 router"",""severity"":""medium"",""solution"":""Move closer to the D21 router to see if the connection stabilizes. If the signal is consistently weak, a Wi-Fi extender might be needed."",""probability"":0.1,""estimatedCost"":""₹1000 - ₹3000"",""requiredParts"":[{""name"":""Wi-Fi extender"",""estimatedPrice"":""₹1000 - ₹3000""}]},{""cause"":""Issue with the D21 router itself"",""severity"":""high"",""solution"":""If all other solutions fail and other devices also experience issues with D21 WiFi, the router might be faulty and require replacement or professional inspection."",""probability"":0.1,""estimatedCost"":""₹2000 - ₹8000"",""requiredParts"":[{""name"":""New Wi-Fi router"",""estimatedPrice"":""₹2000 - ₹8000""}]}],""summary"":""The Wi-Fi connection is unstable, frequently disconnecting from 'D21 WiFi' and connecting to 'c black', leading to slow internet. All router lights are green."",""urgency"":""medium"",""recommendedAction"":""First, restart your device and the Wi-Fi router. Then, forget the 'c black' network and ensure your device is set to connect to 'D21 WiFi' automatically. If the problem persists, try connecting with another device to isolate the issue to your device or the router.""}",null,completed,2026-06-30 11:00:45.523437+00,2026-06-30 11:00:44.559+00
81be4e70-953d-4862-96ab-7e667d2b2626,9d46f760-21e0-4282-b63b-f6dc832bec8d,00000000-0000-0000-0000-000000000001,bd081ad6-5fe3-4c1d-a919-81b1055efa19,abc84f5b-a950-406e-ab46-cefbe11df925,"[{""answer"":""Full room cleaning"",""question"":""What needs cleaning?""},{""answer"":""Today but not proper"",""question"":""When was the last cleaning done?""},{""answer"":""One-time"",""question"":""Is this a one-time request or recurring issue?""}]","{""causes"":[{""cause"":""Inadequate cleaning by staff."",""severity"":""medium"",""solution"":""Retrain cleaning staff on proper cleaning protocols and inspect their work more closely."",""probability"":0.8,""estimatedCost"":""₹0""},{""cause"":""Lack of clear cleaning checklist or standards."",""severity"":""low"",""solution"":""Implement a detailed cleaning checklist for all areas, including drawers, and ensure staff follow it."",""probability"":0.15,""estimatedCost"":""₹0""},{""cause"":""Insufficient time allocated for cleaning."",""severity"":""low"",""solution"":""Review cleaning schedules and allocate sufficient time for thorough cleaning of all areas."",""probability"":0.05,""estimatedCost"":""₹0""}],""summary"":""The drawer is dirty despite a cleaning having been done today, indicating an issue with the quality of the cleaning service."",""urgency"":""medium"",""recommendedAction"":""Immediate re-cleaning of the room, focusing on the drawer, and a review of cleaning procedures and staff training.""}",null,completed,2026-07-02 07:09:06.792203+00,2026-07-02 07:09:06.016+00
7ce43728-6430-4a50-8ed3-c9baaf5f736c,e2f11fa3-0123-4cab-a9e4-46d077572c09,00000000-0000-0000-0000-000000000001,bd081ad6-5fe3-4c1d-a919-81b1055efa19,01208ba1-4225-4a61-be39-3afe03dad690,"[{""answer"":""Today"",""question"":""When did you first notice this issue?""},{""answer"":""Minor — can manage"",""question"":""How severe is the issue?""},{""answer"":""First time"",""question"":""Has this issue happened before?""},{""answer"":""After using something"",""question"":""Did anything specific trigger this issue?""},{""answer"":""Only my room"",""question"":""Is the issue affecting other rooms or just yours?""}]","{""causes"":[{""cause"":""Loose RO water filter housing"",""severity"":""medium"",""solution"":""Tighten the filter housing using the appropriate wrench. Ensure it's snug but not overtightened to avoid cracking."",""probability"":0.4,""estimatedCost"":""₹0 - ₹50"",""requiredParts"":[{""name"":""RO Wrench"",""estimatedPrice"":""₹50""}]},{""cause"":""Damaged O-ring in the filter housing"",""severity"":""medium"",""solution"":""Replace the O-ring. Turn off the water supply, open the housing, remove the old O-ring, and install a new one. Apply a thin layer of food-grade silicone grease to the new O-ring for a better seal."",""probability"":0.3,""estimatedCost"":""₹50 - ₹150"",""requiredParts"":[{""name"":""RO Filter Housing O-ring"",""estimatedPrice"":""₹50 - ₹100""},{""name"":""Food-grade silicone grease"",""estimatedPrice"":""₹50""}]},{""cause"":""Cracked RO water filter housing"",""severity"":""high"",""solution"":""Replace the cracked filter housing. Turn off the water supply, disconnect the old housing, and install a new one. Ensure all connections are secure."",""probability"":0.2,""estimatedCost"":""₹300 - ₹800"",""requiredParts"":[{""name"":""RO Filter Housing"",""estimatedPrice"":""₹300 - ₹800""}]},{""cause"":""Loose fitting or connection in the RO system"",""severity"":""low"",""solution"":""Inspect all connections and fittings in the RO system. Gently tighten any loose connections. If a fitting is stripped, it may need to be replaced."",""probability"":0.1,""estimatedCost"":""₹0 - ₹200"",""requiredParts"":[{""name"":""RO fittings/connectors (if needed)"",""estimatedPrice"":""₹50 - ₹200""}]}],""summary"":""The RO system is dripping, likely due to a loose connection, a damaged O-ring, or a cracked filter housing. The issue started today after using something, and it's confined to your room."",""urgency"":""medium"",""recommendedAction"":""First, try to identify the exact source of the drip. If it's from a filter housing, attempt to tighten it. If the dripping persists, turn off the water supply to the RO system and contact maintenance to investigate further and replace any faulty parts.""}",null,completed,2026-07-02 07:12:14.588466+00,2026-07-02 07:12:13.429+00
627dbcfe-3b13-4f34-8026-924bebe77a78,445453be-c171-4a6e-bda4-13f01b7ca1cd,00000000-0000-0000-0000-000000000001,bd081ad6-5fe3-4c1d-a919-81b1055efa19,caf6381e-5189-4c1f-bf0a-4dfd99d9b9e7,"[{""answer"":""Today"",""question"":""When did you first notice this issue?""},{""answer"":""Minor — can manage"",""question"":""How severe is the issue?""},{""answer"":""First time"",""question"":""Has this issue happened before?""},{""answer"":""After using something"",""question"":""Did anything specific trigger this issue?""},{""answer"":""Only my room"",""question"":""Is the issue affecting other rooms or just yours?""}]","{""causes"":[{""cause"":""Residue buildup from detergent or fabric softener."",""severity"":""low"",""solution"":""Run a cleaning cycle with hot water and a washing machine cleaner, or a mixture of white vinegar and baking soda."",""probability"":0.6,""estimatedCost"":""₹100-₹300"",""requiredParts"":[{""name"":""Washing machine cleaner"",""estimatedPrice"":""₹100-₹300""},{""name"":""White vinegar"",""estimatedPrice"":""₹50-₹100""},{""name"":""Baking soda"",""estimatedPrice"":""₹30-₹70""}]},{""cause"":""Mold or mildew growth due to moisture retention."",""severity"":""medium"",""solution"":""Clean the detergent dispenser, rubber gasket around the door, and the drum thoroughly with a mold/mildew cleaner or a bleach solution. Leave the door ajar after each use to allow it to dry."",""probability"":0.3,""estimatedCost"":""₹200-₹500"",""requiredParts"":[{""name"":""Mold/mildew cleaner"",""estimatedPrice"":""₹200-₹400""},{""name"":""Bleach"",""estimatedPrice"":""₹50-₹100""}]},{""cause"":""Lint and debris accumulation in the filter or drain pump."",""severity"":""low"",""solution"":""Check and clean the lint filter and drain pump filter. Refer to the washing machine's manual for instructions on how to access and clean these components."",""probability"":0.1,""estimatedCost"":""₹0"",""requiredParts"":[]}],""summary"":""The washing machine is dirty, likely due to residue buildup, mold/mildew, or lint accumulation. This is a minor issue that can be resolved with cleaning."",""urgency"":""low"",""recommendedAction"":""Perform a thorough cleaning of the washing machine using appropriate cleaning agents and methods. Regularly clean the machine to prevent future occurrences.""}",null,completed,2026-07-02 07:14:05.511062+00,2026-07-02 07:14:04.624+00
1cb0f81f-797f-41eb-9973-6463d91ecf08,ef1af8f2-6c30-4d1a-bbb3-76b45a1ef0b6,00000000-0000-0000-0000-000000000001,bd081ad6-5fe3-4c1d-a919-81b1055efa19,e2aa2aaa-8af6-4807-9a4e-7665c5421eed,"[{""answer"":""Today"",""question"":""When did you first notice this issue?""},{""answer"":""Minor — can manage"",""question"":""How severe is the issue?""},{""answer"":""First time"",""question"":""Has this issue happened before?""},{""answer"":""Nothing, happened on its own"",""question"":""Did anything specific trigger this issue?""},{""answer"":""Only my room"",""question"":""Is the issue affecting other rooms or just yours?""}]","{""causes"":[{""cause"":""Loose screws in the lock mechanism or strike plate."",""severity"":""low"",""solution"":""Tighten all screws on the lock mechanism and the strike plate. Ensure they are flush with the wood."",""probability"":0.4,""estimatedCost"":""₹ 0"",""requiredParts"":[]},{""cause"":""Misalignment of the lock and strike plate."",""severity"":""medium"",""solution"":""Adjust the position of the strike plate or the lock mechanism slightly to ensure proper alignment. This might involve unscrewing and repositioning."",""probability"":0.3,""estimatedCost"":""₹ 0"",""requiredParts"":[]},{""cause"":""Worn out or damaged lock mechanism."",""severity"":""medium"",""solution"":""Replace the entire cupboard lock. This will involve removing the old lock and installing a new one."",""probability"":0.2,""estimatedCost"":""₹ 150 - ₹ 400"",""requiredParts"":[{""name"":""New cupboard lock"",""estimatedPrice"":""₹ 150 - ₹ 400""}]},{""cause"":""Deformation of the cupboard door or frame."",""severity"":""low"",""solution"":""If the door or frame is slightly warped, it might be possible to gently reshape it or add shims to improve alignment. In severe cases, carpentry work might be needed."",""probability"":0.1,""estimatedCost"":""₹ 0 - ₹ 200"",""requiredParts"":[]}],""summary"":""The cupboard lock is not working properly, likely due to minor mechanical issues such as loose screws or misalignment. It's a minor issue and can be managed for now."",""urgency"":""low"",""recommendedAction"":""First, try tightening all screws on the lock and strike plate. If that doesn't resolve the issue, check for misalignment and adjust if necessary. If the problem persists, consider replacing the lock mechanism.""}",null,completed,2026-07-02 07:16:20.266058+00,2026-07-02 07:16:19.195+00
9a492c56-6da4-48ec-86c2-805d21570172,32c3b5d6-227c-4abf-a0dd-463cbafae316,00000000-0000-0000-0000-000000000001,bd081ad6-5fe3-4c1d-a919-81b1055efa19,abc84f5b-a950-406e-ab46-cefbe11df925,"[{""answer"":""Dusty surfaces / furniture"",""question"":""What needs cleaning?""},{""answer"":""Yesterday"",""question"":""When was the last cleaning done?""},{""answer"":""One-time"",""question"":""Is this a one-time request or recurring issue?""}]","{""causes"":[{""cause"":""Inadequate cleaning by staff"",""severity"":""medium"",""solution"":""Retrain cleaning staff on thorough drawer cleaning procedures. Implement a checklist for cleaning tasks to ensure all areas, including drawers, are covered."",""probability"":0.7,""estimatedCost"":""INR 0 (internal staff training)""},{""cause"":""Lack of proper cleaning tools for drawers"",""severity"":""low"",""solution"":""Provide appropriate cleaning tools like small brushes or vacuum attachments that can reach inside drawers effectively."",""probability"":0.2,""estimatedCost"":""INR 200-500"",""requiredParts"":[{""name"":""Small cleaning brushes/vacuum attachments"",""estimatedPrice"":""INR 200-500""}]},{""cause"":""Occupant's personal items left in drawers during cleaning"",""severity"":""low"",""solution"":""Communicate with occupants to ensure drawers are emptied before scheduled cleaning. Provide clear instructions on preparing rooms for cleaning."",""probability"":0.1,""estimatedCost"":""INR 0 (communication/signage)""}],""summary"":""The drawers were not cleaned properly, with some residue remaining, despite cleaning having been done yesterday. This appears to be a one-time issue."",""urgency"":""medium"",""recommendedAction"":""Address the cleaning staff regarding the oversight and reinforce proper cleaning protocols for drawers. Consider a quick re-clean of the affected drawers.""}",null,completed,2026-07-02 07:18:31.799648+00,2026-07-02 07:18:31.031+00
430d43bf-0ad0-477b-92d0-af6d3d787343,457efb24-90c0-41ae-bb6b-5a047470eec7,00000000-0000-0000-0000-000000000001,bd081ad6-5fe3-4c1d-a919-81b1055efa19,a5831922-eaeb-48c2-941c-fd96fae8813d,"[{""answer"":""Yes"",""question"":""Is the AC turning on when you press the power button?""},{""answer"":""No air at all"",""question"":""Is air coming out from the AC vents?""},{""answer"":""Never / Not sure"",""question"":""When was the AC filter last cleaned?""},{""answer"":""No"",""question"":""Is there any water leaking from the AC?""},{""answer"":""Yes"",""question"":""Is the remote control working properly?""}]","{""causes"":[{""cause"":""Blower motor malfunction or failure"",""severity"":""high"",""solution"":""Inspect and repair/replace the blower motor. This may involve checking electrical connections, motor windings, and fan blades."",""probability"":0.6,""estimatedCost"":""₹2,500 - ₹8,000"",""requiredParts"":[{""name"":""Blower motor"",""estimatedPrice"":""₹2,000 - ₹7,000""},{""name"":""Capacitor (if applicable)"",""estimatedPrice"":""₹300 - ₹800""}]},{""cause"":""Blocked or extremely dirty air filter"",""severity"":""medium"",""solution"":""Clean or replace the AC air filter. A severely blocked filter can restrict airflow completely."",""probability"":0.3,""estimatedCost"":""₹200 - ₹1,000"",""requiredParts"":[{""name"":""New air filter (if replacement is needed)"",""estimatedPrice"":""₹200 - ₹1,000""}]},{""cause"":""Faulty thermostat or control board"",""severity"":""medium"",""solution"":""Diagnose and repair/replace the thermostat or the AC's control board. This could be preventing the blower from receiving the signal to turn on."",""probability"":0.1,""estimatedCost"":""₹1,000 - ₹5,000"",""requiredParts"":[{""name"":""Thermostat"",""estimatedPrice"":""₹800 - ₹3,000""},{""name"":""Control board"",""estimatedPrice"":""₹1,500 - ₹4,000""}]}],""summary"":""The AC is turning on, but no air is coming out from the vents, indicating a problem with the airflow system. The filter has never been cleaned or the cleaning history is unknown."",""urgency"":""high"",""recommendedAction"":""Immediately arrange for a qualified AC technician to inspect the unit, focusing on the blower motor, air filter, and control system. Continued operation without airflow can damage the compressor.""}",null,completed,2026-07-02 08:11:23.371846+00,2026-07-02 08:11:22.317+00
0a4999a8-4a60-4076-aa9e-faa54db82856,9b7123f6-8720-4828-b7e3-5bbf68a2a78b,00000000-0000-0000-0000-000000000001,bd081ad6-5fe3-4c1d-a919-81b1055efa19,47389994-b201-4bb1-bf91-8bce4dbde510,"[{""answer"":""Today"",""question"":""When did you first notice this issue?""},{""answer"":""Minor — can manage"",""question"":""How severe is the issue?""},{""answer"":""First time"",""question"":""Has this issue happened before?""},{""answer"":""Not sure"",""question"":""Did anything specific trigger this issue?""},{""answer"":""Only my room"",""question"":""Is the issue affecting other rooms or just yours?""}]","{""causes"":[{""cause"":""Lost keys"",""severity"":""low"",""solution"":""Duplicate the lost keys."",""probability"":1,""estimatedCost"":""₹50 - ₹200 per key"",""requiredParts"":[{""name"":""Blank key"",""estimatedPrice"":""₹20 - ₹100""}]}],""summary"":""The user has lost their room keys and needs duplicates. This is a minor issue affecting only their room and occurred for the first time today."",""urgency"":""low"",""recommendedAction"":""Get duplicate keys made as soon as possible to avoid inconvenience.""}",null,completed,2026-07-02 08:30:30.743449+00,2026-07-02 08:30:26.385+00
13003473-8ad5-40c3-8074-37225ff37b9b,851326b0-8cf3-4659-b4b4-fc42713f3a40,00000000-0000-0000-0000-000000000001,bd081ad6-5fe3-4c1d-a919-81b1055efa19,28158382-d5c1-436c-927b-3e3d9855c2af,"[{""answer"":""Just one outlet"",""question"":""Is the power out in the entire room or just some outlets?""},{""answer"":""Yes, it's on"",""question"":""Have you checked the MCB / circuit breaker?""},{""answer"":""Yes, others have power"",""question"":""Is there power in the common areas or other rooms?""},{""answer"":""Happened suddenly"",""question"":""Did this happen suddenly or after plugging something in?""}]","{""causes"":[{""cause"":""Loose wiring in the affected outlet or switchboard"",""severity"":""medium"",""solution"":""Inspect and tighten all wiring connections in the affected outlet and the corresponding switchboard. This may require opening the switchboard and outlet cover."",""probability"":0.6,""estimatedCost"":""₹200 - ₹500 (for electrician visit if needed)""},{""cause"":""Faulty outlet"",""severity"":""low"",""solution"":""Replace the faulty outlet. This is a straightforward replacement."",""probability"":0.25,""estimatedCost"":""₹100 - ₹300 (for new outlet) + ₹200 - ₹500 (for electrician visit if needed)"",""requiredParts"":[{""name"":""New electrical outlet"",""estimatedPrice"":""₹100 - ₹300""}]},{""cause"":""Damaged internal wiring leading to the outlet"",""severity"":""high"",""solution"":""Trace and repair/replace the damaged section of the internal wiring. This might involve minor wall work."",""probability"":0.1,""estimatedCost"":""₹500 - ₹1500 (depending on the extent of damage and wall work) + ₹200 - ₹500 (for electrician visit)"",""requiredParts"":[{""name"":""Electrical wire (appropriate gauge)"",""estimatedPrice"":""₹50 - ₹200 per meter""}]},{""cause"":""Overloaded circuit (less likely if only one outlet is affected and MCB is on)"",""severity"":""low"",""solution"":""Distribute high-power appliances across different circuits. If the MCB is not tripping, this is less likely to be the primary cause for a single outlet failure."",""probability"":0.05,""estimatedCost"":""₹0 (no parts needed, just rearrangement of appliances)""}],""summary"":""The issue is localized to a single electrical outlet, with the MCB (Miniature Circuit Breaker) remaining in the 'on' position and other outlets/rooms having power. This suggests a problem within the specific outlet's wiring or the outlet itself, rather than a broader power supply issue or circuit overload."",""urgency"":""medium"",""recommendedAction"":""First, try to identify if any specific appliance caused the issue. If not, the most probable cause is loose wiring or a faulty outlet. It is recommended to have an electrician inspect the outlet and its connections. If comfortable and knowledgeable, one could carefully check the outlet for loose connections after turning off the main power supply to the room.""}",null,completed,2026-07-02 08:34:42.258208+00,2026-07-02 08:34:41.512+00
c7c820a0-cba8-4a22-bb34-320bee566b19,5553e210-3933-4725-864c-1919c0e8afc0,00000000-0000-0000-0000-000000000001,bd081ad6-5fe3-4c1d-a919-81b1055efa19,e2aa2aaa-8af6-4807-9a4e-7665c5421eed,"[{""answer"":""Today"",""question"":""When did you first notice this issue?""},{""answer"":""Minor — can manage"",""question"":""How severe is the issue?""},{""answer"":""First time"",""question"":""Has this issue happened before?""},{""answer"":""After using something"",""question"":""Did anything specific trigger this issue?""},{""answer"":""Only my room"",""question"":""Is the issue affecting other rooms or just yours?""}]","{""causes"":[{""cause"":""Screws came loose from the wall due to repeated use or improper installation."",""severity"":""medium"",""solution"":""Re-attach the hanger to the wall using appropriate screws and wall plugs. If the existing holes are stripped, new holes may need to be drilled nearby."",""probability"":0.7,""estimatedCost"":""₹100 - ₹300"",""requiredParts"":[{""name"":""Screws"",""estimatedPrice"":""₹20 - ₹50""},{""name"":""Wall Plugs (if needed)"",""estimatedPrice"":""₹30 - ₹70""}]},{""cause"":""The hanger itself is damaged (e.g., a mounting bracket is broken)."",""severity"":""medium"",""solution"":""Replace the damaged clothes hanger with a new one."",""probability"":0.2,""estimatedCost"":""₹300 - ₹800"",""requiredParts"":[{""name"":""New clothes hanger"",""estimatedPrice"":""₹250 - ₹700""}]},{""cause"":""The wall material around the hanger has deteriorated, causing the screws to lose grip."",""severity"":""high"",""solution"":""Repair the wall section (e.g., with plaster or filler) and then re-attach the hanger. This might require more extensive work."",""probability"":0.1,""estimatedCost"":""₹500 - ₹1500"",""requiredParts"":[{""name"":""Wall filler/plaster"",""estimatedPrice"":""₹100 - ₹200""},{""name"":""Screws"",""estimatedPrice"":""₹20 - ₹50""},{""name"":""Wall Plugs"",""estimatedPrice"":""₹30 - ₹70""}]}],""summary"":""The wall-mounted clothes hanger in your room has come off. This is likely due to loose screws from regular use or a damaged hanger. There's a small chance the wall itself is damaged."",""urgency"":""medium"",""recommendedAction"":""A maintenance person should inspect the hanger and the wall to determine the exact cause and fix it. This will likely involve re-attaching the hanger with new screws and wall plugs, or replacing the hanger entirely. If the wall is damaged, it will need to be repaired first.""}",null,completed,2026-07-02 08:37:26.403419+00,2026-07-02 08:37:25.582+00
0cfdfca7-1eb5-4fa1-bfcf-34251f2a98c5,4d73f96e-77f8-414a-a140-29330161d3e6,00000000-0000-0000-0000-000000000001,bd081ad6-5fe3-4c1d-a919-81b1055efa19,e2aa2aaa-8af6-4807-9a4e-7665c5421eed,"[{""answer"":""Yesterday"",""question"":""When did you first notice this issue?""},{""answer"":""Minor — can manage"",""question"":""How severe is the issue?""},{""answer"":""First time"",""question"":""Has this issue happened before?""},{""answer"":""Nothing, happened on its own"",""question"":""Did anything specific trigger this issue?""},{""answer"":""Only my room"",""question"":""Is the issue affecting other rooms or just yours?""}]","{""causes"":[{""cause"":""Accumulation of dust, dirt, and environmental pollutants over time."",""severity"":""low"",""solution"":""Professional cleaning or washing of the existing curtains."",""probability"":0.7,""estimatedCost"":""₹300 - ₹800""},{""cause"":""Curtains are old and worn out, making them difficult to clean effectively or prone to retaining odors."",""severity"":""low"",""solution"":""Replace the old curtains with new ones."",""probability"":0.3,""estimatedCost"":""₹1000 - ₹3000"",""requiredParts"":[{""name"":""New Curtains"",""estimatedPrice"":""₹800 - ₹2500""}]}],""summary"":""The curtains in your room are dirty and have a bad odor. This issue was noticed yesterday and is affecting only your room."",""urgency"":""low"",""recommendedAction"":""The curtains in your room should be cleaned or replaced.""}",null,completed,2026-07-11 07:47:12.41265+00,2026-07-11 07:47:12.089+00
65a22cac-bf42-4f8d-aeb0-13d1f4e11bae,5553e210-3933-4725-864c-1919c0e8afc0,00000000-0000-0000-0000-000000000001,bd081ad6-5fe3-4c1d-a919-81b1055efa19,e2aa2aaa-8af6-4807-9a4e-7665c5421eed,"[{""answer"":""Yesterday"",""question"":""When did you first notice this issue?""},{""answer"":""Minor — can manage"",""question"":""How severe is the issue?""},{""answer"":""First time"",""question"":""Has this issue happened before?""},{""answer"":""Not sure"",""question"":""Did anything specific trigger this issue?""},{""answer"":""Only my room"",""question"":""Is the issue affecting other rooms or just yours?""}]","{""causes"":[{""cause"":""Screws came loose from the wall due to repeated stress or improper installation."",""severity"":""medium"",""solution"":""Re-attach the hanger using appropriate wall plugs and screws. If the existing holes are too large, use a filler or move the hanger slightly."",""probability"":0.7,""estimatedCost"":""₹100 - ₹300"",""requiredParts"":[{""name"":""Wall plugs (if needed)"",""estimatedPrice"":""₹20 - ₹50""},{""name"":""Screws (if needed)"",""estimatedPrice"":""₹10 - ₹30""},{""name"":""Wall filler (if needed)"",""estimatedPrice"":""₹50 - ₹150""}]},{""cause"":""The hanger itself is damaged (e.g., mounting plate broken)."",""severity"":""medium"",""solution"":""Replace the damaged clothes hanger with a new one."",""probability"":0.2,""estimatedCost"":""₹300 - ₹800"",""requiredParts"":[{""name"":""New wall-mounted clothes hanger"",""estimatedPrice"":""₹250 - ₹750""}]},{""cause"":""Weak wall material (e.g., crumbling plaster) where the hanger was mounted."",""severity"":""high"",""solution"":""Repair the wall section with plaster or cement, then re-mount the hanger once the repair is solid. Alternatively, mount the hanger in a different, more secure location."",""probability"":0.1,""estimatedCost"":""₹500 - ₹1500"",""requiredParts"":[{""name"":""Wall repair material (plaster/cement)"",""estimatedPrice"":""₹100 - ₹300""},{""name"":""Wall plugs and screws"",""estimatedPrice"":""₹30 - ₹80""}]}],""summary"":""The wall-mounted clothes hanger in your room has come off. This is likely due to loose screws, a damaged hanger, or weak wall material."",""urgency"":""medium"",""recommendedAction"":""Inspect the hanger and the wall to determine the exact cause. If it's loose screws, attempt to re-secure it. If the hanger is damaged or the wall is weak, it will require replacement or repair respectively.""}",null,completed,2026-07-02 08:39:04.208013+00,2026-07-02 08:39:03.169+00
293b32c5-8e25-4e23-8df5-ff9cb8efe27b,3c33e01e-12af-4544-98dd-09399c2c61db,00000000-0000-0000-0000-000000000001,bd081ad6-5fe3-4c1d-a919-81b1055efa19,a5831922-eaeb-48c2-941c-fd96fae8813d,"[{""answer"":""Yes"",""question"":""Is the AC turning on when you press the power button?""},{""answer"":""No air at all"",""question"":""Is air coming out from the AC vents?""},{""answer"":""Never / Not sure"",""question"":""When was the AC filter last cleaned?""},{""answer"":""No"",""question"":""Is there any water leaking from the AC?""},{""answer"":""Yes"",""question"":""Is the remote control working properly?""}]","{""causes"":[{""cause"":""Blower motor malfunction"",""severity"":""high"",""solution"":""Inspect and repair/replace the blower motor. Check for obstructions in the blower assembly."",""probability"":0.6,""estimatedCost"":""₹2000 - ₹5000"",""requiredParts"":[{""name"":""Blower Motor"",""estimatedPrice"":""₹1500 - ₹4000""},{""name"":""Capacitor (if applicable)"",""estimatedPrice"":""₹200 - ₹500""}]},{""cause"":""Blocked air filter/evaporator coil"",""severity"":""medium"",""solution"":""Clean or replace the AC filter. Clean the evaporator coil to remove any dust or debris buildup."",""probability"":0.3,""estimatedCost"":""₹300 - ₹1000"",""requiredParts"":[{""name"":""AC Filter"",""estimatedPrice"":""₹200 - ₹800""}]},{""cause"":""Faulty fan speed control/relay"",""severity"":""medium"",""solution"":""Inspect and test the fan speed control switch or relay. Replace if found faulty."",""probability"":0.1,""estimatedCost"":""₹500 - ₹1500"",""requiredParts"":[{""name"":""Fan Speed Control Switch/Relay"",""estimatedPrice"":""₹300 - ₹1000""}]}],""summary"":""The AC is turning on but no air is coming out from the vents, indicating a problem with the air circulation system. The most probable cause is a faulty blower motor."",""urgency"":""critical"",""recommendedAction"":""Immediately arrange for an AC technician to inspect the blower motor and air circulation system. Continued operation without proper airflow can damage other components.""}",null,completed,2026-07-02 08:53:59.387654+00,2026-07-02 08:53:58.65+00
c05e5072-390e-40b0-a510-a665a464d9e4,f8701579-a3ae-4b19-abbe-d3c7bd436263,00000000-0000-0000-0000-000000000001,bd081ad6-5fe3-4c1d-a919-81b1055efa19,a5831922-eaeb-48c2-941c-fd96fae8813d,"[{""answer"":""Yes"",""question"":""Is the AC turning on when you press the power button?""},{""answer"":""No air at all"",""question"":""Is air coming out from the AC vents?""},{""answer"":""Never / Not sure"",""question"":""When was the AC filter last cleaned?""},{""answer"":""No"",""question"":""Is there any water leaking from the AC?""},{""answer"":""Yes"",""question"":""Is the remote control working properly?""}]","{""causes"":[{""cause"":""Blower motor issue (e.g., motor failure, obstruction, or loose fan blades)"",""severity"":""high"",""solution"":""Inspect the blower motor and fan assembly for any obstructions, loose blades, or motor failure. Repair or replace the blower motor as needed."",""probability"":0.6,""estimatedCost"":""₹2,500 - ₹8,000"",""requiredParts"":[{""name"":""Blower motor"",""estimatedPrice"":""₹2,000 - ₹6,000""},{""name"":""Fan blades (if damaged)"",""estimatedPrice"":""₹500 - ₹1,500""}]},{""cause"":""Evaporator coil frozen due to extremely dirty air filter or low refrigerant."",""severity"":""medium"",""solution"":""Turn off the AC and let the ice melt. Replace or clean the air filter. If the issue persists, check for refrigerant leaks and recharge if necessary."",""probability"":0.3,""estimatedCost"":""₹500 - ₹3,000"",""requiredParts"":[{""name"":""AC filter"",""estimatedPrice"":""₹200 - ₹800""},{""name"":""Refrigerant (if leak found)"",""estimatedPrice"":""₹1,000 - ₹2,000""}]},{""cause"":""Ductwork obstruction or collapse."",""severity"":""medium"",""solution"":""Inspect the ductwork for any blockages or collapsed sections. Clear obstructions or repair/replace damaged ducts."",""probability"":0.1,""estimatedCost"":""₹1,000 - ₹5,000"",""requiredParts"":[{""name"":""Ducting materials (if replacement needed)"",""estimatedPrice"":""₹500 - ₹3,000""}]}],""summary"":""The AC is turning on and making a 'moving inside' sound, but no air is coming from the vents. The filter has never been cleaned or the cleaning date is unknown."",""urgency"":""high"",""recommendedAction"":""Immediately turn off the AC to prevent further damage. Arrange for a qualified technician to inspect the unit, focusing on the blower motor, fan assembly, and evaporator coil. The extremely dirty/uncleaned filter is a significant contributing factor and should be addressed first.""}",null,completed,2026-07-02 09:02:30.275584+00,2026-07-02 09:02:29.565+00
66f232c6-f3f3-4096-b0a4-adffd9693892,07adc185-f2be-4bc2-b209-4e93f7b77682,00000000-0000-0000-0000-000000000001,bd081ad6-5fe3-4c1d-a919-81b1055efa19,a5831922-eaeb-48c2-941c-fd96fae8813d,"[{""answer"":""Yes"",""question"":""Is the AC turning on when you press the power button?""},{""answer"":""No air at all"",""question"":""Is air coming out from the AC vents?""},{""answer"":""Never / Not sure"",""question"":""When was the AC filter last cleaned?""},{""answer"":""No"",""question"":""Is there any water leaking from the AC?""},{""answer"":""Yes"",""question"":""Is the remote control working properly?""}]","{""causes"":[{""cause"":""Blower motor malfunction"",""severity"":""high"",""solution"":""Inspect and repair/replace the blower motor. Check for obstructions in the blower assembly."",""probability"":0.6,""estimatedCost"":""₹2,500 - ₹7,000"",""requiredParts"":[{""name"":""Blower Motor"",""estimatedPrice"":""₹2,000 - ₹5,000""},{""name"":""Capacitor (if applicable)"",""estimatedPrice"":""₹300 - ₹800""}]},{""cause"":""Clogged air filter"",""severity"":""medium"",""solution"":""Clean or replace the AC air filter. A severely clogged filter can restrict airflow to the point of no air coming out."",""probability"":0.3,""estimatedCost"":""₹200 - ₹800"",""requiredParts"":[{""name"":""AC Air Filter"",""estimatedPrice"":""₹200 - ₹800""}]},{""cause"":""Faulty fan relay or control board"",""severity"":""high"",""solution"":""Inspect and test the fan relay and control board. Replace if found faulty."",""probability"":0.1,""estimatedCost"":""₹1,500 - ₹5,000"",""requiredParts"":[{""name"":""Fan Relay"",""estimatedPrice"":""₹500 - ₹1,500""},{""name"":""Control Board"",""estimatedPrice"":""₹1,000 - ₹3,500""}]}],""summary"":""The AC is turning on but no air is coming out from the vents, and the filter hasn't been cleaned recently. This strongly suggests an issue with the airflow system."",""urgency"":""high"",""recommendedAction"":""Immediately arrange for a qualified AC technician to inspect the unit. Prioritize checking the blower motor and the air filter.""}",null,completed,2026-07-03 05:14:17.2668+00,2026-07-03 05:14:16.1+00
4381c5ee-cdcf-43d9-a59b-c9b2a488f598,f90ebf64-ee75-41cd-8a53-e97d7aad40da,00000000-0000-0000-0000-000000000001,bd081ad6-5fe3-4c1d-a919-81b1055efa19,47389994-b201-4bb1-bf91-8bce4dbde510,"[{""answer"":""Today"",""question"":""When did you first notice this issue?""},{""answer"":""Minor — can manage"",""question"":""How severe is the issue?""},{""answer"":""First time"",""question"":""Has this issue happened before?""},{""answer"":""Nothing, happened on its own"",""question"":""Did anything specific trigger this issue?""},{""answer"":""Only my room"",""question"":""Is the issue affecting other rooms or just yours?""}]","{""causes"":[{""cause"":""Insufficient information to diagnose. Please describe the issue in detail."",""severity"":""high"",""solution"":""Please provide more details about the 'Other' issue you are facing. For example, is it a plumbing issue, electrical issue, furniture damage, or something else?"",""probability"":1,""estimatedCost"":""N/A"",""requiredParts"":[]}],""summary"":""The user reported an 'Other' issue today, which is minor and affects only their room. This is the first time it has occurred and there was no specific trigger. However, the specific nature of the 'Other' issue is unknown, preventing a detailed diagnosis."",""urgency"":""critical"",""recommendedAction"":""Gather more information about the specific issue from the user.""}",null,completed,2026-07-17 07:38:25.818773+00,2026-07-17 07:38:26.491+00
d0ec133d-28af-4921-a5e8-c9a8b241db33,938c7806-1f83-4034-a447-087e1dd599b1,00000000-0000-0000-0000-000000000001,bd081ad6-5fe3-4c1d-a919-81b1055efa19,a5831922-eaeb-48c2-941c-fd96fae8813d,"[{""answer"":""Yes"",""question"":""Is the AC turning on when you press the power button?""},{""answer"":""No air at all"",""question"":""Is air coming out from the AC vents?""},{""answer"":""Never / Not sure"",""question"":""When was the AC filter last cleaned?""},{""answer"":""No"",""question"":""Is there any water leaking from the AC?""},{""answer"":""Yes"",""question"":""Is the remote control working properly?""}]","{""causes"":[{""cause"":""Clogged AC filter"",""severity"":""medium"",""solution"":""Clean or replace the AC filter. A clogged filter restricts airflow, causing the unit to freeze up and stop blowing air."",""probability"":0.6,""estimatedCost"":""₹200 - ₹500 (for cleaning, replacement filter may cost more)"",""requiredParts"":[{""name"":""AC filter"",""estimatedPrice"":""₹300 - ₹800 (if replacement is needed)""}]},{""cause"":""Frozen evaporator coils"",""severity"":""high"",""solution"":""Turn off the AC and let the coils thaw. Check for underlying issues like low refrigerant or a clogged drain line after thawing."",""probability"":0.2,""estimatedCost"":""₹500 - ₹1500 (if professional thawing and inspection is needed)"",""requiredParts"":[]},{""cause"":""Faulty blower motor"",""severity"":""high"",""solution"":""The blower motor might be faulty and needs to be repaired or replaced by a technician. This is why no air is coming out."",""probability"":0.1,""estimatedCost"":""₹2000 - ₹5000 (for repair or replacement)"",""requiredParts"":[{""name"":""Blower motor"",""estimatedPrice"":""₹1500 - ₹4000""}]},{""cause"":""Capacitor issue"",""severity"":""medium"",""solution"":""A faulty capacitor can prevent the fan from starting. This would need to be replaced by a technician."",""probability"":0.1,""estimatedCost"":""₹800 - ₹1500 (for replacement)"",""requiredParts"":[{""name"":""AC Capacitor"",""estimatedPrice"":""₹300 - ₹700""}]}],""summary"":""The AC is turning on but no air is coming out from the vents. The most probable cause is a clogged AC filter, leading to restricted airflow and potentially a frozen unit. Other possibilities include a frozen evaporator coil, a faulty blower motor, or a capacitor issue."",""urgency"":""high"",""recommendedAction"":""First, check and clean the AC filter. If that doesn't resolve the issue, turn off the AC for a few hours to allow any ice to melt. If the problem persists, a professional technician should be called to diagnose and fix the blower motor or capacitor, or to check for refrigerant issues.""}",null,completed,2026-07-03 05:16:25.53527+00,2026-07-03 05:16:24.335+00
a3e1452f-3338-467a-8db0-71164edff709,ae92473e-7b54-4b9d-9518-1a34e5d7f714,00000000-0000-0000-0000-000000000001,bd081ad6-5fe3-4c1d-a919-81b1055efa19,a5831922-eaeb-48c2-941c-fd96fae8813d,"[{""answer"":""Yes"",""question"":""Is the AC turning on when you press the power button?""},{""answer"":""No air at all"",""question"":""Is air coming out from the AC vents?""},{""answer"":""Never / Not sure"",""question"":""When was the AC filter last cleaned?""},{""answer"":""No"",""question"":""Is there any water leaking from the AC?""},{""answer"":""Yes"",""question"":""Is the remote control working properly?""}]","{""causes"":[{""cause"":""Blower motor malfunction or blockage"",""severity"":""high"",""solution"":""Inspect the blower motor for any obstructions or signs of malfunction. Clear any blockages and repair or replace the motor if necessary."",""probability"":0.6,""estimatedCost"":""₹1500 - ₹4000"",""requiredParts"":[{""name"":""Blower motor"",""estimatedPrice"":""₹1000 - ₹3000""}]},{""cause"":""Evaporator coil frozen due to extremely dirty air filter"",""severity"":""medium"",""solution"":""Replace the AC filter immediately. Allow the evaporator coil to thaw completely (turn off the AC for a few hours). Once thawed, clean the coil if accessible or call a technician for professional cleaning."",""probability"":0.3,""estimatedCost"":""₹300 - ₹1500"",""requiredParts"":[{""name"":""AC filter"",""estimatedPrice"":""₹300 - ₹500""}]},{""cause"":""Faulty thermostat or control board"",""severity"":""medium"",""solution"":""Test the thermostat for proper functionality. If it's faulty, replace it. If the thermostat is working, the issue might be with the control board, which would require professional diagnosis and replacement."",""probability"":0.1,""estimatedCost"":""₹800 - ₹5000"",""requiredParts"":[{""name"":""Thermostat"",""estimatedPrice"":""₹500 - ₹2000""},{""name"":""Control board"",""estimatedPrice"":""₹2000 - ₹4000""}]}],""summary"":""The primary issue is that no air is coming from the AC vents, despite the unit turning on. This indicates a problem with the airflow system, potentially exacerbated by a lack of filter maintenance."",""urgency"":""high"",""recommendedAction"":""Immediately check the AC filter and replace it if it's dirty. If no air is still coming out, a technician should be called to inspect the blower motor and other internal components. Running the AC without airflow can cause further damage.""}",null,completed,2026-07-03 05:18:18.185021+00,2026-07-03 05:18:16.851+00
5bd14e65-7f8e-4fc7-ba0e-17871babf4f7,7f5ea07a-701f-4fd0-8473-2918e35dd085,00000000-0000-0000-0000-000000000001,bd081ad6-5fe3-4c1d-a919-81b1055efa19,a5831922-eaeb-48c2-941c-fd96fae8813d,"[{""answer"":""Yes"",""question"":""Is the AC turning on when you press the power button?""},{""answer"":""No air at all"",""question"":""Is air coming out from the AC vents?""},{""answer"":""Never / Not sure"",""question"":""When was the AC filter last cleaned?""},{""answer"":""No"",""question"":""Is there any water leaking from the AC?""},{""answer"":""Yes"",""question"":""Is the remote control working properly?""}]","{""causes"":[{""cause"":""Blower motor malfunction"",""severity"":""high"",""solution"":""Inspect and repair/replace the blower motor. Check for obstructions in the blower assembly."",""probability"":0.6,""estimatedCost"":""₹2,500 - ₹6,000"",""requiredParts"":[{""name"":""Blower Motor"",""estimatedPrice"":""₹2,000 - ₹5,000""},{""name"":""Capacitor (if applicable)"",""estimatedPrice"":""₹300 - ₹800""}]},{""cause"":""Clogged air filter"",""severity"":""medium"",""solution"":""Clean or replace the air filter. A severely clogged filter can restrict airflow completely."",""probability"":0.2,""estimatedCost"":""₹200 - ₹500"",""requiredParts"":[{""name"":""AC Filter"",""estimatedPrice"":""₹200 - ₹500""}]},{""cause"":""Faulty thermostat/control board"",""severity"":""medium"",""solution"":""Diagnose and replace the faulty thermostat or control board. This could prevent the blower from engaging."",""probability"":0.15,""estimatedCost"":""₹1,000 - ₹4,000"",""requiredParts"":[{""name"":""Thermostat"",""estimatedPrice"":""₹800 - ₹3,000""},{""name"":""Control Board"",""estimatedPrice"":""₹1,500 - ₹3,500""}]},{""cause"":""Wiring issue/power supply problem to blower"",""severity"":""medium"",""solution"":""Check electrical connections and power supply to the blower motor. Repair any loose or damaged wiring."",""probability"":0.05,""estimatedCost"":""₹500 - ₹1,500"",""requiredParts"":[{""name"":""Electrical wire/connectors"",""estimatedPrice"":""₹100 - ₹300""}]}],""summary"":""The AC in room B-11D is not blowing any air, despite the unit turning on. This indicates a problem with the airflow system, most likely the blower motor."",""urgency"":""high"",""recommendedAction"":""A technician needs to inspect the AC unit, focusing on the blower motor, air filter, and electrical connections to the blower. Given the complete lack of airflow, this is a high-priority issue that needs immediate attention to restore cooling.""}",null,completed,2026-07-03 05:20:46.821664+00,2026-07-03 05:20:45.675+00
1fdc5d44-16e9-4de5-8ab3-165bc51a6b5f,d01d2356-1785-4413-a34d-b32eec8aa9f6,00000000-0000-0000-0000-000000000001,bd081ad6-5fe3-4c1d-a919-81b1055efa19,01208ba1-4225-4a61-be39-3afe03dad690,"[{""answer"":""Yesterday"",""question"":""When did you first notice this issue?""},{""answer"":""Minor — can manage"",""question"":""How severe is the issue?""},{""answer"":""First time"",""question"":""Has this issue happened before?""},{""answer"":""Nothing, happened on its own"",""question"":""Did anything specific trigger this issue?""},{""answer"":""Only my room"",""question"":""Is the issue affecting other rooms or just yours?""}]","{""causes"":[{""cause"":""RO membrane damage or clogging"",""severity"":""medium"",""solution"":""Inspect and replace the RO membrane. This is the most common reason for a sudden change in water taste."",""probability"":0.4,""estimatedCost"":""₹1,500 - ₹3,000"",""requiredParts"":[{""name"":""RO Membrane"",""estimatedPrice"":""₹1,200 - ₹2,500""}]},{""cause"":""Sediment or carbon filter exhaustion/damage"",""severity"":""medium"",""solution"":""Check and replace the sediment and carbon filters. These filters remove larger particles and chlorine, which can affect taste."",""probability"":0.3,""estimatedCost"":""₹500 - ₹1,000"",""requiredParts"":[{""name"":""Sediment Filter"",""estimatedPrice"":""₹200 - ₹400""},{""name"":""Carbon Filter"",""estimatedPrice"":""₹300 - ₹600""}]},{""cause"":""Post-carbon filter issue"",""severity"":""low"",""solution"":""Examine and replace the post-carbon filter. This filter provides final polishing to the water taste."",""probability"":0.15,""estimatedCost"":""₹300 - ₹700"",""requiredParts"":[{""name"":""Post-Carbon Filter"",""estimatedPrice"":""₹300 - ₹700""}]},{""cause"":""Bypass valve open or faulty"",""severity"":""medium"",""solution"":""Inspect the RO system for a bypass valve that might be open, allowing tap water to mix with purified water. Close it if open or replace if faulty."",""probability"":0.1,""estimatedCost"":""₹200 - ₹500"",""requiredParts"":[{""name"":""Bypass Valve (if replacement needed)"",""estimatedPrice"":""₹100 - ₹300""}]},{""cause"":""Contamination in the storage tank or tubing"",""severity"":""high"",""solution"":""Clean and sanitize the RO storage tank and all tubing. If contamination is severe, parts may need replacement."",""probability"":0.05,""estimatedCost"":""₹500 - ₹1,500"",""requiredParts"":[{""name"":""Sanitization Kit"",""estimatedPrice"":""₹200 - ₹500""},{""name"":""Tubing (if replacement needed)"",""estimatedPrice"":""₹100 - ₹300""}]}],""summary"":""The RO water in your room tastes like tap water, indicating a problem with the purification process. This is likely due to a compromised RO membrane or exhausted filters."",""urgency"":""medium"",""recommendedAction"":""It is recommended to have a technician inspect the RO system to identify the exact cause and replace the necessary filters or membrane. While the issue is currently minor, prolonged consumption of improperly filtered water can pose health risks. Since it's only affecting your room, the issue is localized to your RO unit.""}",null,completed,2026-07-03 05:26:21.114874+00,2026-07-03 05:26:19.965+00
7dcb6d78-b4b9-4bf4-bda0-fdef619185f9,e05c3490-500a-433e-a722-65a282a41f7f,00000000-0000-0000-0000-000000000001,bd081ad6-5fe3-4c1d-a919-81b1055efa19,28158382-d5c1-436c-927b-3e3d9855c2af,"[{""answer"":""Entire room"",""question"":""Is the power out in the entire room or just some outlets?""},{""answer"":""Yes, it's on"",""question"":""Have you checked the MCB / circuit breaker?""},{""answer"":""Yes, others have power"",""question"":""Is there power in the common areas or other rooms?""},{""answer"":""Happened suddenly"",""question"":""Did this happen suddenly or after plugging something in?""}]","{""causes"":[{""cause"":""Loose or Damaged Wiring within the Room's Circuit"",""severity"":""medium"",""solution"":""An electrician will trace the wiring, identify the loose or damaged connection (e.g., in a junction box, switchboard, or wall), and repair or replace the affected section."",""probability"":0.4,""estimatedCost"":""₹500 - ₹2000"",""requiredParts"":[{""name"":""Electrical tape"",""estimatedPrice"":""₹50""},{""name"":""Wire connectors"",""estimatedPrice"":""₹100""},{""name"":""Electrical wire (short length)"",""estimatedPrice"":""₹200""}]},{""cause"":""Faulty MCB (Miniature Circuit Breaker) for the Room's Circuit"",""severity"":""medium"",""solution"":""Even if the MCB appears \""on\"", its internal mechanism might be faulty and not allowing current to pass. An electrician will test the MCB and replace it if found defective."",""probability"":0.3,""estimatedCost"":""₹800 - ₹1500"",""requiredParts"":[{""name"":""New MCB (e.g., 16A or 20A)"",""estimatedPrice"":""₹400 - ₹800""}]},{""cause"":""Faulty Connection at the Distribution Board or Main Junction Box"",""severity"":""medium"",""solution"":""A critical connection point at the main distribution board or a primary junction box feeding the room might have become loose or corroded, interrupting the power supply. An electrician will inspect and secure/repair these connections."",""probability"":0.2,""estimatedCost"":""₹700 - ₹2500"",""requiredParts"":[{""name"":""Wire connectors"",""estimatedPrice"":""₹100""},{""name"":""Terminal blocks"",""estimatedPrice"":""₹150""}]},{""cause"":""Hidden Short Circuit or Overload Damage"",""severity"":""high"",""solution"":""A sudden event could have caused a short circuit or overload that damaged a section of the wiring, even if the MCB didn't visibly trip or is faulty. This could lead to a permanent open circuit. An electrician will perform a thorough inspection for burnt wires or damaged insulation and repair/replace as necessary."",""probability"":0.1,""estimatedCost"":""₹1000 - ₹5000+"",""requiredParts"":[{""name"":""New electrical wiring"",""estimatedPrice"":""₹300 - ₹2000""},{""name"":""Insulation tape"",""estimatedPrice"":""₹50""},{""name"":""Wire connectors"",""estimatedPrice"":""₹100""}]}],""summary"":""The entire room has no power, despite the MCB being in the \""on\"" position and other rooms having electricity. This suggests an internal electrical fault specific to the room's circuit."",""urgency"":""high"",""recommendedAction"":""Immediately contact a certified electrician to diagnose and repair the fault. Do not attempt to troubleshoot or fix the issue yourself.""}",null,completed,2026-07-11 06:26:41.526996+00,2026-07-11 06:26:41.13+00
e96cd979-903d-4b54-be21-0010d5dec411,cfed9c1c-ee04-4342-958d-a727582d4c36,00000000-0000-0000-0000-000000000001,bd081ad6-5fe3-4c1d-a919-81b1055efa19,e2aa2aaa-8af6-4807-9a4e-7665c5421eed,"[{""answer"":""Yesterday"",""question"":""When did you first notice this issue?""},{""answer"":""Minor — can manage"",""question"":""How severe is the issue?""},{""answer"":""First time"",""question"":""Has this issue happened before?""},{""answer"":""Nothing, happened on its own"",""question"":""Did anything specific trigger this issue?""},{""answer"":""Only my room"",""question"":""Is the issue affecting other rooms or just yours?""}]","{""causes"":[{""cause"":""Misalignment of the latch and strike plate."",""severity"":""low"",""solution"":""Adjust the strike plate position on the door frame to align with the latch bolt. This often involves unscrewing the strike plate, slightly enlarging the screw holes, repositioning it, and re-screwing."",""probability"":0.5,""estimatedCost"":""INR 150"",""requiredParts"":[]},{""cause"":""Loose screws in the lock assembly or hinges."",""severity"":""low"",""solution"":""Tighten all visible screws on the door handle/lock assembly and the door hinges. Loose hinges can cause the door to sag, leading to misalignment."",""probability"":0.3,""estimatedCost"":""INR 100"",""requiredParts"":[]},{""cause"":""Worn-out or faulty internal lock mechanism."",""severity"":""medium"",""solution"":""If adjustment and tightening don't work, the internal mechanism of the lock might be faulty or worn out. The lock set will need to be replaced."",""probability"":0.2,""estimatedCost"":""INR 600"",""requiredParts"":[{""name"":""New door lock set (e.g., cylindrical lock set)"",""estimatedPrice"":""INR 400""}]}],""summary"":""The door lock in room C21-C2 is experiencing issues with locking, first noticed yesterday. The issue is minor and isolated to this room."",""urgency"":""low"",""recommendedAction"":""A maintenance check is recommended to inspect the door and lock mechanism, starting with simple adjustments.""}",null,completed,2026-07-11 06:32:37.610912+00,2026-07-11 06:32:37.025+00
484beef4-7390-4aae-b38d-beef3a1aa929,bd43c120-eb3a-4a87-b4b5-0d005353802b,00000000-0000-0000-0000-000000000001,bd081ad6-5fe3-4c1d-a919-81b1055efa19,a5831922-eaeb-48c2-941c-fd96fae8813d,"[{""answer"":""Yes"",""question"":""Is the AC turning on when you press the power button?""},{""answer"":""No air at all"",""question"":""Is air coming out from the AC vents?""},{""answer"":""Never / Not sure"",""question"":""When was the AC filter last cleaned?""},{""answer"":""No"",""question"":""Is there any water leaking from the AC?""},{""answer"":""Yes"",""question"":""Is the remote control working properly?""}]","{""causes"":[{""cause"":""Severely Clogged AC Filter"",""severity"":""low"",""solution"":""Clean or replace the AC filter immediately. A clogged filter completely blocks airflow, preventing air from coming out of the vents."",""probability"":0.6,""estimatedCost"":""₹200 - ₹500"",""requiredParts"":[{""name"":""AC Filter"",""estimatedPrice"":""₹200 - ₹400""}]},{""cause"":""Faulty Blower Motor"",""severity"":""high"",""solution"":""The blower motor is responsible for pushing air through the vents. If it's faulty, no air will come out. It needs to be replaced by a technician."",""probability"":0.25,""estimatedCost"":""₹2,500 - ₹6,000"",""requiredParts"":[{""name"":""Blower Motor"",""estimatedPrice"":""₹1,500 - ₹4,000""}]},{""cause"":""Faulty Blower Motor Capacitor"",""severity"":""medium"",""solution"":""The capacitor helps start the blower motor. If it's defective, the motor won't run. A technician can test and replace it."",""probability"":0.15,""estimatedCost"":""₹800 - ₹1,500"",""requiredParts"":[{""name"":""Blower Motor Capacitor"",""estimatedPrice"":""₹300 - ₹700""}]}],""summary"":""Your AC is turning on, but no air is coming out of the vents. This indicates a problem with the airflow system, most likely due to a severely clogged filter or an issue with the blower motor."",""urgency"":""medium"",""recommendedAction"":""First, thoroughly clean or replace your AC filter, as this is the most common cause for no airflow, especially since it hasn't been cleaned recently. If cleaning the filter doesn't resolve the issue, you will need a qualified technician to inspect the blower motor and its capacitor.""}",null,completed,2026-07-11 06:36:49.952769+00,2026-07-11 06:36:49.695+00
520118d4-6974-4267-b211-4feb47d8b3bf,013fcae1-a397-4cf1-821c-16365a1cf07d,00000000-0000-0000-0000-000000000001,bd081ad6-5fe3-4c1d-a919-81b1055efa19,a5831922-eaeb-48c2-941c-fd96fae8813d,"[{""answer"":""Yes"",""question"":""Is the AC turning on when you press the power button?""},{""answer"":""No air at all"",""question"":""Is air coming out from the AC vents?""},{""answer"":""Never / Not sure"",""question"":""When was the AC filter last cleaned?""},{""answer"":""No"",""question"":""Is there any water leaking from the AC?""},{""answer"":""Yes"",""question"":""Is the remote control working properly?""}]","{""causes"":[{""cause"":""Extremely Dirty/Blocked Air Filter"",""severity"":""medium"",""solution"":""The AC filter is likely clogged with dust and debris, completely blocking airflow. Clean or replace the AC air filter. This is often a DIY task and should be the first step."",""probability"":0.7,""estimatedCost"":""₹200 - ₹800"",""requiredParts"":[{""name"":""AC Filter"",""estimatedPrice"":""₹300 - ₹800""}]},{""cause"":""Faulty Blower Motor or Capacitor"",""severity"":""high"",""solution"":""The blower motor, which pushes air through the vents, might be faulty or its capacitor could be damaged. A qualified technician needs to inspect and potentially repair or replace the blower motor or its capacitor."",""probability"":0.25,""estimatedCost"":""₹2,000 - ₹8,000"",""requiredParts"":[{""name"":""Blower Motor"",""estimatedPrice"":""₹2,500 - ₹7,000""},{""name"":""Blower Motor Capacitor"",""estimatedPrice"":""₹500 - ₹1,500""}]},{""cause"":""Blocked Ductwork"",""severity"":""medium"",""solution"":""There might be an obstruction within the AC's ductwork preventing air from reaching the vents. A professional would need to inspect and clear the ducts."",""probability"":0.05,""estimatedCost"":""₹500 - ₹2,000""}],""summary"":""The AC is turning on, but no air is coming out from the vents, and the filter cleaning history is unknown/never. This strongly suggests an issue with airflow, most likely due to a blocked air filter or a faulty blower motor."",""urgency"":""medium"",""recommendedAction"":""Start by checking and cleaning/replacing the AC air filter. If cleaning/replacing the filter does not resolve the issue, a qualified technician should be called to inspect the blower motor and ductwork.""}",null,completed,2026-07-11 06:52:26.04354+00,2026-07-11 06:52:25.547+00
3dd40238-ecfd-4974-8817-0c42a3f03bb1,455d5545-85c3-4b43-a944-e788c3257855,00000000-0000-0000-0000-000000000001,bd081ad6-5fe3-4c1d-a919-81b1055efa19,54bc37a9-ef71-4e18-b896-593f71b161fa,"[{""answer"":""Yes, light is on"",""question"":""Is the geyser power light on?""},{""answer"":""Less than 10 minutes"",""question"":""How long have you waited after turning it on?""},{""answer"":""No"",""question"":""Is there any water leaking from the geyser?""},{""answer"":""Yes"",""question"":""Is the geyser MCB turned on?""}]","{""causes"":[{""cause"":""Loose Electrical Wiring/Connections"",""severity"":""medium"",""solution"":""A qualified electrician needs to inspect and tighten all main electrical connections, especially at the distribution board, MCBs, and the points supplying the geyser, AC, and microwave."",""probability"":0.4,""estimatedCost"":""INR 500 - 1200"",""requiredParts"":[{""name"":""New wires/connectors (if damaged)"",""estimatedPrice"":""INR 100-300""}]},{""cause"":""Faulty MCB/ELCB/RCCB"",""severity"":""medium"",""solution"":""The electrician should test the relevant MCBs and the main ELCB/RCCB. Replace any faulty breakers."",""probability"":0.3,""estimatedCost"":""INR 800 - 2000"",""requiredParts"":[{""name"":""New MCB (e.g., Havells 32A MCB, Legrand 32A MCB)"",""estimatedPrice"":""INR 300-1000""},{""name"":""New ELCB/RCCB"",""estimatedPrice"":""INR 1000-2500""}]},{""cause"":""Voltage Fluctuations/Unstable Power Supply"",""severity"":""high"",""solution"":""Monitor voltage levels over time. If confirmed, contact the local electricity board to report supply issues. For a permanent solution within the premises, consider installing a whole-house voltage stabilizer."",""probability"":0.2,""estimatedCost"":""INR 0 (contacting electricity board) to INR 7000 - 18000"",""requiredParts"":[{""name"":""Whole-house voltage stabilizer (e.g., V-Guard Mainline Stabilizer, Microtek Mainline Stabilizer)"",""estimatedPrice"":""INR 6000-15000""}]},{""cause"":""Overloaded Circuit"",""severity"":""medium"",""solution"":""An electrician can assess the load on the circuits. If overloaded, redistribute high-power appliances to different circuits or upgrade the wiring and MCB capacity."",""probability"":0.1,""estimatedCost"":""INR 1500 - 6000+"",""requiredParts"":[{""name"":""New, higher-gauge wires and higher-rated MCBs"",""estimatedPrice"":""INR 500-2000""}]}],""summary"":""The recurring issue with your geyser, AC, and microwave switches suggests a systemic electrical problem rather than an isolated appliance fault. Even though the geyser light is on and its MCB is engaged, the lack of hot water combined with other appliances failing intermittently points towards an unstable power supply or faulty electrical components in the main distribution board."",""urgency"":""high"",""recommendedAction"":""Immediately call a qualified electrician to inspect the main distribution board, all MCBs/ELCBs, and the wiring connections for the affected appliances. This is crucial for safety and to ensure a permanent fix for your hot water needs and other appliances.""}",null,completed,2026-07-11 06:57:06.199797+00,2026-07-11 06:57:05.338+00
21f3c614-4e78-4857-baf9-8b9865bcf775,1c260e7d-b201-4d78-84c7-5f7d98da6011,00000000-0000-0000-0000-000000000001,bd081ad6-5fe3-4c1d-a919-81b1055efa19,47389994-b201-4bb1-bf91-8bce4dbde510,"[{""answer"":""Yesterday"",""question"":""When did you first notice this issue?""},{""answer"":""Minor — can manage"",""question"":""How severe is the issue?""},{""answer"":""First time"",""question"":""Has this issue happened before?""},{""answer"":""Nothing, happened on its own"",""question"":""Did anything specific trigger this issue?""},{""answer"":""Only my room"",""question"":""Is the issue affecting other rooms or just yours?""}]","{""causes"":[{""cause"":""Closed Stopcock/Angle Valve"",""severity"":""low"",""solution"":""Locate and open the main stopcock or angle valve for the affected area (e.g., bathroom, specific tap) in room B41."",""probability"":0.4,""estimatedCost"":""₹0""},{""cause"":""Clogged Aerator/Faucet Filter"",""severity"":""low"",""solution"":""If water is not coming from a specific tap, unscrew the aerator from the faucet spout, clean out any sediment or debris, and reattach. If heavily corroded, replace it."",""probability"":0.3,""estimatedCost"":""₹50"",""requiredParts"":[{""name"":""Faucet Aerator"",""estimatedPrice"":""₹50""}]},{""cause"":""Blocked Flexible Hose/Supply Line"",""severity"":""medium"",""solution"":""Inspect the flexible hoses connected to the fixtures (e.g., toilet, geyser) in B41. If kinked, straighten it. If blocked or damaged, replace the hose."",""probability"":0.2,""estimatedCost"":""₹250"",""requiredParts"":[{""name"":""Flexible Hose"",""estimatedPrice"":""₹150""}]},{""cause"":""Faulty Cartridge/Diverter in Mixer Tap"",""severity"":""medium"",""solution"":""If it's a mixer tap and water isn't coming from one specific outlet (e.g., shower, but tap works, or vice versa), the internal mechanism might be faulty. Disassemble the mixer tap and inspect the cartridge or diverter. Clean or replace if faulty."",""probability"":0.1,""estimatedCost"":""₹600"",""requiredParts"":[{""name"":""Mixer Cartridge/Diverter Kit"",""estimatedPrice"":""₹400""}]}],""summary"":""Water is not coming in room B41. This appears to be a localized issue affecting only this room."",""urgency"":""medium"",""recommendedAction"":""A technician should first check all stopcocks and angle valves in room B41 to ensure they are open. If the problem persists, individual fixtures should be inspected for blockages or faulty internal components like aerators or cartridges.""}",null,completed,2026-07-11 07:10:33.29007+00,2026-07-11 07:10:32.742+00
bc7de43d-f49e-4b47-9131-f4cb78e9216e,15917ad7-bf88-4861-8777-e736a43024ee,00000000-0000-0000-0000-000000000001,bd081ad6-5fe3-4c1d-a919-81b1055efa19,a25aca1b-211b-41d3-ab08-78bd2b9541e8,"[{""answer"":""Yesterday"",""question"":""When did you first notice this issue?""},{""answer"":""Minor — can manage"",""question"":""How severe is the issue?""},{""answer"":""First time"",""question"":""Has this issue happened before?""},{""answer"":""Not sure"",""question"":""Did anything specific trigger this issue?""},{""answer"":""Only my room"",""question"":""Is the issue affecting other rooms or just yours?""}]","{""causes"":[{""cause"":""Hair and soap scum buildup in the wash basin drain."",""severity"":""low"",""solution"":""Use a chemical drain cleaner to dissolve the blockage. Alternatively, a drain snake can be used to manually clear the obstruction."",""probability"":0.6,""estimatedCost"":""₹100 - ₹700"",""requiredParts"":[{""name"":""Chemical Drain Cleaner"",""estimatedPrice"":""₹100 - ₹300""},{""name"":""Basic Drain Snake"",""estimatedPrice"":""₹300 - ₹700""}]},{""cause"":""Minor blockage in the toilet trap or drain line (e.g., excessive toilet paper, small objects)."",""severity"":""low"",""solution"":""Attempt to clear the blockage using a toilet plunger. For more stubborn clogs, a toilet auger can be effective."",""probability"":0.3,""estimatedCost"":""₹200 - ₹1000"",""requiredParts"":[{""name"":""Toilet Plunger"",""estimatedPrice"":""₹200 - ₹500""},{""name"":""Toilet Auger"",""estimatedPrice"":""₹500 - ₹1000""}]},{""cause"":""Deeper or more complex blockage requiring professional intervention."",""severity"":""medium"",""solution"":""If DIY methods are unsuccessful, a professional plumber will be required to diagnose and clear the blockage using specialized tools and expertise."",""probability"":0.1,""estimatedCost"":""₹300 - ₹1500"",""requiredParts"":[]}],""summary"":""The toilet is experiencing water clogging and the wash basin drain is blocked. This issue was first noticed yesterday, is considered minor, and is isolated to your room."",""urgency"":""medium"",""recommendedAction"":""Initially, try clearing the blockages using a plunger for the toilet and a chemical drain cleaner or a basic drain snake for the wash basin. If the issue persists after these attempts, it is recommended to contact a plumber for a professional assessment and resolution.""}",null,completed,2026-07-11 07:14:12.346873+00,2026-07-11 07:14:11.836+00
579178ec-48aa-4c20-afad-dfe9e24e81ab,898a6115-b421-4261-8349-932ff12befac,00000000-0000-0000-0000-000000000001,bd081ad6-5fe3-4c1d-a919-81b1055efa19,d76dd3bd-ccb7-4991-a01f-ce158dfe908e,"[{""answer"":""Yesterday"",""question"":""When did you first notice this issue?""},{""answer"":""Minor — can manage"",""question"":""How severe is the issue?""},{""answer"":""First time"",""question"":""Has this issue happened before?""},{""answer"":""Nothing, happened on its own"",""question"":""Did anything specific trigger this issue?""},{""answer"":""Only my room"",""question"":""Is the issue affecting other rooms or just yours?""}]","{""causes"":[{""cause"":""Accumulation of hair, soap scum (washroom sink), and food particles, grease (kitchen sink) in the drain pipes."",""severity"":""low"",""solution"":""For washroom sink, use a drain snake or hair removal tool to pull out debris. For kitchen sink, pour hot water and dish soap, then use a plunger. Alternatively, use a chemical drain cleaner or a natural solution of baking soda and vinegar for both."",""probability"":0.7,""estimatedCost"":""₹100 - ₹300"",""requiredParts"":[{""name"":""Drain cleaner (chemical or natural)"",""estimatedPrice"":""₹150""},{""name"":""Drain snake/hair removal tool"",""estimatedPrice"":""₹100""}]},{""cause"":""Obstruction within the P-trap of one or both sinks."",""severity"":""medium"",""solution"":""Manually clean the P-trap under the affected sink(s). This involves placing a bucket, unscrewing the P-trap, clearing any debris, and reassembling. If uncomfortable with DIY, call a plumber."",""probability"":0.25,""estimatedCost"":""₹500 - ₹1000"",""requiredParts"":[{""name"":""Plumber service for P-trap cleaning"",""estimatedPrice"":""₹500""}]},{""cause"":""Partial blockage in the shared branch drain line connecting both sinks to the main drain."",""severity"":""medium"",""solution"":""This would require professional intervention. A plumber would use a drain snake to clear the branch line."",""probability"":0.05,""estimatedCost"":""₹800 - ₹1500"",""requiredParts"":[]}],""summary"":""Water clogging in both kitchen and washroom sinks in your room, first noticed yesterday and currently minor. This suggests localized blockages in the drain lines."",""urgency"":""low"",""recommendedAction"":""Attempt DIY solutions first, such as using a drain cleaner or manually clearing the P-trap. If the issue persists, contact a plumber.""}",null,completed,2026-07-11 07:18:18.899183+00,2026-07-11 07:18:18.369+00
927048b8-148c-4fa7-a479-76dd20059a3e,a919aa54-ea64-4420-a732-20ffe4a13f83,00000000-0000-0000-0000-000000000001,bd081ad6-5fe3-4c1d-a919-81b1055efa19,01208ba1-4225-4a61-be39-3afe03dad690,"[{""answer"":""Yesterday"",""question"":""When did you first notice this issue?""},{""answer"":""Minor — can manage"",""question"":""How severe is the issue?""},{""answer"":""First time"",""question"":""Has this issue happened before?""},{""answer"":""Nothing, happened on its own"",""question"":""Did anything specific trigger this issue?""},{""answer"":""Only my room"",""question"":""Is the issue affecting other rooms or just yours?""}]","{""causes"":[{""cause"":""Power Supply Issue"",""severity"":""low"",""solution"":""Check if the RO system is properly plugged in and the power switch is on. Verify if there's a power outage or a tripped circuit breaker."",""probability"":0.3,""estimatedCost"":""INR 0 - 100"",""requiredParts"":[{""name"":""Fuse (if applicable)"",""estimatedPrice"":""INR 50""}]},{""cause"":""Clogged Pre-filters (Sediment/Carbon)"",""severity"":""medium"",""solution"":""The sediment and carbon filters get clogged over time, restricting water flow. These need to be replaced."",""probability"":0.4,""estimatedCost"":""INR 300 - 800"",""requiredParts"":[{""name"":""Sediment Filter"",""estimatedPrice"":""INR 150 - 300""},{""name"":""Carbon Filter"",""estimatedPrice"":""INR 150 - 500""}]},{""cause"":""Clogged RO Membrane"",""severity"":""high"",""solution"":""If pre-filters are fine, the RO membrane might be clogged, preventing water purification. It needs replacement."",""probability"":0.2,""estimatedCost"":""INR 1500 - 3000"",""requiredParts"":[{""name"":""RO Membrane"",""estimatedPrice"":""INR 1500 - 3000""}]},{""cause"":""Low Inlet Water Pressure"",""severity"":""low"",""solution"":""Insufficient water pressure can prevent the RO system from operating. Check the main water supply to your room."",""probability"":0.1,""estimatedCost"":""INR 0 - 5000"",""requiredParts"":[{""name"":""Booster pump (if required)"",""estimatedPrice"":""INR 3000 - 5000""}]}],""summary"":""The RO water filter in the user's room is not working, noticed yesterday. It's a minor issue and the first time it has occurred."",""urgency"":""low"",""recommendedAction"":""First, check the power supply to the RO unit. If power is fine, inspect and potentially replace the pre-filters (sediment and carbon). If the issue persists, the RO membrane or inlet water pressure might be the problem. A technician might be needed for further diagnosis and replacement of internal components like the RO membrane or booster pump.""}",null,completed,2026-07-11 07:22:42.046509+00,2026-07-11 07:22:41.616+00
50f6d205-39f2-4c71-b902-e12d8dcdb992,16a8aad8-07c4-4f3e-b978-32bed777aa47,00000000-0000-0000-0000-000000000001,bd081ad6-5fe3-4c1d-a919-81b1055efa19,e2aa2aaa-8af6-4807-9a4e-7665c5421eed,"[{""answer"":""Yesterday"",""question"":""When did you first notice this issue?""},{""answer"":""Minor — can manage"",""question"":""How severe is the issue?""},{""answer"":""First time"",""question"":""Has this issue happened before?""},{""answer"":""Nothing, happened on its own"",""question"":""Did anything specific trigger this issue?""},{""answer"":""Only my room"",""question"":""Is the issue affecting other rooms or just yours?""}]","{""causes"":[{""cause"":""Faulty Installation"",""severity"":""medium"",""solution"":""The previous mirror likely fell or became loose due to improper mounting. For the new mirror, ensure it is installed correctly with appropriate fasteners and techniques to prevent future incidents."",""probability"":0.6,""estimatedCost"":""₹1500 - ₹3000"",""requiredParts"":[{""name"":""Standard washroom mirror"",""estimatedPrice"":""₹800 - ₹2000""},{""name"":""Mirror clips/adhesive"",""estimatedPrice"":""₹100 - ₹300""},{""name"":""Screws and wall plugs"",""estimatedPrice"":""₹50 - ₹100""}]},{""cause"":""Material Defect or Age-related Degradation"",""severity"":""medium"",""solution"":""The previous mirror might have developed cracks, silvering issues, or other defects over time, necessitating replacement. The solution was to replace it with a new, good-quality mirror."",""probability"":0.3,""estimatedCost"":""₹1500 - ₹3000"",""requiredParts"":[{""name"":""Standard washroom mirror"",""estimatedPrice"":""₹800 - ₹2000""},{""name"":""Mirror clips/adhesive"",""estimatedPrice"":""₹100 - ₹300""},{""name"":""Screws and wall plugs"",""estimatedPrice"":""₹50 - ₹100""}]},{""cause"":""Accidental Damage"",""severity"":""high"",""solution"":""The mirror was likely broken due to an accidental impact. The solution was to replace the mirror. Take precautions to prevent future impacts."",""probability"":0.1,""estimatedCost"":""₹1500 - ₹3000"",""requiredParts"":[{""name"":""Standard washroom mirror"",""estimatedPrice"":""₹800 - ₹2000""},{""name"":""Mirror clips/adhesive"",""estimatedPrice"":""₹100 - ₹300""},{""name"":""Screws and wall plugs"",""estimatedPrice"":""₹50 - ₹100""}]}],""summary"":""The washroom mirror in your room was replaced. This likely happened due to an issue with its installation or a defect in the mirror itself, as you mentioned it 'happened on its own.'"",""urgency"":""low"",""recommendedAction"":""It is recommended to ensure that the new mirror is securely installed and to periodically check its mounting for any signs of loosening to prevent future incidents.""}",null,completed,2026-07-11 07:26:43.463165+00,2026-07-11 07:26:42.806+00
218745f8-b440-4e55-bef9-085b7676109f,3f4b31f7-20c0-4b8d-a196-07787b68fbfc,00000000-0000-0000-0000-000000000001,bd081ad6-5fe3-4c1d-a919-81b1055efa19,47389994-b201-4bb1-bf91-8bce4dbde510,"[{""answer"":""Yesterday"",""question"":""When did you first notice this issue?""},{""answer"":""Minor — can manage"",""question"":""How severe is the issue?""},{""answer"":""First time"",""question"":""Has this issue happened before?""},{""answer"":""Nothing, happened on its own"",""question"":""Did anything specific trigger this issue?""},{""answer"":""Only my room"",""question"":""Is the issue affecting other rooms or just yours?""}]","{""causes"":[{""cause"":""Faulty Door Lock Mechanism"",""severity"":""medium"",""solution"":""The internal mechanism of the door lock is likely worn out, broken, or misaligned. A technician should inspect the lock. If repairable (e.g., tightening internal components, lubrication), it should be repaired. Otherwise, the entire door lock set will need to be replaced."",""probability"":0.6,""estimatedCost"":""₹300 - ₹1500"",""requiredParts"":[{""name"":""Standard Door Lock Set"",""estimatedPrice"":""₹500 - ₹1000""}]},{""cause"":""Misaligned Door or Door Frame / Loose Hinges"",""severity"":""low"",""solution"":""The door or its frame might be slightly misaligned, or the door hinges could be loose, causing the latch to catch and engage automatically. Adjusting door hinges, tightening hinge screws, or adjusting the strike plate on the door frame should resolve this."",""probability"":0.3,""estimatedCost"":""₹200 - ₹800"",""requiredParts"":[{""name"":""Longer Screws (for hinges, if needed)"",""estimatedPrice"":""₹50 - ₹100""},{""name"":""Shims (for frame adjustment, if needed)"",""estimatedPrice"":""₹20 - ₹50""}]},{""cause"":""Debris or Obstruction in Lock Mechanism"",""severity"":""low"",""solution"":""Small debris, dirt, or a foreign object might be obstructing the smooth operation of the lock's internal components. Cleaning and lubricating the lock mechanism thoroughly might resolve the issue."",""probability"":0.1,""estimatedCost"":""₹150 - ₹300"",""requiredParts"":[{""name"":""Lubricant Spray (e.g., WD-40)"",""estimatedPrice"":""₹100 - ₹200""}]}],""summary"":""The door in room C-12 is automatically locking, which is a minor inconvenience but needs to be addressed to prevent potential lockout situations."",""urgency"":""medium"",""recommendedAction"":""A maintenance technician should inspect the door lock and door alignment in room C-12 to diagnose the exact cause and perform necessary repairs or replacements.""}",null,completed,2026-07-11 07:34:42.621278+00,2026-07-11 07:34:42.304+00
b6c9af5e-6404-4aa3-a8f9-6f0da04595ea,74a97d36-3046-4f66-924e-bbb4af23bdb6,00000000-0000-0000-0000-000000000001,bd081ad6-5fe3-4c1d-a919-81b1055efa19,47389994-b201-4bb1-bf91-8bce4dbde510,"[{""answer"":""Today"",""question"":""When did you first notice this issue?""},{""answer"":""Minor — can manage"",""question"":""How severe is the issue?""},{""answer"":""First time"",""question"":""Has this issue happened before?""},{""answer"":""Nothing, happened on its own"",""question"":""Did anything specific trigger this issue?""},{""answer"":""Only my room"",""question"":""Is the issue affecting other rooms or just yours?""}]","{""causes"":[{""cause"":""Accidental breakage or impact (e.g., due to an object hitting the window, sudden temperature change, or structural stress)."",""severity"":""medium"",""solution"":""Replace the broken or missing glass pane with a new one. Ensure the new pane is properly fitted and sealed."",""probability"":0.7,""estimatedCost"":""₹500 - ₹1500"",""requiredParts"":[{""name"":""Glass pane (clear/frosted, appropriate size and thickness)"",""estimatedPrice"":""₹200 - ₹800""},{""name"":""Window sealant/putty"",""estimatedPrice"":""₹50 - ₹150""}]},{""cause"":""Material fatigue or degradation of the glass over time, leading to a weakened structure that eventually breaks."",""severity"":""medium"",""solution"":""Replace the broken or missing glass pane. Inspect the window frame for any signs of damage or weakness that might have contributed to the breakage."",""probability"":0.2,""estimatedCost"":""₹500 - ₹1500"",""requiredParts"":[{""name"":""Glass pane (clear/frosted, appropriate size and thickness)"",""estimatedPrice"":""₹200 - ₹800""},{""name"":""Window sealant/putty"",""estimatedPrice"":""₹50 - ₹150""}]},{""cause"":""Improper installation of the original window pane, leading to stress points that eventually caused it to break or fall out."",""severity"":""medium"",""solution"":""Replace the broken or missing glass pane, ensuring proper installation techniques are followed to prevent future issues. This might involve adjusting the frame if it's not square."",""probability"":0.1,""estimatedCost"":""₹600 - ₹1800"",""requiredParts"":[{""name"":""Glass pane (clear/frosted, appropriate size and thickness)"",""estimatedPrice"":""₹200 - ₹800""},{""name"":""Window sealant/putty"",""estimatedPrice"":""₹50 - ₹150""}]}],""summary"":""The bathroom window pane is either missing or broken, affecting only your room. This is a minor issue but needs to be addressed for privacy, security, and weather protection."",""urgency"":""low"",""recommendedAction"":""Arrange for a professional to replace the bathroom window pane as soon as possible to restore privacy, security, and prevent weather ingress.""}",null,completed,2026-07-11 07:37:51.378562+00,2026-07-11 07:37:50.771+00
157cd53e-4b2f-4286-b856-88de1eefc06d,8b3527cf-868d-4d7a-9efc-63713caae3ef,00000000-0000-0000-0000-000000000001,bd081ad6-5fe3-4c1d-a919-81b1055efa19,e2aa2aaa-8af6-4807-9a4e-7665c5421eed,"[{""answer"":""Yesterday"",""question"":""When did you first notice this issue?""},{""answer"":""Minor — can manage"",""question"":""How severe is the issue?""},{""answer"":""First time"",""question"":""Has this issue happened before?""},{""answer"":""Nothing, happened on its own"",""question"":""Did anything specific trigger this issue?""},{""answer"":""Only my room"",""question"":""Is the issue affecting other rooms or just yours?""}]","{""causes"":[{""cause"":""Loose joints or screws in the cot frame."",""severity"":""low"",""solution"":""Tighten all visible screws and bolts on the cot frame. Check all connections, especially where the frame pieces meet."",""probability"":0.6,""estimatedCost"":""₹0 - ₹50 (if a basic screwdriver is needed)"",""requiredParts"":[{""name"":""Screwdriver set"",""estimatedPrice"":""₹50""}]},{""cause"":""Wooden parts rubbing against each other due to wear or movement."",""severity"":""low"",""solution"":""Identify the specific points where wood is rubbing and apply a lubricant like wax, silicone spray, or even a bar of soap to reduce friction."",""probability"":0.25,""estimatedCost"":""₹50 - ₹200"",""requiredParts"":[{""name"":""Silicone spray or furniture wax"",""estimatedPrice"":""₹50 - ₹200""}]},{""cause"":""Uneven cot legs causing wobbling and noise."",""severity"":""low"",""solution"":""Check if the cot is stable on a flat surface. If it wobbles, place shims or felt pads under the shorter leg(s) to level it."",""probability"":0.1,""estimatedCost"":""₹20 - ₹100"",""requiredParts"":[{""name"":""Furniture shims or felt pads"",""estimatedPrice"":""₹20 - ₹100""}]},{""cause"":""Damaged or cracked wooden slats/frame components."",""severity"":""medium"",""solution"":""Inspect the wooden slats and the main frame for any visible cracks or breaks. Damaged parts may need to be replaced. This is less likely given it's a first-time, minor issue."",""probability"":0.05,""estimatedCost"":""₹300 - ₹1500 (depending on the part)"",""requiredParts"":[{""name"":""Replacement wooden slat/frame section"",""estimatedPrice"":""₹300 - ₹1500""}]}],""summary"":""The cot on the window side is making noise when used. This is a minor issue, noticed yesterday for the first time, and is isolated to your room."",""urgency"":""low"",""recommendedAction"":""Start by inspecting all joints and screws on the cot frame and tighten any that are loose. If the noise persists, try to identify specific points where wood might be rubbing and apply a lubricant. Also, check if the cot legs are even and stable.""}",null,completed,2026-07-11 07:50:21.32386+00,2026-07-11 07:50:20.983+00
5de8242d-445c-4003-9ef2-9036183374be,84f6d1b5-9225-49f1-bebb-82dd005821d9,00000000-0000-0000-0000-000000000001,bd081ad6-5fe3-4c1d-a919-81b1055efa19,d76dd3bd-ccb7-4991-a01f-ce158dfe908e,"[{""answer"":""Today"",""question"":""When did you first notice this issue?""},{""answer"":""Minor — can manage"",""question"":""How severe is the issue?""},{""answer"":""First time"",""question"":""Has this issue happened before?""},{""answer"":""Nothing, happened on its own"",""question"":""Did anything specific trigger this issue?""},{""answer"":""Only my room"",""question"":""Is the issue affecting other rooms or just yours?""}]","{""causes"":[{""cause"":""Faulty Flapper Valve / Flush Valve Seal"",""severity"":""low"",""solution"":""The rubber flapper valve or its seal at the bottom of the tank might be worn out or misaligned, allowing water to continuously leak into the toilet bowl. Replacing the flapper valve or the flush valve seal will fix this."",""probability"":0.6,""estimatedCost"":""₹350 - ₹700"",""requiredParts"":[{""name"":""Toilet Flapper Valve / Flush Valve Seal"",""estimatedPrice"":""₹150 - ₹300""}]},{""cause"":""Improperly Adjusted Fill Valve / Overflow Tube Issue"",""severity"":""low"",""solution"":""The fill valve might be set too high, causing water to continuously flow into the overflow tube, or there might be an obstruction. Adjusting the float to lower the water level or clearing any obstruction should resolve this."",""probability"":0.2,""estimatedCost"":""₹0 - ₹600"",""requiredParts"":[]},{""cause"":""Loose Tank Bolts / Worn Tank-to-Bowl Gasket"",""severity"":""medium"",""solution"":""If the leak is from the base of the toilet tank where it connects to the bowl, the bolts might be loose, or the gasket between the tank and bowl might be worn out. Tightening the bolts or replacing the gasket and bolt seals will stop the leak."",""probability"":0.15,""estimatedCost"":""₹400 - ₹850"",""requiredParts"":[{""name"":""Tank-to-Bowl Gasket Kit (includes gasket and bolts)"",""estimatedPrice"":""₹100 - ₹250""}]},{""cause"":""Cracked Toilet Tank"",""severity"":""high"",""solution"":""Though less common for a minor, new issue, a hairline crack in the toilet tank can cause a slow leak. If a crack is found, the toilet tank or the entire toilet unit will need to be replaced."",""probability"":0.05,""estimatedCost"":""₹2500 - ₹6500"",""requiredParts"":[{""name"":""New Toilet Tank or Complete Toilet Unit"",""estimatedPrice"":""₹2000 - ₹5000""}]}],""summary"":""The toilet flush is leaking, a minor issue noticed today for the first time, affecting only your room. The most probable causes are a faulty flapper valve or an issue with the fill valve."",""urgency"":""low"",""recommendedAction"":""First, try to identify if the leak is into the toilet bowl or from the exterior of the tank. If it's into the bowl, check the flapper valve for wear or misalignment. If it's from the tank's exterior, inspect the tank bolts and the gasket between the tank and the bowl. A plumber can quickly diagnose and fix these common issues.""}",null,completed,2026-07-13 11:33:06.009529+00,2026-07-13 11:33:04.907+00
3eed2b13-3414-4bf9-bec6-35233a9e70f5,698d27f3-fc36-4b88-97b9-bf260b25c5fb,00000000-0000-0000-0000-000000000001,bd081ad6-5fe3-4c1d-a919-81b1055efa19,a5831922-eaeb-48c2-941c-fd96fae8813d,"[{""answer"":""Yes"",""question"":""Is the AC turning on when you press the power button?""},{""answer"":""No air at all"",""question"":""Is air coming out from the AC vents?""},{""answer"":""Never / Not sure"",""question"":""When was the AC filter last cleaned?""},{""answer"":""No"",""question"":""Is there any water leaking from the AC?""},{""answer"":""Yes"",""question"":""Is the remote control working properly?""}]","{""causes"":[{""cause"":""Blower Motor Failure"",""severity"":""high"",""solution"":""The AC's internal blower motor, responsible for circulating air, has likely failed and needs to be replaced. This is the most common reason for no air coming out when the unit is on."",""probability"":0.5,""estimatedCost"":""INR 3000 - 6000"",""requiredParts"":[{""name"":""AC Blower Motor"",""estimatedPrice"":""INR 2000 - 4500""}]},{""cause"":""Blower Motor Capacitor Failure"",""severity"":""medium"",""solution"":""The capacitor that helps start the blower motor may have failed. Replacing this component can resolve the issue if the motor itself is still functional."",""probability"":0.3,""estimatedCost"":""INR 800 - 1500"",""requiredParts"":[{""name"":""AC Blower Motor Capacitor"",""estimatedPrice"":""INR 300 - 700""}]},{""cause"":""Control Board / Relay Failure"",""severity"":""high"",""solution"":""There might be an electrical issue with the AC's control board or a specific relay that powers the blower motor. A technician will need to diagnose and potentially replace the faulty component."",""probability"":0.15,""estimatedCost"":""INR 2500 - 7000"",""requiredParts"":[{""name"":""AC Control Board / Relay"",""estimatedPrice"":""INR 1500 - 5500""}]},{""cause"":""Severely Clogged Air Filter"",""severity"":""low"",""solution"":""Although less likely to cause 'no air at all', an extremely clogged air filter can severely restrict airflow. Cleaning or replacing the filter is a basic maintenance step that should always be checked."",""probability"":0.05,""estimatedCost"":""INR 300 - 800"",""requiredParts"":[{""name"":""AC Air Filter (if replacement needed)"",""estimatedPrice"":""INR 200 - 500""}]}],""summary"":""The AC unit is turning on, but no air is coming from the vents, despite the remote working. This indicates a problem with the internal fan system or its control."",""urgency"":""high"",""recommendedAction"":""Contact a qualified AC technician immediately to diagnose the exact cause. They will need to inspect the blower motor, its capacitor, and the control board to identify the faulty component and restore airflow.""}",null,completed,2026-07-13 11:36:29.917722+00,2026-07-13 11:36:28.916+00
b8530bad-c293-49ed-b34d-51019c373b6d,43c9bb6f-ada1-4ef5-b08b-2fc02cc53600,00000000-0000-0000-0000-000000000001,bd081ad6-5fe3-4c1d-a919-81b1055efa19,28158382-d5c1-436c-927b-3e3d9855c2af,"[{""answer"":""Entire room"",""question"":""Is the power out in the entire room or just some outlets?""},{""answer"":""Yes, it's on"",""question"":""Have you checked the MCB / circuit breaker?""},{""answer"":""Yes, others have power"",""question"":""Is there power in the common areas or other rooms?""},{""answer"":""Happened suddenly"",""question"":""Did this happen suddenly or after plugging something in?""}]","{""causes"":[{""cause"":""Loose or Damaged Wiring in the Kitchen Circuit"",""severity"":""medium"",""solution"":""An electrician will need to trace the wiring in the kitchen, identify the point of damage or loose connection, and repair or replace the affected section of wire."",""probability"":0.5,""estimatedCost"":""₹500 - ₹1500"",""requiredParts"":[{""name"":""Electrical wire (e.g., 1.5 sq mm or 2.5 sq mm)"",""estimatedPrice"":""₹50-₹150 per meter""},{""name"":""Electrical tape"",""estimatedPrice"":""₹30-₹80""},{""name"":""Wire connectors"",""estimatedPrice"":""₹10-₹50 each""}]},{""cause"":""Faulty Electrical Outlet or Switch in the Kitchen"",""severity"":""medium"",""solution"":""An electrician will test all outlets and switches in the kitchen to identify the faulty component and replace it."",""probability"":0.3,""estimatedCost"":""₹300 - ₹800 (per faulty unit, including labor)"",""requiredParts"":[{""name"":""Electrical switch or socket (e.g., 5A or 15A)"",""estimatedPrice"":""₹80-₹300 each""}]},{""cause"":""Faulty Tubelight Fixture or its Internal Wiring"",""severity"":""medium"",""solution"":""The tubelight fixture and its connections will need to be inspected. If faulty, it will be repaired or replaced."",""probability"":0.2,""estimatedCost"":""₹300 - ₹1000 (for tubelight replacement and labor)"",""requiredParts"":[{""name"":""LED Tubelight (if replacing the whole unit)"",""estimatedPrice"":""₹200-₹700""},{""name"":""Starter (if old fluorescent type)"",""estimatedPrice"":""₹20-₹50""},{""name"":""Choke (if old fluorescent type)"",""estimatedPrice"":""₹100-₹250""}]}],""summary"":""The kitchen room has no power, including the tubelight, despite the MCB being on and other rooms having power. This indicates a localized electrical fault within the kitchen's circuit."",""urgency"":""medium"",""recommendedAction"":""Immediately call a qualified electrician to inspect the kitchen's electrical wiring, outlets, switches, and light fixtures to diagnose and repair the exact cause of the power outage. Do not attempt to fix it yourself if you are not qualified.""}",null,completed,2026-07-13 11:37:55.98929+00,2026-07-13 11:37:54.896+00
30b9e400-d266-44da-ba7e-48f3ae9e2e12,0f181edc-4747-445a-bbe5-135dba418948,00000000-0000-0000-0000-000000000001,bd081ad6-5fe3-4c1d-a919-81b1055efa19,01208ba1-4225-4a61-be39-3afe03dad690,"[{""answer"":""Today"",""question"":""When did you first notice this issue?""},{""answer"":""Minor — can manage"",""question"":""How severe is the issue?""},{""answer"":""First time"",""question"":""Has this issue happened before?""},{""answer"":""Nothing, happened on its own"",""question"":""Did anything specific trigger this issue?""},{""answer"":""Only my room"",""question"":""Is the issue affecting other rooms or just yours?""}]","{""causes"":[{""cause"":""Loose fittings or connections in the RO unit."",""severity"":""low"",""solution"":""Inspect all connections and fittings on the RO unit and tighten any that are loose. Ensure all O-rings are properly seated."",""probability"":0.5,""estimatedCost"":""₹0 - ₹100"",""requiredParts"":[{""name"":""O-ring (if damaged)"",""estimatedPrice"":""₹50 - ₹100""}]},{""cause"":""Damaged or worn-out O-rings/Gaskets."",""severity"":""medium"",""solution"":""Identify the leaking O-ring or gasket and replace it with a new one. Ensure the new O-ring is correctly sized and seated."",""probability"":0.3,""estimatedCost"":""₹100 - ₹250"",""requiredParts"":[{""name"":""Replacement O-ring/Gasket"",""estimatedPrice"":""₹50 - ₹150""}]},{""cause"":""Cracked filter housing or cartridge."",""severity"":""high"",""solution"":""Locate the cracked housing or cartridge. The damaged component will need to be replaced entirely."",""probability"":0.2,""estimatedCost"":""₹500 - ₹1500"",""requiredParts"":[{""name"":""Filter Housing"",""estimatedPrice"":""₹500 - ₹1000""},{""name"":""Specific Filter Cartridge (if cracked)"",""estimatedPrice"":""₹300 - ₹500""}]}],""summary"":""There is a minor leak in the RO water filter in your room. This is the first time this issue has occurred, and it started today without any specific trigger."",""urgency"":""medium"",""recommendedAction"":""Immediately inspect the RO unit to pinpoint the exact source of the leak. Check all fittings for tightness and look for any visible cracks or damaged seals. Address the leak promptly to prevent water wastage and potential damage.""}",null,completed,2026-07-13 11:39:33.842614+00,2026-07-13 11:39:32.733+00
1cb2e876-6cd0-4392-844f-b22b4b4f7013,52ec5ab0-c642-4dbb-af9f-e9065cf605f6,00000000-0000-0000-0000-000000000001,bd081ad6-5fe3-4c1d-a919-81b1055efa19,caf6381e-5189-4c1f-bf0a-4dfd99d9b9e7,"[{""answer"":""Today"",""question"":""When did you first notice this issue?""},{""answer"":""Minor — can manage"",""question"":""How severe is the issue?""},{""answer"":""First time"",""question"":""Has this issue happened before?""},{""answer"":""Nothing, happened on its own"",""question"":""Did anything specific trigger this issue?""},{""answer"":""Only my room"",""question"":""Is the issue affecting other rooms or just yours?""}]","{""causes"":[{""cause"":""Power Supply Issue"",""severity"":""low"",""solution"":""Check if the washing machine is properly plugged into the power outlet. Inspect the circuit breaker for the washing machine's outlet and reset it if it has tripped. Ensure there isn't a general power outage in the area."",""probability"":40,""estimatedCost"":""₹0"",""requiredParts"":[]},{""cause"":""Lid Switch Malfunction"",""severity"":""medium"",""solution"":""The lid switch is a safety mechanism that prevents the machine from operating when the lid is open. If it's faulty, the machine won't start. Inspect the lid switch for any visible damage or misalignment. If it's broken, it will need to be replaced by a technician."",""probability"":30,""estimatedCost"":""₹500 - ₹1500"",""requiredParts"":[{""name"":""Washing machine lid switch"",""estimatedPrice"":""₹300 - ₹800""}]},{""cause"":""Motor or Capacitor Issue"",""severity"":""high"",""solution"":""The washing machine's motor might have failed, or its starting capacitor could be faulty, preventing the drum from spinning. This requires a qualified technician to diagnose and replace the specific faulty component."",""probability"":20,""estimatedCost"":""₹2000 - ₹6000"",""requiredParts"":[{""name"":""Washing machine motor or capacitor"",""estimatedPrice"":""₹1000 - ₹4000""}]},{""cause"":""Control Board Failure"",""severity"":""high"",""solution"":""The electronic control board manages all functions of the washing machine. If it fails, the machine will not respond. This component needs to be replaced by a professional technician."",""probability"":10,""estimatedCost"":""₹3000 - ₹8000"",""requiredParts"":[{""name"":""Washing machine control board"",""estimatedPrice"":""₹2000 - ₹6000""}]}],""summary"":""The washing machine is not working. This could be due to a simple power supply issue, a faulty lid switch, a problem with the motor or its capacitor, or a failure in the electronic control board."",""urgency"":""medium"",""recommendedAction"":""First, check the power supply to the washing machine, including the plug and the circuit breaker. If the issue persists, inspect the lid switch. If these basic checks do not resolve the problem, it is recommended to call a professional technician for further diagnosis and repair.""}",null,completed,2026-07-13 11:42:10.646728+00,2026-07-13 11:42:07.943+00
d77684b5-90fd-4e0c-8117-5487e9fe7017,4e0f6b2d-05e5-4010-aff3-66ad287fe7fd,00000000-0000-0000-0000-000000000001,bd081ad6-5fe3-4c1d-a919-81b1055efa19,7917cc13-aaca-4558-a2c2-8be5cd8fc159,"[{""answer"":""No WiFi signal at all"",""question"":""Is the WiFi signal showing on your device?""},{""answer"":""No, only me"",""question"":""Are other people in the same area also affected?""},{""answer"":""Some lights are off / red"",""question"":""Is the router light on?""},{""answer"":""Yes, still not working"",""question"":""Have you tried restarting your device?""}]","{""causes"":[{""cause"":""Router Malfunction"",""severity"":""high"",""solution"":""The router itself might be faulty, leading to no signal and incorrect light indicators. Try a hard reset (factory reset) if possible, but if lights remain off/red, it likely needs replacement."",""probability"":0.5,""estimatedCost"":""₹2500"",""requiredParts"":[{""name"":""New WiFi Router"",""estimatedPrice"":""₹2500""}]},{""cause"":""Internet Service Provider (ISP) Issue"",""severity"":""high"",""solution"":""A red light often indicates a problem with the incoming internet line from the ISP. Contact your ISP to report the outage and request a technician visit."",""probability"":0.3,""estimatedCost"":""₹0"",""requiredParts"":[]},{""cause"":""Faulty Power Adapter or Loose Connection"",""severity"":""medium"",""solution"":""The router might not be receiving adequate power, causing some lights to be off. Check if the power adapter is securely plugged into both the router and the power outlet. Try plugging the router into a different power outlet. If the adapter feels hot or looks damaged, it might need replacement."",""probability"":0.2,""estimatedCost"":""₹500"",""requiredParts"":[{""name"":""Router Power Adapter"",""estimatedPrice"":""₹500""}]}],""summary"":""The WiFi router in flat B11D is not emitting a signal, and its indicator lights are either off or red, suggesting a problem with the router hardware, its power supply, or the internet connection from the service provider."",""urgency"":""high"",""recommendedAction"":""First, check all power and network cable connections to the router. If the issue persists, contact the Internet Service Provider (ISP) to report the problem. Be prepared to replace the router if it's found to be faulty.""}",null,completed,2026-07-13 11:50:12.827625+00,2026-07-13 11:50:11.765+00
65ad7c71-6eb4-4905-81ca-078aa2a33dc2,1faa1b2c-b5ba-4cca-8c28-4159fd9ad188,00000000-0000-0000-0000-000000000001,bd081ad6-5fe3-4c1d-a919-81b1055efa19,a5831922-eaeb-48c2-941c-fd96fae8813d,"[{""answer"":""Yes"",""question"":""Is the AC turning on when you press the power button?""},{""answer"":""No air at all"",""question"":""Is air coming out from the AC vents?""},{""answer"":""Never / Not sure"",""question"":""When was the AC filter last cleaned?""},{""answer"":""No"",""question"":""Is there any water leaking from the AC?""},{""answer"":""Yes"",""question"":""Is the remote control working properly?""}]","{""causes"":[{""cause"":""Severely clogged AC filter. A dirty filter restricts airflow, preventing air from being blown out of the vents even if the unit is running. Given that the filter has never been cleaned or the cleaning history is unknown, this is a highly probable cause."",""severity"":""medium"",""solution"":""Inspect the AC filter. If it's dirty, clean it thoroughly. If it's old or damaged, replace it with a new one."",""probability"":0.8,""estimatedCost"":""₹200 - ₹1500"",""requiredParts"":[{""name"":""AC Filter"",""estimatedPrice"":""₹500 - ₹1500""}]},{""cause"":""Faulty Blower Motor or Capacitor. If the AC filter is clean and the problem persists, the blower motor (which pushes air through the vents) might be faulty, or its capacitor might have failed. This would explain why the AC turns on but no air comes out."",""severity"":""high"",""solution"":""A technician needs to inspect the blower motor and its capacitor. If faulty, the component(s) will need to be replaced."",""probability"":0.15,""estimatedCost"":""₹800 - ₹7000"",""requiredParts"":[{""name"":""AC Blower Motor"",""estimatedPrice"":""₹2000 - ₹5000""},{""name"":""AC Blower Capacitor"",""estimatedPrice"":""₹300 - ₹800""}]},{""cause"":""Blocked Air Duct/Vent. Although less common for a single AC unit, a physical blockage within the air duct or the vent itself could prevent air from being expelled."",""severity"":""medium"",""solution"":""Inspect the air vents and accessible ducts for any obstructions and clear them if found."",""probability"":0.05,""estimatedCost"":""₹300 - ₹800""}],""summary"":""The AC unit turns on, and the remote is functional, but no air is being expelled from the vents. The AC filter has not been cleaned or the cleaning history is unknown, which is the most likely cause for restricted airflow."",""urgency"":""medium"",""recommendedAction"":""Immediately inspect and clean or replace the AC filter. If the issue persists after addressing the filter, further investigation into the blower motor and other internal components by a qualified technician will be required.""}",null,completed,2026-07-13 11:51:59.659617+00,2026-07-13 11:51:58.178+00
725016cb-37bc-4f41-a98f-52f19da78e6c,1615e90e-84bc-49bc-8702-f4fdc175dc8e,00000000-0000-0000-0000-000000000001,bd081ad6-5fe3-4c1d-a919-81b1055efa19,a5831922-eaeb-48c2-941c-fd96fae8813d,"[{""answer"":""Yes"",""question"":""Is the AC turning on when you press the power button?""},{""answer"":""No air at all"",""question"":""Is air coming out from the AC vents?""},{""answer"":""Never / Not sure"",""question"":""When was the AC filter last cleaned?""},{""answer"":""No"",""question"":""Is there any water leaking from the AC?""},{""answer"":""Yes"",""question"":""Is the remote control working properly?""}]","{""causes"":[{""cause"":""Loose wiring in the AC plug or wall socket, or a damaged power cord. This is a common issue that can lead to sparking."",""severity"":""high"",""solution"":""Immediately turn off the main power supply to the AC. Do not use the AC. A qualified electrician or AC technician must inspect and tighten all wiring connections in the plug and the wall socket. If the plug or the power cord is visibly damaged, it must be replaced."",""probability"":50,""estimatedCost"":""₹100 - ₹1500"",""requiredParts"":[{""name"":""AC Plug"",""estimatedPrice"":""₹100-₹300""},{""name"":""Wall Socket"",""estimatedPrice"":""₹200-₹500""},{""name"":""AC Power Cord"",""estimatedPrice"":""₹500-₹1500""}]},{""cause"":""The AC unit might be drawing too much current due to an internal fault (e.g., a short circuit in a component) or the electrical circuit is overloaded."",""severity"":""high"",""solution"":""This requires a professional AC technician to thoroughly inspect the internal components of the AC unit for any short circuits, faulty components, or wiring issues. The electrical circuit should also be checked for overloading."",""probability"":20,""estimatedCost"":""₹1500 - ₹5000+"",""requiredParts"":[]},{""cause"":""The air filter is severely clogged with dust and debris, restricting the airflow. Since you mentioned the filter was 'Never / Not sure' when last cleaned, this is a highly probable cause for no air coming out."",""severity"":""medium"",""solution"":""Clean the AC air filter thoroughly. If the filter is old or damaged, it should be replaced. Regular cleaning (every 2-4 weeks) is essential for optimal performance."",""probability"":60,""estimatedCost"":""₹0 - ₹500"",""requiredParts"":[{""name"":""AC Air Filter (if replacement needed)"",""estimatedPrice"":""₹300-₹500""}]},{""cause"":""The blower motor, which is responsible for circulating air, might be faulty, or its starting capacitor has failed. Even if the AC turns on, a faulty blower won't push air."",""severity"":""high"",""solution"":""An AC technician will need to test the blower motor and its capacitor. If either is found to be faulty, they will need to be replaced."",""probability"":30,""estimatedCost"":""₹1500 - ₹8000"",""requiredParts"":[{""name"":""Blower Motor Capacitor"",""estimatedPrice"":""₹1500-₹4000""},{""name"":""Blower Motor"",""estimatedPrice"":""₹3000-₹8000""}]}],""summary"":""The AC plug is sparking, which is a critical electrical safety hazard. Additionally, despite the AC turning on, no air is coming from the vents, indicating a separate issue with the airflow system, likely a severely blocked filter or a faulty blower fan."",""urgency"":""critical"",""recommendedAction"":""Immediately switch off the AC from the main power supply. Do not attempt to use the AC under any circumstances. Contact a qualified electrician or AC technician immediately to diagnose and repair both the sparking plug and the lack of airflow. Using a sparking plug can lead to fire or electrical shock.""}",null,completed,2026-07-13 11:54:35.729657+00,2026-07-13 11:54:34.481+00
b3c06841-15ac-49fd-b946-cea9a04cbf82,996519c8-a521-4d07-aabf-e0a8c185663c,00000000-0000-0000-0000-000000000001,bd081ad6-5fe3-4c1d-a919-81b1055efa19,47389994-b201-4bb1-bf91-8bce4dbde510,"[{""answer"":""Today"",""question"":""When did you first notice this issue?""},{""answer"":""Minor — can manage"",""question"":""How severe is the issue?""},{""answer"":""First time"",""question"":""Has this issue happened before?""},{""answer"":""Nothing, happened on its own"",""question"":""Did anything specific trigger this issue?""},{""answer"":""Only my room"",""question"":""Is the issue affecting other rooms or just yours?""}]","{""causes"":[{""cause"":""Dead or low batteries in the AC remote."",""severity"":""low"",""solution"":""Replace the existing batteries with new ones (AA or AAA, depending on the remote model)."",""probability"":0.7,""estimatedCost"":""INR 100"",""requiredParts"":[{""name"":""AA/AAA Batteries"",""estimatedPrice"":""INR 100""}]},{""cause"":""Faulty AC remote control."",""severity"":""medium"",""solution"":""If new batteries don't fix the issue, the remote itself might be faulty and needs to be replaced."",""probability"":0.25,""estimatedCost"":""INR 800"",""requiredParts"":[{""name"":""Universal AC Remote Control"",""estimatedPrice"":""INR 800""}]},{""cause"":""Issue with the AC unit's infrared receiver."",""severity"":""medium"",""solution"":""If the remote works with new batteries and is not faulty, the problem might be with the AC unit's receiver. This would require a technician to inspect and repair/replace the receiver."",""probability"":0.05,""estimatedCost"":""INR 1500"",""requiredParts"":[{""name"":""AC Receiver Module (if required)"",""estimatedPrice"":""INR 500""}]}],""summary"":""The AC remote in your room is not working. This is a new issue, and it's only affecting your room. You can still manage without it for now."",""urgency"":""low"",""recommendedAction"":""Start by replacing the batteries in your AC remote control. This is the most common and easiest fix. If that doesn't work, consider replacing the remote or contacting a technician if the issue persists.""}",null,completed,2026-07-13 11:56:53.77875+00,2026-07-13 11:56:52.752+00
79ec7077-05a6-456a-9303-3f991a34a579,91dbe4c0-bd94-4588-a0a2-ad0961eda292,00000000-0000-0000-0000-000000000001,bd081ad6-5fe3-4c1d-a919-81b1055efa19,a5831922-eaeb-48c2-941c-fd96fae8813d,"[{""answer"":""Yes"",""question"":""Is the AC turning on when you press the power button?""},{""answer"":""No air at all"",""question"":""Is air coming out from the AC vents?""},{""answer"":""Never / Not sure"",""question"":""When was the AC filter last cleaned?""},{""answer"":""No"",""question"":""Is there any water leaking from the AC?""},{""answer"":""Yes"",""question"":""Is the remote control working properly?""}]","{""causes"":[{""cause"":""Severely Clogged Air Filter"",""severity"":""medium"",""solution"":""Clean or replace the AC air filter. Regular cleaning (every 2-4 weeks) is recommended."",""probability"":0.6,""estimatedCost"":""₹200 - ₹500"",""requiredParts"":[{""name"":""AC filter"",""estimatedPrice"":""₹200 - ₹500""}]},{""cause"":""Blower Motor Malfunction"",""severity"":""high"",""solution"":""Inspect the blower motor, capacitor, and wiring. Repair or replace the faulty component."",""probability"":0.3,""estimatedCost"":""₹1500 - ₹4000"",""requiredParts"":[{""name"":""Blower motor"",""estimatedPrice"":""₹1000 - ₹3000""},{""name"":""Blower motor capacitor"",""estimatedPrice"":""₹500 - ₹1000""}]},{""cause"":""Faulty Thermostat or Control Board"",""severity"":""high"",""solution"":""A technician will need to diagnose and replace the faulty thermostat or control board."",""probability"":0.1,""estimatedCost"":""₹1000 - ₹5000+"",""requiredParts"":[{""name"":""Thermostat"",""estimatedPrice"":""₹1000 - ₹3000""},{""name"":""AC control board"",""estimatedPrice"":""₹2000 - ₹5000+""}]}],""summary"":""Your AC is turning on, but no air is coming from the vents, indicating a problem with air circulation. The most likely culprits are a severely clogged air filter or a faulty blower motor."",""urgency"":""medium"",""recommendedAction"":""Start by checking and cleaning/replacing the AC air filter. If the problem persists, a technician should inspect the blower motor and electrical components.""}",null,completed,2026-07-13 11:59:25.36236+00,2026-07-13 11:59:24.351+00
3a48216f-530a-4ad9-98f0-a2a08f15216b,3452ef1d-d432-41d4-879e-15bc3ffea536,00000000-0000-0000-0000-000000000001,bd081ad6-5fe3-4c1d-a919-81b1055efa19,a5831922-eaeb-48c2-941c-fd96fae8813d,"[{""answer"":""Yes"",""question"":""Is the AC turning on when you press the power button?""},{""answer"":""No air at all"",""question"":""Is air coming out from the AC vents?""},{""answer"":""Never / Not sure"",""question"":""When was the AC filter last cleaned?""},{""answer"":""No"",""question"":""Is there any water leaking from the AC?""},{""answer"":""Yes"",""question"":""Is the remote control working properly?""}]","{""causes"":[{""cause"":""Blower Motor Failure"",""severity"":""high"",""solution"":""The blower motor, responsible for circulating air, has likely failed. It needs to be replaced by a qualified technician."",""probability"":0.5,""estimatedCost"":""₹4,000 - ₹8,000"",""requiredParts"":[{""name"":""AC Blower Motor"",""estimatedPrice"":""₹3,000 - ₹6,000""}]},{""cause"":""Blower Motor Capacitor Failure"",""severity"":""medium"",""solution"":""The capacitor that helps start the blower motor may have failed. Replacing the capacitor can resolve the issue."",""probability"":0.3,""estimatedCost"":""₹800 - ₹2,000"",""requiredParts"":[{""name"":""AC Blower Motor Capacitor"",""estimatedPrice"":""₹300 - ₹800""}]},{""cause"":""Control Board Malfunction"",""severity"":""high"",""solution"":""The main control board might not be sending the signal to activate the blower motor. The board may need repair or replacement."",""probability"":0.15,""estimatedCost"":""₹2,500 - ₹7,500"",""requiredParts"":[{""name"":""AC Control Board"",""estimatedPrice"":""₹2,000 - ₹6,000""}]},{""cause"":""Extremely Clogged Air Filter/Evaporator Coil"",""severity"":""low"",""solution"":""While less likely to completely stop airflow, a severely clogged air filter or a frozen evaporator coil can drastically restrict air. Cleaning or replacing the filter and inspecting/cleaning the coil is necessary."",""probability"":0.05,""estimatedCost"":""₹300 - ₹1,500"",""requiredParts"":[{""name"":""AC Air Filter"",""estimatedPrice"":""₹200 - ₹500""}]}],""summary"":""The AC unit turns on, but no air is coming out from the vents, indicating a problem with the internal fan system responsible for air circulation. This prevents any cooling."",""urgency"":""medium"",""recommendedAction"":""It is recommended to call a qualified AC technician to inspect the indoor unit. The technician should specifically check the blower motor, its starting capacitor, and the main control board. As a general maintenance step, the air filter should also be cleaned or replaced.""}",null,completed,2026-07-13 12:05:20.689991+00,2026-07-13 12:05:19.66+00
eda25792-b0df-4432-9821-0814cabb0780,fe8f1d7d-eb10-411e-9658-5287792fd4fe,00000000-0000-0000-0000-000000000001,bd081ad6-5fe3-4c1d-a919-81b1055efa19,47389994-b201-4bb1-bf91-8bce4dbde510,"[{""answer"":""Yesterday"",""question"":""When did you first notice this issue?""},{""answer"":""Minor — can manage"",""question"":""How severe is the issue?""},{""answer"":""First time"",""question"":""Has this issue happened before?""},{""answer"":""Not sure"",""question"":""Did anything specific trigger this issue?""},{""answer"":""Not sure"",""question"":""Is the issue affecting other rooms or just yours?""}]","{""causes"":[{""cause"":""Worn-out internal mechanism of the lock."",""severity"":""medium"",""solution"":""The internal components of the lock might be worn out due to regular use. This often requires repairing the lock mechanism or replacing the entire lock cylinder. A locksmith can assess if a repair is feasible or if a replacement is necessary."",""probability"":0.4,""estimatedCost"":""₹300 - ₹800"",""requiredParts"":[{""name"":""Lock Cylinder"",""estimatedPrice"":""₹200 - ₹600""},{""name"":""Lubricant (if repairing)"",""estimatedPrice"":""₹50 - ₹100""}]},{""cause"":""Misalignment of the door or strike plate."",""severity"":""low"",""solution"":""Over time, doors can sag or frames can shift slightly, causing the latch or deadbolt to not align perfectly with the strike plate on the door frame. This can often be fixed by adjusting the strike plate's position or tightening/adjusting the door hinges."",""probability"":0.3,""estimatedCost"":""₹100 - ₹400"",""requiredParts"":[{""name"":""Screws (if existing ones are stripped)"",""estimatedPrice"":""₹10 - ₹50""}]},{""cause"":""Damaged or worn key."",""severity"":""low"",""solution"":""A bent, worn, or damaged key can prevent the lock from operating smoothly. Try using a spare key if available. If the spare key works, then the original key needs to be replaced."",""probability"":0.15,""estimatedCost"":""₹50 - ₹150"",""requiredParts"":[{""name"":""New Key Blank"",""estimatedPrice"":""₹30 - ₹100""}]},{""cause"":""Accumulation of dirt or debris inside the lock."",""severity"":""low"",""solution"":""Dust, dirt, or other small debris can get into the lock mechanism, causing it to jam or operate stiffly. Cleaning the lock with a suitable lubricant (like graphite powder or a silicone-based spray, *not* oil-based lubricants) can often resolve this."",""probability"":0.1,""estimatedCost"":""₹50 - ₹200"",""requiredParts"":[{""name"":""Lock Lubricant (e.g., Graphite Powder/Silicone Spray)"",""estimatedPrice"":""₹50 - ₹150""}]},{""cause"":""Loose screws in the lock assembly."",""severity"":""low"",""solution"":""Screws holding the lock body or the strike plate can become loose over time, causing parts to shift and the lock to malfunction. Tightening all visible screws on the lock and strike plate can often fix this."",""probability"":0.05,""estimatedCost"":""₹0 - ₹100"",""requiredParts"":[{""name"":""Screws (if existing ones are stripped)"",""estimatedPrice"":""₹10 - ₹50""}]}],""summary"":""The main door lock is not working properly, making it difficult to secure the door. This issue was first noticed yesterday and is currently minor, but it's a security concern."",""urgency"":""medium"",""recommendedAction"":""It is recommended to have the main door lock inspected by a maintenance professional or a locksmith as soon as possible. Even though the issue is minor, a malfunctioning main door lock poses a security risk. Depending on the diagnosis, the lock may need cleaning, adjustment, repair, or replacement of the cylinder or the entire lock mechanism.""}",null,completed,2026-07-13 12:13:37.658938+00,2026-07-13 12:13:36.633+00
817086d8-a36a-475a-b0bc-18828bd24388,00c4b59e-970d-4075-a3b1-5c88a14a036c,00000000-0000-0000-0000-000000000001,bd081ad6-5fe3-4c1d-a919-81b1055efa19,a5831922-eaeb-48c2-941c-fd96fae8813d,"[{""answer"":""Yes"",""question"":""Is the AC turning on when you press the power button?""},{""answer"":""No air at all"",""question"":""Is air coming out from the AC vents?""},{""answer"":""Never / Not sure"",""question"":""When was the AC filter last cleaned?""},{""answer"":""No"",""question"":""Is there any water leaking from the AC?""},{""answer"":""Yes"",""question"":""Is the remote control working properly?""}]","{""causes"":[{""cause"":""Severely Clogged Air Filter"",""severity"":""medium"",""solution"":""Clean or replace the AC air filter. A blocked filter restricts airflow, preventing the AC from circulating air and cooling the room effectively."",""probability"":0.7,""estimatedCost"":""₹200 - ₹800"",""requiredParts"":[{""name"":""AC Air Filter (if replacement needed)"",""estimatedPrice"":""₹300 - ₹700""}]},{""cause"":""Faulty Blower Motor"",""severity"":""high"",""solution"":""The blower motor is responsible for pushing air through the vents. If it's faulty, it needs to be replaced to restore airflow."",""probability"":0.2,""estimatedCost"":""₹3,000 - ₹8,000"",""requiredParts"":[{""name"":""AC Blower Motor"",""estimatedPrice"":""₹2,500 - ₹7,000""}]},{""cause"":""Faulty Blower Motor Capacitor"",""severity"":""medium"",""solution"":""The capacitor helps start the blower motor. If it's defective, the motor won't turn on. Replacing the capacitor should resolve the issue."",""probability"":0.1,""estimatedCost"":""₹500 - ₹1,500"",""requiredParts"":[{""name"":""Blower Motor Capacitor"",""estimatedPrice"":""₹300 - ₹1,000""}]}],""summary"":""The AC is not cooling properly because no air is coming out from the vents, even though the unit powers on. This indicates a problem with the airflow system."",""urgency"":""medium"",""recommendedAction"":""First, inspect and thoroughly clean or replace the AC air filter. If this does not resolve the issue, a technician should check the blower motor and its capacitor for faults.""}",null,completed,2026-07-13 12:16:44.1799+00,2026-07-13 12:16:42.647+00
1a9635ec-95f8-4931-b23f-23f94de4b4f9,f136cc5b-30b5-4357-ad73-b4d6604fc7df,00000000-0000-0000-0000-000000000001,bd081ad6-5fe3-4c1d-a919-81b1055efa19,caf6381e-5189-4c1f-bf0a-4dfd99d9b9e7,"[{""answer"":""More than a week"",""question"":""When did you first notice this issue?""},{""answer"":""Minor — can manage"",""question"":""How severe is the issue?""},{""answer"":""First time"",""question"":""Has this issue happened before?""},{""answer"":""Nothing, happened on its own"",""question"":""Did anything specific trigger this issue?""},{""answer"":""Only my room"",""question"":""Is the issue affecting other rooms or just yours?""}]","{""causes"":[{""cause"":""Unbalanced load or overloaded drum. The machine's sensor detects an unbalanced load or an overloaded drum, causing it to stop and beep as a safety measure."",""severity"":""low"",""solution"":""Open the washing machine door, redistribute the clothes evenly, or remove some items if it's overloaded. Close the door and restart the wash cycle."",""probability"":0.4,""estimatedCost"":""₹0""},{""cause"":""Drainage Issue (Clogged Filter or Faulty Drain Pump). The machine cannot drain water, often due to a clogged drain filter or a malfunctioning drain pump. This triggers an error and beeping."",""severity"":""medium"",""solution"":""Locate and clean the drain filter, usually at the bottom front of the machine. If the issue persists after cleaning, the drain pump might be faulty and require replacement by a technician."",""probability"":0.3,""estimatedCost"":""₹0 (for cleaning filter yourself) to ₹3000 (for drain pump replacement including labor)"",""requiredParts"":[{""name"":""Drain Pump"",""estimatedPrice"":""₹1500 - ₹2000""}]},{""cause"":""Lid/Door Switch Malfunction. The washing machine's lid or door is not properly closed, or the safety switch that detects its closure is faulty, preventing the machine from operating."",""severity"":""medium"",""solution"":""Ensure the lid/door is firmly closed. If the problem continues, the lid/door switch may need to be replaced by a qualified technician."",""probability"":0.2,""estimatedCost"":""₹800 - ₹1500 (for switch replacement including labor)"",""requiredParts"":[{""name"":""Lid/Door Switch"",""estimatedPrice"":""₹400 - ₹800""}]},{""cause"":""Water Inlet Problem. Insufficient water supply to the machine due to low water pressure, a clogged inlet filter, or a faulty water inlet valve."",""severity"":""medium"",""solution"":""Check if the water supply taps are fully open and that there is adequate water pressure. Clean the inlet filters located at the back of the machine where the hoses connect. If these steps don't resolve the issue, the water inlet valve might need replacement by a technician."",""probability"":0.1,""estimatedCost"":""₹0 (for checking/cleaning yourself) to ₹2000 (for inlet valve replacement including labor)"",""requiredParts"":[{""name"":""Water Inlet Valve"",""estimatedPrice"":""₹700 - ₹1200""}]}],""summary"":""Your washing machine has stopped working and is continuously beeping, indicating an internal error or malfunction. This issue has been present for over a week and is a first-time occurrence, affecting only your room."",""urgency"":""medium"",""recommendedAction"":""First, try the basic troubleshooting steps provided for each cause. If the issue persists after these checks, it is recommended to contact a qualified technician to diagnose the exact cause and perform necessary repairs.""}",null,completed,2026-07-15 14:51:50.787351+00,2026-07-15 14:51:49.695+00
2cb5d57e-4346-4dd5-8329-434033d0653c,7ae58cd2-f723-43f4-9507-209bed09b762,00000000-0000-0000-0000-000000000001,bd081ad6-5fe3-4c1d-a919-81b1055efa19,abc84f5b-a950-406e-ab46-cefbe11df925,"[{""answer"":""Dusty surfaces / furniture"",""question"":""What needs cleaning?""},{""answer"":""Several days ago"",""question"":""When was the last cleaning done?""},{""answer"":""One-time"",""question"":""Is this a one-time request or recurring issue?""}]","{""causes"":[{""cause"":""Established Bed Bug Infestation"",""severity"":""high"",""solution"":""Contact professional pest control services immediately for inspection and treatment of the entire room/PG. This typically involves chemical treatment and follow-up visits."",""probability"":0.7,""estimatedCost"":""INR 3500"",""requiredParts"":[{""name"":""Professional Pest Control Service"",""estimatedPrice"":""INR 3500""}]},{""cause"":""Poor Sanitation and Dusty Environment"",""severity"":""medium"",""solution"":""Perform a thorough deep cleaning of the room. This includes vacuuming mattresses, carpets, and all furniture, washing all bedding, curtains, and clothes in hot water (above 60°C), and decluttering the area to eliminate hiding spots."",""probability"":0.2,""estimatedCost"":""INR 750"",""requiredParts"":[{""name"":""Disinfectant/Cleaning Solution"",""estimatedPrice"":""INR 300""},{""name"":""Laundry Detergent"",""estimatedPrice"":""INR 200""},{""name"":""Vacuum Cleaner Bags (if needed)"",""estimatedPrice"":""INR 250""}]},{""cause"":""Introduction from External Sources"",""severity"":""low"",""solution"":""Inspect luggage, bags, and clothing thoroughly after returning from travel or visiting other places. Avoid bringing used furniture or mattresses into the PG without proper inspection and cleaning."",""probability"":0.1,""estimatedCost"":""INR 0""}],""summary"":""Bed bugs have been observed on the bed for a long time, indicating an established infestation that requires urgent attention."",""urgency"":""critical"",""recommendedAction"":""Immediately contact professional pest control services to address the bed bug infestation and perform a comprehensive deep cleaning of the affected area and all bedding.""}",null,completed,2026-07-15 14:58:52.170862+00,2026-07-15 14:58:51.406+00
969a9767-b646-4f02-8b1c-2389a5a5b19b,37683b76-a4d2-4af4-ad50-56ccab7e8556,00000000-0000-0000-0000-000000000001,bd081ad6-5fe3-4c1d-a919-81b1055efa19,a5831922-eaeb-48c2-941c-fd96fae8813d,"[{""answer"":""Yes"",""question"":""Is the AC turning on when you press the power button?""},{""answer"":""No air at all"",""question"":""Is air coming out from the AC vents?""},{""answer"":""Never / Not sure"",""question"":""When was the AC filter last cleaned?""},{""answer"":""No"",""question"":""Is there any water leaking from the AC?""},{""answer"":""Yes"",""question"":""Is the remote control working properly?""}]","{""causes"":[{""cause"":""Severely Clogged Air Filter"",""severity"":""medium"",""solution"":""Clean or replace the AC air filter. This is the most common and easiest issue to resolve when no air is coming out."",""probability"":0.6,""estimatedCost"":""₹200 - ₹500"",""requiredParts"":[{""name"":""AC Filter"",""estimatedPrice"":""₹300""}]},{""cause"":""Faulty Blower Motor"",""severity"":""high"",""solution"":""The blower motor, which pushes air through the vents, may have failed. A technician will need to inspect, repair, or replace it."",""probability"":0.25,""estimatedCost"":""₹2,000 - ₹6,000"",""requiredParts"":[{""name"":""Blower Motor"",""estimatedPrice"":""₹1,500 - ₹4,000""}]},{""cause"":""Faulty Blower Motor Capacitor"",""severity"":""medium"",""solution"":""The capacitor helps start the blower motor. If it's faulty, the motor won't run. This part will need to be replaced by a technician."",""probability"":0.15,""estimatedCost"":""₹800 - ₹1,500"",""requiredParts"":[{""name"":""Blower Motor Capacitor"",""estimatedPrice"":""₹300 - ₹700""}]}],""summary"":""The AC unit turns on, but no air is coming out of the vents at all. The air filter's cleaning history is unknown or it has never been cleaned, which is a strong indicator of a clogged filter."",""urgency"":""medium"",""recommendedAction"":""First, check and thoroughly clean or replace the AC air filter. If cleaning the filter does not resolve the issue and still no air comes out, it is recommended to call a professional AC technician to inspect the blower motor and its capacitor.""}",null,completed,2026-07-16 07:50:02.224668+00,2026-07-16 07:50:01.207+00
0ac01052-b91e-46da-89d8-e1dc9e93b69c,ff9f72a4-de0c-4964-840e-34556c799035,00000000-0000-0000-0000-000000000001,bd081ad6-5fe3-4c1d-a919-81b1055efa19,a25aca1b-211b-41d3-ab08-78bd2b9541e8,"[{""answer"":""Today"",""question"":""When did you first notice this issue?""},{""answer"":""Minor — can manage"",""question"":""How severe is the issue?""},{""answer"":""First time"",""question"":""Has this issue happened before?""},{""answer"":""Nothing, happened on its own"",""question"":""Did anything specific trigger this issue?""},{""answer"":""Only my room"",""question"":""Is the issue affecting other rooms or just yours?""}]","{""causes"":[{""cause"":""The commode has not been cleaned thoroughly or frequently enough, leading to the accumulation of dirt, stains, and unpleasant odors."",""severity"":""low"",""solution"":""Perform a deep cleaning of the commode using a strong toilet bowl cleaner and a toilet brush. Apply the cleaner, let it sit for 15-30 minutes to break down stains, then scrub thoroughly and flush. Establish a regular cleaning schedule to prevent recurrence."",""probability"":0.9,""estimatedCost"":""₹250 - ₹400"",""requiredParts"":[{""name"":""Toilet Bowl Cleaner (e.g., Harpic Power Plus)"",""estimatedPrice"":""₹150""},{""name"":""Toilet Brush"",""estimatedPrice"":""₹100""},{""name"":""Rubber Gloves"",""estimatedPrice"":""₹50""}]},{""cause"":""Persistent stains, especially yellowish or brownish rings, might be due to hard water deposits that are difficult to remove with standard cleaning. These can also trap dirt and contribute to odor."",""severity"":""low"",""solution"":""If stains persist after general cleaning, use a specialized descaling toilet cleaner. Apply as directed, often requiring a longer dwell time (e.g., overnight) for severe stains, then scrub and flush. Regular use can prevent buildup."",""probability"":0.1,""estimatedCost"":""₹200 - ₹350"",""requiredParts"":[{""name"":""Descaling Toilet Cleaner (e.g., Domex Fresh Guard Disinfectant Toilet Cleaner)"",""estimatedPrice"":""₹250""}]}],""summary"":""The commode in your washroom is dirty with stains and a foul smell, primarily due to inadequate or infrequent cleaning."",""urgency"":""low"",""recommendedAction"":""A thorough deep cleaning of the commode is recommended immediately, followed by establishing a regular cleaning schedule to maintain hygiene.""}",null,completed,2026-07-16 07:52:13.724718+00,2026-07-16 07:52:12.538+00
692de99d-0fab-4dc0-81dd-0478a69078c3,e6339d7a-b25b-431d-b995-64c4abff9132,00000000-0000-0000-0000-000000000001,bd081ad6-5fe3-4c1d-a919-81b1055efa19,01208ba1-4225-4a61-be39-3afe03dad690,"[{""answer"":""Today"",""question"":""When did you first notice this issue?""},{""answer"":""Minor — can manage"",""question"":""How severe is the issue?""},{""answer"":""First time"",""question"":""Has this issue happened before?""},{""answer"":""Nothing, happened on its own"",""question"":""Did anything specific trigger this issue?""},{""answer"":""Only my room"",""question"":""Is the issue affecting other rooms or just yours?""}]","{""causes"":[{""cause"":""UV lamp/filter has reached its end of life or is faulty, requiring replacement."",""severity"":""medium"",""solution"":""Replace the UV lamp and/or UV filter cartridge. This is a routine maintenance item for RO systems."",""probability"":0.7,""estimatedCost"":""₹800 - ₹1500"",""requiredParts"":[{""name"":""UV Lamp/Filter"",""estimatedPrice"":""₹700 - ₹1200""}]},{""cause"":""The ballast or power supply unit for the UV lamp is malfunctioning, preventing the lamp from turning on."",""severity"":""medium"",""solution"":""Test the UV lamp ballast/power supply unit and replace it if found faulty."",""probability"":0.2,""estimatedCost"":""₹500 - ₹1000"",""requiredParts"":[{""name"":""UV Lamp Ballast/Power Supply"",""estimatedPrice"":""₹400 - ₹800""}]},{""cause"":""A loose or damaged electrical connection to the UV lamp or its power supply."",""severity"":""low"",""solution"":""Inspect all wiring connections to the UV lamp and its power supply. Secure any loose connections or repair damaged wires."",""probability"":0.1,""estimatedCost"":""₹0 - ₹300""}],""summary"":""The RO water purifier is indicating an issue with the UV purification system, likely due to a faulty or expired UV lamp/filter, or a problem with its power supply."",""urgency"":""medium"",""recommendedAction"":""It is recommended to have a technician inspect the RO system to diagnose the exact cause. They will check the UV lamp, its power supply, and all related connections. If the UV lamp/filter is faulty or expired, it should be replaced to ensure proper water purification.""}",null,completed,2026-07-16 07:55:40.527224+00,2026-07-16 07:55:39.443+00
23f79abe-52cc-4857-bd4f-17d8a09d7621,61640151-5e67-4bdf-854e-05c78cf4a317,00000000-0000-0000-0000-000000000001,bd081ad6-5fe3-4c1d-a919-81b1055efa19,01208ba1-4225-4a61-be39-3afe03dad690,"[{""answer"":""Today"",""question"":""When did you first notice this issue?""},{""answer"":""Minor — can manage"",""question"":""How severe is the issue?""},{""answer"":""First time"",""question"":""Has this issue happened before?""},{""answer"":""Nothing, happened on its own"",""question"":""Did anything specific trigger this issue?""},{""answer"":""Only my room"",""question"":""Is the issue affecting other rooms or just yours?""}]","{""causes"":[{""cause"":""Clogged or expired RO filter cartridge."",""severity"":""low"",""solution"":""Replace the RO filter cartridge. This is a routine maintenance task to ensure water quality and flow."",""probability"":0.95,""estimatedCost"":""₹500 - ₹800"",""requiredParts"":[{""name"":""RO Filter Cartridge (Sediment/Carbon/RO Membrane depending on specific need)"",""estimatedPrice"":""₹500 - ₹800""}]},{""cause"":""Minor airlock or loose connection in the RO system."",""severity"":""low"",""solution"":""Check all connections for tightness and bleed any air from the system. This can sometimes cause reduced flow or unusual noises."",""probability"":0.05,""estimatedCost"":""₹0 - ₹200"",""requiredParts"":[]}],""summary"":""The RO water system in your room likely needs a filter change, which is a common maintenance requirement for ensuring clean drinking water. The issue is minor and manageable."",""urgency"":""low"",""recommendedAction"":""Replace the RO filter cartridge at your earliest convenience to maintain water quality and system efficiency. If the issue persists after filter replacement, further inspection may be needed.""}",null,completed,2026-07-16 07:57:39.403001+00,2026-07-16 07:57:36.39+00
8b5c9d25-d9fe-4457-9be4-3fc891b3d4b9,ecfb0f75-5c43-4830-9b47-4228d3dbdaaf,00000000-0000-0000-0000-000000000001,bd081ad6-5fe3-4c1d-a919-81b1055efa19,abc84f5b-a950-406e-ab46-cefbe11df925,"[{""answer"":""Dusty surfaces / furniture"",""question"":""What needs cleaning?""},{""answer"":""Yesterday"",""question"":""When was the last cleaning done?""},{""answer"":""One-time"",""question"":""Is this a one-time request or recurring issue?""}]","{""causes"":[{""cause"":""Inadequate or superficial cleaning practices."",""severity"":""medium"",""solution"":""Implement a comprehensive cleaning checklist that includes daily dusting of all surfaces, corners, and under furniture. Train cleaning staff on proper techniques to ensure no areas are missed."",""probability"":0.6,""estimatedCost"":""INR 300 - 700"",""requiredParts"":[{""name"":""Microfiber cloths"",""estimatedPrice"":""INR 150""},{""name"":""All-purpose cleaner"",""estimatedPrice"":""INR 200""},{""name"":""Dusting brush/tool"",""estimatedPrice"":""INR 350""}]},{""cause"":""Unsealed entry points for pests (lizards)."",""severity"":""medium"",""solution"":""Inspect the kitchen and adjacent areas for any cracks, gaps, or unsealed openings in walls, windows, and doors. Seal these entry points using appropriate materials. Consider installing or repairing mesh screens on windows and ensuring door sweeps are effective."",""probability"":0.3,""estimatedCost"":""INR 500 - 1500"",""requiredParts"":[{""name"":""Silicone sealant"",""estimatedPrice"":""INR 300""},{""name"":""Mesh screen (if needed)"",""estimatedPrice"":""INR 700""},{""name"":""Door sweep (if needed)"",""estimatedPrice"":""INR 500""}]},{""cause"":""Presence of food crumbs or water sources attracting pests."",""severity"":""low"",""solution"":""Ensure all food items are stored in airtight containers. Immediately clean up any food spills or crumbs. Check for and fix any leaky faucets or water accumulation points."",""probability"":0.1,""estimatedCost"":""INR 0 - 200"",""requiredParts"":[{""name"":""Airtight food containers (optional)"",""estimatedPrice"":""INR 200""}]}],""summary"":""The presence of a lizard in the kitchen and dusty surfaces despite recent cleaning indicates a potential issue with cleaning effectiveness and/or pest entry points."",""urgency"":""high"",""recommendedAction"":""Conduct a thorough deep clean of the kitchen and surrounding areas, identify and seal potential pest entry points, and review current cleaning protocols.""}",null,completed,2026-07-16 08:00:49.670542+00,2026-07-16 08:00:48.47+00
07650465-6f0e-4c54-a4d8-45b4c57fd521,e7cfc06b-7da6-4d99-969d-c03e52298b47,00000000-0000-0000-0000-000000000001,bd081ad6-5fe3-4c1d-a919-81b1055efa19,a25aca1b-211b-41d3-ab08-78bd2b9541e8,"[{""answer"":""Yesterday"",""question"":""When did you first notice this issue?""},{""answer"":""Minor — can manage"",""question"":""How severe is the issue?""},{""answer"":""First time"",""question"":""Has this issue happened before?""},{""answer"":""Nothing, happened on its own"",""question"":""Did anything specific trigger this issue?""},{""answer"":""Only my room"",""question"":""Is the issue affecting other rooms or just yours?""}]","{""causes"":[{""cause"":""Hair and Soap Scum Buildup: Over time, hair, soap residue, and other debris can accumulate in the drain pipe, forming a blockage. This is the most common reason for a clogged wash basin, especially if it's a first-time occurrence and minor."",""severity"":""low"",""solution"":""First, try using a plunger. If that doesn't work, pour a chemical drain cleaner (like a caustic soda solution or enzyme cleaner) down the drain as per product instructions. For a more eco-friendly approach, a mixture of baking soda and vinegar followed by hot water can also be effective. If the clog persists, the P-trap under the sink may need to be removed and cleaned manually."",""probability"":0.7,""estimatedCost"":""₹100 - ₹800"",""requiredParts"":[{""name"":""Plunger"",""estimatedPrice"":""₹350""},{""name"":""Drain Cleaner (chemical or natural)"",""estimatedPrice"":""₹200""},{""name"":""Bucket (for P-trap cleaning)"",""estimatedPrice"":""₹100""}]},{""cause"":""Small Foreign Object: A small item like a piece of jewelry, a cap, or a small toy might have accidentally fallen into the drain and caused a blockage."",""severity"":""medium"",""solution"":""If a plunger or drain cleaner doesn't work, a small drain snake (also known as a plumbing auger) can be used to try and hook or push the object through. Alternatively, the P-trap under the sink can be carefully removed to check for and retrieve the object."",""probability"":0.25,""estimatedCost"":""₹300 - ₹1000"",""requiredParts"":[{""name"":""Drain Snake"",""estimatedPrice"":""₹500""},{""name"":""Adjustable Wrench (for P-trap removal)"",""estimatedPrice"":""₹350""},{""name"":""Bucket"",""estimatedPrice"":""₹100""}]},{""cause"":""Mineral Buildup (Hard Water Deposits): In areas with hard water, mineral deposits can accumulate inside the pipes over time, narrowing the passage and eventually causing a clog. This is less common for a sudden, first-time clog but can contribute."",""severity"":""medium"",""solution"":""This is less common for a sudden clog but can contribute over time. Specialized mineral deposit removers or stronger acidic drain cleaners might be required. Professional plumbing assistance is recommended for severe mineral buildup."",""probability"":0.05,""estimatedCost"":""₹500 - ₹1500"",""requiredParts"":[{""name"":""Specialized Mineral Remover"",""estimatedPrice"":""₹500""},{""name"":""Protective Gloves"",""estimatedPrice"":""₹100""}]}],""summary"":""The wash basin clog is most likely due to common household debris like hair and soap scum. It could also be caused by a small foreign object. Mineral buildup is a less probable cause for a sudden clog."",""urgency"":""low"",""recommendedAction"":""Start with simple DIY solutions like using a plunger or a drain cleaner. If these methods are unsuccessful, consider manually cleaning the P-trap or using a drain snake. If the issue persists, it's advisable to contact a plumber.""}",null,completed,2026-07-16 08:02:50.755127+00,2026-07-16 08:02:49.595+00
03401728-cfd1-47d0-9a9e-166182af5b78,bd5b38ff-32d9-4213-b0a7-c9fb8fbbbdc2,00000000-0000-0000-0000-000000000001,bd081ad6-5fe3-4c1d-a919-81b1055efa19,abc84f5b-a950-406e-ab46-cefbe11df925,"[{""answer"":""Dusty surfaces / furniture"",""question"":""What needs cleaning?""},{""answer"":""Yesterday"",""question"":""When was the last cleaning done?""},{""answer"":""One-time"",""question"":""Is this a one-time request or recurring issue?""}]","{""causes"":[{""cause"":""Inadequate cleaning by staff."",""severity"":""low"",""solution"":""Retrain cleaning staff on proper dusting techniques and ensure all surfaces are thoroughly cleaned."",""probability"":0.7,""estimatedCost"":""INR 0""},{""cause"":""Rapid dust accumulation due to external factors (e.g., open windows, nearby construction)."",""severity"":""low"",""solution"":""Increase cleaning frequency or implement measures to reduce dust entry (e.g., keep windows closed during dusty periods)."",""probability"":0.3,""estimatedCost"":""INR 0""}],""summary"":""Dusty surfaces and furniture were reported despite cleaning being done yesterday. This appears to be a one-time issue."",""urgency"":""low"",""recommendedAction"":""Re-clean the dusty surfaces and furniture, ensuring thoroughness.""}",null,completed,2026-07-16 08:05:19.475702+00,2026-07-16 08:05:18.274+00
9514783e-4fd3-4140-957a-a45be3306528,4a230654-886f-4fc0-99ed-f669b07f509f,00000000-0000-0000-0000-000000000001,bd081ad6-5fe3-4c1d-a919-81b1055efa19,01208ba1-4225-4a61-be39-3afe03dad690,"[{""answer"":""Yesterday"",""question"":""When did you first notice this issue?""},{""answer"":""Minor — can manage"",""question"":""How severe is the issue?""},{""answer"":""First time"",""question"":""Has this issue happened before?""},{""answer"":""Nothing, happened on its own"",""question"":""Did anything specific trigger this issue?""},{""answer"":""Only my room"",""question"":""Is the issue affecting other rooms or just yours?""}]","{""causes"":[{""cause"":""Clogged Pre-filters (Sediment and Carbon)"",""severity"":""low"",""solution"":""The sediment and carbon filters are likely clogged and need replacement. These filters remove larger particles and chlorine, and their clogging reduces water flow and purification efficiency."",""probability"":0.7,""estimatedCost"":""INR 850"",""requiredParts"":[{""name"":""Sediment Filter"",""estimatedPrice"":""INR 350""},{""name"":""Carbon Filter"",""estimatedPrice"":""INR 500""}]},{""cause"":""Clogged RO Membrane"",""severity"":""medium"",""solution"":""If the pre-filters are not regularly maintained, the RO membrane can get clogged or damaged, leading to poor water quality or very low water output. This will require replacing the RO membrane."",""probability"":0.3,""estimatedCost"":""INR 2250"",""requiredParts"":[{""name"":""RO Membrane"",""estimatedPrice"":""INR 2250""}]}],""summary"":""The RO water purifier in your room is experiencing issues, likely due to clogged filters or membrane, which is a common problem requiring cleaning or replacement of components."",""urgency"":""low"",""recommendedAction"":""It is recommended to first replace the sediment and carbon pre-filters. If the issue persists after replacing these, then the RO membrane might need replacement. Regular maintenance of these filters is crucial for the longevity and efficiency of the RO system.""}",null,completed,2026-07-16 08:07:17.26173+00,2026-07-16 08:07:16.274+00
f7cab444-f745-4eeb-83da-155f9edd3eac,925b5fb4-9735-4f08-b8bb-e93d33cc14e1,00000000-0000-0000-0000-000000000001,bd081ad6-5fe3-4c1d-a919-81b1055efa19,a5831922-eaeb-48c2-941c-fd96fae8813d,"[{""answer"":""Yes"",""question"":""Is the AC turning on when you press the power button?""},{""answer"":""No air at all"",""question"":""Is air coming out from the AC vents?""},{""answer"":""Never / Not sure"",""question"":""When was the AC filter last cleaned?""},{""answer"":""No"",""question"":""Is there any water leaking from the AC?""},{""answer"":""Yes"",""question"":""Is the remote control working properly?""}]","{""causes"":[{""cause"":""Blower Motor Failure"",""severity"":""high"",""solution"":""The AC blower motor needs to be replaced. This motor is responsible for circulating air through the vents. If it fails, no air will come out."",""probability"":0.5,""estimatedCost"":""₹3500 - ₹7500"",""requiredParts"":[{""name"":""AC Blower Motor"",""estimatedPrice"":""₹2500 - ₹6000""}]},{""cause"":""Blower Motor Capacitor Failure"",""severity"":""high"",""solution"":""The capacitor provides the initial boost to start the blower motor and helps it run efficiently. A faulty capacitor will prevent the motor from starting or running."",""probability"":0.35,""estimatedCost"":""₹800 - ₹1800"",""requiredParts"":[{""name"":""AC Blower Motor Capacitor"",""estimatedPrice"":""₹300 - ₹800""}]},{""cause"":""Extremely Clogged Air Filter"",""severity"":""medium"",""solution"":""A severely clogged air filter can restrict airflow to such an extent that very little or no air can pass through. This also puts strain on the blower motor, potentially leading to its failure. The filter needs to be cleaned or replaced immediately."",""probability"":0.15,""estimatedCost"":""₹300 - ₹800"",""requiredParts"":[{""name"":""AC Air Filter"",""estimatedPrice"":""₹200 - ₹500""}]}],""summary"":""The AC unit is turning on, but no air is coming out from the vents. The air filter has not been cleaned recently, which could be a contributing factor or a direct cause of the airflow issue."",""urgency"":""medium"",""recommendedAction"":""It is recommended to call a qualified AC technician to inspect the blower motor, its capacitor, and the air filter. They will be able to accurately diagnose the root cause and perform the necessary repairs or replacements.""}",null,completed,2026-07-16 08:09:48.573252+00,2026-07-16 08:09:47.564+00
324d7216-5b0b-4373-bcac-4ca4f5f5e152,82050226-2a78-428a-8c04-cca4feae40a3,00000000-0000-0000-0000-000000000001,bd081ad6-5fe3-4c1d-a919-81b1055efa19,a5831922-eaeb-48c2-941c-fd96fae8813d,"[{""answer"":""Yes"",""question"":""Is the AC turning on when you press the power button?""},{""answer"":""No air at all"",""question"":""Is air coming out from the AC vents?""},{""answer"":""Never / Not sure"",""question"":""When was the AC filter last cleaned?""},{""answer"":""No"",""question"":""Is there any water leaking from the AC?""},{""answer"":""Yes"",""question"":""Is the remote control working properly?""}]","{""causes"":[{""cause"":""Severely Clogged Air Filter leading to Frozen Evaporator Coil"",""severity"":""medium"",""solution"":""Turn off the AC and allow the coil to defrost completely (this can take several hours). Once defrosted, clean or replace the air filter. Regular filter cleaning is crucial to prevent this from recurring."",""probability"":0.75,""estimatedCost"":""₹300 - ₹800"",""requiredParts"":[{""name"":""AC Air Filter"",""estimatedPrice"":""₹200 - ₹500""}]},{""cause"":""Faulty Blower Motor or Blower Motor Capacitor"",""severity"":""high"",""solution"":""A qualified technician needs to inspect and test the blower motor and its capacitor. The faulty component will need to be replaced."",""probability"":0.2,""estimatedCost"":""₹2,500 - ₹7,000 (for capacitor replacement), ₹6,000 - ₹18,000 (for blower motor replacement)"",""requiredParts"":[{""name"":""Blower Motor Capacitor"",""estimatedPrice"":""₹1,500 - ₹4,000""},{""name"":""Blower Motor"",""estimatedPrice"":""₹4,000 - ₹10,000""}]},{""cause"":""Blocked Condensate Drain Line (contributing to past leaks)"",""severity"":""low"",""solution"":""The drain line needs to be cleared of any blockages. This can often be done by flushing it with a vinegar solution or using a wet/dry vacuum."",""probability"":0.05,""estimatedCost"":""₹500 - ₹1,500""}],""summary"":""The AC is turning on but no air is coming out, and the filter has not been cleaned recently. This strongly suggests a severely clogged air filter leading to a frozen evaporator coil, which can also cause recurring water leaks when it thaws. A faulty blower motor or capacitor is another possibility for the lack of airflow."",""urgency"":""medium"",""recommendedAction"":""First, turn off the AC and let it defrost for several hours. Then, inspect and clean or replace the air filter. If the issue persists after defrosting and cleaning the filter, a technician should inspect the blower motor and capacitor.""}",null,completed,2026-07-16 08:14:12.970137+00,2026-07-16 08:14:11.72+00
375c8f95-c5be-428c-99a5-42ac53f722e5,e7593d52-e92f-42a7-99c4-947533f6baeb,00000000-0000-0000-0000-000000000001,bd081ad6-5fe3-4c1d-a919-81b1055efa19,e2aa2aaa-8af6-4807-9a4e-7665c5421eed,"[{""answer"":""Today"",""question"":""When did you first notice this issue?""},{""answer"":""Minor — can manage"",""question"":""How severe is the issue?""},{""answer"":""First time"",""question"":""Has this issue happened before?""},{""answer"":""Nothing, happened on its own"",""question"":""Did anything specific trigger this issue?""},{""answer"":""Only my room"",""question"":""Is the issue affecting other rooms or just yours?""}]","{""causes"":[{""cause"":""Normal wear and tear over time, leading to material fatigue and breakage."",""severity"":""low"",""solution"":""Replace the broken almirah hook with a new one and install a suitable locking mechanism."",""probability"":0.7,""estimatedCost"":""INR 400"",""requiredParts"":[{""name"":""Almirah hook/latch"",""estimatedPrice"":""INR 150""},{""name"":""Small padlock"",""estimatedPrice"":""INR 250""}]},{""cause"":""A manufacturing defect in the almirah hook's material, causing it to break prematurely."",""severity"":""low"",""solution"":""Replace the broken almirah hook with a new one and install a suitable locking mechanism."",""probability"":0.25,""estimatedCost"":""INR 400"",""requiredParts"":[{""name"":""Almirah hook/latch"",""estimatedPrice"":""INR 150""},{""name"":""Small padlock"",""estimatedPrice"":""INR 250""}]},{""cause"":""A minor, unremembered accidental impact or excessive force applied to the hook, causing it to snap."",""severity"":""low"",""solution"":""Replace the broken almirah hook with a new one and install a suitable locking mechanism."",""probability"":0.05,""estimatedCost"":""INR 400"",""requiredParts"":[{""name"":""Almirah hook/latch"",""estimatedPrice"":""INR 150""},{""name"":""Small padlock"",""estimatedPrice"":""INR 250""}]}],""summary"":""The almirah hook in your room is broken and currently does not have a functional lock. This is likely due to normal wear and tear or a material defect."",""urgency"":""low"",""recommendedAction"":""Arrange for the replacement of the broken almirah hook and the installation of a new locking mechanism.""}",null,completed,2026-07-16 12:17:54.483847+00,2026-07-16 12:17:53.216+00
ade3b8b2-b3bb-4e5a-adb4-01f31b54ecc6,11cae148-c552-4a96-98ac-1230d988e8cf,00000000-0000-0000-0000-000000000001,bd081ad6-5fe3-4c1d-a919-81b1055efa19,47389994-b201-4bb1-bf91-8bce4dbde510,"[{""answer"":""Today"",""question"":""When did you first notice this issue?""},{""answer"":""Minor — can manage"",""question"":""How severe is the issue?""},{""answer"":""First time"",""question"":""Has this issue happened before?""},{""answer"":""Nothing, happened on its own"",""question"":""Did anything specific trigger this issue?""},{""answer"":""Only my room"",""question"":""Is the issue affecting other rooms or just yours?""}]","{""causes"":[{""cause"":""Dirty Air Filter"",""severity"":""low"",""solution"":""The air filter might be clogged with dust and debris, restricting airflow and reducing cooling efficiency. Clean or replace the air filter."",""probability"":0.4,""estimatedCost"":""₹0 - ₹500"",""requiredParts"":[{""name"":""AC Air Filter"",""estimatedPrice"":""₹300 - ₹500""}]},{""cause"":""Low Refrigerant Level / Gas Leak"",""severity"":""medium"",""solution"":""A low refrigerant level, often due to a leak, means the AC cannot effectively absorb heat. A technician needs to inspect for leaks, repair them, and recharge the refrigerant gas."",""probability"":0.3,""estimatedCost"":""₹2000 - ₹4000"",""requiredParts"":[{""name"":""Refrigerant Gas"",""estimatedPrice"":""₹1500 - ₹3000""},{""name"":""Leak Repair Kit/Sealant (if needed)"",""estimatedPrice"":""₹500 - ₹1000""}]},{""cause"":""Dirty Evaporator or Condenser Coils"",""severity"":""medium"",""solution"":""Dust and grime on the evaporator (indoor) or condenser (outdoor) coils hinder heat exchange, leading to poor cooling. Professional cleaning is required."",""probability"":0.2,""estimatedCost"":""₹800 - ₹1500""},{""cause"":""Outdoor Unit Fan Motor Malfunction"",""severity"":""medium"",""solution"":""If the outdoor unit's fan isn't working correctly, heat cannot be dissipated from the refrigerant, leading to poor cooling. A technician will need to repair or replace the fan motor or its capacitor."",""probability"":0.1,""estimatedCost"":""₹1500 - ₹3500"",""requiredParts"":[{""name"":""AC Fan Motor"",""estimatedPrice"":""₹1000 - ₹2500""},{""name"":""AC Capacitor"",""estimatedPrice"":""₹500 - ₹1000""}]}],""summary"":""Your AC is not cooling effectively, which is a common issue often stemming from basic maintenance needs or refrigerant levels. Since it's a minor issue and happened today, it's likely one of the more common and less severe problems."",""urgency"":""medium"",""recommendedAction"":""First, check and clean your AC's air filter. If the issue persists, contact a qualified AC technician to diagnose and fix the problem. Addressing it soon will prevent further discomfort and potential damage to the unit.""}",null,completed,2026-07-16 12:21:16.09143+00,2026-07-16 12:21:14.998+00
42815627-a49e-4273-abb7-83f7c366aba3,f90ebf64-ee75-41cd-8a53-e97d7aad40da,00000000-0000-0000-0000-000000000001,bd081ad6-5fe3-4c1d-a919-81b1055efa19,47389994-b201-4bb1-bf91-8bce4dbde510,"[{""answer"":""Today"",""question"":""When did you first notice this issue?""},{""answer"":""Minor — can manage"",""question"":""How severe is the issue?""},{""answer"":""First time"",""question"":""Has this issue happened before?""},{""answer"":""Nothing, happened on its own"",""question"":""Did anything specific trigger this issue?""},{""answer"":""Only my room"",""question"":""Is the issue affecting other rooms or just yours?""}]","{""causes"":[{""cause"":""Insufficient information to diagnose. Please describe the issue in detail."",""severity"":""high"",""solution"":""Please provide more details about the 'Other' issue you are experiencing."",""probability"":1,""estimatedCost"":""N/A""}],""summary"":""The issue is currently undiagnosed due to a lack of specific information. The user reported an 'Other' issue without further details."",""urgency"":""critical"",""recommendedAction"":""Please describe the issue in detail so a proper diagnosis can be made.""}",null,completed,2026-07-17 07:34:43.761719+00,2026-07-17 07:34:44.208+00
ab773654-7dc2-4ef5-9415-39eb891004f0,5e89f675-cd07-456b-89e4-d141040c2f0e,00000000-0000-0000-0000-000000000001,bd081ad6-5fe3-4c1d-a919-81b1055efa19,a5831922-eaeb-48c2-941c-fd96fae8813d,"[{""answer"":""Yes"",""question"":""Is the AC turning on when you press the power button?""},{""answer"":""No air at all"",""question"":""Is air coming out from the AC vents?""},{""answer"":""Never / Not sure"",""question"":""When was the AC filter last cleaned?""},{""answer"":""No"",""question"":""Is there any water leaking from the AC?""},{""answer"":""Yes"",""question"":""Is the remote control working properly?""}]","{""causes"":[{""cause"":""Severely clogged AC filter."",""severity"":""high"",""solution"":""Clean or replace the AC filter. Regular cleaning (every 2-4 weeks) is recommended for optimal performance."",""probability"":0.8,""estimatedCost"":""₹200 - ₹800"",""requiredParts"":[{""name"":""AC Filter"",""estimatedPrice"":""₹300 - ₹700""}]},{""cause"":""Faulty blower motor."",""severity"":""high"",""solution"":""Inspect the blower motor for power supply and functionality. Replace if faulty."",""probability"":0.15,""estimatedCost"":""₹2500 - ₹6000"",""requiredParts"":[{""name"":""AC Blower Motor"",""estimatedPrice"":""₹2000 - ₹5000""}]},{""cause"":""Blockage in air ducts."",""severity"":""medium"",""solution"":""Inspect and clear any obstructions in the air ducts."",""probability"":0.05,""estimatedCost"":""₹500 - ₹2000""}],""summary"":""The AC is turning on but no air is coming from the vents, and dust particles are being emitted. The AC filter has never been cleaned or the cleaning history is unknown."",""urgency"":""high"",""recommendedAction"":""Inspect and clean/replace the AC filter immediately. If the issue persists, check the blower motor.""}",null,completed,2026-07-18 11:11:18.636984+00,2026-07-18 11:11:17.851+00
17f94e03-acac-46df-b380-20c36c0c59d2,6ee7e61a-b10e-4a6d-95c2-02b365bb774e,00000000-0000-0000-0000-000000000001,bd081ad6-5fe3-4c1d-a919-81b1055efa19,a5831922-eaeb-48c2-941c-fd96fae8813d,"[{""answer"":""Yes"",""question"":""Is the AC turning on when you press the power button?""},{""answer"":""No air at all"",""question"":""Is air coming out from the AC vents?""},{""answer"":""Never / Not sure"",""question"":""When was the AC filter last cleaned?""},{""answer"":""Yes"",""question"":""Is there any water leaking from the AC?""},{""answer"":""Yes"",""question"":""Is the remote control working properly?""}]","{""causes"":[{""cause"":""Clogged Air Filter"",""severity"":""medium"",""solution"":""The AC filter is likely severely clogged, restricting airflow and causing the evaporator coil to freeze. When the ice melts, it overflows and leaks. Clean or replace the AC air filter immediately. Regular cleaning (every 2-4 weeks) is crucial for optimal performance and to prevent such issues."",""probability"":0.6,""estimatedCost"":""₹200 - ₹500"",""requiredParts"":[{""name"":""AC Air Filter"",""estimatedPrice"":""₹200 - ₹500""}]},{""cause"":""Blocked Condensate Drain Line"",""severity"":""medium"",""solution"":""Accumulated dirt, mold, or algae can block the condensate drain line. This causes water to back up in the drain pan and overflow, leading to leakage. Clear the drain line, possibly by flushing it with a vinegar solution or using a wet/dry vacuum to remove the blockage."",""probability"":0.3,""estimatedCost"":""₹300 - ₹800""},{""cause"":""Frozen Evaporator Coil"",""severity"":""medium"",""solution"":""The lack of airflow and water leakage strongly suggest the evaporator coil is frozen. This is often a result of a clogged filter or a blocked drain line. Turn off the AC and let it defrost completely for several hours. Once defrosted, address the underlying cause (clean the filter and/or clear the drain line) to prevent refreezing."",""probability"":0.1,""estimatedCost"":""₹0""}],""summary"":""Water is leaking from your AC indoor unit and no air is coming out, even though the unit turns on. This is most likely due to a severely clogged air filter and/or a blocked condensate drain line, leading to a frozen evaporator coil."",""urgency"":""medium"",""recommendedAction"":""First, turn off your AC unit and let it defrost completely for several hours. Then, inspect and thoroughly clean or replace the air filter. After that, check and clear the condensate drain line. If the issue persists after these steps, it is recommended to call a professional AC technician.""}",null,completed,2026-07-18 11:14:10.904097+00,2026-07-18 11:14:10.168+00
0a4c03be-0b6b-4e28-abcd-27e19078874d,e4a24fa5-dd00-43f6-b93d-0f314865648a,00000000-0000-0000-0000-000000000001,bd081ad6-5fe3-4c1d-a919-81b1055efa19,e2aa2aaa-8af6-4807-9a4e-7665c5421eed,"[{""answer"":""Today"",""question"":""When did you first notice this issue?""},{""answer"":""Minor — can manage"",""question"":""How severe is the issue?""},{""answer"":""First time"",""question"":""Has this issue happened before?""},{""answer"":""Nothing, happened on its own"",""question"":""Did anything specific trigger this issue?""},{""answer"":""Only my room"",""question"":""Is the issue affecting other rooms or just yours?""}]","{""causes"":[{""cause"":""Loose screw or general wear and tear on the knob's material."",""severity"":""low"",""solution"":""First, check if the knob can be re-attached by tightening its screw. If the knob itself is cracked or broken due to wear and tear, it will need to be replaced."",""probability"":0.7,""estimatedCost"":""₹50 - ₹200"",""requiredParts"":[{""name"":""Drawer knob"",""estimatedPrice"":""₹50 - ₹150""},{""name"":""Small screws (if original are stripped)"",""estimatedPrice"":""₹10 - ₹50""}]},{""cause"":""Material fatigue or a minor manufacturing defect in the knob's material, leading to breakage over time."",""severity"":""low"",""solution"":""The broken drawer knob will need to be replaced with a new one."",""probability"":0.3,""estimatedCost"":""₹100 - ₹300"",""requiredParts"":[{""name"":""Drawer knob"",""estimatedPrice"":""₹100 - ₹250""}]}],""summary"":""The drawer knob in your room is broken. This is a minor issue, noticed today, and is the first time it has occurred without any specific trigger."",""urgency"":""low"",""recommendedAction"":""Inspect the broken knob to determine if it's just loose and can be tightened, or if the knob itself is broken and requires replacement. A new knob can be easily installed.""}",null,completed,2026-07-18 11:32:22.223392+00,2026-07-18 11:32:21.433+00
7b4c8bfd-5ec3-443a-8ceb-4aab9cb163ff,f130f31f-51cd-41f5-a55e-46d12e05aa48,00000000-0000-0000-0000-000000000001,bd081ad6-5fe3-4c1d-a919-81b1055efa19,e2aa2aaa-8af6-4807-9a4e-7665c5421eed,"[{""answer"":""Today"",""question"":""When did you first notice this issue?""},{""answer"":""Minor — can manage"",""question"":""How severe is the issue?""},{""answer"":""First time"",""question"":""Has this issue happened before?""},{""answer"":""After using something"",""question"":""Did anything specific trigger this issue?""},{""answer"":""Only my room"",""question"":""Is the issue affecting other rooms or just yours?""}]","{""causes"":[{""cause"":""The original almirah key is missing."",""severity"":""low"",""solution"":""Obtain a duplicate key from a locksmith or the PG/Hostel management if they have a master key or spare. If not, the lock will need to be replaced."",""probability"":0.8,""estimatedCost"":""₹50 - ₹150 (for duplicate key) or ₹200 - ₹500 (for lock replacement)"",""requiredParts"":[{""name"":""Duplicate key"",""estimatedPrice"":""₹50 - ₹150""},{""name"":""Almirah lock (if replacement needed)"",""estimatedPrice"":""₹150 - ₹300""}]},{""cause"":""The almirah was provided without a key, or the lock is faulty and cannot be opened/locked even with a key."",""severity"":""low"",""solution"":""The almirah lock needs to be replaced with a new one that comes with keys."",""probability"":0.2,""estimatedCost"":""₹200 - ₹500"",""requiredParts"":[{""name"":""New almirah lock set"",""estimatedPrice"":""₹150 - ₹300""}]}],""summary"":""The key for your almirah door is missing, preventing you from locking it. This is a minor issue affecting only your room and was noticed today for the first time."",""urgency"":""low"",""recommendedAction"":""Contact the PG/Hostel management immediately to request a duplicate key or a lock replacement. If a duplicate key is not available, a locksmith can be called to either make a new key or replace the lock.""}",null,completed,2026-07-18 11:55:53.989294+00,2026-07-18 11:55:53.243+00
6e807ae9-2a6f-4cd9-9026-37322ff62702,9e794fe8-7c9d-4006-b59c-a654afcd2644,00000000-0000-0000-0000-000000000001,bd081ad6-5fe3-4c1d-a919-81b1055efa19,01208ba1-4225-4a61-be39-3afe03dad690,"[{""answer"":""Yesterday"",""question"":""When did you first notice this issue?""},{""answer"":""Minor — can manage"",""question"":""How severe is the issue?""},{""answer"":""First time"",""question"":""Has this issue happened before?""},{""answer"":""Nothing, happened on its own"",""question"":""Did anything specific trigger this issue?""},{""answer"":""Only my room"",""question"":""Is the issue affecting other rooms or just yours?""}]","{""causes"":[{""cause"":""Clogged RO Filter"",""severity"":""medium"",""solution"":""The RO filter is likely clogged with sediment and impurities, reducing water flow and quality. It needs to be replaced."",""probability"":0.6,""estimatedCost"":""₹1000"",""requiredParts"":[{""name"":""RO Filter Cartridge"",""estimatedPrice"":""₹800 - ₹1200""}]},{""cause"":""Loose Fittings or Damaged O-ring"",""severity"":""low"",""solution"":""The water leak is likely due to loose connections/fittings or a damaged O-ring within the filter housing. All fittings should be inspected and tightened. If an O-ring is damaged, it needs replacement."",""probability"":0.3,""estimatedCost"":""₹250"",""requiredParts"":[{""name"":""O-ring (if damaged)"",""estimatedPrice"":""₹50 - ₹100""}]},{""cause"":""Cracked Filter Housing"",""severity"":""medium"",""solution"":""A crack in the filter housing itself could be causing the leak. If found, the damaged housing needs to be replaced."",""probability"":0.1,""estimatedCost"":""₹700"",""requiredParts"":[{""name"":""RO Filter Housing"",""estimatedPrice"":""₹500 - ₹700""}]}],""summary"":""The RO water filter needs cleaning/replacement, and there is a water leak, likely from loose fittings or a damaged O-ring, or potentially a cracked filter housing."",""urgency"":""low"",""recommendedAction"":""A technician should inspect the RO unit to identify the exact source of the leak and the condition of the filters. The filter should be replaced, and any loose fittings tightened or damaged O-rings/housing replaced as necessary.""}",null,completed,2026-07-20 09:31:22.681835+00,2026-07-20 09:31:21.181+00
f3b72946-4658-43bc-81dc-5c7455a8c4c4,e689126d-d5a7-4935-ba4d-1f17097d2393,00000000-0000-0000-0000-000000000001,bd081ad6-5fe3-4c1d-a919-81b1055efa19,28158382-d5c1-436c-927b-3e3d9855c2af,"[{""answer"":""Entire room"",""question"":""Is the power out in the entire room or just some outlets?""},{""answer"":""Yes, it's on"",""question"":""Have you checked the MCB / circuit breaker?""},{""answer"":""Yes, others have power"",""question"":""Is there power in the common areas or other rooms?""},{""answer"":""Happened suddenly"",""question"":""Did this happen suddenly or after plugging something in?""}]","{""causes"":[{""cause"":""Loose or damaged wiring/connection from the backup power source to your room's electrical panel. This is a common issue where the dedicated line for your room's backup power might have a poor connection or has been physically damaged."",""severity"":""medium"",""solution"":""An electrician needs to inspect all wiring connections from the main backup power supply (inverter/generator) to your room's distribution board. Loose connections will be tightened, and damaged wires will be repaired or replaced."",""probability"":0.4,""estimatedCost"":""₹300 - ₹800"",""requiredParts"":[{""name"":""Electrical tape"",""estimatedPrice"":""₹50""},{""name"":""Wire connectors (if needed)"",""estimatedPrice"":""₹100""}]},{""cause"":""Faulty Automatic Transfer Switch (ATS) or relay for your room's backup circuit. If your room has an individual switch or relay that automatically shifts power from main to backup, it might be stuck or faulty, preventing the backup power from reaching your room."",""severity"":""medium"",""solution"":""The faulty ATS or relay needs to be identified and replaced by a qualified electrician. This component is crucial for seamless power transfer."",""probability"":0.3,""estimatedCost"":""₹800 - ₹2500"",""requiredParts"":[{""name"":""Automatic Transfer Switch (ATS) or Relay (e.g., 16A/20A)"",""estimatedPrice"":""₹500 - ₹1500""}]},{""cause"":""Internal fault in the backup power distribution board or sub-circuit specifically for your room. While the main MCB is on, there might be a smaller fuse or an internal connection within a sub-distribution box that has failed or is faulty, affecting only your room's backup supply."",""severity"":""medium"",""solution"":""An electrician will need to thoroughly check the internal wiring, fuses, and connections within any sub-distribution boxes that supply power to your room from the backup system. Any faulty components will be replaced."",""probability"":0.2,""estimatedCost"":""₹500 - ₹1500"",""requiredParts"":[{""name"":""Fuses (if applicable)"",""estimatedPrice"":""₹50 - ₹200""},{""name"":""Electrical wire (small length if needed)"",""estimatedPrice"":""₹100 - ₹300""}]},{""cause"":""Issue with the main inverter/UPS output specifically affecting your room's circuit. Although less likely if other rooms are working, there could be a specific output channel or internal component of the main backup system that is failing to supply power to your room's circuit."",""severity"":""high"",""solution"":""This would require a specialist to diagnose and repair the main inverter/UPS unit. It might involve replacing internal components or repairing specific output circuits."",""probability"":0.1,""estimatedCost"":""₹1000 - ₹5000+"",""requiredParts"":[{""name"":""Inverter/UPS internal components (varies based on fault)"",""estimatedPrice"":""₹500 - ₹3000+""}]}],""summary"":""Your room is not receiving backup power during an outage, even though other rooms and common areas have power, and your room's MCB is on. This indicates a problem with the backup power supply specifically for your room."",""urgency"":""medium"",""recommendedAction"":""It is recommended to call a qualified electrician to inspect the backup power wiring, transfer switch, and distribution system connected to your room. They will be able to accurately diagnose the root cause and perform the necessary repairs.""}",null,completed,2026-07-22 05:13:13.580813+00,2026-07-22 05:13:12.994+00
a4deb5bc-31cd-40b0-9d4e-898370b58f78,4530a003-d425-4d3c-be37-5eef89668fa4,00000000-0000-0000-0000-000000000001,bd081ad6-5fe3-4c1d-a919-81b1055efa19,47389994-b201-4bb1-bf91-8bce4dbde510,"[{""answer"":""Yesterday"",""question"":""When did you first notice this issue?""},{""answer"":""Minor — can manage"",""question"":""How severe is the issue?""},{""answer"":""First time"",""question"":""Has this issue happened before?""},{""answer"":""Nothing, happened on its own"",""question"":""Did anything specific trigger this issue?""},{""answer"":""Only my room"",""question"":""Is the issue affecting other rooms or just yours?""}]","{""causes"":[{""cause"":""The door is not adequately sealed, leaving a gap that could allow unauthorized entry."",""severity"":""high"",""solution"":""Install a custom-fit wooden block or a robust door security bar/seal to completely block the gap and prevent entry."",""probability"":90,""estimatedCost"":""INR 300 - 800"",""requiredParts"":[{""name"":""Wooden block/Door security bar"",""estimatedPrice"":""INR 150 - 400""},{""name"":""Screws/Adhesive"",""estimatedPrice"":""INR 50 - 100""}]},{""cause"":""The door frame or the door itself might be misaligned, creating a persistent gap that requires more than a simple seal."",""severity"":""high"",""solution"":""Inspect and adjust door hinges, re-align the door frame, or install a more comprehensive security solution if alignment cannot be corrected."",""probability"":10,""estimatedCost"":""INR 800 - 2000"",""requiredParts"":[{""name"":""Hinges/Shims"",""estimatedPrice"":""INR 200 - 500""},{""name"":""Wood filler/Sealant"",""estimatedPrice"":""INR 100 - 200""}]}],""summary"":""The door in your room has an unsealed gap, posing a security risk by potentially allowing unauthorized entry. This issue was first noticed yesterday and is affecting only your room."",""urgency"":""high"",""recommendedAction"":""Immediately arrange for a maintenance person to inspect the door and install a suitable sealing mechanism to ensure room security.""}",null,completed,2026-07-22 05:16:30.327585+00,2026-07-22 05:16:29.49+00
1a4f7704-6ccf-4962-b014-5bb90d770eff,b68b2bcf-ceb9-4cdc-8e0a-fdf2e5fd8d30,00000000-0000-0000-0000-000000000001,bd081ad6-5fe3-4c1d-a919-81b1055efa19,01208ba1-4225-4a61-be39-3afe03dad690,"[{""answer"":""Yesterday"",""question"":""When did you first notice this issue?""},{""answer"":""Minor — can manage"",""question"":""How severe is the issue?""},{""answer"":""First time"",""question"":""Has this issue happened before?""},{""answer"":""Nothing, happened on its own"",""question"":""Did anything specific trigger this issue?""},{""answer"":""Only my room"",""question"":""Is the issue affecting other rooms or just yours?""}]","{""causes"":[{""cause"":""Contaminated or expired filters and internal system components. Old filters can harbor contaminants and insects, and a compromised system can allow entry."",""severity"":""high"",""solution"":""Replace all RO filters (sediment, carbon, RO membrane, post-carbon) and perform a complete system sanitization to eliminate any existing insects or contaminants."",""probability"":0.5,""estimatedCost"":""₹1500 - ₹4000"",""requiredParts"":[{""name"":""Sediment filter"",""estimatedPrice"":""₹200 - ₹400""},{""name"":""Carbon filter"",""estimatedPrice"":""₹300 - ₹600""},{""name"":""RO Membrane"",""estimatedPrice"":""₹800 - ₹2000""},{""name"":""Post-carbon filter"",""estimatedPrice"":""₹200 - ₹500""},{""name"":""RO sanitization kit"",""estimatedPrice"":""₹100 - ₹300""}]},{""cause"":""Damaged or improperly sealed filter housing, pipes, or storage tank. Cracks or loose seals can provide direct entry points for insects into the water system."",""severity"":""medium"",""solution"":""Inspect all external and internal components of the RO system, including filter housings, pipes, and the storage tank, for any cracks, loose seals, or openings that could allow insect entry. Replace or repair any damaged parts."",""probability"":0.3,""estimatedCost"":""₹500 - ₹1500"",""requiredParts"":[{""name"":""RO filter housing (if damaged)"",""estimatedPrice"":""₹300 - ₹800""},{""name"":""O-rings/seals"",""estimatedPrice"":""₹50 - ₹200""},{""name"":""RO pipes (if damaged)"",""estimatedPrice"":""₹100 - ₹300""},{""name"":""Storage tank (if damaged)"",""estimatedPrice"":""₹500 - ₹1500""}]},{""cause"":""External contamination or infestation source. Insects might be entering the RO unit from the surrounding environment due to poor sealing or an existing pest problem nearby."",""severity"":""medium"",""solution"":""Thoroughly inspect the area around the RO unit for any signs of insect infestation or potential entry points from the surrounding environment. Ensure the RO unit is properly sealed and protected from external elements."",""probability"":0.2,""estimatedCost"":""₹200 - ₹500"",""requiredParts"":[{""name"":""Sealant"",""estimatedPrice"":""₹50 - ₹200""},{""name"":""Pest control spray (if applicable)"",""estimatedPrice"":""₹150 - ₹300""}]}],""summary"":""The RO water filter in your room has insects and the water is not clean, which is a significant health concern. This issue was first noticed yesterday and is isolated to your room."",""urgency"":""medium"",""recommendedAction"":""Stop consuming water from this RO system immediately. It is highly recommended to arrange for a professional RO technician to inspect, clean, and service the unit as soon as possible to ensure safe drinking water.""}",null,completed,2026-07-22 05:31:06.979169+00,2026-07-22 05:31:06.225+00
a385544d-1a1b-4205-a815-d6c029738b98,ede434ad-c70c-40a2-9485-b640ab90663c,00000000-0000-0000-0000-000000000001,bd081ad6-5fe3-4c1d-a919-81b1055efa19,a5831922-eaeb-48c2-941c-fd96fae8813d,"[{""answer"":""Yes"",""question"":""Is the AC turning on when you press the power button?""},{""answer"":""No air at all"",""question"":""Is air coming out from the AC vents?""},{""answer"":""Never / Not sure"",""question"":""When was the AC filter last cleaned?""},{""answer"":""No"",""question"":""Is there any water leaking from the AC?""},{""answer"":""Yes"",""question"":""Is the remote control working properly?""}]","{""causes"":[{""cause"":""Blower Motor or Capacitor Failure"",""severity"":""high"",""solution"":""The blower motor, responsible for pushing air through the vents, might have failed, or its starting capacitor could be faulty. A technician will need to test these components. If faulty, either the capacitor or the entire blower motor will need to be replaced."",""probability"":0.6,""estimatedCost"":""₹3000 - ₹7000"",""requiredParts"":[{""name"":""Blower Motor"",""estimatedPrice"":""₹2500 - ₹5500""},{""name"":""Blower Motor Capacitor"",""estimatedPrice"":""₹300 - ₹800""}]},{""cause"":""Extremely Clogged Air Filter"",""severity"":""medium"",""solution"":""An air filter that has never been cleaned can become so clogged with dust and debris that it completely blocks airflow. The air filter needs to be thoroughly cleaned or replaced with a new one."",""probability"":0.3,""estimatedCost"":""₹200 - ₹1500"",""requiredParts"":[{""name"":""AC Air Filter"",""estimatedPrice"":""₹500 - ₹1000""}]},{""cause"":""Faulty Control Board or Wiring Issue"",""severity"":""high"",""solution"":""The main control board might not be sending power to the blower motor, or there could be a loose or damaged wire connecting the motor to the power supply. A technician will need to inspect the control board and all associated wiring for faults or damage and repair/replace as necessary."",""probability"":0.1,""estimatedCost"":""₹1000 - ₹8000"",""requiredParts"":[{""name"":""AC Control Board"",""estimatedPrice"":""₹2000 - ₹6000""},{""name"":""Electrical Wires/Connectors"",""estimatedPrice"":""₹100 - ₹500""}]}],""summary"":""The AC unit is turning on, but no air is coming out of the vents, indicating a problem with the internal fan system. This is likely due to a faulty blower motor, a failed capacitor, or an extremely clogged air filter. Since the coil was recently fixed, this suggests a new or overlooked issue related to airflow."",""urgency"":""high"",""recommendedAction"":""Immediately contact a qualified AC technician to inspect the indoor unit, specifically focusing on the blower motor, its capacitor, the air filter, and the control board/wiring. Do not attempt to fix it yourself as electrical components are involved.""}",null,completed,2026-07-22 05:37:53.991732+00,2026-07-22 05:37:53.077+00
02caee0b-575c-48b5-8049-d2d1c9b8f4dd,328c45b0-3fca-4e12-a210-b04df5c758e4,00000000-0000-0000-0000-000000000001,bd081ad6-5fe3-4c1d-a919-81b1055efa19,a25aca1b-211b-41d3-ab08-78bd2b9541e8,"[{""answer"":""Yesterday"",""question"":""When did you first notice this issue?""},{""answer"":""Minor — can manage"",""question"":""How severe is the issue?""},{""answer"":""First time"",""question"":""Has this issue happened before?""},{""answer"":""Nothing, happened on its own"",""question"":""Did anything specific trigger this issue?""},{""answer"":""Only my room"",""question"":""Is the issue affecting other rooms or just yours?""}]","{""causes"":[{""cause"":""Clogged Showerhead: Mineral buildup or debris in the showerhead nozzles can restrict water flow."",""severity"":""low"",""solution"":""Remove the showerhead and soak it in a descaling solution (like vinegar) overnight. Scrub off any remaining buildup. If cleaning doesn't resolve the issue, the showerhead may need replacement."",""probability"":0.5,""estimatedCost"":""₹0 - ₹300"",""requiredParts"":[{""name"":""Descaling solution/Vinegar"",""estimatedPrice"":""₹100""},{""name"":""New Showerhead (if needed)"",""estimatedPrice"":""₹200-₹300""}]},{""cause"":""Low Water Pressure: A partially closed isolation valve for the toilet/bathroom or a minor blockage in the water supply line could be reducing water flow to the shower."",""severity"":""low"",""solution"":""Check the water isolation valve for your bathroom/toilet and ensure it is fully open. Also, inspect the flexible hose connecting to the shower for any kinks or damage."",""probability"":0.3,""estimatedCost"":""₹0"",""requiredParts"":[]},{""cause"":""Minor Leak in Shower Hose or Connections: A small leak at the hose connections or a tiny crack in the shower hose itself can lead to reduced pressure and water wastage."",""severity"":""medium"",""solution"":""Inspect the shower hose and its connections for any visible leaks. Tighten any loose connections. If the hose is damaged, it will need to be replaced."",""probability"":0.2,""estimatedCost"":""₹100 - ₹500"",""requiredParts"":[{""name"":""PTFE Tape"",""estimatedPrice"":""₹20""},{""name"":""Rubber Washers"",""estimatedPrice"":""₹50""},{""name"":""New Shower Hose (if needed)"",""estimatedPrice"":""₹200-₹400""}]}],""summary"":""The toilet shower issue, which is minor and started yesterday, is most likely due to a clogged showerhead, low water pressure from a partially closed valve, or a minor leak in the hose/connections."",""urgency"":""low"",""recommendedAction"":""Begin by cleaning the showerhead and ensuring all water valves are fully open. If the issue persists, inspect the shower hose and connections for any leaks or damage.""}",null,completed,2026-07-22 06:05:44.041057+00,2026-07-22 06:05:43.512+00
fcb7331a-6b39-4e8b-9287-26f060948a88,81ffd7e3-ee08-4ada-9643-ae1f91da4b26,00000000-0000-0000-0000-000000000001,bd081ad6-5fe3-4c1d-a919-81b1055efa19,c5f1c3c0-af88-4c54-9730-ebffed128bc9,"[{""answer"":""Yesterday"",""question"":""When did you first notice this issue?""},{""answer"":""Minor — can manage"",""question"":""How severe is the issue?""},{""answer"":""First time"",""question"":""Has this issue happened before?""},{""answer"":""Nothing, happened on its own"",""question"":""Did anything specific trigger this issue?""},{""answer"":""Only my room"",""question"":""Is the issue affecting other rooms or just yours?""}]","{""causes"":[{""cause"":""The existing water purification system is faulty, inadequate for the local water quality, or its filter cartridges and internal components are expired/compromised, leading to ineffective filtration and persistent contamination. This is highly probable given the history of multiple failed repairs."",""severity"":""high"",""solution"":""Replace the entire water purification system with a new, high-quality RO+UV+UF filter that is suitable for the local water conditions. Ensure proper installation and adherence to a regular maintenance schedule."",""probability"":0.8,""estimatedCost"":""₹10,000 - ₹20,000"",""requiredParts"":[{""name"":""New Water Purification System (RO+UV+UF filter)"",""estimatedPrice"":""₹10,000 - ₹20,000""}]},{""cause"":""Persistent bacterial contamination or biofilm buildup within the existing filter system due to inadequate cleaning or design flaws, which previous repairs failed to address completely."",""severity"":""high"",""solution"":""While a thorough professional cleaning and sanitization of the existing system could be attempted, given the history of repeated failures and health concerns, replacing the entire unit is the most reliable long-term solution."",""probability"":0.15,""estimatedCost"":""₹1,500 - ₹3,000"",""requiredParts"":[{""name"":""Sanitizing agents and professional cleaning service"",""estimatedPrice"":""₹1,500 - ₹3,000""}]},{""cause"":""An external source of contamination in the raw water supply that is overwhelming the capacity of the current filter system, even if it were functioning optimally."",""severity"":""high"",""solution"":""Conduct a comprehensive water quality test on the raw incoming water supply to identify any unusual contaminants. This information can then be used to select an appropriate new purification system."",""probability"":0.05,""estimatedCost"":""₹500 - ₹1,500"",""requiredParts"":[{""name"":""Water quality testing kit/service"",""estimatedPrice"":""₹500 - ₹1,500""}]}],""summary"":""The kitchen water filter is consistently providing unsafe drinking water, leading to health issues, despite multiple repair attempts. The current system is either faulty, inadequate for the water quality, or its components are compromised."",""urgency"":""high"",""recommendedAction"":""Immediately replace the existing water purification system with a new, reliable unit, or provide an interim solution like bottled water cans until a permanent replacement is installed.""}",null,completed,2026-07-22 05:43:26.685136+00,2026-07-22 05:43:26.129+00
b14fa221-5c7a-49ff-a836-6e5c46e88053,8d75fa92-677d-4efd-ab0f-c81b150830e1,00000000-0000-0000-0000-000000000001,bd081ad6-5fe3-4c1d-a919-81b1055efa19,e2aa2aaa-8af6-4807-9a4e-7665c5421eed,"[{""answer"":""Today"",""question"":""When did you first notice this issue?""},{""answer"":""Minor — can manage"",""question"":""How severe is the issue?""},{""answer"":""First time"",""question"":""Has this issue happened before?""},{""answer"":""Nothing, happened on its own"",""question"":""Did anything specific trigger this issue?""},{""answer"":""Only my room"",""question"":""Is the issue affecting other rooms or just yours?""}]","{""causes"":[{""cause"":""Loose or stripped screws/fittings holding the curtain stand to the wall."",""severity"":""low"",""solution"":""Tighten the existing screws. If the screws are stripped or the holes are too large, use slightly larger screws or wall plugs/anchors for a secure fit."",""probability"":0.6,""estimatedCost"":""₹50 - ₹250"",""requiredParts"":[{""name"":""Screws"",""estimatedPrice"":""₹20 - ₹50""},{""name"":""Wall Plugs/Anchors (if needed)"",""estimatedPrice"":""₹30 - ₹100""}]},{""cause"":""Damaged or broken curtain bracket."",""severity"":""medium"",""solution"":""Replace the broken curtain bracket with a new one of similar size and strength."",""probability"":0.3,""estimatedCost"":""₹250 - ₹500"",""requiredParts"":[{""name"":""Curtain Bracket"",""estimatedPrice"":""₹150 - ₹300""}]},{""cause"":""Weak wall mounting due to material fatigue or improper installation."",""severity"":""medium"",""solution"":""Re-mount the stand using stronger wall anchors or by slightly shifting the mounting position if the wall material at the current spot is compromised."",""probability"":0.1,""estimatedCost"":""₹300 - ₹600"",""requiredParts"":[{""name"":""Stronger Wall Anchors"",""estimatedPrice"":""₹50 - ₹150""},{""name"":""Screws"",""estimatedPrice"":""₹20 - ₹50""}]}],""summary"":""The curtain stand above the window is broken, causing the curtain to fall. This is likely due to loose fittings or a damaged bracket."",""urgency"":""low"",""recommendedAction"":""Inspect the curtain stand for loose screws or a broken bracket. Tighten any loose screws or replace the damaged bracket. If the wall mounting itself is weak, consider re-mounting with stronger anchors.""}",null,completed,2026-07-22 05:46:00.441398+00,2026-07-22 05:45:59.858+00
0820ea90-18d5-4460-9ded-dba597c68421,74c37e82-2a93-41d5-8930-07d0d6ff11ef,00000000-0000-0000-0000-000000000001,bd081ad6-5fe3-4c1d-a919-81b1055efa19,28158382-d5c1-436c-927b-3e3d9855c2af,"[{""answer"":""Entire room"",""question"":""Is the power out in the entire room or just some outlets?""},{""answer"":""Yes, it's on"",""question"":""Have you checked the MCB / circuit breaker?""},{""answer"":""Yes, others have power"",""question"":""Is there power in the common areas or other rooms?""},{""answer"":""Happened suddenly"",""question"":""Did this happen suddenly or after plugging something in?""}]","{""causes"":[{""cause"":""Short Circuit or Fault in the Fan Unit: The fan making noise and then the entire room losing power suddenly suggests a short circuit or a severe internal fault within the fan's motor or wiring. This could have caused the room's circuit to trip or fail."",""severity"":""medium"",""solution"":""The fan needs to be inspected by an electrician. It might require repair (e.g., bearing replacement, motor winding repair) or complete replacement. The electrician will also check the circuit for any damage caused by the fan fault."",""probability"":50,""estimatedCost"":""INR 800 - 2500 (for fan repair/replacement) + INR 300 - 600 (electrician visit)"",""requiredParts"":[{""name"":""Fan Motor/Bearings"",""estimatedPrice"":""INR 300 - 1000""},{""name"":""New Ceiling Fan"",""estimatedPrice"":""INR 1200 - 2000""}]},{""cause"":""Faulty Room Wiring: A sudden loss of power to the entire room, while the MCB is on and other rooms have power, points to a fault in the specific room's wiring. This could be a loose connection, a damaged wire, or a localized short circuit, possibly triggered or exacerbated by the fan issue."",""severity"":""high"",""solution"":""An electrician must thoroughly inspect the room's wiring, including switches, outlets, and junction boxes, to identify and repair any damaged or loose connections."",""probability"":30,""estimatedCost"":""INR 500 - 2000 (depending on the extent of wiring repair) + INR 300 - 600 (electrician visit)"",""requiredParts"":[{""name"":""Electrical Wires"",""estimatedPrice"":""INR 100 - 500""},{""name"":""Connectors/Tapes"",""estimatedPrice"":""INR 50 - 100""}]},{""cause"":""Faulty MCB (Miniature Circuit Breaker) for the Room: Even if the MCB appears to be in the 'on' position, it might be faulty internally and not allowing power to flow to the room. This can happen due to wear and tear or if it was damaged by a previous electrical surge or short (like the one potentially caused by the fan)."",""severity"":""medium"",""solution"":""An electrician will need to test the MCB to confirm if it's defective. If so, it will need to be replaced with a new one of the correct rating."",""probability"":20,""estimatedCost"":""INR 200 - 500 (for new MCB) + INR 300 - 600 (electrician visit)"",""requiredParts"":[{""name"":""MCB (Miniature Circuit Breaker)"",""estimatedPrice"":""INR 200 - 500""}]}],""summary"":""The entire room has no power, despite the MCB being on and other rooms having power. This occurred suddenly after the fan started making noise."",""urgency"":""high"",""recommendedAction"":""Immediately switch off the main power supply to the room (if possible, or the main MCB for the entire property if unsure) and call a qualified electrician to inspect the fan, wiring, and MCB. Do not attempt to use any electrical appliances in the room.""}",null,completed,2026-07-22 05:48:37.233898+00,2026-07-22 05:48:36.624+00
1b7fdea9-2fe9-4590-82c1-ed03c63cba7d,3d26fc71-98fb-4052-a26c-40e7b044d63b,00000000-0000-0000-0000-000000000001,bd081ad6-5fe3-4c1d-a919-81b1055efa19,a25aca1b-211b-41d3-ab08-78bd2b9541e8,"[{""answer"":""Yesterday"",""question"":""When did you first notice this issue?""},{""answer"":""Minor — can manage"",""question"":""How severe is the issue?""},{""answer"":""First time"",""question"":""Has this issue happened before?""},{""answer"":""Nothing, happened on its own"",""question"":""Did anything specific trigger this issue?""},{""answer"":""Only my room"",""question"":""Is the issue affecting other rooms or just yours?""}]","{""causes"":[{""cause"":""Tripped Circuit Breaker (MCB/RCCB)"",""severity"":""low"",""solution"":""Locate the main electrical panel for your room or bathroom and check if any circuit breaker (MCB/RCCB) is in the 'off' or tripped position. Flip it completely off and then back on to reset it."",""probability"":50,""estimatedCost"":""₹0""},{""cause"":""Loose or Damaged Wiring Connection"",""severity"":""medium"",""solution"":""A loose wire connection at the switchboard, within the switches, or in the main distribution box could be preventing power flow. An electrician will need to inspect and secure these connections."",""probability"":30,""estimatedCost"":""₹200 - ₹500"",""requiredParts"":[]},{""cause"":""Faulty Switches"",""severity"":""medium"",""solution"":""The internal mechanism of one or both switches might have failed. An electrician can test the switches and replace any faulty ones."",""probability"":20,""estimatedCost"":""₹400 - ₹800"",""requiredParts"":[{""name"":""Restroom Switch"",""estimatedPrice"":""₹100 - ₹300""},{""name"":""Geyser Switch"",""estimatedPrice"":""₹100 - ₹300""}]}],""summary"":""The restroom switch and geyser switch in your room are not working. This issue started yesterday, is a first-time occurrence, and is isolated to your room."",""urgency"":""medium"",""recommendedAction"":""First, check your electrical panel for a tripped circuit breaker and try resetting it. If the issue persists, it is recommended to contact an electrician to inspect the wiring and switches.""}",null,completed,2026-07-22 05:54:06.051976+00,2026-07-22 05:54:05.326+00
0cea8c62-d107-4f7f-bbb5-e4ac2a3f4d0f,e8661742-3adc-4507-9241-bca7836274a8,00000000-0000-0000-0000-000000000001,bd081ad6-5fe3-4c1d-a919-81b1055efa19,ec405235-70e9-407e-9aa2-b877f8f36af8,"[{""answer"":""Yes, motor is running"",""question"":""Is the fridge running (can you hear the motor)?""},{""answer"":""Yes"",""question"":""Is the fridge light turning on when you open the door?""},{""answer"":""Yes, heavy ice"",""question"":""Is there ice buildup inside the freezer?""},{""answer"":""Yes, seals well"",""question"":""Is the fridge door closing properly?""}]","{""causes"":[{""cause"":""The freezer door is physically broken (e.g., damaged seal, warped door, broken hinges), allowing warm, moist air to enter the freezer compartment. This causes the compressor to run continuously to maintain temperature, leading to heavy ice buildup."",""severity"":""high"",""solution"":""The freezer door needs to be repaired or replaced. This may involve replacing the door gasket, repairing/replacing hinges, or installing a completely new freezer door, depending on the extent of the damage."",""probability"":0.9,""estimatedCost"":""₹2500 - ₹6000"",""requiredParts"":[{""name"":""Freezer Door Gasket"",""estimatedPrice"":""₹500 - ₹1500""},{""name"":""Freezer Door (if needed)"",""estimatedPrice"":""₹2000 - ₹4000""},{""name"":""Freezer Door Hinges (if needed)"",""estimatedPrice"":""₹300 - ₹800""}]},{""cause"":""A malfunctioning defrost system (heater, thermostat, or timer) could be contributing to the heavy ice buildup, even if the door is the primary issue. This would prevent the automatic defrost cycle from working correctly."",""severity"":""medium"",""solution"":""A technician would need to inspect and test the components of the defrost system (heater, thermostat, timer) and replace any faulty parts."",""probability"":0.1,""estimatedCost"":""₹1000 - ₹2500"",""requiredParts"":[{""name"":""Defrost Heater"",""estimatedPrice"":""₹500 - ₹1200""},{""name"":""Defrost Thermostat"",""estimatedPrice"":""₹300 - ₹800""},{""name"":""Defrost Timer"",""estimatedPrice"":""₹400 - ₹1000""}]}],""summary"":""The primary issue is a broken freezer door, which is allowing warm air to enter the freezer compartment. This leads to heavy ice buildup and causes the fridge motor to run constantly, increasing energy consumption and potentially straining the compressor."",""urgency"":""high"",""recommendedAction"":""Arrange for a technician to inspect and repair/replace the freezer door and its components immediately to prevent further damage, reduce energy consumption, and restore proper freezer function.""}",null,completed,2026-07-22 05:58:47.44272+00,2026-07-22 05:58:46.737+00
5c48949a-f98c-46fb-bce3-b4edd1c17917,2186bdc7-f92c-4cce-95be-2dc2d768696f,00000000-0000-0000-0000-000000000001,bd081ad6-5fe3-4c1d-a919-81b1055efa19,a5831922-eaeb-48c2-941c-fd96fae8813d,"[{""answer"":""Yes"",""question"":""Is the AC turning on when you press the power button?""},{""answer"":""No air at all"",""question"":""Is air coming out from the AC vents?""},{""answer"":""Never / Not sure"",""question"":""When was the AC filter last cleaned?""},{""answer"":""No"",""question"":""Is there any water leaking from the AC?""},{""answer"":""Yes"",""question"":""Is the remote control working properly?""}]","{""causes"":[{""cause"":""Severely Clogged Air Filter"",""severity"":""medium"",""solution"":""Clean or replace the AC air filter. This is often overlooked and can drastically reduce airflow."",""probability"":0.7,""estimatedCost"":""₹200 - ₹500"",""requiredParts"":[{""name"":""AC Filter"",""estimatedPrice"":""₹300""}]},{""cause"":""Faulty Blower Motor"",""severity"":""high"",""solution"":""The motor responsible for pushing air through the vents might be faulty or seized. It will need repair or replacement."",""probability"":0.25,""estimatedCost"":""₹2,500 - ₹7,000"",""requiredParts"":[{""name"":""Blower Motor"",""estimatedPrice"":""₹3,500""}]},{""cause"":""Faulty Blower Motor Capacitor"",""severity"":""medium"",""solution"":""The capacitor helps start the blower motor. If it's faulty, the motor won't run. It needs to be replaced."",""probability"":0.05,""estimatedCost"":""₹800 - ₹1,500"",""requiredParts"":[{""name"":""Capacitor"",""estimatedPrice"":""₹500""}]}],""summary"":""The AC unit is turning on, but no air is being circulated, making the room uncomfortable. This is most likely due to a severely clogged air filter, which is preventing air from passing through, or a malfunction with the blower motor that pushes air out."",""urgency"":""high"",""recommendedAction"":""Immediately check and clean or replace the AC air filter. If this does not resolve the issue, a qualified technician should be called to inspect the blower motor and its associated electrical components.""}",null,completed,2026-07-22 06:31:11.258893+00,2026-07-22 06:31:10.306+00
fec25e8f-9f8e-41a9-8d35-dc517f272048,e1a9d3c0-7527-430e-bee5-117e4b5c944b,00000000-0000-0000-0000-000000000001,bd081ad6-5fe3-4c1d-a919-81b1055efa19,28158382-d5c1-436c-927b-3e3d9855c2af,"[{""answer"":""Entire room"",""question"":""Is the power out in the entire room or just some outlets?""},{""answer"":""Yes, it's on"",""question"":""Have you checked the MCB / circuit breaker?""},{""answer"":""Yes, others have power"",""question"":""Is there power in the common areas or other rooms?""},{""answer"":""Happened suddenly"",""question"":""Did this happen suddenly or after plugging something in?""}]","{""causes"":[{""cause"":""Faulty MCB (Miniature Circuit Breaker)"",""severity"":""medium"",""solution"":""The MCB for the room might be internally faulty, even if its switch appears to be in the \""on\"" position, preventing power from reaching the room. A qualified electrician will need to test the MCB and replace it if found faulty."",""probability"":0.4,""estimatedCost"":""₹500 - ₹1300"",""requiredParts"":[{""name"":""MCB (e.g., 16A or 20A, depending on existing circuit load)"",""estimatedPrice"":""₹300 - ₹800""}]},{""cause"":""Loose or Damaged Wiring Connection"",""severity"":""medium"",""solution"":""There could be a loose, corroded, or damaged wire connection within the room's circuit, possibly at a junction box, switchboard, or where the main supply enters the room's circuit from the distribution board. An electrician will need to inspect all accessible wiring connections in the room and at the distribution board to identify and secure/repair any faulty connections."",""probability"":0.35,""estimatedCost"":""₹250 - ₹1000"",""requiredParts"":[{""name"":""Electrical tape, wire connectors, small length of wire (if needed)"",""estimatedPrice"":""₹50 - ₹200""}]},{""cause"":""Faulty Main Distribution Board Connection"",""severity"":""medium"",""solution"":""A connection specific to this room's circuit within the main electrical distribution board (where all room circuits originate) might have become loose or damaged. An electrician will need to safely open and inspect the main distribution board to check and tighten all connections related to the affected room's circuit."",""probability"":0.25,""estimatedCost"":""₹200 - ₹800"",""requiredParts"":[]}],""summary"":""The entire room has no power, while other rooms and common areas do. The MCB for the room appears to be in the \""on\"" position, and the issue occurred suddenly. This indicates a localized electrical problem within the room's circuit or a faulty MCB."",""urgency"":""high"",""recommendedAction"":""Immediately contact a qualified electrician to inspect the wiring, MCB, and connections in the affected room. Do not attempt to fix electrical issues yourself as it can be dangerous.""}",null,completed,2026-07-22 06:48:26.804499+00,2026-07-22 06:48:24.475+00
3de719c3-788e-44d8-a375-540a0a0e4035,32a14c06-3cab-4503-98f6-4a02c22f776b,00000000-0000-0000-0000-000000000001,bd081ad6-5fe3-4c1d-a919-81b1055efa19,28158382-d5c1-436c-927b-3e3d9855c2af,"[{""answer"":""Entire room"",""question"":""Is the power out in the entire room or just some outlets?""},{""answer"":""Yes, it's on"",""question"":""Have you checked the MCB / circuit breaker?""},{""answer"":""Yes, others have power"",""question"":""Is there power in the common areas or other rooms?""},{""answer"":""Happened suddenly"",""question"":""Did this happen suddenly or after plugging something in?""}]","{""causes"":[{""cause"":""Faulty Light Bulb"",""severity"":""low"",""solution"":""Replace the existing light bulb with a new, compatible one."",""probability"":0.6,""estimatedCost"":""₹50 - ₹200"",""requiredParts"":[{""name"":""New LED Bulb (e.g., 9W LED Bulb)"",""estimatedPrice"":""₹50 - ₹200""}]},{""cause"":""Loose Wiring Connection at the Light Fixture or Switch"",""severity"":""medium"",""solution"":""Inspect and tighten all wiring connections at the light fixture and the light switch. This may require opening the fixture and switch plate."",""probability"":0.3,""estimatedCost"":""₹200 - ₹500 (for electrician's visit, if needed)"",""requiredParts"":[]},{""cause"":""Faulty Light Switch"",""severity"":""medium"",""solution"":""Replace the faulty light switch with a new one."",""probability"":0.1,""estimatedCost"":""₹350 - ₹900 (includes new switch and electrician's visit, if needed)"",""requiredParts"":[{""name"":""New Light Switch (e.g., 5A/6A Light Switch)"",""estimatedPrice"":""₹150 - ₹400""}]}],""summary"":""The bathroom light is only glowing faintly, and the issue affects the entire room's lighting circuit. The MCB is on, and other rooms have power, indicating a localized problem within the bathroom's electrical circuit."",""urgency"":""medium"",""recommendedAction"":""Start by replacing the light bulb. If the issue persists, carefully check the wiring connections at the light fixture and switch. If still unresolved, consider replacing the light switch or consulting an electrician for further inspection of the wiring.""}",null,completed,2026-07-22 09:27:09.695033+00,2026-07-22 09:27:08.824+00
1ba60407-95c2-438b-b149-4f606ac77192,48862e77-53fa-42d1-a7e4-5082320b4b33,00000000-0000-0000-0000-000000000001,bd081ad6-5fe3-4c1d-a919-81b1055efa19,e2aa2aaa-8af6-4807-9a4e-7665c5421eed,"[{""answer"":""Today"",""question"":""When did you first notice this issue?""},{""answer"":""Minor — can manage"",""question"":""How severe is the issue?""},{""answer"":""First time"",""question"":""Has this issue happened before?""},{""answer"":""Nothing, happened on its own"",""question"":""Did anything specific trigger this issue?""},{""answer"":""Only my room"",""question"":""Is the issue affecting other rooms or just yours?""}]","{""causes"":[{""cause"":""User preference for an innerspring mattress over the current mattress type."",""severity"":""low"",""solution"":""Replace the existing mattress with a new innerspring mattress."",""probability"":1,""estimatedCost"":""₹10,000 - ₹15,000"",""requiredParts"":[{""name"":""Innerspring Mattress"",""estimatedPrice"":""₹10,000 - ₹15,000""}]}],""summary"":""The user wishes to replace their current mattress with an innerspring mattress due to personal preference."",""urgency"":""low"",""recommendedAction"":""Procure and install a new innerspring mattress in the user's room.""}",null,completed,2026-07-22 09:31:52.335155+00,2026-07-22 09:31:51.656+00
52eb8036-38cd-46d2-b244-d9a360355895,c72ab07c-8f4a-421d-b919-a30f5b493712,00000000-0000-0000-0000-000000000001,bd081ad6-5fe3-4c1d-a919-81b1055efa19,d76dd3bd-ccb7-4991-a01f-ce158dfe908e,"[{""answer"":""Today"",""question"":""When did you first notice this issue?""},{""answer"":""Minor — can manage"",""question"":""How severe is the issue?""},{""answer"":""First time"",""question"":""Has this issue happened before?""},{""answer"":""Nothing, happened on its own"",""question"":""Did anything specific trigger this issue?""},{""answer"":""Only my room"",""question"":""Is the issue affecting other rooms or just yours?""}]","{""causes"":[{""cause"":""Physical damage or wear and tear to the temperature control knob or its internal mechanism."",""severity"":""medium"",""solution"":""Replace the broken temperature control knob and/or the associated cartridge."",""probability"":0.7,""estimatedCost"":""₹800 - ₹1500"",""requiredParts"":[{""name"":""Temperature control knob/cartridge"",""estimatedPrice"":""₹500 - ₹1000""},{""name"":""Plumber's labor"",""estimatedPrice"":""₹300 - ₹500""}]},{""cause"":""Failure of the thermostatic mixing cartridge inside the faucet."",""severity"":""medium"",""solution"":""Replace the faulty thermostatic mixing cartridge."",""probability"":0.25,""estimatedCost"":""₹1200 - ₹2500"",""requiredParts"":[{""name"":""Thermostatic mixing cartridge"",""estimatedPrice"":""₹900 - ₹2000""},{""name"":""Plumber's labor"",""estimatedPrice"":""₹300 - ₹500""}]},{""cause"":""Loose fitting or internal detachment of the switch components."",""severity"":""low"",""solution"":""Re-secure or replace the loose components."",""probability"":0.05,""estimatedCost"":""₹500 - ₹1000"",""requiredParts"":[{""name"":""Minor fittings/sealant (if needed)"",""estimatedPrice"":""₹200 - ₹500""},{""name"":""Plumber's labor"",""estimatedPrice"":""₹300 - ₹500""}]}],""summary"":""The temperature switch for the shower and tap in the common washroom of A12 A is broken, making it difficult to control water temperature. While you can manage, it affects the comfort of using the washroom."",""urgency"":""medium"",""recommendedAction"":""A plumber should inspect the temperature switch to accurately diagnose the issue and replace the faulty component. Please report this to the hostel management for a quick resolution.""}",null,completed,2026-07-29 09:23:53.443707+00,2026-07-29 09:23:52.342+00
586700e6-5ce4-401b-96cc-aa01c45b1d5e,ac72e508-b892-459e-8fa3-0ed87a7ab484,00000000-0000-0000-0000-000000000001,bd081ad6-5fe3-4c1d-a919-81b1055efa19,ec405235-70e9-407e-9aa2-b877f8f36af8,"[{""answer"":""Yes, motor is running"",""question"":""Is the fridge running (can you hear the motor)?""},{""answer"":""Yes"",""question"":""Is the fridge light turning on when you open the door?""},{""answer"":""Yes, heavy ice"",""question"":""Is there ice buildup inside the freezer?""},{""answer"":""Yes, seals well"",""question"":""Is the fridge door closing properly?""}]","{""causes"":[{""cause"":""Clogged or frozen defrost drain line. When the defrost cycle runs, the melted ice cannot drain properly, causing it to overflow and leak inside or outside the fridge."",""severity"":""medium"",""solution"":""Turn off the fridge and let the ice melt completely. Once melted, flush the drain line with warm water (possibly mixed with a little baking soda) to clear any blockages. You might need to access the drain pan at the back of the fridge."",""probability"":0.7,""estimatedCost"":""₹0 - ₹500"",""requiredParts"":[]},{""cause"":""Faulty defrost heater. The defrost heater is responsible for melting ice buildup on the evaporator coils. If it's not working, ice will accumulate excessively, leading to water leakage."",""severity"":""high"",""solution"":""The defrost heater needs to be replaced by a qualified technician."",""probability"":0.2,""estimatedCost"":""₹1000 - ₹2500"",""requiredParts"":[{""name"":""Defrost Heater"",""estimatedPrice"":""₹500 - ₹1500""}]},{""cause"":""Faulty defrost thermostat or sensor. This component controls when the defrost heater turns on and off. If it's malfunctioning, the defrost cycle won't operate correctly, leading to ice buildup."",""severity"":""medium"",""solution"":""The defrost thermostat or sensor needs to be replaced by a qualified technician."",""probability"":0.1,""estimatedCost"":""₹800 - ₹2000"",""requiredParts"":[{""name"":""Defrost Thermostat/Sensor"",""estimatedPrice"":""₹300 - ₹1000""}]}],""summary"":""Your fridge is experiencing water leakage and heavy ice buildup in the freezer, even though the motor is running and the door seals properly. This indicates a problem with the fridge's defrost system."",""urgency"":""medium"",""recommendedAction"":""First, try to clear the defrost drain line as it's the most common and easiest fix. If the issue persists, it's recommended to call a technician to inspect and potentially replace the defrost heater or thermostat.""}",null,completed,2026-07-22 11:03:22.680888+00,2026-07-22 11:03:21.982+00
0f09136a-adbe-4170-89f3-e35c83294244,f1c62a11-792d-4692-9de7-fc5834c32a22,00000000-0000-0000-0000-000000000001,bd081ad6-5fe3-4c1d-a919-81b1055efa19,47389994-b201-4bb1-bf91-8bce4dbde510,"[{""answer"":""Yesterday"",""question"":""When did you first notice this issue?""},{""answer"":""Minor — can manage"",""question"":""How severe is the issue?""},{""answer"":""First time"",""question"":""Has this issue happened before?""},{""answer"":""Nothing, happened on its own"",""question"":""Did anything specific trigger this issue?""},{""answer"":""Only my room"",""question"":""Is the issue affecting other rooms or just yours?""}]","{""causes"":[{""cause"":""Lost or Damaged Key"",""severity"":""low"",""solution"":""Your key might be lost or damaged, making it difficult to use. The most common solution is to get a duplicate key made. If the original key is damaged, a new one can be cut from a spare or by re-keying the lock if a spare isn't available. Please contact your PG/Hostel management for assistance."",""probability"":0.7,""estimatedCost"":""INR 100 - 300"",""requiredParts"":[{""name"":""Key Blank"",""estimatedPrice"":""INR 50 - 150""}]},{""cause"":""Minor Lock Mechanism Issue"",""severity"":""low"",""solution"":""The lock mechanism itself might be slightly stiff, dirty, or misaligned, causing the key to not work smoothly. Often, lubricating the lock with graphite powder or a suitable lock lubricant can resolve this. If the issue persists, the lock cylinder might need a minor adjustment or replacement. Please inform your PG/Hostel management."",""probability"":0.3,""estimatedCost"":""INR 200 - 800"",""requiredParts"":[{""name"":""Lock Lubricant (e.g., graphite powder or WD-40)"",""estimatedPrice"":""INR 50 - 150""},{""name"":""Lock Cylinder (if replacement needed)"",""estimatedPrice"":""INR 300 - 700""}]}],""summary"":""You are experiencing a minor issue with your room key, which started yesterday and is limited to your room. You can still manage the situation."",""urgency"":""low"",""recommendedAction"":""Please report the key issue to your PG/Hostel management immediately. They can help you get a duplicate key, inspect the lock, or arrange for a repair/replacement as needed.""}",null,completed,2026-07-24 11:01:35.412126+00,2026-07-24 11:01:34.743+00
b0fdb193-4da2-49d0-9082-6090f5237ff3,3bbdb1e6-97f8-4bf0-a3da-9ac0e18a1030,00000000-0000-0000-0000-000000000001,bd081ad6-5fe3-4c1d-a919-81b1055efa19,e2aa2aaa-8af6-4807-9a4e-7665c5421eed,"[{""answer"":""Today"",""question"":""When did you first notice this issue?""},{""answer"":""Minor — can manage"",""question"":""How severe is the issue?""},{""answer"":""First time"",""question"":""Has this issue happened before?""},{""answer"":""Nothing, happened on its own"",""question"":""Did anything specific trigger this issue?""},{""answer"":""Only my room"",""question"":""Is the issue affecting other rooms or just yours?""}]","{""causes"":[{""cause"":""Absence of a cloth wall hanger in the room."",""severity"":""low"",""solution"":""Install a new cloth wall hanger."",""probability"":1,""estimatedCost"":""₹200 - ₹500"",""requiredParts"":[{""name"":""Cloth wall hanger"",""estimatedPrice"":""₹150 - ₹300""},{""name"":""Screws and wall plugs"",""estimatedPrice"":""₹50 - ₹100""}]}],""summary"":""The room requires a new cloth wall hanger."",""urgency"":""low"",""recommendedAction"":""A new cloth wall hanger should be procured and installed in the room.""}",null,completed,2026-07-24 11:09:48.957086+00,2026-07-24 11:09:48.525+00
566f0f73-518d-44b0-b694-4f9953bc42ad,808da367-8dc0-49dd-b070-e86ed899354d,00000000-0000-0000-0000-000000000001,bd081ad6-5fe3-4c1d-a919-81b1055efa19,28158382-d5c1-436c-927b-3e3d9855c2af,"[{""answer"":""Entire room"",""question"":""Is the power out in the entire room or just some outlets?""},{""answer"":""Yes, it's on"",""question"":""Have you checked the MCB / circuit breaker?""},{""answer"":""Yes, others have power"",""question"":""Is there power in the common areas or other rooms?""},{""answer"":""Happened suddenly"",""question"":""Did this happen suddenly or after plugging something in?""}]","{""causes"":[{""cause"":""Internal Wiring Fault in the Room: A loose connection, damaged wire, or short circuit within the room's electrical wiring, possibly triggered or exacerbated by the recent fan repair. This would explain why the MCB is on but there's no power in the room, and it happened suddenly."",""severity"":""high"",""solution"":""A qualified electrician needs to thoroughly inspect the room's wiring, including switchboards, outlets, and ceiling connections, to locate and repair/replace the faulty wiring."",""probability"":0.5,""estimatedCost"":""₹800 - ₹2500"",""requiredParts"":[{""name"":""Electrical wires (various gauges)"",""estimatedPrice"":""₹100 - ₹500""},{""name"":""Wire connectors/terminal blocks"",""estimatedPrice"":""₹50 - ₹200""},{""name"":""Insulation tape"",""estimatedPrice"":""₹30 - ₹100""}]},{""cause"":""Faulty MCB/Circuit Breaker for the Room's Circuit: Even if the MCB appears to be in the 'on' position, it could be internally damaged and not allowing current to pass through to the room. This is less common but possible."",""severity"":""medium"",""solution"":""The electrician will test the MCB for continuity and proper functioning. If found faulty, it will need to be replaced with a new one of the correct rating."",""probability"":0.3,""estimatedCost"":""₹400 - ₹1000"",""requiredParts"":[{""name"":""New MCB (e.g., 16A or 20A, depending on circuit load)"",""estimatedPrice"":""₹200 - ₹500""}]},{""cause"":""Fault in the Recently Repaired Fan or its Connection: The fan repair might have introduced a new fault (e.g., a loose wire, short circuit) that has now caused the entire room's power to go out. The 'fan noise' even after repair suggests an underlying issue with the fan itself or its installation."",""severity"":""medium"",""solution"":""The electrician should disconnect the fan and check if power returns to the room. If so, the fan needs to be inspected, repaired, or replaced. This could involve checking motor windings, capacitor, or internal wiring."",""probability"":0.2,""estimatedCost"":""₹500 - ₹2000"",""requiredParts"":[{""name"":""Fan motor parts (e.g., capacitor, bearings)"",""estimatedPrice"":""₹150 - ₹500""},{""name"":""New ceiling fan (if repair is not feasible)"",""estimatedPrice"":""₹1000 - ₹2500""}]}],""summary"":""The entire room has no power despite the MCB being on and other rooms having power. This happened suddenly, and a fan in the room was recently repaired and was still making noise. The most likely causes are an internal wiring fault in the room, a faulty MCB, or an issue with the recently repaired fan."",""urgency"":""high"",""recommendedAction"":""Immediately call a qualified electrician to inspect the room's wiring, the MCB, and the fan connections to identify and fix the fault. Do not attempt to fix it yourself, as there is a risk of electric shock or further damage.""}",null,completed,2026-07-24 11:13:15.90058+00,2026-07-24 11:13:15.227+00
1a1f90c3-45b2-4df3-8368-584f75aad881,e71f6cdc-2ec5-44e4-bed4-87a615cec1e9,00000000-0000-0000-0000-000000000001,bd081ad6-5fe3-4c1d-a919-81b1055efa19,47389994-b201-4bb1-bf91-8bce4dbde510,"[{""answer"":""Yesterday"",""question"":""When did you first notice this issue?""},{""answer"":""Minor — can manage"",""question"":""How severe is the issue?""},{""answer"":""First time"",""question"":""Has this issue happened before?""},{""answer"":""Nothing, happened on its own"",""question"":""Did anything specific trigger this issue?""},{""answer"":""Only my room"",""question"":""Is the issue affecting other rooms or just yours?""}]","{""causes"":[{""cause"":""Clogged Showerhead: Mineral deposits or debris can block the showerhead nozzles, restricting or completely stopping water flow. This is a very common issue, especially in areas with hard water."",""severity"":""low"",""solution"":""Try unscrewing the showerhead and cleaning it thoroughly. You can soak it in a descaling solution or vinegar overnight to remove mineral buildup. If cleaning doesn't work, it might need replacement."",""probability"":0.5,""estimatedCost"":""₹100 - ₹500"",""requiredParts"":[{""name"":""Showerhead (if replacement needed)"",""estimatedPrice"":""₹300""},{""name"":""Descaling solution/Vinegar"",""estimatedPrice"":""₹100""}]},{""cause"":""Faulty Shower Valve/Cartridge: The internal mechanism (cartridge) of your shower valve might be worn out or faulty, preventing water from flowing correctly to the showerhead. This can happen over time due to regular use."",""severity"":""medium"",""solution"":""A plumber will need to inspect and likely replace the shower valve cartridge. This requires turning off the main water supply to your room or the building."",""probability"":0.3,""estimatedCost"":""₹500 - ₹1500"",""requiredParts"":[{""name"":""Shower valve cartridge"",""estimatedPrice"":""₹400 - ₹800""}]},{""cause"":""Blockage in the Supply Pipe: There might be a localized blockage in the water supply pipe leading specifically to your shower. This could be due to sediment buildup or a foreign object."",""severity"":""medium"",""solution"":""A plumber will need to investigate the water lines to identify and clear the blockage. This might involve opening up the wall or using specialized tools."",""probability"":0.2,""estimatedCost"":""₹800 - ₹2000"",""requiredParts"":[]}],""summary"":""The shower in your room is not working, which you noticed yesterday. It's a minor issue, and this is the first time it has occurred, affecting only your room."",""urgency"":""low"",""recommendedAction"":""First, try cleaning your showerhead as it's the most common and easiest fix. If the issue persists, contact maintenance or a plumber to inspect the shower valve and pipes for any internal blockages or faulty parts.""}",null,completed,2026-07-24 11:17:29.885212+00,2026-07-24 11:17:29.136+00
e87762c2-f994-483f-9d2e-b0b39b023433,c213fe10-5678-4492-a4c9-be13015463c6,00000000-0000-0000-0000-000000000001,bd081ad6-5fe3-4c1d-a919-81b1055efa19,47389994-b201-4bb1-bf91-8bce4dbde510,"[{""answer"":""Yesterday"",""question"":""When did you first notice this issue?""},{""answer"":""Minor — can manage"",""question"":""How severe is the issue?""},{""answer"":""First time"",""question"":""Has this issue happened before?""},{""answer"":""Nothing, happened on its own"",""question"":""Did anything specific trigger this issue?""},{""answer"":""Only my room"",""question"":""Is the issue affecting other rooms or just yours?""}]","{""causes"":[{""cause"":""Wear and tear or accidental damage to the toilet seat and cover."",""severity"":""low"",""solution"":""Replace the broken toilet seat and cover with a new one."",""probability"":0.95,""estimatedCost"":""INR 500 - 1500"",""requiredParts"":[{""name"":""New toilet seat and cover"",""estimatedPrice"":""INR 400 - 1200""}]},{""cause"":""Faulty installation or manufacturing defect (less likely as it happened on its own after some time)."",""severity"":""low"",""solution"":""Replace the broken toilet seat and cover with a new one, ensuring proper installation."",""probability"":0.05,""estimatedCost"":""INR 500 - 1500"",""requiredParts"":[{""name"":""New toilet seat and cover"",""estimatedPrice"":""INR 400 - 1200""}]}],""summary"":""The toilet cover in your room is broken. This is a minor issue, noticed yesterday, and is affecting only your room. It appears to have happened due to normal wear and tear or accidental damage."",""urgency"":""low"",""recommendedAction"":""The recommended action is to replace the broken toilet seat and cover. This can be done at your convenience as it's a minor issue.""}",null,completed,2026-07-24 11:20:14.902434+00,2026-07-24 11:20:14.383+00
42b85b47-7cb8-44b3-a7c3-2b662ae00151,d536308a-d7cc-4c83-a9d6-e86527a6682e,00000000-0000-0000-0000-000000000001,bd081ad6-5fe3-4c1d-a919-81b1055efa19,47389994-b201-4bb1-bf91-8bce4dbde510,"[{""answer"":""Yesterday"",""question"":""When did you first notice this issue?""},{""answer"":""Minor — can manage"",""question"":""How severe is the issue?""},{""answer"":""First time"",""question"":""Has this issue happened before?""},{""answer"":""Nothing, happened on its own"",""question"":""Did anything specific trigger this issue?""},{""answer"":""Only my room"",""question"":""Is the issue affecting other rooms or just yours?""}]","{""causes"":[{""cause"":""Loose screws or misalignment of the lock mechanism/strike plate."",""severity"":""low"",""solution"":""Tighten all visible screws on the lockset and strike plate. Adjust the strike plate if it's misaligned."",""probability"":0.5,""estimatedCost"":""₹50 - ₹150"",""requiredParts"":[]},{""cause"":""Worn-out or broken internal components of the lockset."",""severity"":""medium"",""solution"":""The entire door lockset will need to be replaced."",""probability"":0.4,""estimatedCost"":""₹300 - ₹800"",""requiredParts"":[{""name"":""Bathroom Door Lockset"",""estimatedPrice"":""₹250 - ₹600""}]},{""cause"":""Obstruction preventing the latch from engaging or retracting properly."",""severity"":""low"",""solution"":""Inspect the latch and strike plate area for any foreign objects or debris and remove them."",""probability"":0.1,""estimatedCost"":""₹0 - ₹100"",""requiredParts"":[]}],""summary"":""The bathroom door lock in your room is not working, noticed yesterday, first time occurrence, and only affecting your room."",""urgency"":""low"",""recommendedAction"":""Inspect the door lock mechanism and replace or repair as necessary.""}",null,completed,2026-07-24 11:24:15.42975+00,2026-07-24 11:24:14.796+00
50497aa8-7df2-4f81-9767-3403731b97ad,e30e43e2-9262-49e8-b618-095bf27ff69b,00000000-0000-0000-0000-000000000001,bd081ad6-5fe3-4c1d-a919-81b1055efa19,d76dd3bd-ccb7-4991-a01f-ce158dfe908e,"[{""answer"":""Yesterday"",""question"":""When did you first notice this issue?""},{""answer"":""Minor — can manage"",""question"":""How severe is the issue?""},{""answer"":""First time"",""question"":""Has this issue happened before?""},{""answer"":""Nothing, happened on its own"",""question"":""Did anything specific trigger this issue?""},{""answer"":""Only my room"",""question"":""Is the issue affecting other rooms or just yours?""}]","{""causes"":[{""cause"":""Clogged Fixtures (Jet Spray Nozzle / Shower Head)"",""severity"":""low"",""solution"":""Mineral deposits or debris often accumulate in the jet spray nozzle and shower head, restricting water flow. Unscrew the jet spray nozzle and shower head, clean any visible blockages, and soak them in vinegar to remove mineral deposits. If cleaning doesn't resolve the issue, replacement might be necessary."",""probability"":0.6,""estimatedCost"":""₹50 - ₹500"",""requiredParts"":[{""name"":""Jet spray nozzle"",""estimatedPrice"":""₹100 - ₹200""},{""name"":""Shower head"",""estimatedPrice"":""₹200 - ₹500""}]},{""cause"":""Partially Closed or Faulty Stopcock/Angle Valve"",""severity"":""low"",""solution"":""The individual water supply valve (stopcock or angle valve) for your bathroom or specific fixtures might be partially closed or faulty. Locate the main stopcock for your bathroom (usually under the sink or near the toilet) and ensure it is fully open. If it's fully open and the issue persists, the valve itself might be faulty and require replacement."",""probability"":0.25,""estimatedCost"":""₹0 - ₹800"",""requiredParts"":[{""name"":""Angle valve/Stopcock"",""estimatedPrice"":""₹300 - ₹500""}]},{""cause"":""Faulty Diverter Cartridge in Shower Mixer"",""severity"":""medium"",""solution"":""If the shower is completely non-functional while the jet spray has low pressure, there might be an issue with the diverter mechanism inside your shower mixer that directs water to the shower. This cartridge can get stuck or become faulty. A plumber would need to inspect, clean, or replace the diverter cartridge."",""probability"":0.15,""estimatedCost"":""₹800 - ₹1800"",""requiredParts"":[{""name"":""Shower mixer diverter cartridge"",""estimatedPrice"":""₹500 - ₹1000""}]}],""summary"":""The low jet spray speed and non-working shower in your room are likely caused by clogged fixtures, a partially closed water supply valve, or a faulty diverter cartridge in the shower mixer. Since the issue is confined to your room, it points to a localized problem rather than a building-wide plumbing issue."",""urgency"":""low"",""recommendedAction"":""First, try cleaning the jet spray nozzle and shower head. Then, check that all water supply valves to your bathroom are fully open. If these steps do not resolve the issue, it is recommended to contact a plumber to inspect the internal plumbing and shower mixer for a faulty diverter or valve.""}",null,completed,2026-07-24 11:36:21.291019+00,2026-07-24 11:36:20.833+00
0c59a23e-204a-488c-bfbf-885b616271e4,9fd43c4c-a469-4f74-8c15-74a116f26187,00000000-0000-0000-0000-000000000001,bd081ad6-5fe3-4c1d-a919-81b1055efa19,e2aa2aaa-8af6-4807-9a4e-7665c5421eed,"[{""answer"":""Yesterday"",""question"":""When did you first notice this issue?""},{""answer"":""Minor — can manage"",""question"":""How severe is the issue?""},{""answer"":""First time"",""question"":""Has this issue happened before?""},{""answer"":""Nothing, happened on its own"",""question"":""Did anything specific trigger this issue?""},{""answer"":""Only my room"",""question"":""Is the issue affecting other rooms or just yours?""}]","{""causes"":[{""cause"":""User's requirement for the cupboard to be relocated for better space utilization or additional storage in room A33."",""severity"":""low"",""solution"":""Arrange for a maintenance team to move the extra cupboard from room B33 to room A33."",""probability"":1,""estimatedCost"":""INR 300 - INR 500"",""requiredParts"":[]}],""summary"":""The user has requested to move an extra cupboard from room B33 to room A33."",""urgency"":""low"",""recommendedAction"":""Schedule a maintenance team to relocate the cupboard as per the user's request.""}",null,completed,2026-07-24 11:54:12.887833+00,2026-07-24 11:54:12.383+00
c58777ab-56bd-43e1-b096-d26da6c130d8,3e24dc37-f8e6-4813-8301-873c8f0cba33,00000000-0000-0000-0000-000000000001,bd081ad6-5fe3-4c1d-a919-81b1055efa19,47389994-b201-4bb1-bf91-8bce4dbde510,"[{""answer"":""Yesterday"",""question"":""When did you first notice this issue?""},{""answer"":""Minor — can manage"",""question"":""How severe is the issue?""},{""answer"":""First time"",""question"":""Has this issue happened before?""},{""answer"":""Nothing, happened on its own"",""question"":""Did anything specific trigger this issue?""},{""answer"":""Only my room"",""question"":""Is the issue affecting other rooms or just yours?""}]","{""causes"":[{""cause"":""The user has not provided enough information about the issue. Please ask the user to describe the problem in detail."",""severity"":""high"",""solution"":""Ask the user to describe the problem in detail."",""probability"":1,""estimatedCost"":""N/A""}],""summary"":""The user has reported an 'Other' issue but has not provided any details about what the issue is. More information is needed to provide a diagnosis."",""urgency"":""critical"",""recommendedAction"":""Ask the user to describe the issue in detail.""}",null,completed,2026-07-24 11:57:27.384633+00,2026-07-24 11:57:26.745+00
d0572984-e97a-4222-9cf9-051c5d60cdc6,39c0d310-1634-4544-a11f-6e2978cf42c4,00000000-0000-0000-0000-000000000001,bd081ad6-5fe3-4c1d-a919-81b1055efa19,a5831922-eaeb-48c2-941c-fd96fae8813d,"[{""answer"":""Yes"",""question"":""Is the AC turning on when you press the power button?""},{""answer"":""No air at all"",""question"":""Is air coming out from the AC vents?""},{""answer"":""Never / Not sure"",""question"":""When was the AC filter last cleaned?""},{""answer"":""No"",""question"":""Is there any water leaking from the AC?""},{""answer"":""Yes"",""question"":""Is the remote control working properly?""}]","{""causes"":[{""cause"":""Severely Clogged Air Filter"",""severity"":""low"",""solution"":""The air filter is likely completely blocked, preventing any air from passing through. Clean or replace the AC filter immediately. Regular cleaning (every 2-4 weeks) is essential for optimal performance."",""probability"":0.4,""estimatedCost"":""₹200 - ₹800"",""requiredParts"":[{""name"":""AC Filter (if replacement needed)"",""estimatedPrice"":""₹300 - ₹700""}]},{""cause"":""Faulty Blower Motor or Capacitor"",""severity"":""medium"",""solution"":""The blower motor, which is responsible for circulating air, might be faulty, or its capacitor could have failed. A technician will need to inspect the motor and capacitor and replace them if necessary."",""probability"":0.45,""estimatedCost"":""₹2500 - ₹6000"",""requiredParts"":[{""name"":""Blower Motor"",""estimatedPrice"":""₹2000 - ₹5000""},{""name"":""Blower Capacitor"",""estimatedPrice"":""₹300 - ₹800""}]},{""cause"":""Blower Fan Obstruction"",""severity"":""medium"",""solution"":""There might be a physical obstruction (e.g., debris, foreign object) preventing the blower fan from spinning. A technician will need to open the unit and remove any blockages."",""probability"":0.1,""estimatedCost"":""₹500 - ₹1500""},{""cause"":""Faulty Control Board or Wiring Issue"",""severity"":""high"",""solution"":""Less likely, but a malfunction in the AC's control board or a wiring issue could be preventing the blower from engaging. This requires a qualified technician for diagnosis and repair/replacement."",""probability"":0.05,""estimatedCost"":""₹3000 - ₹8000"",""requiredParts"":[{""name"":""AC Control Board"",""estimatedPrice"":""₹2500 - ₹7000""},{""name"":""Wiring (if needed)"",""estimatedPrice"":""₹100 - ₹500""}]}],""summary"":""The AC unit is turning on, but no air is coming out of the vents. This indicates a problem with the airflow system, most likely due to a severely clogged air filter or a malfunctioning blower motor."",""urgency"":""medium"",""recommendedAction"":""First, check and clean/replace the AC air filter. If this does not resolve the issue, it is recommended to call a qualified AC technician to inspect the blower motor, capacitor, and internal components for any obstructions or electrical faults.""}",null,completed,2026-07-25 10:43:05.759993+00,2026-07-25 10:43:04.647+00
84d150ff-3077-40c1-bb5a-8a219295a88e,d07d886a-50cd-43dd-b8a2-efdc5353759b,00000000-0000-0000-0000-000000000001,bd081ad6-5fe3-4c1d-a919-81b1055efa19,28158382-d5c1-436c-927b-3e3d9855c2af,"[{""answer"":""Entire room"",""question"":""Is the power out in the entire room or just some outlets?""},{""answer"":""Yes, it has tripped"",""question"":""Have you checked the MCB / circuit breaker?""},{""answer"":""Yes, others have power"",""question"":""Is there power in the common areas or other rooms?""},{""answer"":""Happened suddenly"",""question"":""Did this happen suddenly or after plugging something in?""}]","{""causes"":[{""cause"":""Short Circuit in Room Wiring or an Appliance"",""severity"":""high"",""solution"":""An electrician will need to systematically check all outlets, light fixtures, and permanently wired appliances to locate the short. The faulty wiring section or appliance will need to be repaired or replaced."",""probability"":0.55,""estimatedCost"":""₹800 - ₹2500"",""requiredParts"":[{""name"":""Electrical wire (e.g., 1.5 sq mm or 2.5 sq mm)"",""estimatedPrice"":""₹100 - ₹500""},{""name"":""Electrical connectors/tape"",""estimatedPrice"":""₹50 - ₹100""}]},{""cause"":""Severely Faulty Appliance Causing Overload/Short"",""severity"":""medium"",""solution"":""The electrician will help identify the faulty appliance by disconnecting them one by one. The faulty appliance will need to be repaired by an appliance technician or replaced."",""probability"":0.3,""estimatedCost"":""₹500 - ₹1000"",""requiredParts"":[]},{""cause"":""Faulty Miniature Circuit Breaker (MCB)"",""severity"":""medium"",""solution"":""An electrician will test the MCB. If it's faulty, it must be replaced with a new MCB of the correct amperage rating."",""probability"":0.15,""estimatedCost"":""₹700 - ₹1500"",""requiredParts"":[{""name"":""MCB (e.g., 16A or 20A, depending on circuit)"",""estimatedPrice"":""₹300 - ₹500""}]}],""summary"":""The MCB for the room has tripped suddenly, causing a complete power outage. Previously, the lights were blinking. Other rooms and common areas have power."",""urgency"":""high"",""recommendedAction"":""Do not attempt to repeatedly reset the MCB. Immediately contact a certified electrician to thoroughly inspect the room's wiring, all connected appliances, and the MCB itself to identify and rectify the fault.""}",null,completed,2026-07-27 11:22:30.805352+00,2026-07-27 11:22:30.181+00
02cd7c8b-4687-4544-9a68-9712848833d8,8709bba9-ca03-4034-9bc8-85f2f2143034,00000000-0000-0000-0000-000000000001,bd081ad6-5fe3-4c1d-a919-81b1055efa19,a5831922-eaeb-48c2-941c-fd96fae8813d,"[{""answer"":""Yes"",""question"":""Is the AC turning on when you press the power button?""},{""answer"":""No air at all"",""question"":""Is air coming out from the AC vents?""},{""answer"":""Never / Not sure"",""question"":""When was the AC filter last cleaned?""},{""answer"":""No"",""question"":""Is there any water leaking from the AC?""},{""answer"":""Yes"",""question"":""Is the remote control working properly?""}]","{""causes"":[{""cause"":""Severely Clogged Air Filter"",""severity"":""medium"",""solution"":""The AC filter is likely completely blocked, preventing air circulation. Clean or replace the air filter immediately. Regular cleaning (every 2-4 weeks) is crucial for optimal performance."",""probability"":0.7,""estimatedCost"":""₹200 - ₹800"",""requiredParts"":[{""name"":""AC filter"",""estimatedPrice"":""₹300 - ₹800""}]},{""cause"":""Faulty Blower Motor or Capacitor"",""severity"":""high"",""solution"":""If the filter is clean and still no air comes out, the blower motor (which pushes air through the vents) or its capacitor might be faulty. A technician will need to inspect and potentially repair or replace these components."",""probability"":0.25,""estimatedCost"":""₹1500 - ₹5000"",""requiredParts"":[{""name"":""Blower motor"",""estimatedPrice"":""₹1500 - ₹4000""},{""name"":""Blower motor capacitor"",""estimatedPrice"":""₹300 - ₹800""}]},{""cause"":""Blocked Ductwork"",""severity"":""medium"",""solution"":""Less likely if no air is coming from any vent, but there could be a significant obstruction in the ductwork itself. This would require inspection and clearing by a professional."",""probability"":0.05,""estimatedCost"":""₹500 - ₹1500""}],""summary"":""The AC is turning on, but no air is coming out from the vents, and the filter has not been cleaned recently. This strongly suggests an airflow obstruction, most likely due to a severely dirty air filter or a problem with the blower motor."",""urgency"":""medium"",""recommendedAction"":""First, check and thoroughly clean or replace the AC air filter. If cleaning the filter does not restore airflow, then it is recommended to call a technician to inspect the blower motor and related components.""}",null,completed,2026-07-27 11:30:35.242819+00,2026-07-27 11:30:34.765+00
180b41b4-3271-4eb3-93ba-ed9289298f9e,0e095d80-8ab7-4313-9958-5f31427e3a26,00000000-0000-0000-0000-000000000001,bd081ad6-5fe3-4c1d-a919-81b1055efa19,abc84f5b-a950-406e-ab46-cefbe11df925,"[{""answer"":""Full room cleaning"",""question"":""What needs cleaning?""},{""answer"":""Today but not proper"",""question"":""When was the last cleaning done?""},{""answer"":""One-time"",""question"":""Is this a one-time request or recurring issue?""}]","{""causes"":[{""cause"":""Accumulation of dirt and debris from AC repair work."",""severity"":""medium"",""solution"":""Engage a professional cleaning service for a deep clean of the entire room, especially the bathroom, to remove all dirt, dust, and debris."",""probability"":95,""estimatedCost"":""INR 1200"",""requiredParts"":[{""name"":""Professional cleaning service"",""estimatedPrice"":""INR 1200""}]},{""cause"":""Inadequate post-repair cleanup by the AC technician or previous cleaning staff."",""severity"":""low"",""solution"":""Implement a checklist for technicians to ensure proper cleanup after any maintenance work. Train cleaning staff on thorough post-maintenance cleaning procedures."",""probability"":5,""estimatedCost"":""INR 0""}],""summary"":""The bathroom and potentially the entire room require thorough cleaning due to dirt and debris generated during recent AC repair work. The previous cleaning was insufficient."",""urgency"":""medium"",""recommendedAction"":""Schedule a professional deep cleaning for the entire room, focusing on the bathroom.""}",null,completed,2026-07-28 09:15:17.870889+00,2026-07-28 09:15:16.997+00
efaa520e-0670-4758-a4d4-a572bc809341,6b2280fc-f664-4c8c-953b-18db76713171,00000000-0000-0000-0000-000000000001,bd081ad6-5fe3-4c1d-a919-81b1055efa19,47389994-b201-4bb1-bf91-8bce4dbde510,"[{""answer"":""Yesterday"",""question"":""When did you first notice this issue?""},{""answer"":""Minor — can manage"",""question"":""How severe is the issue?""},{""answer"":""First time"",""question"":""Has this issue happened before?""},{""answer"":""Nothing, happened on its own"",""question"":""Did anything specific trigger this issue?""},{""answer"":""Only my room"",""question"":""Is the issue affecting other rooms or just yours?""}]","{""causes"":[{""cause"":""Misaligned latch or strike plate, or loose screws in the lock assembly/strike plate."",""severity"":""low"",""solution"":""Tighten any loose screws on the door handle/lock mechanism and the strike plate on the door frame. If the latch is not aligning, slightly adjust the position of the strike plate on the door frame."",""probability"":0.6,""estimatedCost"":""₹100 - ₹300"",""requiredParts"":[]},{""cause"":""Worn-out or broken internal locking mechanism."",""severity"":""medium"",""solution"":""The internal locking mechanism is likely damaged or worn out and needs to be replaced. This usually involves replacing the entire door lock set."",""probability"":0.35,""estimatedCost"":""₹600 - ₹1200"",""requiredParts"":[{""name"":""New washroom door lock set (e.g., cylindrical lock, privacy lever set)"",""estimatedPrice"":""₹400 - ₹800""}]},{""cause"":""Door frame or door swelling/warping due to moisture or age, causing misalignment."",""severity"":""medium"",""solution"":""While less likely to be the primary cause for a sudden issue, minor swelling can contribute to misalignment. Try adjusting the strike plate first. If severe, professional carpentry might be needed, but for a locking issue, it's usually secondary to the lock itself."",""probability"":0.05,""estimatedCost"":""₹300 - ₹800 (for minor adjustments, more for severe warping)"",""requiredParts"":[]}],""summary"":""The washroom door is not locking from the inside, which is a minor inconvenience. This is most likely due to a simple misalignment or loose components in the lock mechanism."",""urgency"":""low"",""recommendedAction"":""First, check for and tighten any loose screws on the door handle and the strike plate. If the issue persists, try adjusting the strike plate. If these steps don't resolve the problem, the entire lock mechanism may need to be replaced.""}",null,completed,2026-07-28 09:17:29.791925+00,2026-07-28 09:17:28.941+00
ad9e7e83-e253-4379-b75b-2e0600a52ed2,72f721e8-8e16-444d-b150-09b3385ae141,00000000-0000-0000-0000-000000000001,bd081ad6-5fe3-4c1d-a919-81b1055efa19,47389994-b201-4bb1-bf91-8bce4dbde510,"[{""answer"":""Yesterday"",""question"":""When did you first notice this issue?""},{""answer"":""Minor — can manage"",""question"":""How severe is the issue?""},{""answer"":""First time"",""question"":""Has this issue happened before?""},{""answer"":""Nothing, happened on its own"",""question"":""Did anything specific trigger this issue?""},{""answer"":""Only my room"",""question"":""Is the issue affecting other rooms or just yours?""}]","{""causes"":[{""cause"":""Low Refrigerant (Gas Leak)"",""severity"":""medium"",""solution"":""A technician will need to detect and repair any refrigerant leaks, then recharge the system with the appropriate amount of refrigerant gas."",""probability"":0.5,""estimatedCost"":""₹2500 - ₹4500"",""requiredParts"":[{""name"":""Refrigerant Gas"",""estimatedPrice"":""₹1500 - ₹2500""},{""name"":""Leak Detection & Repair Materials"",""estimatedPrice"":""₹500 - ₹1000""}]},{""cause"":""Dirty Air Filter or Evaporator Coil"",""severity"":""low"",""solution"":""Clean or replace the air filter. A professional deep cleaning of the evaporator coil might be required."",""probability"":0.3,""estimatedCost"":""₹500 - ₹1500""},{""cause"":""Faulty Thermistor/Temperature Sensor"",""severity"":""medium"",""solution"":""The faulty thermistor or temperature sensor needs to be replaced by a technician."",""probability"":0.15,""estimatedCost"":""₹800 - ₹1800"",""requiredParts"":[{""name"":""AC Thermistor/Temperature Sensor"",""estimatedPrice"":""₹300 - ₹800""}]},{""cause"":""Blocked Condensate Drain Line"",""severity"":""low"",""solution"":""The condensate drain line needs to be inspected and cleared of any blockages (e.g., mold, dirt, debris)."",""probability"":0.05,""estimatedCost"":""₹300 - ₹800""}],""summary"":""The AC unit is not cooling, leaking water, and displaying a \""DF\"" error. The \""DF\"" error typically indicates the unit is in defrost mode due to ice formation on the evaporator coil, which also explains the lack of cooling. The water leakage is likely due to this ice melting or a blocked drain line."",""urgency"":""medium"",""recommendedAction"":""It is recommended to have a qualified AC technician inspect the unit promptly to diagnose the exact cause of the freezing, \""DF\"" error, and water leakage.""}",null,completed,2026-07-28 09:20:14.532186+00,2026-07-28 09:20:13.516+00
c5e12025-6464-4789-9c41-496f0cb7bc81,d8a3ea93-5c3b-4388-ad6b-03f15dad3785,00000000-0000-0000-0000-000000000001,bd081ad6-5fe3-4c1d-a919-81b1055efa19,47389994-b201-4bb1-bf91-8bce4dbde510,"[{""answer"":""Yesterday"",""question"":""When did you first notice this issue?""},{""answer"":""Minor — can manage"",""question"":""How severe is the issue?""},{""answer"":""First time"",""question"":""Has this issue happened before?""},{""answer"":""Not sure"",""question"":""Did anything specific trigger this issue?""},{""answer"":""Only my room"",""question"":""Is the issue affecting other rooms or just yours?""}]","{""causes"":[{""cause"":""Faulty Internal Latch/Bolt Mechanism: The internal components of the door lock (latch or bolt mechanism) that are operated by the handle from the inside might be broken, worn out, or stuck, preventing the door from opening normally."",""severity"":""medium"",""solution"":""Repair or replace the faulty latch/bolt mechanism or the entire lockset."",""probability"":0.5,""estimatedCost"":""INR 800 - 2000"",""requiredParts"":[{""name"":""Door Lock Mechanism/Latch Assembly"",""estimatedPrice"":""INR 500 - 1500""}]},{""cause"":""Misaligned Door or Strike Plate: The door itself might have sagged, or the door frame might have shifted, causing the latch to not properly retract from the strike plate when the handle is turned. This can also be due to loose hinges."",""severity"":""low"",""solution"":""Adjust the door hinges, tighten screws, or slightly modify the strike plate position to ensure proper alignment."",""probability"":0.3,""estimatedCost"":""INR 300 - 700"",""requiredParts"":[{""name"":""Screws (if needed)"",""estimatedPrice"":""INR 50 - 100""}]},{""cause"":""Worn-out or Damaged Lockset Components (Internal): Specific internal components of the lockset, such as the spindle or follower that connects the handle to the latch mechanism, might be worn out or damaged, preventing the internal handle from operating the latch."",""severity"":""medium"",""solution"":""Replace the damaged internal lockset components or the entire lockset."",""probability"":0.2,""estimatedCost"":""INR 1000 - 2500"",""requiredParts"":[{""name"":""Complete Door Lockset"",""estimatedPrice"":""INR 800 - 2000""}]}],""summary"":""The main door is jammed and can only be opened from the outside using a key, indicating an internal mechanism failure or misalignment."",""urgency"":""medium"",""recommendedAction"":""A technician should inspect the door lock mechanism and door alignment to identify the exact cause and perform the necessary repairs or replacements.""}",null,completed,2026-07-28 09:24:18.099243+00,2026-07-28 09:24:17.277+00
c4e06904-13dc-4ae1-ae69-11c6a9c8aa13,e0606954-e645-47ed-8008-f5ace1c87acc,00000000-0000-0000-0000-000000000001,bd081ad6-5fe3-4c1d-a919-81b1055efa19,a5831922-eaeb-48c2-941c-fd96fae8813d,"[{""answer"":""Yes"",""question"":""Is the AC turning on when you press the power button?""},{""answer"":""No air at all"",""question"":""Is air coming out from the AC vents?""},{""answer"":""Never / Not sure"",""question"":""When was the AC filter last cleaned?""},{""answer"":""No"",""question"":""Is there any water leaking from the AC?""},{""answer"":""Yes"",""question"":""Is the remote control working properly?""}]","{""causes"":[{""cause"":""Blower Motor Failure"",""severity"":""high"",""solution"":""The blower motor is responsible for circulating air. If it has failed or is failing, it will result in no air movement and can produce a burning or chemical smell due to overheating or short-circuiting. The motor will need to be replaced."",""probability"":0.6,""estimatedCost"":""₹4,000 - ₹8,000"",""requiredParts"":[{""name"":""AC Blower Motor"",""estimatedPrice"":""₹3,000 - ₹6,000""}]},{""cause"":""Blower Motor Capacitor Failure"",""severity"":""medium"",""solution"":""The capacitor provides the initial electrical boost to start the blower motor. If it's faulty, the motor won't start, leading to no air. A failing capacitor can sometimes emit a burning smell. Replacing the capacitor should resolve the issue."",""probability"":0.25,""estimatedCost"":""₹1,000 - ₹2,500"",""requiredParts"":[{""name"":""AC Blower Motor Capacitor"",""estimatedPrice"":""₹300 - ₹800""}]},{""cause"":""Severely Clogged Air Filter"",""severity"":""low"",""solution"":""An extremely dirty or blocked air filter can severely restrict or completely block airflow. While less common to cause absolutely no air, it's possible. The chemical smell might be due to dust burning on the coils if the fan is trying to run but cannot push air effectively. The filter needs to be cleaned or replaced."",""probability"":0.1,""estimatedCost"":""₹300 - ₹800"",""requiredParts"":[{""name"":""AC Air Filter"",""estimatedPrice"":""₹200 - ₹500""}]},{""cause"":""Control Board Malfunction"",""severity"":""high"",""solution"":""A fault in the AC's main control board could prevent the blower motor from receiving power, resulting in no air. The control board may need to be repaired or replaced."",""probability"":0.05,""estimatedCost"":""₹3,000 - ₹7,000"",""requiredParts"":[{""name"":""AC Control Board"",""estimatedPrice"":""₹2,000 - ₹5,000""}]}],""summary"":""The AC is turning on but no air is coming from the vents, and there's a chemical smell. This indicates a problem with the internal airflow system, most likely the blower motor or its power supply."",""urgency"":""high"",""recommendedAction"":""Turn off the AC immediately to prevent further damage or potential safety hazards. Contact a qualified AC technician for inspection and repair.""}",null,completed,2026-07-28 09:30:44.907741+00,2026-07-28 09:30:44.103+00
957e06b2-2c4b-4dfd-be96-bc8ee8ad4aa6,a99ead9e-4fc7-4128-bf2c-9a69cd0a8215,00000000-0000-0000-0000-000000000001,bd081ad6-5fe3-4c1d-a919-81b1055efa19,a25aca1b-211b-41d3-ab08-78bd2b9541e8,"[{""answer"":""Today"",""question"":""When did you first notice this issue?""},{""answer"":""Minor — can manage"",""question"":""How severe is the issue?""},{""answer"":""First time"",""question"":""Has this issue happened before?""},{""answer"":""Nothing, happened on its own"",""question"":""Did anything specific trigger this issue?""},{""answer"":""Only my room"",""question"":""Is the issue affecting other rooms or just yours?""}]","{""causes"":[{""cause"":""Rust and Material Degradation"",""severity"":""medium"",""solution"":""Replace the broken shower head and, if necessary, the shower arm."",""probability"":0.7,""estimatedCost"":""₹800 - ₹1900"",""requiredParts"":[{""name"":""New Shower Head"",""estimatedPrice"":""₹300 - ₹800""},{""name"":""New Shower Arm (if needed)"",""estimatedPrice"":""₹200 - ₹500""}]},{""cause"":""High Water Pressure (Contributing Factor)"",""severity"":""low"",""solution"":""Replace the shower. If the issue recurs with the new shower, a plumber should check the water pressure and consider installing a pressure reducing valve."",""probability"":0.3,""estimatedCost"":""₹0""}],""summary"":""The shower is broken due to rust and material degradation, possibly exacerbated by water pressure, and requires replacement."",""urgency"":""medium"",""recommendedAction"":""Replace the broken shower head and arm.""}",null,completed,2026-07-29 09:29:35.038559+00,2026-07-29 09:29:34.086+00