ticket_id,tenant_id,bed_id,issue_type,resolution_hours,cost,expected_cost,cost_difference,repeat_issue_flag,tenant_ticket_count,asset_mapping_confidence
e87fdb6a-0f93-4b63-8bf2-5f346cb9f10d,bcf8ffc1-fd5c-f6ab-0453-7a73c73786dd,16d9e7d4-a079-cc9d-1fb4-b96de3cb70dd,Heater Issues,,,600.0,,0,29,Verified
d83795d2-c76c-1f57-b4f1-a157fb9a1f9e,1d4c0119-5151-7a5b-2266-f16e44f67157,084bb169-aff1-824a-c5de-2804fd43160b,Washing machine Issue,,,700.0,,1,2,Low
c9cb7236-8e59-4d71-4640-b5bd5d92fc3c,9714e9c1-0eab-8c23-1dd7-2071a458be87,3e28154d-1bfe-92b4-2fff-f295a9f54738,AC Issues,,,650.0,,1,1,Medium
9b519d24-38bf-9a73-c7bc-13a86452cfc9,93ffab65-d88d-3bbd-9dba-fc0c764f42f4,7c40116d-93d8-18b7-496a-5f628dab192d,Electrical Issues,,,300.0,,0,3,Low
9e565e88-284e-3695-913b-23d2b5ba38dd,93ffab65-d88d-3bbd-9dba-fc0c764f42f4,51597632-5648-1987-017c-c65e2ad300f8,RO Water Issues,,,300.0,,0,3,Low
2253a749-6272-7393-199c-9d01bf989aaa,93ffab65-d88d-3bbd-9dba-fc0c764f42f4,51597632-5648-1987-017c-c65e2ad300f8,Plumbing,,,,,0,3,Low
e3d3b08e-1168-24d9-88db-6d8af6ed10da,e04a7b1e-bb22-2ccf-a342-9eea602847ff,d2ad3fde-45b8-0cd9-8e17-31257bcd567e,Electrical Issues,,,300.0,,0,3,High
54e11d47-087a-301c-2e07-65fe0ff60f46,e04a7b1e-bb22-2ccf-a342-9eea602847ff,7fe69b36-41b0-fb38-f990-b56311e3fbad,Washing machine Issue,,,700.0,,0,3,Low
57873b90-a7d4-ae83-d657-4bc0d57f6ee0,e04a7b1e-bb22-2ccf-a342-9eea602847ff,7fe69b36-41b0-fb38-f990-b56311e3fbad,Plumbing,,,,,0,3,Low
1ef74a90-7dca-6bcb-05da-b385f97420e0,2d24b7c1-6556-8eb5-73d6-3ed3913e6d40,a607e4b0-3364-b1fb-774e-01d67c4fcdf1,AC Issues,,,650.0,,0,1,Low
37c4d587-a13a-a523-828b-8c1c3f47c6e5,d6d33436-345a-e39c-9f8d-91c76dca514e,7c40116d-93d8-18b7-496a-5f628dab192d,AC Issues,,,650.0,,1,4,Low
b5e44530-52eb-195c-23ce-0901df0f2811,d6d33436-345a-e39c-9f8d-91c76dca514e,7c40116d-93d8-18b7-496a-5f628dab192d,Other,,,,,0,4,Low
58afb6b4-58c2-bb78-8401-0d840281812e,d6d33436-345a-e39c-9f8d-91c76dca514e,7c40116d-93d8-18b7-496a-5f628dab192d,Furniture,,,500.0,,0,4,Low
50c923c5-a984-3119-6443-cfa0e8805482,d6d33436-345a-e39c-9f8d-91c76dca514e,7c40116d-93d8-18b7-496a-5f628dab192d,AC Issues,,,650.0,,1,4,Low
cb8c9894-64d9-69dd-3677-6f430d882b79,733dd472-3b1e-dd43-76e5-082ddfe66c5b,93ca06f8-59a4-5441-fa72-8211f7fb7d8a,RO Water Issues,,,300.0,,1,4,Low
752c8d81-bc98-42db-d215-788d17dba6eb,733dd472-3b1e-dd43-76e5-082ddfe66c5b,93ca06f8-59a4-5441-fa72-8211f7fb7d8a,Other,,,,,1,4,Low
7db38434-5d5c-80cd-e524-00e52d3546e6,733dd472-3b1e-dd43-76e5-082ddfe66c5b,93ca06f8-59a4-5441-fa72-8211f7fb7d8a,Other,,,,,1,4,Low
96c1cf88-5d0c-4449-a197-7c8bc5fd4dc3,f16a668c-ea8a-b26d-9dff-4da3c53fccc7,e490e3a6-9e5c-a6b8-a156-bfb492b8b0a4,Toilet Issues,21.26,,400.0,,0,6,Low
846c9340-23b3-47a4-8a54-5953b41f2f7a,,93a076cf-52c6-b904-02a9-5b95125d5dfb,Kitchen Equipment,,,300.0,,0,41,Low
f0de0900-6a45-49e5-87a7-f90468c0021f,1fc0c3bb-f35c-8d5d-a4fa-a9c1723cd8ab,b9880845-d37b-c083-ffd7-adcaa279cb30,AC Issues,84.67,,650.0,,1,11,Verified
8940a72b-e97b-c430-fe80-dd5f703d2b2c,733dd472-3b1e-dd43-76e5-082ddfe66c5b,93ca06f8-59a4-5441-fa72-8211f7fb7d8a,RO Water Issues,,,300.0,,1,4,Low
9cc03432-0168-846b-b8af-34f2e82c1304,4bdca5eb-f197-a87d-d26a-c63a9b3298a1,48942e49-dfb3-3eff-732a-2842f615cb8a,AC Issues,,,650.0,,1,8,High
3214e117-49c9-552b-6e9c-cbcfa2d83bf4,4bdca5eb-f197-a87d-d26a-c63a9b3298a1,48942e49-dfb3-3eff-732a-2842f615cb8a,Furniture,,,500.0,,1,8,Low
bfbf4ee4-3dd6-8946-090f-0356ae9756b7,4bdca5eb-f197-a87d-d26a-c63a9b3298a1,48942e49-dfb3-3eff-732a-2842f615cb8a,Furniture,,,500.0,,1,8,Low
01f41bfa-c2f0-c2c6-f86a-f9b8cf2cc167,4bdca5eb-f197-a87d-d26a-c63a9b3298a1,48942e49-dfb3-3eff-732a-2842f615cb8a,AC Issues,,,650.0,,1,8,High
e62170fd-2a8f-147c-f99a-7f35f5948a80,4bdca5eb-f197-a87d-d26a-c63a9b3298a1,48942e49-dfb3-3eff-732a-2842f615cb8a,Washing machine Issue,,,700.0,,1,8,Low
caa1c9b3-3c45-4470-f1b3-515b2aea1edc,4bdca5eb-f197-a87d-d26a-c63a9b3298a1,48942e49-dfb3-3eff-732a-2842f615cb8a,Furniture,,,500.0,,1,8,Low
1b3d336b-b145-5392-6446-db743197dacb,4bdca5eb-f197-a87d-d26a-c63a9b3298a1,48942e49-dfb3-3eff-732a-2842f615cb8a,Washing machine Issue,,,700.0,,1,8,Low
65cada80-da95-693b-58dd-f609d026c2a1,4bdca5eb-f197-a87d-d26a-c63a9b3298a1,48942e49-dfb3-3eff-732a-2842f615cb8a,Furniture,,,500.0,,1,8,Low
f48522e3-b70e-4caf-95c4-4c64695c632a,18d86801-3cb7-11d4-8b9d-433429296014,be0208ae-5786-5d6b-7ab7-8ab62ebff5d0,Internet Issues,,,,,1,11,Low
e61d2cb9-3140-4ef0-b62a-d73a1c750756,9c88cc60-ea13-4dd1-9930-ca14ff0c6aa0,43a9bdbb-3395-d921-f3e4-2c43057aa600,Furniture,239.19,,500.0,,1,1,Verified
76d61ead-a174-4c32-b826-99c5a6277e1f,1dc2bdca-ae79-4cd5-9d74-961c02cce282,15d608c9-9596-d151-b9c5-21b22647f848,Electrical Issues,66.29,,300.0,,1,4,Verified
6383a047-73e9-0049-6be1-ad420bb426d6,f2a00e3d-de04-40a3-6f41-a3ebfcab4a3c,547bd323-8dae-07db-7089-372cd8261276,RO Water Issues,,,300.0,,0,4,Low
298682a6-471a-a4c0-1cc9-4b9dc5ecfaa8,5e6b35c4-2b97-ea86-e422-f03c332f74be,42541fce-4dd2-805a-5d01-5aa7e5db8726,RO Water Issues,,,300.0,,0,1,Low
998c2e22-122e-bbe3-865b-e1ff25394044,ae55ee92-2de5-2688-0d4d-095d6b247552,3e81e085-89a3-9615-e293-bf826bf9b08f,Other,,,,,1,2,Low
a4884c74-2b30-25a0-62a9-6c621ae380fe,ae55ee92-2de5-2688-0d4d-095d6b247552,3e81e085-89a3-9615-e293-bf826bf9b08f,Other,,,,,1,2,Low
72405ca5-e55a-4349-9fdd-ca700389fd6b,,26ce09f1-599b-0d8d-aa06-c08db6a2dcde,Furniture,1.05,,500.0,,0,41,Verified
c1863a04-127e-cef5-7eff-0a3bd5bca7fc,bb36c2de-ac80-369b-bef1-b7a9025ad305,3589b2fd-d842-834a-2660-e15f13fd0de4,Other,,,,,0,1,Low
cfa2d054-c1d3-89ad-2e1b-cc4421339451,d77b5c1e-605d-6795-5eee-1e2f9b83e069,18cdbd64-ea17-6578-2f54-2b5ad8a2c7fe,Plumbing,,,,,0,4,Low
ed21b145-26a5-65ab-bf2c-ddf190872e8f,491b8136-32a1-37c5-5253-b53ff3991d86,15d608c9-9596-d151-b9c5-21b22647f848,Furniture,,,500.0,,1,11,Low
44316f83-5813-fb8e-d2ab-1343d0fab3f2,491b8136-32a1-37c5-5253-b53ff3991d86,15d608c9-9596-d151-b9c5-21b22647f848,Plumbing,,,,,1,11,Low
88a47516-18c5-fc32-41c5-90261c772576,491b8136-32a1-37c5-5253-b53ff3991d86,15d608c9-9596-d151-b9c5-21b22647f848,Plumbing,,,,,1,11,Low
dd4fdec3-f242-30e5-f5e1-aa357590564d,9defe9e8-4059-ba6b-5abd-0d1304e73008,f1cc5c44-ebb5-5f81-9dac-9887fb5bb58e,Furniture,,,500.0,,0,1,Medium
2a9075fb-d301-bbad-581c-adcd1678f49e,af8d560f-407a-4e9b-49e9-88f54d8671f4,b3011caa-4f84-1357-f007-ee364043173f,AC Issues,,,650.0,,0,6,Medium
34da8673-bdcf-9b98-1ca2-9f2896b7f74f,af8d560f-407a-4e9b-49e9-88f54d8671f4,b3011caa-4f84-1357-f007-ee364043173f,RO Water Issues,,,300.0,,1,6,Low
63f97aaf-b20e-8b0a-5d96-7a6350f33a27,af8d560f-407a-4e9b-49e9-88f54d8671f4,b3011caa-4f84-1357-f007-ee364043173f,RO Water Issues,,,300.0,,1,6,Low
a6ee1147-a3cb-5e19-004b-15055ccb08ce,af8d560f-407a-4e9b-49e9-88f54d8671f4,b3011caa-4f84-1357-f007-ee364043173f,Other,,,,,1,6,Low
dee0cae2-cd15-c3db-131c-74eb0aaa95da,af8d560f-407a-4e9b-49e9-88f54d8671f4,b3011caa-4f84-1357-f007-ee364043173f,Other,,,,,1,6,Low
10c1b27a-bfc6-9920-7298-f5e427cb51e0,af8d560f-407a-4e9b-49e9-88f54d8671f4,b3011caa-4f84-1357-f007-ee364043173f,Other,,,,,1,6,Low
1b7a9324-3f5b-bd8a-c773-49a8f0277d78,871465d8-763d-f593-3677-399c50f5ed41,0e28e491-ba1e-8a78-875b-ab861c7f40e6,AC Issues,,,650.0,,0,1,Medium
2132b30e-45a1-4021-801e-c0772c7fcc4d,,,Other,4.33,,,,0,41,Verified
41bdac72-19c0-5a9b-a35f-efc615ffa556,938b7931-4bde-a083-d158-635a65e6da73,ee1fb02c-fb9a-533e-3afc-8a9125d2a24c,AC Issues,,,650.0,,1,1,Low
2d0426ce-4364-67e9-68d1-143468bc86b1,11316c38-dc08-4983-3588-fcadd88bd5d2,69a06a67-b0da-0493-6495-0620f46df91c,Furniture,,,500.0,,1,3,Low
4e4b885f-7557-9cf8-c749-6b24d2c0b86b,11316c38-dc08-4983-3588-fcadd88bd5d2,69a06a67-b0da-0493-6495-0620f46df91c,Furniture,,,500.0,,1,3,Low
807cd978-b74c-c028-1930-847256523211,11316c38-dc08-4983-3588-fcadd88bd5d2,74002291-4d86-7717-21fc-0a504d1080b7,Furniture,,,500.0,,0,3,Low
19f805a8-9b26-2b32-379c-99affa8e1f6b,b85e5e22-b8bb-e217-167e-913ce5dc381e,32dfa2d6-dbf8-4dd2-90a0-e664e838b0ac,Furniture,,,500.0,,1,1,Low
1d6c1d1e-c163-a3ed-f124-0be3e1ea6a82,d6268133-5904-3e9a-6956-9493d2f78a1d,07cdb453-b699-f209-d609-434a47fca737,Furniture,,,500.0,,1,15,Medium
09781585-3e29-b7f6-d8df-192b30112013,d6268133-5904-3e9a-6956-9493d2f78a1d,07cdb453-b699-f209-d609-434a47fca737,Cleaning Issues,,,,,1,15,Low
5f9e416d-811a-4ecf-1b31-737be7ceb3a4,d6268133-5904-3e9a-6956-9493d2f78a1d,07cdb453-b699-f209-d609-434a47fca737,Other,,,,,1,15,Low
a92341f2-7949-9d9a-059c-7ec91da5f73f,d6268133-5904-3e9a-6956-9493d2f78a1d,07cdb453-b699-f209-d609-434a47fca737,Other,,,,,1,15,Low
7aa3d23d-49cc-3e4b-1540-ad55db32c87e,d6268133-5904-3e9a-6956-9493d2f78a1d,07cdb453-b699-f209-d609-434a47fca737,Washing machine Issue,,,700.0,,0,15,Low
e2680a24-cf4d-bfe8-610c-72cf8f84dbc5,d6268133-5904-3e9a-6956-9493d2f78a1d,07cdb453-b699-f209-d609-434a47fca737,Cleaning Issues,,,,,1,15,Low
cfb7fc5d-8ab2-8bd5-49d0-64c8429e447d,d6268133-5904-3e9a-6956-9493d2f78a1d,07cdb453-b699-f209-d609-434a47fca737,Electrical Issues,,,300.0,,0,15,High
f4307019-60f3-9ada-2acd-8969db2d48ae,d6268133-5904-3e9a-6956-9493d2f78a1d,07cdb453-b699-f209-d609-434a47fca737,Cleaning Issues,,,,,1,15,Low
2c8244de-5eb7-4650-b53e-707875513366,1dc2bdca-ae79-4cd5-9d74-961c02cce282,15d608c9-9596-d151-b9c5-21b22647f848,Electrical Issues,14.35,,300.0,,1,4,Verified
2500da24-9030-4a35-bdca-c1175df4b2ff,a4709d2c-85e2-3d68-7467-1eaf879ba2c9,f226894e-3765-1bd7-6cda-03e887bc56b3,Furniture,6.48,,500.0,,0,14,Low
8d4494ef-d16a-9039-7a5e-cc1338af9606,d6268133-5904-3e9a-6956-9493d2f78a1d,07cdb453-b699-f209-d609-434a47fca737,AC Issues,,,650.0,,0,15,Low
4a510ded-bb90-41ad-8dc6-15bfa3346839,2b785f57-1c4f-d4a8-d486-b69e7b2db5bc,c4a7862a-03e1-25e3-920f-248bbf96eb07,Plumbing,11.02,,,,1,6,Low
dc2e91e2-69aa-4915-a6dd-b84ead36f658,5b45a840-9d6c-242e-0e2f-2e2c972c2eec,75895052-85e6-0a26-47e6-53c1e763d4da,AC Issues,2.55,,650.0,,1,10,Medium
97349eec-eeab-59cb-1c58-c48d49f27bb3,d6268133-5904-3e9a-6956-9493d2f78a1d,07cdb453-b699-f209-d609-434a47fca737,Furniture,,,500.0,,1,15,Medium
4dc2e07a-34a8-484e-af81-8347df1d0aef,,77dab2f4-7c09-59d1-5a0a-8473cdf46d8d,Furniture,5.06,,500.0,,0,41,Verified
55cdcc01-d85e-4ef7-86a5-c4ff8547afd3,3b02f95a-b47e-1037-4f8a-f2f31e35c98e,96bb1fe8-5e0d-fdd2-0b6f-94aa78cf0ba2,AC Issues,159.36,,650.0,,1,20,Verified
074ea4b3-1a2f-4ee8-a73c-6e16276f6bff,a4709d2c-85e2-3d68-7467-1eaf879ba2c9,f226894e-3765-1bd7-6cda-03e887bc56b3,Electrical Issues,50.03,,300.0,,1,14,Verified
3370a9f2-c854-4e94-b39e-d811d2844bbc,ec6bd398-2413-2c67-18db-10bdd92ee4f9,d41b0f34-d7f8-ce1a-36d9-c00f0100aa45,AC Issues,44.55,,650.0,,1,7,Verified
5c0cde5c-e20b-40e4-8cb8-3d20e69f2841,,b1a13405-1168-9d4a-5a76-9c4953645b2a,Furniture,89.12,,500.0,,0,41,Low
57812506-96c7-7960-deb3-8f03aed7e43a,d6268133-5904-3e9a-6956-9493d2f78a1d,07cdb453-b699-f209-d609-434a47fca737,Furniture,,,500.0,,1,15,Medium
bef235f1-9a2e-a1e0-0eb4-8e61181e8a58,d6268133-5904-3e9a-6956-9493d2f78a1d,07cdb453-b699-f209-d609-434a47fca737,Furniture,,,500.0,,1,15,Medium
59383f60-80a3-45ae-8e89-537056666a9a,491b8136-32a1-37c5-5253-b53ff3991d86,15d608c9-9596-d151-b9c5-21b22647f848,Furniture,6.41,,500.0,,1,11,Verified
38bca02b-7f1a-39a5-a2f8-619a1d6258e9,d6268133-5904-3e9a-6956-9493d2f78a1d,07cdb453-b699-f209-d609-434a47fca737,Cleaning Issues,,,,,1,15,Low
7a434025-9978-430b-aad6-27f67465bd9f,491b8136-32a1-37c5-5253-b53ff3991d86,15d608c9-9596-d151-b9c5-21b22647f848,Other,6.31,,,,0,11,Low
4258bc18-25be-8242-126d-124cf1ef33dc,d6268133-5904-3e9a-6956-9493d2f78a1d,07cdb453-b699-f209-d609-434a47fca737,RO Water Issues,,,300.0,,0,15,Low
ef2570d4-44d4-3f78-f1f0-6c23a57fb96b,d6268133-5904-3e9a-6956-9493d2f78a1d,07cdb453-b699-f209-d609-434a47fca737,Furniture,,,500.0,,1,15,Medium
b01c08e7-1a87-232a-ae60-8ff001d24f41,11e96dd2-92f4-f793-56db-439d5b3de156,3c7a5a03-cf40-42aa-6d97-d087c877b352,Electrical Issues,,,300.0,,0,3,High
aa23d1f8-2684-c45c-6946-8d2d89b63e2d,11e96dd2-92f4-f793-56db-439d5b3de156,3c7a5a03-cf40-42aa-6d97-d087c877b352,Plumbing,,,,,0,3,Low
cd746238-e268-40f5-950a-46720e40182d,5fee0a79-3970-704a-2332-f7c7598e86c1,a97d74e9-7adc-a35d-5a71-2ed6aea432be,Internet Issues,,,,,0,13,Low
23895d1d-2d76-4fb4-9dbd-d0ff1b8eedff,53416e34-aaed-471f-937d-0fea74c444b8,7fd152e9-2f00-0fc6-c8ed-83b426803a4d,Other,142.58,,,,1,2,Low
87dbab50-1e1c-9e21-022a-1d4a580386d3,11e96dd2-92f4-f793-56db-439d5b3de156,3c7a5a03-cf40-42aa-6d97-d087c877b352,RO Water Issues,,,300.0,,0,3,Low
2aff393b-0b59-8da0-9a1c-eaf8ba381c5a,fd1d6483-722f-9ff9-67bd-a98f7e3f42af,e0a547db-d8f2-1e21-a742-6f7c135bd802,Plumbing,,,,,0,1,Low
73999906-6bab-4a7b-bb02-ee5f45f086a2,ec6bd398-2413-2c67-18db-10bdd92ee4f9,d41b0f34-d7f8-ce1a-36d9-c00f0100aa45,Furniture,1.01,,500.0,,1,7,Verified
93875bf1-b143-40b3-b27a-84bb5f57ef44,,97486463-9125-9851-3039-04f213b371d4,Cleaning Issues,7.18,,,,0,41,Verified
f1d005e9-820f-3db6-3e1d-cf90adf2cca7,d93d9661-c38b-55ac-e5ac-93c052d45622,5b45fa77-c694-2c4b-9657-29944633ded5,RO Water Issues,,,300.0,,1,1,Low
b9bd090d-cea5-4596-96a5-86bfeb94b132,,43a9bdbb-3395-d921-f3e4-2c43057aa600,Other,29.64,,,,0,41,Low
b230c8d4-47ac-4fca-bcfd-25076d66ebe0,18788fe2-f6a2-826e-2199-6cec118c6d00,b8451620-5c0d-e318-9cbf-5ecba152b866,AC Issues,23.45,,650.0,,1,12,Verified
8d172be0-ab43-cb22-e839-bf58a94564bf,e093abe2-fae5-a599-2ee8-ce612d47e63e,18323ac7-06c3-e126-fb43-8a9b6cbb53ba,Electrical Issues,,,300.0,,0,3,High
42dc85fe-a356-9222-0525-2ca60fcc8e2d,e093abe2-fae5-a599-2ee8-ce612d47e63e,18323ac7-06c3-e126-fb43-8a9b6cbb53ba,RO Water Issues,,,300.0,,0,3,Low
05c1d1d2-acff-3956-0c2a-366d5c690a8b,e093abe2-fae5-a599-2ee8-ce612d47e63e,18323ac7-06c3-e126-fb43-8a9b6cbb53ba,Other,,,,,0,3,Low
61d72347-fcd7-4363-94c2-e82a2a80912c,3b02f95a-b47e-1037-4f8a-f2f31e35c98e,96bb1fe8-5e0d-fdd2-0b6f-94aa78cf0ba2,Cleaning Issues,27.52,,,,1,20,Verified
4178cce0-302c-c26e-34ef-5f46a77abc1a,276b5368-040e-e40e-948d-d1159a743920,caf1f559-25d7-959b-c416-cb63f4ded6cc,RO Water Issues,,,300.0,,1,12,Verified
5fc50886-f490-6b51-28df-166c5383b6f2,79d4d3fe-73c5-a965-030f-c60220ee20cb,7aa135ce-55b9-8787-a51c-fa6c42aad3b2,AC Issues,,,650.0,,1,8,Low
f4f01648-706d-45b9-95cc-6b116b5a749b,,5dd54516-df42-d086-0eef-3495660d438f,Furniture,4.01,,500.0,,1,41,Low
36e7ab35-4d46-f2af-6003-ff1c720d7703,f8723af2-2adb-2870-b160-e1ad562524be,3f71f5af-8bd3-fe23-4d09-0210257ad798,Furniture,,,500.0,,1,5,Medium
0663a0d4-f2cc-0202-976b-8181ff7dd772,f8723af2-2adb-2870-b160-e1ad562524be,3f71f5af-8bd3-fe23-4d09-0210257ad798,RO Water Issues,,,300.0,,0,5,Low
d6f54fbb-2bd4-dcc0-5a49-e29867b4754a,f8723af2-2adb-2870-b160-e1ad562524be,3f71f5af-8bd3-fe23-4d09-0210257ad798,Furniture,,,500.0,,1,5,Medium
2191b23d-eeba-66fc-7983-f3ce989917ce,f8723af2-2adb-2870-b160-e1ad562524be,3f71f5af-8bd3-fe23-4d09-0210257ad798,AC Issues,,,650.0,,1,5,High
2d2f4aaa-e9db-12ef-bb50-f74383e74434,f8723af2-2adb-2870-b160-e1ad562524be,3f71f5af-8bd3-fe23-4d09-0210257ad798,AC Issues,,,650.0,,1,5,High
31dbf808-b397-8ee5-d368-3cac57b8507c,3b02f95a-b47e-1037-4f8a-f2f31e35c98e,96bb1fe8-5e0d-fdd2-0b6f-94aa78cf0ba2,Electrical Issues,,,300.0,,1,20,High
adf1259b-d291-fb77-ec80-a0ac71781819,3b02f95a-b47e-1037-4f8a-f2f31e35c98e,96bb1fe8-5e0d-fdd2-0b6f-94aa78cf0ba2,Furniture,,,500.0,,1,20,Low
44d8d40e-1945-d69f-fba6-b0836b9d2ac8,3b02f95a-b47e-1037-4f8a-f2f31e35c98e,96bb1fe8-5e0d-fdd2-0b6f-94aa78cf0ba2,Cleaning Issues,,,,,1,20,Low
8ebfcd5d-e530-732b-7a4b-ea5cb5c43f71,3b02f95a-b47e-1037-4f8a-f2f31e35c98e,96bb1fe8-5e0d-fdd2-0b6f-94aa78cf0ba2,RO Water Issues,,,300.0,,0,20,Low
b5a9d8e5-7aff-3007-8a07-0cae008936bb,3b02f95a-b47e-1037-4f8a-f2f31e35c98e,96bb1fe8-5e0d-fdd2-0b6f-94aa78cf0ba2,Washing machine Issue,,,700.0,,1,20,Low
7f308902-292b-d2d1-bb4b-76c5bf00aa54,3b02f95a-b47e-1037-4f8a-f2f31e35c98e,96bb1fe8-5e0d-fdd2-0b6f-94aa78cf0ba2,Furniture,,,500.0,,1,20,Low
8aa5cc61-6d57-4c38-ac7a-f4ac6c478ff1,,4692433b-f9b8-9bdd-a2ff-4cd11d36de58,Other,0.15,,,,0,41,Low
195b33de-b770-4b0e-bd94-babf652a0704,e99afa10-6249-3f5b-4364-da75f89e34f9,f64ad55d-d5e9-6b9e-9676-efeb66d20201,Cleaning Issues,25.45,,,,1,14,Low
a02e92b4-4619-4b7b-87f5-d1fd8f77c22a,4505ca5d-0961-03c9-5943-ffda2a5ae270,5926f2d3-f34a-ae71-03bd-8c67d6660d49,Other,43.0,,,,1,8,Verified
358e878a-d9f2-cb1c-06a6-cbe99a7af07c,276b5368-040e-e40e-948d-d1159a743920,caf1f559-25d7-959b-c416-cb63f4ded6cc,RO Water Issues,,,300.0,,1,12,Verified
fb30b031-d325-23a7-1bee-a92b3483fb9e,3b02f95a-b47e-1037-4f8a-f2f31e35c98e,96bb1fe8-5e0d-fdd2-0b6f-94aa78cf0ba2,Washing machine Issue,,,700.0,,1,20,Low
441c340c-01f0-bc40-79bb-5f4ae5242cfc,3b02f95a-b47e-1037-4f8a-f2f31e35c98e,96bb1fe8-5e0d-fdd2-0b6f-94aa78cf0ba2,Washing machine Issue,,,700.0,,1,20,Low
b82b0ffd-2e21-2699-d0b5-28465ae7b470,3b02f95a-b47e-1037-4f8a-f2f31e35c98e,96bb1fe8-5e0d-fdd2-0b6f-94aa78cf0ba2,Cleaning Issues,,,,,1,20,Low
da4b522e-88ea-8369-3cab-234db640ae87,3b02f95a-b47e-1037-4f8a-f2f31e35c98e,96bb1fe8-5e0d-fdd2-0b6f-94aa78cf0ba2,Cleaning Issues,,,,,1,20,Low
73e91292-d62f-e4de-8f61-4991e760bf42,3b02f95a-b47e-1037-4f8a-f2f31e35c98e,96bb1fe8-5e0d-fdd2-0b6f-94aa78cf0ba2,Washing machine Issue,,,700.0,,1,20,Low
14707aae-6ecc-b4d1-f07b-1cbbef577d15,53c9ff97-f078-6148-923e-9d1a21b9bb60,e7028e9f-6d8f-c1b2-9104-a6c79b6f1c44,Washing machine Issue,,,700.0,,0,1,Low
f36a3de9-8f2a-8d34-9b71-173e85d0d430,2c1980eb-be51-916e-8f61-1e8fe83afb0c,04c251ff-5d8d-dc9e-d27d-0a96efe3a6b3,AC Issues,,,650.0,,1,3,High
ca767982-0311-9ec4-0efb-66d254fe43ea,2c1980eb-be51-916e-8f61-1e8fe83afb0c,04c251ff-5d8d-dc9e-d27d-0a96efe3a6b3,AC Issues,,,650.0,,1,3,High
ec2ccc9a-c9fb-d6dc-1c0c-8b5431541f70,2c1980eb-be51-916e-8f61-1e8fe83afb0c,04c251ff-5d8d-dc9e-d27d-0a96efe3a6b3,AC Issues,,,650.0,,1,3,High
66ec0fed-ffa4-0ad9-019d-2c639998a9d9,982397b8-b96b-4d87-eb8b-62916e148d45,3e28154d-1bfe-92b4-2fff-f295a9f54738,AC Issues,,,650.0,,1,4,Medium
d30b22b5-0ac7-75a6-e420-6b0a5b9f5fcd,982397b8-b96b-4d87-eb8b-62916e148d45,3e28154d-1bfe-92b4-2fff-f295a9f54738,Other,,,,,1,4,Low
ca339a54-3c9f-62d9-dfda-fc897926f7f2,982397b8-b96b-4d87-eb8b-62916e148d45,3e28154d-1bfe-92b4-2fff-f295a9f54738,AC Issues,,,650.0,,1,4,Medium
e81e2e0c-2011-bd98-1c48-b355cc939fd1,982397b8-b96b-4d87-eb8b-62916e148d45,3e28154d-1bfe-92b4-2fff-f295a9f54738,Plumbing,,,,,1,4,Low
f3d254a5-84be-aba0-e9f6-18960051c6e9,4505ca5d-0961-03c9-5943-ffda2a5ae270,5926f2d3-f34a-ae71-03bd-8c67d6660d49,Electrical Issues,,,300.0,,1,8,High
3e6e0a31-07cc-d3e1-2828-76327d86404f,4505ca5d-0961-03c9-5943-ffda2a5ae270,5926f2d3-f34a-ae71-03bd-8c67d6660d49,Electrical Issues,,,300.0,,1,8,High
42c3224a-e332-3f39-2a9e-dd50aa7623b6,4505ca5d-0961-03c9-5943-ffda2a5ae270,5926f2d3-f34a-ae71-03bd-8c67d6660d49,AC Issues,,,650.0,,0,8,High
a6d9a817-9434-9ab9-78b4-9738e6e4a9f0,4505ca5d-0961-03c9-5943-ffda2a5ae270,5926f2d3-f34a-ae71-03bd-8c67d6660d49,Furniture,,,500.0,,0,8,Medium
8e5d4904-2f0d-9258-d8be-15f59b27f94a,4505ca5d-0961-03c9-5943-ffda2a5ae270,5926f2d3-f34a-ae71-03bd-8c67d6660d49,RO Water Issues,,,300.0,,1,8,Low
d3846174-ddb9-2777-dc63-a9e6bf1aed4c,104a66bf-0d87-2acc-ec03-a73d1c1cfd53,9e254d9d-fe84-3236-eca3-7adff58dafa1,AC Issues,,,650.0,,1,5,High
16712bef-057a-b054-b0df-fad8102616f9,104a66bf-0d87-2acc-ec03-a73d1c1cfd53,9e254d9d-fe84-3236-eca3-7adff58dafa1,AC Issues,,,650.0,,1,5,High
79e3e2e1-77a4-48ba-c2df-77280c9b9a2a,104a66bf-0d87-2acc-ec03-a73d1c1cfd53,9e254d9d-fe84-3236-eca3-7adff58dafa1,AC Issues,,,650.0,,1,5,High
53509283-e332-a848-f033-f156ba9bd243,104a66bf-0d87-2acc-ec03-a73d1c1cfd53,9e254d9d-fe84-3236-eca3-7adff58dafa1,RO Water Issues,,,300.0,,0,5,Low
ca95c03f-1dae-5565-d8ef-6fd6180b77ce,af16fe79-211b-993d-45cc-0c97af4a725c,8aaf14fc-4fb9-d280-3018-d757243c952b,Electrical Issues,,,300.0,,1,5,Low
392a0c6e-211c-42ad-e5fa-a33537d5df26,af16fe79-211b-993d-45cc-0c97af4a725c,8aaf14fc-4fb9-d280-3018-d757243c952b,Electrical Issues,,,300.0,,1,5,Low
6a0a6c7a-96ad-4250-bb4e-b959e0104b63,af16fe79-211b-993d-45cc-0c97af4a725c,8aaf14fc-4fb9-d280-3018-d757243c952b,AC Issues,,,650.0,,1,5,Medium
84508b32-6d5e-64fe-b469-9bdf32f62409,af16fe79-211b-993d-45cc-0c97af4a725c,8aaf14fc-4fb9-d280-3018-d757243c952b,Electrical Issues,,,300.0,,1,5,Low
b251a63a-cfc3-adbc-edd9-8cd1e968f45c,af16fe79-211b-993d-45cc-0c97af4a725c,8aaf14fc-4fb9-d280-3018-d757243c952b,Internet Issues,,,,,0,5,Low
ba05cf16-9e6f-fea7-8a18-d319411a2aad,a64019d6-e321-3cb8-e823-478ced6ff4c2,19becc73-ba94-4a59-e2ef-19d1d342aee3,Other,,,,,1,1,Low
16a68c05-d6f0-5226-4818-eb0fb78a93bd,128bd731-e1fe-63b6-3451-759840d80453,e490e3a6-9e5c-a6b8-a156-bfb492b8b0a4,Cleaning Issues,,,,,0,2,Low
6650481d-5a62-3022-687f-6542f0a05b3a,128bd731-e1fe-63b6-3451-759840d80453,e490e3a6-9e5c-a6b8-a156-bfb492b8b0a4,Other,,,,,1,2,Low
821cbec5-596a-7f0e-6daa-f71788c6f3dc,e51d0052-6144-0814-9748-12b1e6c3b68a,e240e3e5-c69e-eb28-28a3-e88cb6561735,Furniture,,,500.0,,1,3,Medium
0805c9b9-4ad2-eee5-4d20-2e2b186860bc,e51d0052-6144-0814-9748-12b1e6c3b68a,e240e3e5-c69e-eb28-28a3-e88cb6561735,Furniture,,,500.0,,1,3,Medium
a719dcef-1785-485c-64ae-61d1a0ff249b,e51d0052-6144-0814-9748-12b1e6c3b68a,e240e3e5-c69e-eb28-28a3-e88cb6561735,AC Issues,,,650.0,,1,3,Low
57973195-46ef-4872-a4bc-28f3eab8fd71,cda37b51-1bbc-af0d-a560-49af88fdc751,f108b08d-b6c6-e6fe-5782-ba89ca9c16ad,Electrical Issues,7.26,,300.0,,1,32,High
93e4010d-b202-4327-4291-8608090b4249,6f622055-47c5-9b2c-b332-2d5d01953e51,2225fe89-e491-892a-6af9-3161efe26613,AC Issues,,,650.0,,0,4,Verified
ab512c3f-da9f-2cf3-0a27-98f2af55e3e9,b285539d-6e4c-f6f5-ee68-2dc683541067,50d7a816-da06-6897-ffe0-cb694a257dec,Internet Issues,,,,,0,10,Low
b6192ba9-f4c2-080e-2cac-5c0a8a33d47d,b285539d-6e4c-f6f5-ee68-2dc683541067,50d7a816-da06-6897-ffe0-cb694a257dec,Washing machine Issue,,,700.0,,1,10,Low
1493d90e-ab4a-15f0-9f8b-2547f4e3d840,b285539d-6e4c-f6f5-ee68-2dc683541067,50d7a816-da06-6897-ffe0-cb694a257dec,Furniture,,,500.0,,1,10,Medium
77ac97b6-db0c-f7ed-82b2-d93e60dd841b,b285539d-6e4c-f6f5-ee68-2dc683541067,50d7a816-da06-6897-ffe0-cb694a257dec,Washing machine Issue,,,700.0,,1,10,Low
4cc5dd3d-04d1-7f06-9ae3-afc57770ff48,b285539d-6e4c-f6f5-ee68-2dc683541067,50d7a816-da06-6897-ffe0-cb694a257dec,Washing machine Issue,,,700.0,,1,10,Low
e0e96049-7aab-68ce-ff57-adba7d041458,b285539d-6e4c-f6f5-ee68-2dc683541067,50d7a816-da06-6897-ffe0-cb694a257dec,Washing machine Issue,,,700.0,,1,10,Low
da7b9309-d948-ccad-e28e-28896693e56e,b285539d-6e4c-f6f5-ee68-2dc683541067,50d7a816-da06-6897-ffe0-cb694a257dec,Cleaning Issues,,,,,0,10,Low
0a18b8da-f50d-17cf-cfc6-fbf63a5b2cd5,b285539d-6e4c-f6f5-ee68-2dc683541067,50d7a816-da06-6897-ffe0-cb694a257dec,Electrical Issues,,,300.0,,1,10,High
e59b8693-c216-f7a0-2b8d-e0f32303ee18,b285539d-6e4c-f6f5-ee68-2dc683541067,50d7a816-da06-6897-ffe0-cb694a257dec,Other,,,,,1,10,Low
17328753-a5c5-1f60-e28a-9b49fa7d88b5,b285539d-6e4c-f6f5-ee68-2dc683541067,50d7a816-da06-6897-ffe0-cb694a257dec,AC Issues,,,650.0,,1,10,High
5a2444ea-07e6-ed92-4e88-8ce8c301eabb,55e6e452-fae2-a5ac-3c12-21424bffbcac,5964e174-4d85-43f8-388d-3f66a1ecbd0e,Furniture,,,500.0,,1,4,Low
9065ed47-28c5-ddb8-a33c-4b971bea31d9,55e6e452-fae2-a5ac-3c12-21424bffbcac,5964e174-4d85-43f8-388d-3f66a1ecbd0e,Plumbing,,,,,0,4,Low
af5bb683-0bb1-484c-812a-6c365e52ad8a,8b018cc7-2387-99c8-5b29-d1ab1f7b635e,f874f74a-642d-0943-eaae-4c54a18982cf,RO Water Issues,,,300.0,,0,8,Low
e4cac291-f415-0324-2de7-52b987aafabc,8b018cc7-2387-99c8-5b29-d1ab1f7b635e,f874f74a-642d-0943-eaae-4c54a18982cf,Plumbing,,,,,1,8,Low
90c31ba1-869a-fdc8-be8e-965549b7287d,8b018cc7-2387-99c8-5b29-d1ab1f7b635e,f874f74a-642d-0943-eaae-4c54a18982cf,Plumbing,,,,,1,8,Low
f07c107b-1e23-b654-2ba7-81e6d9650bd7,8b018cc7-2387-99c8-5b29-d1ab1f7b635e,f874f74a-642d-0943-eaae-4c54a18982cf,Washing machine Issue,,,700.0,,0,8,Low
f30105ad-0686-e5c3-9260-847b452c3f09,8b018cc7-2387-99c8-5b29-d1ab1f7b635e,f874f74a-642d-0943-eaae-4c54a18982cf,Other,,,,,0,8,Low
f786ac47-d29a-9f0b-acd2-c179e0d5c49e,8b018cc7-2387-99c8-5b29-d1ab1f7b635e,f874f74a-642d-0943-eaae-4c54a18982cf,AC Issues,,,650.0,,1,8,Low
6c82af21-3118-bc00-d7d7-b17d04a03d84,8b018cc7-2387-99c8-5b29-d1ab1f7b635e,f874f74a-642d-0943-eaae-4c54a18982cf,AC Issues,,,650.0,,1,8,Low
0a89b554-b3fb-a037-300d-b6700f9ea741,21e237d1-286e-324e-0cef-45725d629768,3adf68ca-04d2-f3f2-6459-8418efbb3e0a,RO Water Issues,,,300.0,,0,4,Verified
1fdfe0db-a50f-8eb9-b0ef-6eb600ad4b20,e10472f5-6434-2a96-6c28-13939f90427f,69a06a67-b0da-0493-6495-0620f46df91c,Other,,,,,0,1,Low
ec1414fb-cf85-4da2-c91b-435bcbe0bedf,4f75b0ca-7bed-c37c-cfd4-1e361a1bb6d4,46708e4f-0f36-d317-bc46-7cc2bcfc59ea,RO Water Issues,,,300.0,,0,2,Low
f76bea3c-a024-2745-4b06-c1021739cddf,4f75b0ca-7bed-c37c-cfd4-1e361a1bb6d4,46708e4f-0f36-d317-bc46-7cc2bcfc59ea,Washing machine Issue,,,700.0,,0,2,Low
7fb63f92-3d08-f01c-d3bb-36d5a14e53a1,011b7d1c-5697-5394-c05b-fa0473640657,5b45fa77-c694-2c4b-9657-29944633ded5,Electrical Issues,,,300.0,,0,4,High
b784ebad-ba4a-a89b-f48b-765c27359637,011b7d1c-5697-5394-c05b-fa0473640657,5b45fa77-c694-2c4b-9657-29944633ded5,Furniture,,,500.0,,0,4,Low
f48d3aa0-e5e8-3cfe-115b-f5106cf97e9f,21e237d1-286e-324e-0cef-45725d629768,3adf68ca-04d2-f3f2-6459-8418efbb3e0a,AC Issues,,,650.0,,0,4,High
aaf86792-b98d-1597-72ca-01e51d266008,a4709d2c-85e2-3d68-7467-1eaf879ba2c9,f226894e-3765-1bd7-6cda-03e887bc56b3,Cleaning Issues,,,,,1,14,Low
a6ec090b-d381-1f63-6f28-1bb81b6d0ec5,a4709d2c-85e2-3d68-7467-1eaf879ba2c9,f226894e-3765-1bd7-6cda-03e887bc56b3,Internet Issues,,,,,1,14,Low
0572540d-7d3d-cd44-9ef0-84a477a4859b,a4709d2c-85e2-3d68-7467-1eaf879ba2c9,f226894e-3765-1bd7-6cda-03e887bc56b3,Internet Issues,,,,,1,14,Low
13ee6ea9-d5b3-fd62-c035-e9bb1d8e7fe6,a4709d2c-85e2-3d68-7467-1eaf879ba2c9,f226894e-3765-1bd7-6cda-03e887bc56b3,Internet Issues,,,,,1,14,Low
480e1668-6e43-9dc4-959d-3963c3e3241d,a4709d2c-85e2-3d68-7467-1eaf879ba2c9,f226894e-3765-1bd7-6cda-03e887bc56b3,Internet Issues,,,,,1,14,Low
14d0b195-1ffe-975f-40ea-5fe1145df246,0d81cbb9-7b2a-918b-bd00-d151c65848ea,caf1f559-25d7-959b-c416-cb63f4ded6cc,Washing machine Issue,,,700.0,,1,4,Low
5cb7e17e-1c68-3dd4-1d87-b0da116c9bff,0d81cbb9-7b2a-918b-bd00-d151c65848ea,caf1f559-25d7-959b-c416-cb63f4ded6cc,AC Issues,,,650.0,,1,4,High
08f019f5-aa34-6393-259c-8e382deecf44,0d81cbb9-7b2a-918b-bd00-d151c65848ea,caf1f559-25d7-959b-c416-cb63f4ded6cc,Other,,,,,1,4,Low
5ffb0b10-ca2c-0d93-3b99-c455861c885c,0d81cbb9-7b2a-918b-bd00-d151c65848ea,caf1f559-25d7-959b-c416-cb63f4ded6cc,Plumbing,,,,,1,4,Low
89cf9415-cb4b-a9d1-bb61-ecb5e2aaa387,1a3b6c74-26e1-7124-0b5c-7f783d71624d,717b9b58-969a-8452-088a-972edaf5da24,Plumbing,,,,,1,5,Low
4e65b997-6dbd-5e6a-2790-5433ef5a8664,c3c77367-5f51-f7a7-e667-0e3480f53751,ac9af09e-62c0-08f5-e71e-d14dc5f83e6d,RO Water Issues,,,300.0,,0,13,Low
1aba1441-2df9-79da-5819-d950afda374e,c3c77367-5f51-f7a7-e667-0e3480f53751,ac9af09e-62c0-08f5-e71e-d14dc5f83e6d,AC Issues,,,650.0,,1,13,High
1297c3c4-025b-4f26-c633-718fc36ed0ee,c3c77367-5f51-f7a7-e667-0e3480f53751,ac9af09e-62c0-08f5-e71e-d14dc5f83e6d,Furniture,,,500.0,,1,13,Medium
8d69ff83-3b77-b53e-15d6-cb22c193e5a1,c3c77367-5f51-f7a7-e667-0e3480f53751,ac9af09e-62c0-08f5-e71e-d14dc5f83e6d,AC Issues,,,650.0,,1,13,High
ea45107c-8117-e94f-238f-5a2a66b9f1ee,c3c77367-5f51-f7a7-e667-0e3480f53751,ac9af09e-62c0-08f5-e71e-d14dc5f83e6d,Other,,,,,1,13,Low
d8ac9d4d-262c-01ac-c1f9-4436162b2e95,c3c77367-5f51-f7a7-e667-0e3480f53751,ac9af09e-62c0-08f5-e71e-d14dc5f83e6d,Internet Issues,,,,,0,13,Low
27f8d0e4-1105-9ba5-cbdf-1b73d5c8f7fa,c3c77367-5f51-f7a7-e667-0e3480f53751,ac9af09e-62c0-08f5-e71e-d14dc5f83e6d,AC Issues,,,650.0,,1,13,High
69c81b2b-edb9-f6b2-751a-223d282840df,c3c77367-5f51-f7a7-e667-0e3480f53751,ac9af09e-62c0-08f5-e71e-d14dc5f83e6d,Other,,,,,1,13,Low
621220cf-d586-225a-2015-4c269cdcce23,26b16f30-da65-8aa3-d1ec-4867ac2a8f35,a4def813-d3a1-fa98-de2f-18ad2a9699a7,AC Issues,,,650.0,,1,7,Low
d5372a25-6e83-df83-ddec-2223d3361967,26b16f30-da65-8aa3-d1ec-4867ac2a8f35,a4def813-d3a1-fa98-de2f-18ad2a9699a7,RO Water Issues,,,300.0,,1,7,Low
76d4e83a-f486-5e8c-e50a-fae0a7740d4b,26b16f30-da65-8aa3-d1ec-4867ac2a8f35,a4def813-d3a1-fa98-de2f-18ad2a9699a7,AC Issues,,,650.0,,1,7,Low
03dd5932-a744-d556-f6df-d587ca1d1a8f,26b16f30-da65-8aa3-d1ec-4867ac2a8f35,a4def813-d3a1-fa98-de2f-18ad2a9699a7,AC Issues,,,650.0,,1,7,Low
7f38453a-97e7-d781-41c6-ae3e648a45c7,73715344-908a-b7fa-00cc-34358ffb16f0,7fe69b36-41b0-fb38-f990-b56311e3fbad,Fridge Issues,,,550.0,,0,2,Low
614e6ff4-beb4-bf82-cda2-ad9fd855eaf4,73715344-908a-b7fa-00cc-34358ffb16f0,7fe69b36-41b0-fb38-f990-b56311e3fbad,Furniture,,,500.0,,0,2,Low
9f554f6d-697f-0963-d5c1-2d14d15be9ce,e99afa10-6249-3f5b-4364-da75f89e34f9,f64ad55d-d5e9-6b9e-9676-efeb66d20201,RO Water Issues,,,300.0,,0,14,Low
1edfb329-5f3a-1274-ed2d-d13041a43352,e99afa10-6249-3f5b-4364-da75f89e34f9,f64ad55d-d5e9-6b9e-9676-efeb66d20201,AC Issues,,,650.0,,1,14,Low
e02ffcaf-5ebc-8c38-d6f8-b784d77ec015,e99afa10-6249-3f5b-4364-da75f89e34f9,f64ad55d-d5e9-6b9e-9676-efeb66d20201,Cleaning Issues,,,,,1,14,Low
b63d6c63-ac9e-04e3-8068-387d8a2604ac,e99afa10-6249-3f5b-4364-da75f89e34f9,f64ad55d-d5e9-6b9e-9676-efeb66d20201,Cleaning Issues,,,,,1,14,Low
47460e2a-6de5-9f3c-e85d-26a87e88b9f9,e99afa10-6249-3f5b-4364-da75f89e34f9,f64ad55d-d5e9-6b9e-9676-efeb66d20201,Cleaning Issues,,,,,1,14,Low
91b192c9-411f-105d-d6ec-927d7c2dee6b,e99afa10-6249-3f5b-4364-da75f89e34f9,f64ad55d-d5e9-6b9e-9676-efeb66d20201,Furniture,,,500.0,,1,14,Medium
356c677e-db70-f33b-f02f-ce37c899ca6e,e99afa10-6249-3f5b-4364-da75f89e34f9,f64ad55d-d5e9-6b9e-9676-efeb66d20201,Furniture,,,500.0,,1,14,Medium
6ad64ebc-fb2d-1b48-26e8-7981913864c5,e99afa10-6249-3f5b-4364-da75f89e34f9,f64ad55d-d5e9-6b9e-9676-efeb66d20201,Plumbing,,,,,1,14,Low
e78bc5cf-1343-a638-4a87-8217095ae1d3,e99afa10-6249-3f5b-4364-da75f89e34f9,f64ad55d-d5e9-6b9e-9676-efeb66d20201,Electrical Issues,,,300.0,,1,14,High
80eb03c0-513c-da92-e47b-dd2f93a5f84b,6f622055-47c5-9b2c-b332-2d5d01953e51,2225fe89-e491-892a-6af9-3161efe26613,Plumbing,,,,,0,4,Low
ebd37461-93f5-9c36-a2fb-878d4d81fd60,6f622055-47c5-9b2c-b332-2d5d01953e51,2225fe89-e491-892a-6af9-3161efe26613,Other,,,,,0,4,Low
6467266a-fc62-74a4-2746-da4c889a1cb8,1a171004-7682-1c39-e6a2-758b668c33b0,8aaf14fc-4fb9-d280-3018-d757243c952b,RO Water Issues,,,300.0,,0,3,Medium
1e804873-1f01-2439-a1b2-e24dface96d9,1a171004-7682-1c39-e6a2-758b668c33b0,8aaf14fc-4fb9-d280-3018-d757243c952b,Other,,,,,0,3,Low
57584f0a-35f3-99af-bc46-f728d7ce662b,1422ace8-beea-6d1b-73fd-1d30597b40d5,235bd597-22a1-f0f2-0d40-a0a2f59f41fd,AC Issues,,,650.0,,1,3,High
a110dcd6-57ff-f65e-a9f4-ad68d52f5ed7,1422ace8-beea-6d1b-73fd-1d30597b40d5,235bd597-22a1-f0f2-0d40-a0a2f59f41fd,Internet Issues,,,,,0,3,Low
a0fd9654-eb9e-da53-7b73-6db617b432e2,00ff5468-3680-2a12-23e4-82855ab3c697,32dfa2d6-dbf8-4dd2-90a0-e664e838b0ac,AC Issues,,,650.0,,1,10,High
53a8bb41-b03a-6d85-efe4-aed7c835660c,00ff5468-3680-2a12-23e4-82855ab3c697,32dfa2d6-dbf8-4dd2-90a0-e664e838b0ac,AC Issues,,,650.0,,1,10,High
014cb7c7-f017-ac40-2dae-689e423794d2,00ff5468-3680-2a12-23e4-82855ab3c697,32dfa2d6-dbf8-4dd2-90a0-e664e838b0ac,Cleaning Issues,,,,,0,10,Low
ae693564-6289-cfb1-cead-e6d8e4e9ba2c,00ff5468-3680-2a12-23e4-82855ab3c697,32dfa2d6-dbf8-4dd2-90a0-e664e838b0ac,AC Issues,,,650.0,,1,10,High
97beeab7-5ad1-8122-7784-1c690ab3e70b,a7dadee2-80e3-eba0-084f-5f1847bb3aa4,96eb4dcb-a6ae-3881-7690-8a119a4506bc,Electrical Issues,,,300.0,,1,2,High
f7eef293-0543-ae3f-98e3-6366264442e5,a7dadee2-80e3-eba0-084f-5f1847bb3aa4,96eb4dcb-a6ae-3881-7690-8a119a4506bc,Electrical Issues,,,300.0,,1,2,High
e1b17952-5bbe-3339-31a2-20244c2c0f99,618f174c-7c45-cb54-907b-cacc78483918,d938459f-29e8-72b7-85d9-59b6df6db501,Furniture,,,500.0,,1,3,Low
9110e092-c877-fb73-70df-be1c73151790,7e2a1e58-e10a-4352-ca15-59fd22f2c07e,d896c15c-52be-8a4e-6bcf-b598f12b31af,AC Issues,,,650.0,,1,2,Low
47b2b55c-b767-6e9a-26cb-5622dc4edd18,55e779dc-a32b-2acb-173b-7de67750927a,b67440c5-1089-ccdb-bb31-3211a4ee4d0e,Furniture,,,500.0,,1,4,Medium
49b58c99-5f2f-43ea-aa8e-87a305d018af,,5dd54516-df42-d086-0eef-3495660d438f,Furniture,20.34,,500.0,,1,41,Verified
524eeb41-a60a-79da-43ac-8bc88c3c896d,55e779dc-a32b-2acb-173b-7de67750927a,b67440c5-1089-ccdb-bb31-3211a4ee4d0e,Other,,,,,1,4,Low
1df9b841-b039-6bcd-9e05-d24b1c3734f6,55e779dc-a32b-2acb-173b-7de67750927a,b67440c5-1089-ccdb-bb31-3211a4ee4d0e,AC Issues,,,650.0,,1,4,High
e54040bc-7aed-d0df-3aa7-bed6b9f9f947,55e779dc-a32b-2acb-173b-7de67750927a,b67440c5-1089-ccdb-bb31-3211a4ee4d0e,Other,,,,,1,4,Low
498461fa-8dd5-2b1e-cda5-8f1433301f13,43774f3c-9ce6-fc78-7857-b8607c3e1966,9b9feba7-c6ce-bf0e-4b62-7c7541025927,Other,,,,,0,9,Low
f207d573-6afe-b507-8793-1d3c151d84ef,43774f3c-9ce6-fc78-7857-b8607c3e1966,9b9feba7-c6ce-bf0e-4b62-7c7541025927,Cleaning Issues,,,,,1,9,Low
68bd2885-5f97-208d-4f8a-dc5e09d6afde,43774f3c-9ce6-fc78-7857-b8607c3e1966,9b9feba7-c6ce-bf0e-4b62-7c7541025927,Furniture,,,500.0,,1,9,Low
09cae616-8152-3e63-adc9-7e7a2e6095b0,43774f3c-9ce6-fc78-7857-b8607c3e1966,9b9feba7-c6ce-bf0e-4b62-7c7541025927,Cleaning Issues,,,,,1,9,Low
784240b2-b503-0cee-4a69-b79ff2613149,f59fa4ad-6dca-c7e7-d459-5326609a6412,de80c560-5aa1-225e-9921-7b9695802cc3,Other,,,,,0,1,Low
afb8cf37-0927-b4d3-8281-30726617bf6a,5fa2b264-379d-b6b2-9929-86237eb38f30,83a7b624-6ba5-7e9f-53eb-acd6d0ab5bb4,AC Issues,,,650.0,,1,1,High
fb1f6a8e-4b6d-2eb3-ed71-10704003ca93,a4ef95bf-1c7c-4c4d-0497-ae38085af6cc,28adcae8-d3f2-7d01-473b-45f62020cdc0,Other,,,,,1,5,Low
9a513701-4c62-424e-9aa7-c38eff6c017b,a4ef95bf-1c7c-4c4d-0497-ae38085af6cc,28adcae8-d3f2-7d01-473b-45f62020cdc0,Other,,,,,1,5,Low
cc8dabc0-557f-445d-9bf0-6297ded41835,257579ca-bef0-99b8-f916-e518891ffdab,808fbd05-1708-47c3-a3ed-acb300c719aa,Electrical Issues,15.94,,300.0,,1,12,Unmapped
0a249101-dd5f-4a12-9c3a-07a92226137a,3b02f95a-b47e-1037-4f8a-f2f31e35c98e,96bb1fe8-5e0d-fdd2-0b6f-94aa78cf0ba2,Cleaning Issues,17.82,,,,1,20,Low
c1b52572-c0ee-4d6f-8b4b-19e97105217b,,77dab2f4-7c09-59d1-5a0a-8473cdf46d8d,Washing machine Issue,19.58,,700.0,,1,41,Verified
ad083df7-9c0d-12d8-d880-224050e43b60,9e64e0fa-e34a-1c76-8e4a-1452643fab9a,5964e174-4d85-43f8-388d-3f66a1ecbd0e,Furniture,,,500.0,,1,1,Low
e80fac36-7f85-ed6e-9b77-6ebc94fbad08,5d4122d1-48a3-607c-cb72-e1956caece73,7fd152e9-2f00-0fc6-c8ed-83b426803a4d,Furniture,,,500.0,,1,15,Low
482b850c-7344-192d-6f61-7c2f30322ece,5d4122d1-48a3-607c-cb72-e1956caece73,7fd152e9-2f00-0fc6-c8ed-83b426803a4d,RO Water Issues,,,300.0,,1,15,Low
d081735b-45d5-6930-7ecc-9ba290d94909,5d4122d1-48a3-607c-cb72-e1956caece73,7fd152e9-2f00-0fc6-c8ed-83b426803a4d,RO Water Issues,,,300.0,,1,15,Low
63b7cc7b-7577-a332-84d8-3363422b089a,5d4122d1-48a3-607c-cb72-e1956caece73,7fd152e9-2f00-0fc6-c8ed-83b426803a4d,Internet Issues,,,,,1,15,Low
b3e1c5b7-dadf-5ebd-3b5e-8e9da2466dc7,5d4122d1-48a3-607c-cb72-e1956caece73,7fd152e9-2f00-0fc6-c8ed-83b426803a4d,RO Water Issues,,,300.0,,1,15,Low
610c6ef8-9e8e-ad7d-53c5-259a0e43c9cb,5d4122d1-48a3-607c-cb72-e1956caece73,7fd152e9-2f00-0fc6-c8ed-83b426803a4d,Other,,,,,1,15,Low
c7fbe84d-8e28-db31-8a39-da887d69982c,5d4122d1-48a3-607c-cb72-e1956caece73,7fd152e9-2f00-0fc6-c8ed-83b426803a4d,Other,,,,,1,15,Low
c817bd3e-161f-a005-b447-e0679be1418c,5d4122d1-48a3-607c-cb72-e1956caece73,7fd152e9-2f00-0fc6-c8ed-83b426803a4d,Other,,,,,1,15,Low
b0f62c52-692f-b276-0bbd-50005572c3ef,5d4122d1-48a3-607c-cb72-e1956caece73,7fd152e9-2f00-0fc6-c8ed-83b426803a4d,Other,,,,,1,15,Low
6689d353-c81c-120f-019c-b088c521dafb,5d4122d1-48a3-607c-cb72-e1956caece73,7fd152e9-2f00-0fc6-c8ed-83b426803a4d,Furniture,,,500.0,,1,15,Low
b87825e2-0121-09f6-274d-8d5148be80f7,5d4122d1-48a3-607c-cb72-e1956caece73,7fd152e9-2f00-0fc6-c8ed-83b426803a4d,Internet Issues,,,,,1,15,Low
2219302c-fd07-0f43-2d78-9271b8c38dae,5d4122d1-48a3-607c-cb72-e1956caece73,7fd152e9-2f00-0fc6-c8ed-83b426803a4d,Internet Issues,,,,,1,15,Low
9201790b-de85-739c-a3bd-a8185eb484fc,5d4122d1-48a3-607c-cb72-e1956caece73,7fd152e9-2f00-0fc6-c8ed-83b426803a4d,Billing Issues,,,,,0,15,Low
be11261f-5493-9e7c-0155-16852657b8b9,5d4122d1-48a3-607c-cb72-e1956caece73,7fd152e9-2f00-0fc6-c8ed-83b426803a4d,Internet Issues,,,,,1,15,Low
6d63af98-5c89-9093-a7b6-d3cfe37dc9c7,5d4122d1-48a3-607c-cb72-e1956caece73,7fd152e9-2f00-0fc6-c8ed-83b426803a4d,Internet Issues,,,,,1,15,Low
434ca6ed-8fc5-cbb9-8ff2-999b535f94b7,ac5ee6bc-de6f-6f5a-a196-731bff043dc7,d938459f-29e8-72b7-85d9-59b6df6db501,Plumbing,,,,,0,9,Low
08f20369-8c81-9bfe-f8f1-e5b66940a311,ac5ee6bc-de6f-6f5a-a196-731bff043dc7,d938459f-29e8-72b7-85d9-59b6df6db501,Internet Issues,,,,,1,9,Low
197c1909-c115-b48f-c7db-608feb7f6151,ac5ee6bc-de6f-6f5a-a196-731bff043dc7,d938459f-29e8-72b7-85d9-59b6df6db501,Furniture,,,500.0,,1,9,Low
d0567dac-8c86-d7cb-d1ea-30f478982a88,ac5ee6bc-de6f-6f5a-a196-731bff043dc7,d938459f-29e8-72b7-85d9-59b6df6db501,AC Issues,,,650.0,,0,9,High
fc7c612f-84e9-ac8a-17de-f68fb024d3d9,ac5ee6bc-de6f-6f5a-a196-731bff043dc7,d938459f-29e8-72b7-85d9-59b6df6db501,Internet Issues,,,,,1,9,Low
6461b6d0-fd1c-df62-937d-770556f3ca78,ac5ee6bc-de6f-6f5a-a196-731bff043dc7,d938459f-29e8-72b7-85d9-59b6df6db501,Internet Issues,,,,,1,9,Low
5df1f489-5450-e236-8313-402f7e12d88a,ac5ee6bc-de6f-6f5a-a196-731bff043dc7,d938459f-29e8-72b7-85d9-59b6df6db501,Internet Issues,,,,,1,9,Low
3f4db417-d4d8-acce-3be1-0c7922e53e2e,ac5ee6bc-de6f-6f5a-a196-731bff043dc7,d938459f-29e8-72b7-85d9-59b6df6db501,Internet Issues,,,,,1,9,Low
70ae761f-808e-7c4b-f576-6287eb0ce294,ac5ee6bc-de6f-6f5a-a196-731bff043dc7,d938459f-29e8-72b7-85d9-59b6df6db501,Other,,,,,0,9,Low
b6178ef3-4c72-e931-f379-1822fc371017,e6dde6a9-4da9-d1a2-802a-faf5db207e8e,07cdb453-b699-f209-d609-434a47fca737,Other,,,,,1,3,Low
5c308b09-2750-c596-2408-e88621129da4,e6dde6a9-4da9-d1a2-802a-faf5db207e8e,07cdb453-b699-f209-d609-434a47fca737,Other,,,,,1,3,Low
4df5928b-5c95-6cd9-d960-33626578ae6c,e6dde6a9-4da9-d1a2-802a-faf5db207e8e,f8438f04-74bb-497b-3e33-ff6f52b77043,Electrical Issues,,,300.0,,0,3,High
a5ec4e65-3b89-709f-a548-7a4e84fdae41,52bfd1fd-5813-000e-3603-19146a2ecd4e,0153ccf1-dd56-71dd-4156-d4c3c648531b,Furniture,,,500.0,,0,3,Low
77ba3295-631e-26cd-3785-48da40448148,52bfd1fd-5813-000e-3603-19146a2ecd4e,0153ccf1-dd56-71dd-4156-d4c3c648531b,Washing machine Issue,,,700.0,,1,3,Low
4133b508-ad94-d651-c631-effeae31b33d,52bfd1fd-5813-000e-3603-19146a2ecd4e,0153ccf1-dd56-71dd-4156-d4c3c648531b,Washing machine Issue,,,700.0,,1,3,Low
d7e7be03-0135-651d-000d-837d6b3fa476,17dd0f21-a84d-a57c-7de4-9d5897c7181b,ac589718-81c1-c7cb-c032-0f81fc39d1db,Other,,,,,1,3,Low
5e0ecf89-2b66-8ad0-7146-430737109586,17dd0f21-a84d-a57c-7de4-9d5897c7181b,ac589718-81c1-c7cb-c032-0f81fc39d1db,Other,,,,,1,3,Low
e75be53b-546d-2a9e-7f23-8f298c88ad5c,17dd0f21-a84d-a57c-7de4-9d5897c7181b,50d7a816-da06-6897-ffe0-cb694a257dec,Other,,,,,1,3,Low
1c5f7abc-2c5c-2539-629e-2cd16a08ab09,fede9d18-47bd-03b2-a0a3-73ae43fbcf88,3e28154d-1bfe-92b4-2fff-f295a9f54738,Internet Issues,,,,,0,5,Low
4d3d7725-09ab-e4fa-d5ae-3ec2f9008155,fede9d18-47bd-03b2-a0a3-73ae43fbcf88,3e28154d-1bfe-92b4-2fff-f295a9f54738,Cleaning Issues,,,,,1,5,Low
3ed32b48-c463-50fb-814c-3de0afc29a2e,fede9d18-47bd-03b2-a0a3-73ae43fbcf88,3e28154d-1bfe-92b4-2fff-f295a9f54738,Cleaning Issues,,,,,1,5,Low
0df78abe-895d-6b2d-2c0e-d08c2cc09528,fede9d18-47bd-03b2-a0a3-73ae43fbcf88,3e28154d-1bfe-92b4-2fff-f295a9f54738,Plumbing,,,,,1,5,Low
2afbc190-ef89-547a-a712-5a1baf55e2c0,fede9d18-47bd-03b2-a0a3-73ae43fbcf88,3e28154d-1bfe-92b4-2fff-f295a9f54738,Washing machine Issue,,,700.0,,0,5,Low
cb88e974-53e8-cb0b-72fb-1e8409b7b2fd,6ce85c3e-5f40-4297-8c38-22ac7432420e,a53594cb-07e9-75eb-d239-771b29f1bdab,Plumbing,,,,,0,5,Low
7fd5bc9b-4cb3-8e7b-e296-aacc70fe390e,6ce85c3e-5f40-4297-8c38-22ac7432420e,a53594cb-07e9-75eb-d239-771b29f1bdab,AC Issues,,,650.0,,0,5,Low
79e5bb21-22c6-8b79-43b3-505f455eb348,6ce85c3e-5f40-4297-8c38-22ac7432420e,a53594cb-07e9-75eb-d239-771b29f1bdab,Electrical Issues,,,300.0,,0,5,Low
24e69fce-725c-f859-23d2-09810c7e72d4,6ce85c3e-5f40-4297-8c38-22ac7432420e,a53594cb-07e9-75eb-d239-771b29f1bdab,Other,,,,,0,5,Low
09963920-afc7-8fcd-7829-b30987557b55,6ce85c3e-5f40-4297-8c38-22ac7432420e,a53594cb-07e9-75eb-d239-771b29f1bdab,Billing Issues,,,,,0,5,Low
c571eabe-749c-29ef-9207-0956a6800bb5,25b63db3-6d1d-cb00-d25c-dfd8b4b17909,54634a96-25c7-022f-0239-fef1800aebd4,Electrical Issues,,,300.0,,0,1,High
ddf94358-0ea9-0871-0ed0-f48cc421d721,cda37b51-1bbc-af0d-a560-49af88fdc751,f108b08d-b6c6-e6fe-5782-ba89ca9c16ad,RO Water Issues,,,300.0,,1,32,Low
ce6db03e-7f9f-4564-73e7-e9d29ff78ab4,cda37b51-1bbc-af0d-a560-49af88fdc751,f108b08d-b6c6-e6fe-5782-ba89ca9c16ad,Electrical Issues,,,300.0,,1,32,High
aea3d88b-c517-2783-3d05-48f0546c4c57,cda37b51-1bbc-af0d-a560-49af88fdc751,f108b08d-b6c6-e6fe-5782-ba89ca9c16ad,Electrical Issues,,,300.0,,1,32,High
1142fbaa-dcc7-de1b-7bd8-be142ffa15cc,cda37b51-1bbc-af0d-a560-49af88fdc751,f108b08d-b6c6-e6fe-5782-ba89ca9c16ad,Internet Issues,,,,,1,32,Low
09f81b2c-72e7-709d-5ba1-360f8646c884,cda37b51-1bbc-af0d-a560-49af88fdc751,f108b08d-b6c6-e6fe-5782-ba89ca9c16ad,Fridge Issues,,,550.0,,1,32,Low
1656ff84-c36f-d856-7314-b0a25a415913,cda37b51-1bbc-af0d-a560-49af88fdc751,f108b08d-b6c6-e6fe-5782-ba89ca9c16ad,Plumbing,,,,,1,32,Low
0c08f06f-7a08-3220-ee9c-6522b0b93825,cda37b51-1bbc-af0d-a560-49af88fdc751,f108b08d-b6c6-e6fe-5782-ba89ca9c16ad,Electrical Issues,,,300.0,,1,32,High
e81d0e92-c8ae-73c9-50de-586fcc1cbdf3,cda37b51-1bbc-af0d-a560-49af88fdc751,f108b08d-b6c6-e6fe-5782-ba89ca9c16ad,Electrical Issues,,,300.0,,1,32,High
2a3327d0-872c-007c-4a67-2a0a9b03c93b,cda37b51-1bbc-af0d-a560-49af88fdc751,f108b08d-b6c6-e6fe-5782-ba89ca9c16ad,Electrical Issues,,,300.0,,1,32,High
e61cc2bb-931d-59e6-1e2e-316293ff05e4,cda37b51-1bbc-af0d-a560-49af88fdc751,f108b08d-b6c6-e6fe-5782-ba89ca9c16ad,Electrical Issues,,,300.0,,1,32,High
10811cf6-6fa4-5c54-010e-863a8da4067e,cda37b51-1bbc-af0d-a560-49af88fdc751,f108b08d-b6c6-e6fe-5782-ba89ca9c16ad,Plumbing,,,,,1,32,Low
85bd1fef-51ab-3b14-6151-74d7fb0d6b7c,cda37b51-1bbc-af0d-a560-49af88fdc751,f108b08d-b6c6-e6fe-5782-ba89ca9c16ad,AC Issues,,,650.0,,1,32,High
abf38d2d-6fbf-d102-0915-ad1fa7488dca,cda37b51-1bbc-af0d-a560-49af88fdc751,f108b08d-b6c6-e6fe-5782-ba89ca9c16ad,Washing machine Issue,,,700.0,,1,32,Low
e61d9b86-53e5-4ae3-755d-e8cb399dac7d,cda37b51-1bbc-af0d-a560-49af88fdc751,f108b08d-b6c6-e6fe-5782-ba89ca9c16ad,RO Water Issues,,,300.0,,1,32,Low
bfe6d0a1-db47-03ef-da0c-0b770d03b44b,cda37b51-1bbc-af0d-a560-49af88fdc751,f108b08d-b6c6-e6fe-5782-ba89ca9c16ad,RO Water Issues,,,300.0,,1,32,Low
8507f042-7a29-c3b6-3408-e31b541a76c2,cda37b51-1bbc-af0d-a560-49af88fdc751,f108b08d-b6c6-e6fe-5782-ba89ca9c16ad,Plumbing,,,,,1,32,Low
68f2b79b-99a7-fd31-c664-933f4296a50d,cda37b51-1bbc-af0d-a560-49af88fdc751,f108b08d-b6c6-e6fe-5782-ba89ca9c16ad,Electrical Issues,,,300.0,,1,32,High
fd95aa3b-dc52-7809-ca1e-c3a77c98640a,cda37b51-1bbc-af0d-a560-49af88fdc751,f108b08d-b6c6-e6fe-5782-ba89ca9c16ad,AC Issues,,,650.0,,1,32,High
247a627c-f744-8179-498c-0e2e95528e61,cda37b51-1bbc-af0d-a560-49af88fdc751,f108b08d-b6c6-e6fe-5782-ba89ca9c16ad,Washing machine Issue,,,700.0,,1,32,Low
cc6809fa-9153-7415-8aae-5e6e06e85431,cda37b51-1bbc-af0d-a560-49af88fdc751,f108b08d-b6c6-e6fe-5782-ba89ca9c16ad,AC Issues,,,650.0,,1,32,High
d452baaa-641a-24de-db04-0e27f16ba62c,cda37b51-1bbc-af0d-a560-49af88fdc751,f108b08d-b6c6-e6fe-5782-ba89ca9c16ad,RO Water Issues,,,300.0,,1,32,Low
85ca321f-ffd0-7ab3-e1f7-8924bcc14eef,cda37b51-1bbc-af0d-a560-49af88fdc751,f108b08d-b6c6-e6fe-5782-ba89ca9c16ad,Fridge Issues,,,550.0,,1,32,Low
28ec0694-a088-19c4-4323-cd4553956079,cda37b51-1bbc-af0d-a560-49af88fdc751,f108b08d-b6c6-e6fe-5782-ba89ca9c16ad,AC Issues,,,650.0,,1,32,High
1e57c28b-1320-4b79-cf80-804c62ce33b0,cda37b51-1bbc-af0d-a560-49af88fdc751,f108b08d-b6c6-e6fe-5782-ba89ca9c16ad,Plumbing,,,,,1,32,Low
03531a0e-3965-ab08-3d56-2dd34942f46c,cda37b51-1bbc-af0d-a560-49af88fdc751,f108b08d-b6c6-e6fe-5782-ba89ca9c16ad,Plumbing,,,,,1,32,Low
9f53b279-80bb-d6c2-ac64-4a431b95bc5b,cda37b51-1bbc-af0d-a560-49af88fdc751,f108b08d-b6c6-e6fe-5782-ba89ca9c16ad,AC Issues,,,650.0,,1,32,High
df177e35-34fa-282b-99e3-d357ab89c159,38069f8b-d44e-0b86-a0d1-dafac5ae1232,c46d93e3-a810-2d16-e3f0-d30f9a288817,Other,,,,,1,4,Low
62d4d454-72a1-4a9c-bf74-5e76d38d73a1,38069f8b-d44e-0b86-a0d1-dafac5ae1232,c46d93e3-a810-2d16-e3f0-d30f9a288817,Other,,,,,1,4,Low
1dbdc9f9-607f-b4cc-0686-3b37b5ff8e2f,38069f8b-d44e-0b86-a0d1-dafac5ae1232,c46d93e3-a810-2d16-e3f0-d30f9a288817,RO Water Issues,,,300.0,,0,4,Low
2e931b7a-d306-ca07-b025-a6de8424a0ef,38069f8b-d44e-0b86-a0d1-dafac5ae1232,c46d93e3-a810-2d16-e3f0-d30f9a288817,Other,,,,,1,4,Low
4847fed3-1b82-6638-f5a1-7a9693648c96,6ce637bf-a5e4-da07-b2a7-e56253fe17bd,19becc73-ba94-4a59-e2ef-19d1d342aee3,Plumbing,,,,,0,4,Low
5a925b9c-d1f8-0566-47d4-8ed4dd46dbb8,6ce637bf-a5e4-da07-b2a7-e56253fe17bd,19becc73-ba94-4a59-e2ef-19d1d342aee3,Other,,,,,1,4,Low
24b7914b-5e48-2a00-b1ea-b8902ec62020,6ce637bf-a5e4-da07-b2a7-e56253fe17bd,19becc73-ba94-4a59-e2ef-19d1d342aee3,Electrical Issues,,,300.0,,1,4,High
0a4cd8f2-2db8-9935-1b30-54c32fcbc537,c0791d4c-9325-bf1b-30af-7af648c26338,ee1fb02c-fb9a-533e-3afc-8a9125d2a24c,AC Issues,,,650.0,,1,8,Low
203ce1fb-f4ef-1b37-08de-ac71a6646312,c0791d4c-9325-bf1b-30af-7af648c26338,ee1fb02c-fb9a-533e-3afc-8a9125d2a24c,Electrical Issues,,,300.0,,0,8,Low
0e58e701-d08d-a59c-2ad8-3f1a8c69219c,c0791d4c-9325-bf1b-30af-7af648c26338,ee1fb02c-fb9a-533e-3afc-8a9125d2a24c,Plumbing,,,,,0,8,Low
23404ee7-bf50-01a4-3fac-ca1189241380,c0791d4c-9325-bf1b-30af-7af648c26338,ee1fb02c-fb9a-533e-3afc-8a9125d2a24c,AC Issues,,,650.0,,1,8,Low
e3104f55-5184-c89b-8fdd-b79b306522b5,c0791d4c-9325-bf1b-30af-7af648c26338,ee1fb02c-fb9a-533e-3afc-8a9125d2a24c,AC Issues,,,650.0,,1,8,Low
447d278c-ec24-ea0d-d97e-612c035047aa,c0791d4c-9325-bf1b-30af-7af648c26338,ee1fb02c-fb9a-533e-3afc-8a9125d2a24c,AC Issues,,,650.0,,1,8,Low
a6ec186d-73a9-1f62-04cf-cc99bb49e59b,c0791d4c-9325-bf1b-30af-7af648c26338,1de2d676-6b57-57c9-570d-27116c18b3cc,Electrical Issues,,,300.0,,0,8,Low
a0b9da19-2d75-f36c-381c-cc12226c6796,c0791d4c-9325-bf1b-30af-7af648c26338,e0a547db-d8f2-1e21-a742-6f7c135bd802,RO Water Issues,,,300.0,,1,8,Medium
8a8311f9-e077-c1eb-9d82-bf29c1cb8760,74c6b975-b0ab-c8b3-8acd-2cf53597a72b,4afa5689-5806-e349-ab1d-a4358f44e1d6,RO Water Issues,,,300.0,,1,8,Low
dad411af-d52f-f78c-9f02-9e68d034ff23,74c6b975-b0ab-c8b3-8acd-2cf53597a72b,4afa5689-5806-e349-ab1d-a4358f44e1d6,RO Water Issues,,,300.0,,1,8,Low
ac3b2089-fd17-8405-c0da-36694478e99a,74c6b975-b0ab-c8b3-8acd-2cf53597a72b,4afa5689-5806-e349-ab1d-a4358f44e1d6,Plumbing,,,,,0,8,Low
e3380041-43a8-3990-0d7e-afbde37b3059,74c6b975-b0ab-c8b3-8acd-2cf53597a72b,4afa5689-5806-e349-ab1d-a4358f44e1d6,Internet Issues,,,,,1,8,Low
4127a382-8952-99ca-1643-4cdf2ad23be1,74c6b975-b0ab-c8b3-8acd-2cf53597a72b,4afa5689-5806-e349-ab1d-a4358f44e1d6,Furniture,,,500.0,,1,8,Medium
c0b69336-c6f6-d65a-f712-53e612261f9e,74c6b975-b0ab-c8b3-8acd-2cf53597a72b,4afa5689-5806-e349-ab1d-a4358f44e1d6,Furniture,,,500.0,,1,8,Medium
5eca8d51-c2b6-ec11-b6e6-89dd2897b075,74c6b975-b0ab-c8b3-8acd-2cf53597a72b,4afa5689-5806-e349-ab1d-a4358f44e1d6,Washing machine Issue,,,700.0,,0,8,Low
bc76ebbc-cb82-bdd7-d9c6-de4748cd0326,74c6b975-b0ab-c8b3-8acd-2cf53597a72b,4afa5689-5806-e349-ab1d-a4358f44e1d6,Furniture,,,500.0,,1,8,Medium
981261d4-3c5b-8adc-db69-ae84bcc1dba3,49355947-7605-ec5f-7d81-a6597f38d76b,85eff0e3-3d5f-9fe4-005e-7501036edcbb,AC Issues,,,650.0,,1,10,High
1a1395c3-f76b-19bf-1d27-c52cc4711aa6,49355947-7605-ec5f-7d81-a6597f38d76b,85eff0e3-3d5f-9fe4-005e-7501036edcbb,AC Issues,,,650.0,,1,10,High
05d64e3b-69dd-31cc-8145-43d4e66a50f4,49355947-7605-ec5f-7d81-a6597f38d76b,85eff0e3-3d5f-9fe4-005e-7501036edcbb,Internet Issues,,,,,0,10,Low
d9460800-359b-4052-f607-37cbccea4f3e,49355947-7605-ec5f-7d81-a6597f38d76b,85eff0e3-3d5f-9fe4-005e-7501036edcbb,Furniture,,,500.0,,1,10,Medium
f9dad515-1c6b-4b4f-4de5-8520cd2993b5,49355947-7605-ec5f-7d81-a6597f38d76b,85eff0e3-3d5f-9fe4-005e-7501036edcbb,Plumbing,,,,,0,10,Low
fb51ea4d-9db5-2145-4d51-c0cc488c77cc,49355947-7605-ec5f-7d81-a6597f38d76b,85eff0e3-3d5f-9fe4-005e-7501036edcbb,AC Issues,,,650.0,,1,10,High
51eaca41-c28a-29b0-99c6-ab86a1ece54b,49355947-7605-ec5f-7d81-a6597f38d76b,85eff0e3-3d5f-9fe4-005e-7501036edcbb,Furniture,,,500.0,,1,10,Medium
39be7a6d-dc55-7d43-7ebc-b1224b409f99,49355947-7605-ec5f-7d81-a6597f38d76b,85eff0e3-3d5f-9fe4-005e-7501036edcbb,Washing machine Issue,,,700.0,,0,10,Low
426a131a-c589-9ad6-e71c-7850a464b002,49355947-7605-ec5f-7d81-a6597f38d76b,85eff0e3-3d5f-9fe4-005e-7501036edcbb,Other,,,,,1,10,Low
2f805829-2fb8-7a88-3d1c-2e6f3078d664,49355947-7605-ec5f-7d81-a6597f38d76b,85eff0e3-3d5f-9fe4-005e-7501036edcbb,Other,,,,,1,10,Low
426fd85d-0eae-4e36-2d0a-74ee0148d9b4,77dd12b8-a20b-05c8-2372-79ba1b1624a9,382e6330-c64e-2a4c-b734-e519ba94dc2c,Other,,,,,1,8,Low
912e14a6-6b54-baf4-5eaf-c485f59e5529,77dd12b8-a20b-05c8-2372-79ba1b1624a9,382e6330-c64e-2a4c-b734-e519ba94dc2c,Other,,,,,1,8,Low
1dc17326-126e-c888-59c5-f65ba7f151b3,77dd12b8-a20b-05c8-2372-79ba1b1624a9,382e6330-c64e-2a4c-b734-e519ba94dc2c,Other,,,,,1,8,Low
f3acbb18-9cf1-6150-3522-83ecf16cc409,950dd22f-78fa-d205-48b3-fe5a5cc7438e,5c31f9fd-7275-3511-295a-a2740dc3ff01,Furniture,,,500.0,,0,6,Medium
ea46b250-7c89-56bc-6da1-73cddb149d51,b111e4dd-be1d-2c79-3945-480547761b5f,41f5e6bc-d64a-b8a7-f9d4-2826bba3d899,AC Issues,,,650.0,,1,16,Low
16824e25-1f75-89a0-9bc8-1d0749eccfa8,b111e4dd-be1d-2c79-3945-480547761b5f,41f5e6bc-d64a-b8a7-f9d4-2826bba3d899,AC Issues,,,650.0,,1,16,Low
3bc479ca-6d81-09b6-6ecb-30ec2cf68781,b111e4dd-be1d-2c79-3945-480547761b5f,41f5e6bc-d64a-b8a7-f9d4-2826bba3d899,Electrical Issues,,,300.0,,1,16,Low
0ccf2132-aaa6-a3d2-640d-87700fd8d69c,b111e4dd-be1d-2c79-3945-480547761b5f,41f5e6bc-d64a-b8a7-f9d4-2826bba3d899,Plumbing,,,,,1,16,Low
61d44faa-d7f1-67a8-b8fe-8dda77dcc66c,b111e4dd-be1d-2c79-3945-480547761b5f,41f5e6bc-d64a-b8a7-f9d4-2826bba3d899,Washing machine Issue,,,700.0,,1,16,Low
fb2a8321-828e-f0b6-2f8e-4edc9a9f8bc0,b111e4dd-be1d-2c79-3945-480547761b5f,41f5e6bc-d64a-b8a7-f9d4-2826bba3d899,Washing machine Issue,,,700.0,,1,16,Low
41b155ae-0f70-9866-7ebd-1596f05e95c4,b111e4dd-be1d-2c79-3945-480547761b5f,41f5e6bc-d64a-b8a7-f9d4-2826bba3d899,AC Issues,,,650.0,,1,16,Low
645aeafa-c16f-4cfc-0e99-6cf755a10311,b111e4dd-be1d-2c79-3945-480547761b5f,41f5e6bc-d64a-b8a7-f9d4-2826bba3d899,AC Issues,,,650.0,,1,16,Low
8e402122-6b6b-6fc7-cace-ed00f0853c59,b111e4dd-be1d-2c79-3945-480547761b5f,41f5e6bc-d64a-b8a7-f9d4-2826bba3d899,AC Issues,,,650.0,,1,16,Low
41d3cf70-f318-b786-4010-902e3fd05280,b111e4dd-be1d-2c79-3945-480547761b5f,41f5e6bc-d64a-b8a7-f9d4-2826bba3d899,AC Issues,,,650.0,,1,16,Low
46bb75e7-11af-198c-0abf-9e1bffda7010,b111e4dd-be1d-2c79-3945-480547761b5f,41f5e6bc-d64a-b8a7-f9d4-2826bba3d899,Furniture,,,500.0,,0,16,Medium
f88b2c3f-8ae0-b291-402a-962c760dfe06,b111e4dd-be1d-2c79-3945-480547761b5f,41f5e6bc-d64a-b8a7-f9d4-2826bba3d899,Cleaning Issues,,,,,0,16,Low
09c5b0a5-24b7-28fb-288c-8469809c38fe,b111e4dd-be1d-2c79-3945-480547761b5f,41f5e6bc-d64a-b8a7-f9d4-2826bba3d899,Plumbing,,,,,1,16,Low
54541597-831f-7957-88dd-62cedd74b747,b111e4dd-be1d-2c79-3945-480547761b5f,41f5e6bc-d64a-b8a7-f9d4-2826bba3d899,Electrical Issues,,,300.0,,1,16,Low
117f9f22-b73f-e9dd-8f22-c26ca7f4570d,b111e4dd-be1d-2c79-3945-480547761b5f,41f5e6bc-d64a-b8a7-f9d4-2826bba3d899,Washing machine Issue,,,700.0,,1,16,Low
b6d17344-d2da-e8d7-812e-f76c7a390e58,b111e4dd-be1d-2c79-3945-480547761b5f,41f5e6bc-d64a-b8a7-f9d4-2826bba3d899,Electrical Issues,,,300.0,,1,16,Low
3ab4faa5-abf5-31b8-fdbf-8ffb543cdbb0,10f3edc6-4b03-b82d-8df1-09ddaf031c0c,f75d07e9-5c50-45b0-86bc-61a93dbb4d17,AC Issues,,,650.0,,1,15,Medium
74049431-1314-fb4a-0d41-7894a6035d00,10f3edc6-4b03-b82d-8df1-09ddaf031c0c,f75d07e9-5c50-45b0-86bc-61a93dbb4d17,Plumbing,,,,,0,15,Low
2cb9a7fb-76a2-068b-b739-041830b3edd7,10f3edc6-4b03-b82d-8df1-09ddaf031c0c,f75d07e9-5c50-45b0-86bc-61a93dbb4d17,RO Water Issues,,,300.0,,0,15,Medium
cc629fcc-fb15-5872-b444-904e2646d3f3,10f3edc6-4b03-b82d-8df1-09ddaf031c0c,f75d07e9-5c50-45b0-86bc-61a93dbb4d17,Internet Issues,,,,,1,15,Low
6071c6e8-f56c-00d1-94a1-f3a3de65dce0,10f3edc6-4b03-b82d-8df1-09ddaf031c0c,f75d07e9-5c50-45b0-86bc-61a93dbb4d17,Other,,,,,1,15,Low
760c7838-d6cc-4adc-250b-62e58c4d778b,10f3edc6-4b03-b82d-8df1-09ddaf031c0c,f75d07e9-5c50-45b0-86bc-61a93dbb4d17,Furniture,,,500.0,,1,15,Low
3e853e5e-a856-aa19-34e3-dcb41b13f242,10f3edc6-4b03-b82d-8df1-09ddaf031c0c,f75d07e9-5c50-45b0-86bc-61a93dbb4d17,Other,,,,,1,15,Low
4536fcf1-5efd-28ec-bb95-8f03c474f0e8,10f3edc6-4b03-b82d-8df1-09ddaf031c0c,f75d07e9-5c50-45b0-86bc-61a93dbb4d17,AC Issues,,,650.0,,1,15,Medium
8a25d154-e210-da76-4518-9865e5e371aa,10f3edc6-4b03-b82d-8df1-09ddaf031c0c,f75d07e9-5c50-45b0-86bc-61a93dbb4d17,Furniture,,,500.0,,1,15,Low
b4b7dc1d-1b9a-63b3-30cb-7aa3d300777f,10f3edc6-4b03-b82d-8df1-09ddaf031c0c,f75d07e9-5c50-45b0-86bc-61a93dbb4d17,Other,,,,,1,15,Low
fb578592-2baf-dd51-b8b9-02d1693c76bf,10f3edc6-4b03-b82d-8df1-09ddaf031c0c,f75d07e9-5c50-45b0-86bc-61a93dbb4d17,AC Issues,,,650.0,,1,15,Medium
6f80f35f-b19a-21b3-8506-ce7c8bc05b65,10f3edc6-4b03-b82d-8df1-09ddaf031c0c,f75d07e9-5c50-45b0-86bc-61a93dbb4d17,Other,,,,,1,15,Low
97309cb0-0ca8-b857-156e-e16a7dc4efd2,5a4bd906-07d0-3c04-680d-6ee01f174660,f64ad55d-d5e9-6b9e-9676-efeb66d20201,Plumbing,,,,,1,4,Low
070592e9-2623-5baa-060d-4ec50c858f8a,5a4bd906-07d0-3c04-680d-6ee01f174660,f64ad55d-d5e9-6b9e-9676-efeb66d20201,AC Issues,,,650.0,,1,4,Low
ad41337b-a0e9-0cf0-1699-b242bd846869,5a4bd906-07d0-3c04-680d-6ee01f174660,f64ad55d-d5e9-6b9e-9676-efeb66d20201,Plumbing,,,,,1,4,Low
f5439bfe-94e3-9824-71c6-0421874bdb74,5a4bd906-07d0-3c04-680d-6ee01f174660,f64ad55d-d5e9-6b9e-9676-efeb66d20201,Electrical Issues,,,300.0,,1,4,High
e8b6876e-8665-cbc6-95b3-2037ef921736,1fc0c3bb-f35c-8d5d-a4fa-a9c1723cd8ab,1171b668-e4d4-65e2-411e-0989dc9a3b6f,Other,,,,,1,11,Low
c8756a49-286a-a3f4-4a90-af32c2bb21b1,1fc0c3bb-f35c-8d5d-a4fa-a9c1723cd8ab,1171b668-e4d4-65e2-411e-0989dc9a3b6f,Other,,,,,1,11,Low
a23925d3-7c20-2966-b16a-0a16d0d973bf,1fc0c3bb-f35c-8d5d-a4fa-a9c1723cd8ab,1171b668-e4d4-65e2-411e-0989dc9a3b6f,Furniture,,,500.0,,0,11,Low
332a0b92-f032-da4b-e51c-31a35375db98,1fc0c3bb-f35c-8d5d-a4fa-a9c1723cd8ab,1171b668-e4d4-65e2-411e-0989dc9a3b6f,Plumbing,,,,,0,11,Low
aadff554-5571-6661-3741-dc22842e3252,1fc0c3bb-f35c-8d5d-a4fa-a9c1723cd8ab,b9880845-d37b-c083-ffd7-adcaa279cb30,Electrical Issues,,,300.0,,1,11,Low
326e574d-22b2-1849-ac5c-b2677b7cf820,8aacbc78-5e56-b3c0-f8bc-fcb5490b94f3,64cc49bd-a361-2d41-45ab-ba260eff90bc,AC Issues,,,650.0,,1,9,High
79a4fa68-ffe9-5fc6-32cf-fcbc279047db,8aacbc78-5e56-b3c0-f8bc-fcb5490b94f3,64cc49bd-a361-2d41-45ab-ba260eff90bc,Cleaning Issues,,,,,1,9,Low
7239c720-1796-50ef-ae84-dfd071ee0282,8aacbc78-5e56-b3c0-f8bc-fcb5490b94f3,64cc49bd-a361-2d41-45ab-ba260eff90bc,Furniture,,,500.0,,1,9,Low
1dd2c106-4258-400a-1a32-7d97685a4147,8aacbc78-5e56-b3c0-f8bc-fcb5490b94f3,64cc49bd-a361-2d41-45ab-ba260eff90bc,AC Issues,,,650.0,,1,9,High
eb28aba7-2121-5158-67cd-31bd0f594c53,8aacbc78-5e56-b3c0-f8bc-fcb5490b94f3,64cc49bd-a361-2d41-45ab-ba260eff90bc,Cleaning Issues,,,,,1,9,Low
56bf799d-78dc-cf98-7c9c-ae28fd077b67,8aacbc78-5e56-b3c0-f8bc-fcb5490b94f3,64cc49bd-a361-2d41-45ab-ba260eff90bc,Furniture,,,500.0,,1,9,Low
23a9dd24-c837-a686-d288-270f0c83192f,8aacbc78-5e56-b3c0-f8bc-fcb5490b94f3,64cc49bd-a361-2d41-45ab-ba260eff90bc,Cleaning Issues,,,,,1,9,Low
62a23cb9-2c0d-f789-7ca4-2116d1668f48,8aacbc78-5e56-b3c0-f8bc-fcb5490b94f3,64cc49bd-a361-2d41-45ab-ba260eff90bc,Cleaning Issues,,,,,1,9,Low
a845ff25-034e-46d8-1eb7-bb5369cb3262,8aacbc78-5e56-b3c0-f8bc-fcb5490b94f3,64cc49bd-a361-2d41-45ab-ba260eff90bc,Electrical Issues,,,300.0,,0,9,High
66204206-a7b6-515d-6da6-70b6ff4e2312,bf46b9e6-83d0-c4a0-a0af-0a7effeaee30,50d7a816-da06-6897-ffe0-cb694a257dec,Other,,,,,1,4,Low
252031ca-0ef5-8c6b-d2ff-1a00ca847936,bf46b9e6-83d0-c4a0-a0af-0a7effeaee30,50d7a816-da06-6897-ffe0-cb694a257dec,Other,,,,,1,4,Low
807d886e-74a3-8db1-e062-0491b7e0026f,bf46b9e6-83d0-c4a0-a0af-0a7effeaee30,50d7a816-da06-6897-ffe0-cb694a257dec,Other,,,,,1,4,Low
29997340-f115-502b-0d6c-7637b887e4dc,bf46b9e6-83d0-c4a0-a0af-0a7effeaee30,50d7a816-da06-6897-ffe0-cb694a257dec,Other,,,,,1,4,Low
23177e98-39bc-a0ed-8a61-e1f8d8d4f79d,18788fe2-f6a2-826e-2199-6cec118c6d00,b8451620-5c0d-e318-9cbf-5ecba152b866,Other,,,,,1,12,Low
40ee49ea-91ec-0756-6c17-e660f8b67350,18788fe2-f6a2-826e-2199-6cec118c6d00,b8451620-5c0d-e318-9cbf-5ecba152b866,Other,,,,,1,12,Low
7e427e2e-e414-cbed-387c-0e94af7907ab,18788fe2-f6a2-826e-2199-6cec118c6d00,b8451620-5c0d-e318-9cbf-5ecba152b866,Other,,,,,1,12,Low
05e3d7c7-fc5a-f79b-ef5d-864e7e757deb,18788fe2-f6a2-826e-2199-6cec118c6d00,b8451620-5c0d-e318-9cbf-5ecba152b866,Other,,,,,1,12,Low
dc6209b1-1df4-0207-754d-0d66d1a873d7,18788fe2-f6a2-826e-2199-6cec118c6d00,b8451620-5c0d-e318-9cbf-5ecba152b866,Electrical Issues,,,300.0,,0,12,High
9305429f-7bd9-af86-eb51-38dd47e9db23,18788fe2-f6a2-826e-2199-6cec118c6d00,b8451620-5c0d-e318-9cbf-5ecba152b866,AC Issues,,,650.0,,1,12,Low
dc849f5b-a5bb-60fc-84b4-b2f4a25f0ea2,18788fe2-f6a2-826e-2199-6cec118c6d00,b8451620-5c0d-e318-9cbf-5ecba152b866,Internet Issues,,,,,0,12,Low
74120f49-0b22-3537-b5ec-d3c5572da009,18788fe2-f6a2-826e-2199-6cec118c6d00,b8451620-5c0d-e318-9cbf-5ecba152b866,AC Issues,,,650.0,,1,12,Low
ecdc4f67-27c8-d1ea-11dd-e41dcf5dfe6d,18788fe2-f6a2-826e-2199-6cec118c6d00,b8451620-5c0d-e318-9cbf-5ecba152b866,Other,,,,,1,12,Low
59b655fe-f97b-daf6-e89d-fdb0e1945f1d,18788fe2-f6a2-826e-2199-6cec118c6d00,b8451620-5c0d-e318-9cbf-5ecba152b866,Other,,,,,1,12,Low
e6e82b56-81dd-d808-0199-2e8da2bd3838,18788fe2-f6a2-826e-2199-6cec118c6d00,b8451620-5c0d-e318-9cbf-5ecba152b866,Other,,,,,1,12,Low
f061e3f1-87fc-7754-0f2f-84162a953251,a974c0ea-b223-c4ff-2027-207ec4a462ac,1bb2080e-607b-e17c-487b-3fc55b233158,Washing machine Issue,,,700.0,,0,2,Low
fafbbe54-c3ff-f3c5-595a-a06cdb43c848,a974c0ea-b223-c4ff-2027-207ec4a462ac,1bb2080e-607b-e17c-487b-3fc55b233158,AC Issues,,,650.0,,0,2,Low
4c3f7bae-781c-1224-0222-ad3f94ce381d,4628a4bf-d4c5-9e5d-471c-271b9f3e7d03,a99a7569-c4ba-31c0-62a9-b5fdc33d6863,Washing machine Issue,,,700.0,,1,10,Low
0286eca6-c356-4481-081f-29a964923811,4628a4bf-d4c5-9e5d-471c-271b9f3e7d03,a99a7569-c4ba-31c0-62a9-b5fdc33d6863,Washing machine Issue,,,700.0,,1,10,Low
f40e33ee-142d-488a-db13-058960c1e4af,4628a4bf-d4c5-9e5d-471c-271b9f3e7d03,a99a7569-c4ba-31c0-62a9-b5fdc33d6863,Furniture,,,500.0,,0,10,Medium
a2c8ff46-ac0a-424a-bcae-582dfd6db28e,3b02f95a-b47e-1037-4f8a-f2f31e35c98e,96bb1fe8-5e0d-fdd2-0b6f-94aa78cf0ba2,Furniture,341.86,,500.0,,1,20,Verified
c21ada41-f39e-4dc2-a692-e977fc9d3772,9541a16d-d020-eb78-80f1-a4a2d4b7775f,2ac95711-7b8e-8315-eae3-c0ad2ace7ade,Toilet Issues,,,400.0,,0,5,Verified
8acb89e3-ea87-4013-8fdf-7f56b6d7f6b2,6dd50e39-9843-4442-cc09-3b49fbe97fb9,b8e2da25-71c4-1b06-f7dd-e06f7f8f7741,AC Issues,19.78,,650.0,,1,17,Verified
6a9b6d23-6feb-e775-0c8e-83fe76169010,4628a4bf-d4c5-9e5d-471c-271b9f3e7d03,a99a7569-c4ba-31c0-62a9-b5fdc33d6863,Fridge Issues,,,550.0,,0,10,Low
fa14fd02-b868-e37a-92b7-c20d6f0a5c10,4628a4bf-d4c5-9e5d-471c-271b9f3e7d03,a99a7569-c4ba-31c0-62a9-b5fdc33d6863,Other,,,,,1,10,Low
51807d31-16f9-9a56-70b6-59405dae842e,4628a4bf-d4c5-9e5d-471c-271b9f3e7d03,a99a7569-c4ba-31c0-62a9-b5fdc33d6863,Washing machine Issue,,,700.0,,1,10,Low
8718b796-91e6-9c0c-92d2-c6d81c681770,4628a4bf-d4c5-9e5d-471c-271b9f3e7d03,a99a7569-c4ba-31c0-62a9-b5fdc33d6863,Other,,,,,1,10,Low
e8ed3a95-48e4-c823-b90e-b0e406766bf4,23f7ef5f-6b26-a104-b616-b438d7e9243c,fd583622-d483-7a0e-b288-a9d0d1e0807a,Electrical Issues,,,300.0,,1,22,Low
fa5cda43-b643-29b8-8e7b-2cdf427a67e3,23f7ef5f-6b26-a104-b616-b438d7e9243c,fd583622-d483-7a0e-b288-a9d0d1e0807a,Cleaning Issues,,,,,1,22,Low
f064a275-3ae8-940a-4616-4aa677a8a5d6,23f7ef5f-6b26-a104-b616-b438d7e9243c,fd583622-d483-7a0e-b288-a9d0d1e0807a,Plumbing,,,,,1,22,Low
aa5246b5-42ec-df14-577c-9ae981cb4ff6,23f7ef5f-6b26-a104-b616-b438d7e9243c,fd583622-d483-7a0e-b288-a9d0d1e0807a,Cleaning Issues,,,,,1,22,Low
f4273f95-362a-d869-093c-d42cd4d9de4f,23f7ef5f-6b26-a104-b616-b438d7e9243c,fd583622-d483-7a0e-b288-a9d0d1e0807a,Plumbing,,,,,1,22,Low
fa7d7055-c9d0-ff03-059c-9735424dc6bd,23f7ef5f-6b26-a104-b616-b438d7e9243c,fd583622-d483-7a0e-b288-a9d0d1e0807a,Cleaning Issues,,,,,1,22,Low
c7648a8a-650a-798f-c536-b41de048c7dd,23f7ef5f-6b26-a104-b616-b438d7e9243c,fd583622-d483-7a0e-b288-a9d0d1e0807a,Other,,,,,1,22,Low
0403bcc2-8ef7-44ec-1da3-00dd82ed1fab,23f7ef5f-6b26-a104-b616-b438d7e9243c,fd583622-d483-7a0e-b288-a9d0d1e0807a,Plumbing,,,,,1,22,Low
651e134c-2a52-efdf-1276-13543df66fd4,23f7ef5f-6b26-a104-b616-b438d7e9243c,fd583622-d483-7a0e-b288-a9d0d1e0807a,Plumbing,,,,,1,22,Low
0724df23-fa13-e288-2a8f-17e148ea51fb,23f7ef5f-6b26-a104-b616-b438d7e9243c,fd583622-d483-7a0e-b288-a9d0d1e0807a,Other,,,,,1,22,Low
ae224d05-9645-7216-1523-43113a40dbbe,23f7ef5f-6b26-a104-b616-b438d7e9243c,fd583622-d483-7a0e-b288-a9d0d1e0807a,Electrical Issues,,,300.0,,1,22,Low
3f10393c-cd77-74ab-4261-2a3eeafd8217,23f7ef5f-6b26-a104-b616-b438d7e9243c,fd583622-d483-7a0e-b288-a9d0d1e0807a,Electrical Issues,,,300.0,,1,22,Low
902b2478-df95-2995-4a94-9c6a45f500f7,23f7ef5f-6b26-a104-b616-b438d7e9243c,fd583622-d483-7a0e-b288-a9d0d1e0807a,Plumbing,,,,,1,22,Low
066cfbbc-b43a-c487-b9ca-a3e19c3bd308,23f7ef5f-6b26-a104-b616-b438d7e9243c,fd583622-d483-7a0e-b288-a9d0d1e0807a,Cleaning Issues,,,,,1,22,Low
668fbf0a-6179-f053-0294-57280ffe5cb5,23f7ef5f-6b26-a104-b616-b438d7e9243c,fd583622-d483-7a0e-b288-a9d0d1e0807a,Cleaning Issues,,,,,1,22,Low
7ad00c6e-9014-bbe1-8b23-68a6e4b22ad7,23f7ef5f-6b26-a104-b616-b438d7e9243c,fd583622-d483-7a0e-b288-a9d0d1e0807a,Furniture,,,500.0,,0,22,Medium
9f9b8f73-6644-3bed-a6ea-6334e8b89337,23f7ef5f-6b26-a104-b616-b438d7e9243c,fd583622-d483-7a0e-b288-a9d0d1e0807a,RO Water Issues,,,300.0,,0,22,Low
8bbc5f47-0b85-27d2-d660-bb4bbeb005ec,23f7ef5f-6b26-a104-b616-b438d7e9243c,fd583622-d483-7a0e-b288-a9d0d1e0807a,Cleaning Issues,,,,,1,22,Low
e106bcdc-78ba-02cf-9589-368dc10bb2dc,a66a39a1-af53-6290-1e0b-7fc51cc20608,6e45aca0-18fa-334d-4711-4da7cc94e30f,Electrical Issues,,,300.0,,1,2,High
144a737a-98cb-64f8-3ec4-0406d92af671,a66a39a1-af53-6290-1e0b-7fc51cc20608,6e45aca0-18fa-334d-4711-4da7cc94e30f,Electrical Issues,,,300.0,,1,2,High
3c22fcd8-7379-4ce2-00f6-fd114d84f389,146a8458-f956-54ed-317f-b99f7d16fff8,dcfddc61-693e-2180-1cf6-f3e8e0dd40d8,Internet Issues,,,,,1,7,Low
4ffdcd63-b570-acda-f773-7073709ae98f,146a8458-f956-54ed-317f-b99f7d16fff8,dcfddc61-693e-2180-1cf6-f3e8e0dd40d8,Fridge Issues,,,550.0,,0,7,Low
ad3474ad-6bd6-40ba-42f7-b62a14f0cb6e,146a8458-f956-54ed-317f-b99f7d16fff8,dcfddc61-693e-2180-1cf6-f3e8e0dd40d8,Washing machine Issue,,,700.0,,0,7,Low
1eae2b63-2af5-bd4b-7f4a-57394ae9cb75,146a8458-f956-54ed-317f-b99f7d16fff8,dcfddc61-693e-2180-1cf6-f3e8e0dd40d8,Other,,,,,0,7,Low
c0a5fa74-cdcd-c23e-2d58-e3b1b502fa1b,6162731a-4a9c-e887-e586-1ea574985777,5dd54516-df42-d086-0eef-3495660d438f,AC Issues,,,650.0,,1,28,High
8c944ff6-cd23-6076-4cf5-20fdde397111,6162731a-4a9c-e887-e586-1ea574985777,5dd54516-df42-d086-0eef-3495660d438f,AC Issues,,,650.0,,1,28,High
78d47d55-37ad-f2cc-c16c-bb5f3647ccc0,6162731a-4a9c-e887-e586-1ea574985777,5dd54516-df42-d086-0eef-3495660d438f,RO Water Issues,,,300.0,,1,28,Low
0e2940ea-1484-9537-8245-126de31ead97,6162731a-4a9c-e887-e586-1ea574985777,5dd54516-df42-d086-0eef-3495660d438f,RO Water Issues,,,300.0,,1,28,Low
9d8efa81-f0ba-b4ba-ed77-a34da3d41735,6162731a-4a9c-e887-e586-1ea574985777,5dd54516-df42-d086-0eef-3495660d438f,RO Water Issues,,,300.0,,1,28,Low
201b5206-df00-626c-98ad-e448bdb1551d,6162731a-4a9c-e887-e586-1ea574985777,5dd54516-df42-d086-0eef-3495660d438f,RO Water Issues,,,300.0,,1,28,Low
386d9101-8d34-b85e-4c35-5567e05fc0e3,6162731a-4a9c-e887-e586-1ea574985777,5dd54516-df42-d086-0eef-3495660d438f,RO Water Issues,,,300.0,,1,28,Low
33c4fcea-1fab-9705-5e7a-49ead1f1a919,6162731a-4a9c-e887-e586-1ea574985777,5dd54516-df42-d086-0eef-3495660d438f,RO Water Issues,,,300.0,,1,28,Low
f880a3de-eff2-2145-29f1-5664ee9c6984,6162731a-4a9c-e887-e586-1ea574985777,5dd54516-df42-d086-0eef-3495660d438f,AC Issues,,,650.0,,1,28,High
de81cb45-76db-b939-c204-b73655735f8c,6162731a-4a9c-e887-e586-1ea574985777,5dd54516-df42-d086-0eef-3495660d438f,Electrical Issues,,,300.0,,1,28,Low
409160f3-8c48-9b1d-923f-ea28f3d96126,6162731a-4a9c-e887-e586-1ea574985777,5dd54516-df42-d086-0eef-3495660d438f,Plumbing,,,,,0,28,Low
352a7be8-13bb-a32f-579c-73f8dc725e5c,6162731a-4a9c-e887-e586-1ea574985777,5dd54516-df42-d086-0eef-3495660d438f,AC Issues,,,650.0,,1,28,High
6efda9c4-a92a-a6b4-5580-c8d804c8a8ea,6162731a-4a9c-e887-e586-1ea574985777,5dd54516-df42-d086-0eef-3495660d438f,AC Issues,,,650.0,,1,28,High
aa9b998c-8efc-80b2-88d8-761f59792a85,6162731a-4a9c-e887-e586-1ea574985777,5dd54516-df42-d086-0eef-3495660d438f,RO Water Issues,,,300.0,,1,28,Low
b20da449-07a7-3597-12d9-d3ef305fd475,6162731a-4a9c-e887-e586-1ea574985777,5dd54516-df42-d086-0eef-3495660d438f,RO Water Issues,,,300.0,,1,28,Low
6cf515d2-ca6f-3da8-6801-8d62a1fc00d9,6162731a-4a9c-e887-e586-1ea574985777,5dd54516-df42-d086-0eef-3495660d438f,AC Issues,,,650.0,,1,28,High
f4d00892-b71c-2af8-dabd-11e1be17f340,6162731a-4a9c-e887-e586-1ea574985777,5dd54516-df42-d086-0eef-3495660d438f,AC Issues,,,650.0,,1,28,High
adeaf389-d252-4d24-c3ab-0e50e8a2fbed,6162731a-4a9c-e887-e586-1ea574985777,5dd54516-df42-d086-0eef-3495660d438f,AC Issues,,,650.0,,1,28,High
ae6da258-9c81-624d-2934-34953f25defb,6162731a-4a9c-e887-e586-1ea574985777,5dd54516-df42-d086-0eef-3495660d438f,Electrical Issues,,,300.0,,1,28,Low
a6f40061-a4af-80b8-51a0-add777415e10,6162731a-4a9c-e887-e586-1ea574985777,5dd54516-df42-d086-0eef-3495660d438f,Electrical Issues,,,300.0,,1,28,Low
740813a9-6573-e8d0-b8c4-6adbbab8dd17,6162731a-4a9c-e887-e586-1ea574985777,5dd54516-df42-d086-0eef-3495660d438f,AC Issues,,,650.0,,1,28,High
a2b3733c-b903-2965-c49d-16bd14e93f9d,6162731a-4a9c-e887-e586-1ea574985777,5dd54516-df42-d086-0eef-3495660d438f,Other,,,,,1,28,Low
15cd3e09-fb20-9a8f-2e8d-f91350af41ea,6162731a-4a9c-e887-e586-1ea574985777,5dd54516-df42-d086-0eef-3495660d438f,Other,,,,,1,28,Low
6ceff8a6-da56-9ccc-ea8c-8698a0c1845c,6162731a-4a9c-e887-e586-1ea574985777,5dd54516-df42-d086-0eef-3495660d438f,Other,,,,,1,28,Low
af1012ed-deed-ab6e-1e17-a21d716ef235,6162731a-4a9c-e887-e586-1ea574985777,5dd54516-df42-d086-0eef-3495660d438f,Other,,,,,1,28,Low
78aca685-0f96-6e02-9ab4-69d619fb88ae,6162731a-4a9c-e887-e586-1ea574985777,5dd54516-df42-d086-0eef-3495660d438f,Other,,,,,1,28,Low
b529d44c-b728-aa47-0506-a4f4c85bfff1,6162731a-4a9c-e887-e586-1ea574985777,5dd54516-df42-d086-0eef-3495660d438f,Other,,,,,1,28,Low
9e288426-3f88-8f59-6175-0669bba6e4cf,6162731a-4a9c-e887-e586-1ea574985777,5dd54516-df42-d086-0eef-3495660d438f,Other,,,,,1,28,Low
e850b127-0860-cf3a-f986-b59dcb42fb37,66fbcb59-3d06-d8cc-b1d5-53f38a599207,0dd3b0c2-ddcf-ddb3-1f9f-e19c9273b218,AC Issues,,,650.0,,1,14,Low
c3dcca55-b6b6-d12c-4b0c-e07a1ccdd1ef,66fbcb59-3d06-d8cc-b1d5-53f38a599207,0dd3b0c2-ddcf-ddb3-1f9f-e19c9273b218,RO Water Issues,,,300.0,,1,14,Medium
788837e8-e58b-c0e7-3452-69b046dea975,66fbcb59-3d06-d8cc-b1d5-53f38a599207,0dd3b0c2-ddcf-ddb3-1f9f-e19c9273b218,Other,,,,,1,14,Low
92f2ed4a-b852-4e6b-4bb3-497b0a50ef0d,66fbcb59-3d06-d8cc-b1d5-53f38a599207,0dd3b0c2-ddcf-ddb3-1f9f-e19c9273b218,Electrical Issues,,,300.0,,1,14,Medium
5da92ddf-bf0f-b6b3-1723-91cc27df4de4,66fbcb59-3d06-d8cc-b1d5-53f38a599207,0dd3b0c2-ddcf-ddb3-1f9f-e19c9273b218,Electrical Issues,,,300.0,,1,14,Medium
83cb1e0e-e87b-ef82-d677-edb30f541e33,66fbcb59-3d06-d8cc-b1d5-53f38a599207,0dd3b0c2-ddcf-ddb3-1f9f-e19c9273b218,RO Water Issues,,,300.0,,1,14,Medium
75ff20a3-da1c-37f4-53e2-60d3fcaacc1a,66fbcb59-3d06-d8cc-b1d5-53f38a599207,0dd3b0c2-ddcf-ddb3-1f9f-e19c9273b218,Other,,,,,1,14,Low
cca7e70a-48a3-002d-0e3f-d90608447fd9,66fbcb59-3d06-d8cc-b1d5-53f38a599207,0dd3b0c2-ddcf-ddb3-1f9f-e19c9273b218,AC Issues,,,650.0,,1,14,Low
2cea25f0-3677-3f84-58bd-03342209e0c5,66fbcb59-3d06-d8cc-b1d5-53f38a599207,0dd3b0c2-ddcf-ddb3-1f9f-e19c9273b218,AC Issues,,,650.0,,1,14,Low
b347e660-2ad1-0ea5-d0cd-f352f7a075d2,66fbcb59-3d06-d8cc-b1d5-53f38a599207,0dd3b0c2-ddcf-ddb3-1f9f-e19c9273b218,RO Water Issues,,,300.0,,1,14,Medium
576979ef-7d9e-dc4a-e304-e55db3134e9c,66fbcb59-3d06-d8cc-b1d5-53f38a599207,0dd3b0c2-ddcf-ddb3-1f9f-e19c9273b218,Electrical Issues,,,300.0,,1,14,Medium
18132a2d-a10a-9c1c-adfe-d20dbd81998c,f15d8a38-9297-759e-500a-7a65371fd2c8,a4def813-d3a1-fa98-de2f-18ad2a9699a7,Electrical Issues,,,300.0,,1,1,High
802ef082-7491-427a-4efd-63fbdc8a985a,df5ea39c-c069-5211-271d-f0d3831adefa,3a185413-10c3-cb63-5dcd-e49b06ca0d51,AC Issues,,,650.0,,0,3,High
70315a1d-017d-534e-f9bb-ea32e750971a,df5ea39c-c069-5211-271d-f0d3831adefa,3a185413-10c3-cb63-5dcd-e49b06ca0d51,Plumbing,,,,,0,3,Low
de1d21af-d109-809c-3d33-14b4fded184e,9aab8e6f-97e4-131f-c6cd-a91d11668656,9803c12a-e08e-d213-5575-c44623241381,Washing machine Issue,,,700.0,,1,3,Low
9f1260cf-ea83-34dc-2480-97fd1c8d60d1,9aab8e6f-97e4-131f-c6cd-a91d11668656,9803c12a-e08e-d213-5575-c44623241381,AC Issues,,,650.0,,1,3,High
beb4698e-dd6c-2ed1-0fb3-6ce50bba12db,9aab8e6f-97e4-131f-c6cd-a91d11668656,9803c12a-e08e-d213-5575-c44623241381,Washing machine Issue,,,700.0,,1,3,Low
e20883ba-5965-1056-585e-bfb2d50f7cb5,2794ccf7-4966-f00d-35d6-34ac17db73ea,e5918d8e-46b0-075e-14d9-60f3b60511e3,AC Issues,,,650.0,,1,8,Low
e49ff129-587a-a108-850f-4c8afbe08afe,2794ccf7-4966-f00d-35d6-34ac17db73ea,e5918d8e-46b0-075e-14d9-60f3b60511e3,Other,,,,,1,8,Low
fbebc0bd-1769-1c5d-3878-6f2be50d1b26,2794ccf7-4966-f00d-35d6-34ac17db73ea,e5918d8e-46b0-075e-14d9-60f3b60511e3,Other,,,,,1,8,Low
a965778b-1704-86cc-cb17-5d919a86ca02,2794ccf7-4966-f00d-35d6-34ac17db73ea,e5918d8e-46b0-075e-14d9-60f3b60511e3,Other,,,,,1,8,Low
ba2f26ba-8f9a-c2e9-9611-c96add20458b,2794ccf7-4966-f00d-35d6-34ac17db73ea,e5918d8e-46b0-075e-14d9-60f3b60511e3,Electrical Issues,,,300.0,,0,8,Low
78fa54cb-492c-4f7e-a1fc-dc5973d0fab7,2794ccf7-4966-f00d-35d6-34ac17db73ea,e5918d8e-46b0-075e-14d9-60f3b60511e3,Other,,,,,1,8,Low
ecad523b-e901-dd1a-de6c-3bb757fc543d,8fd367e7-7404-4ef6-530b-a40219a48f1e,54634a96-25c7-022f-0239-fef1800aebd4,AC Issues,,,650.0,,0,7,High
0397b467-57d0-b37d-dfe3-7d8bb951857d,8fd367e7-7404-4ef6-530b-a40219a48f1e,54634a96-25c7-022f-0239-fef1800aebd4,Plumbing,,,,,1,7,Low
58218adb-02ff-5b72-2208-7f6ec4d8608f,8fd367e7-7404-4ef6-530b-a40219a48f1e,54634a96-25c7-022f-0239-fef1800aebd4,Plumbing,,,,,1,7,Low
7571d8e8-af13-bd15-9bb8-855a9e93f163,8fd367e7-7404-4ef6-530b-a40219a48f1e,54634a96-25c7-022f-0239-fef1800aebd4,RO Water Issues,,,300.0,,0,7,Low
3cb8d4ac-5716-7e0e-cb7f-6ade786edbff,8fd367e7-7404-4ef6-530b-a40219a48f1e,54634a96-25c7-022f-0239-fef1800aebd4,Furniture,,,500.0,,0,7,Low
ba238862-0dfd-1ebd-d77d-ba00518ec191,8fd367e7-7404-4ef6-530b-a40219a48f1e,54634a96-25c7-022f-0239-fef1800aebd4,Internet Issues,,,,,1,7,Low
b7b58dd6-555a-7a6e-9642-b178021124e3,8fd367e7-7404-4ef6-530b-a40219a48f1e,54634a96-25c7-022f-0239-fef1800aebd4,Internet Issues,,,,,1,7,Low
817ac95b-3731-26b7-a06a-fca260f98dbf,cdfd7474-0325-1b45-657c-35abca5b28ee,04c251ff-5d8d-dc9e-d27d-0a96efe3a6b3,AC Issues,,,650.0,,1,1,High
07fb873e-dafe-8564-9e3b-1f4d0a454b70,a7798da2-f8ee-1840-a1f3-f29a9e764b97,1d409b50-0f02-94aa-63c7-737e000c8120,Furniture,,,500.0,,1,29,Low
4b006b0d-44ab-79c3-f2b5-3dddee58d837,a7798da2-f8ee-1840-a1f3-f29a9e764b97,1d409b50-0f02-94aa-63c7-737e000c8120,Furniture,,,500.0,,1,29,Low
2070934b-bd8c-4500-1b23-affc5cf07912,a7798da2-f8ee-1840-a1f3-f29a9e764b97,1d409b50-0f02-94aa-63c7-737e000c8120,AC Issues,,,650.0,,1,29,High
fc6b7111-6e0c-71da-3de2-dc02748de68a,a7798da2-f8ee-1840-a1f3-f29a9e764b97,1d409b50-0f02-94aa-63c7-737e000c8120,Plumbing,,,,,1,29,Low
08efd0fa-d081-c5c1-1566-e7d3972f7055,a7798da2-f8ee-1840-a1f3-f29a9e764b97,1d409b50-0f02-94aa-63c7-737e000c8120,Washing machine Issue,,,700.0,,1,29,Low
ef67ad06-86bc-9e25-520a-15e911742c77,a7798da2-f8ee-1840-a1f3-f29a9e764b97,1d409b50-0f02-94aa-63c7-737e000c8120,Furniture,,,500.0,,1,29,Low
a3fbff99-ca37-6bdc-b0e8-710adfef4145,a7798da2-f8ee-1840-a1f3-f29a9e764b97,1d409b50-0f02-94aa-63c7-737e000c8120,AC Issues,,,650.0,,1,29,High
861f306f-1a6c-7c5a-06e9-08a42702b082,a7798da2-f8ee-1840-a1f3-f29a9e764b97,1d409b50-0f02-94aa-63c7-737e000c8120,Internet Issues,,,,,0,29,Low
f556a7f0-1d8b-9856-85eb-81deb402c084,a7798da2-f8ee-1840-a1f3-f29a9e764b97,1d409b50-0f02-94aa-63c7-737e000c8120,RO Water Issues,,,300.0,,1,29,Low
287b88f6-8a4d-af36-efcf-607de8d6a938,a7798da2-f8ee-1840-a1f3-f29a9e764b97,1d409b50-0f02-94aa-63c7-737e000c8120,Cleaning Issues,,,,,1,29,Low
bc3e63d8-eeb8-75a9-cd14-ac2398d366b6,a7798da2-f8ee-1840-a1f3-f29a9e764b97,1d409b50-0f02-94aa-63c7-737e000c8120,Washing machine Issue,,,700.0,,1,29,Low
3c60087f-1aa0-429f-1396-d28a4a92510b,a7798da2-f8ee-1840-a1f3-f29a9e764b97,1d409b50-0f02-94aa-63c7-737e000c8120,RO Water Issues,,,300.0,,1,29,Low
78b4112e-81f8-8ed5-b7a6-2500532aeac0,a7798da2-f8ee-1840-a1f3-f29a9e764b97,1d409b50-0f02-94aa-63c7-737e000c8120,Washing machine Issue,,,700.0,,1,29,Low
6b50bea0-a7ab-e535-3602-269f6ff51a72,a7798da2-f8ee-1840-a1f3-f29a9e764b97,1d409b50-0f02-94aa-63c7-737e000c8120,AC Issues,,,650.0,,1,29,High
36a40325-baf0-48bd-2f2f-a612a265adc3,a7798da2-f8ee-1840-a1f3-f29a9e764b97,1d409b50-0f02-94aa-63c7-737e000c8120,Electrical Issues,,,300.0,,1,29,High
4f665432-00ea-bd48-1e0d-5295a8d5143c,a7798da2-f8ee-1840-a1f3-f29a9e764b97,1d409b50-0f02-94aa-63c7-737e000c8120,Cleaning Issues,,,,,1,29,Low
7611c5ad-a10a-6498-8240-5dd57102a83a,a7798da2-f8ee-1840-a1f3-f29a9e764b97,1d409b50-0f02-94aa-63c7-737e000c8120,RO Water Issues,,,300.0,,1,29,Low
238c890d-5faa-10e2-b209-0bc3e6b4e85c,a7798da2-f8ee-1840-a1f3-f29a9e764b97,1d409b50-0f02-94aa-63c7-737e000c8120,Washing machine Issue,,,700.0,,1,29,Low
65a008e5-41ea-54a8-5942-f4ddae4ca21a,a7798da2-f8ee-1840-a1f3-f29a9e764b97,1d409b50-0f02-94aa-63c7-737e000c8120,Furniture,,,500.0,,1,29,Low
207d4f79-ca3b-81d7-a278-ccadd9a91e9e,a7798da2-f8ee-1840-a1f3-f29a9e764b97,1d409b50-0f02-94aa-63c7-737e000c8120,Washing machine Issue,,,700.0,,1,29,Low
582213a7-6b49-1557-034d-3a32966dd4cb,a7798da2-f8ee-1840-a1f3-f29a9e764b97,1d409b50-0f02-94aa-63c7-737e000c8120,RO Water Issues,,,300.0,,1,29,Low
47d3316d-9540-1d59-ba29-32ee477f1e8a,a7798da2-f8ee-1840-a1f3-f29a9e764b97,1d409b50-0f02-94aa-63c7-737e000c8120,Cleaning Issues,,,,,1,29,Low
ffc10678-e45d-21f8-0d52-0e877f6f9077,a7798da2-f8ee-1840-a1f3-f29a9e764b97,1d409b50-0f02-94aa-63c7-737e000c8120,Other,,,,,1,29,Low
37a08cad-31d2-3601-42de-28737d8758e3,a7798da2-f8ee-1840-a1f3-f29a9e764b97,1d409b50-0f02-94aa-63c7-737e000c8120,Other,,,,,1,29,Low
4e7ca839-263d-d5ae-62e2-4d0501932052,a7798da2-f8ee-1840-a1f3-f29a9e764b97,1d409b50-0f02-94aa-63c7-737e000c8120,Electrical Issues,,,300.0,,1,29,High
8ae5df29-ab68-511e-a2a7-bd1ea02aa7b0,a7798da2-f8ee-1840-a1f3-f29a9e764b97,1d409b50-0f02-94aa-63c7-737e000c8120,Plumbing,,,,,1,29,Low
62b61c4a-7479-1cc3-c45d-23f16ea6618e,a7798da2-f8ee-1840-a1f3-f29a9e764b97,1d409b50-0f02-94aa-63c7-737e000c8120,Cleaning Issues,,,,,1,29,Low
59a5749f-8b02-97c4-3172-28242d56af23,8208282e-43b7-930c-251f-223cdeecd947,6a9383e4-a0ac-1ecc-cbac-8ac4dfd10b7e,RO Water Issues,,,300.0,,1,12,Low
cc4b4376-b317-e31e-1e2b-39351662b6c9,8208282e-43b7-930c-251f-223cdeecd947,6a9383e4-a0ac-1ecc-cbac-8ac4dfd10b7e,RO Water Issues,,,300.0,,1,12,Low
f547b148-c128-bc17-19fd-6e8757e29acc,8208282e-43b7-930c-251f-223cdeecd947,6a9383e4-a0ac-1ecc-cbac-8ac4dfd10b7e,Other,,,,,1,12,Low
811495b9-9031-6fab-2798-6f6be148fb5f,8208282e-43b7-930c-251f-223cdeecd947,6a9383e4-a0ac-1ecc-cbac-8ac4dfd10b7e,AC Issues,,,650.0,,0,12,Low
c08369d1-2076-2c4d-0beb-61c89c02e94a,8208282e-43b7-930c-251f-223cdeecd947,6a9383e4-a0ac-1ecc-cbac-8ac4dfd10b7e,RO Water Issues,,,300.0,,1,12,Low
f9ea4ca4-cd17-d171-7335-6b95146b4564,8208282e-43b7-930c-251f-223cdeecd947,6a9383e4-a0ac-1ecc-cbac-8ac4dfd10b7e,Other,,,,,1,12,Low
9fbf9079-7f2b-f7d0-5bbc-f83da15d958d,8208282e-43b7-930c-251f-223cdeecd947,6a9383e4-a0ac-1ecc-cbac-8ac4dfd10b7e,Other,,,,,1,12,Low
77ee2c36-ef8e-b816-2eae-4f0bbc4ee39d,8208282e-43b7-930c-251f-223cdeecd947,6a9383e4-a0ac-1ecc-cbac-8ac4dfd10b7e,Other,,,,,1,12,Low
6892c421-7fab-6653-4682-fdfca2a906c8,8208282e-43b7-930c-251f-223cdeecd947,6a9383e4-a0ac-1ecc-cbac-8ac4dfd10b7e,Electrical Issues,,,300.0,,1,12,Low
44e23c91-04f4-3014-cc4b-7763b87e61da,8208282e-43b7-930c-251f-223cdeecd947,6a9383e4-a0ac-1ecc-cbac-8ac4dfd10b7e,Electrical Issues,,,300.0,,1,12,Low
cb539671-0d18-c5e3-fe53-b551999fe747,8208282e-43b7-930c-251f-223cdeecd947,6a9383e4-a0ac-1ecc-cbac-8ac4dfd10b7e,Electrical Issues,,,300.0,,1,12,Low
9abc8bec-0de4-9fd0-aef0-aa5803996917,8208282e-43b7-930c-251f-223cdeecd947,6a9383e4-a0ac-1ecc-cbac-8ac4dfd10b7e,Electrical Issues,,,300.0,,1,12,Low
2929ba91-1c18-f7cd-13b4-5829e19924d8,a75fdceb-021a-cc46-3632-8d5369c5f2c6,4c38ecbe-c637-8a04-6f67-ffbccbd96317,Other,,,,,1,10,Low
205c95ab-a46b-242c-fc10-d55c91470309,a75fdceb-021a-cc46-3632-8d5369c5f2c6,4c38ecbe-c637-8a04-6f67-ffbccbd96317,Other,,,,,1,10,Low
9cfd931c-a7b5-be34-3f5b-62ba7660e4cf,a75fdceb-021a-cc46-3632-8d5369c5f2c6,4c38ecbe-c637-8a04-6f67-ffbccbd96317,Other,,,,,1,10,Low
e006c98b-0400-0c75-92f3-8786777496cb,a75fdceb-021a-cc46-3632-8d5369c5f2c6,4c38ecbe-c637-8a04-6f67-ffbccbd96317,Other,,,,,1,10,Low
77ef5f13-86e2-f97a-bba5-83cb8e39d1d3,a75fdceb-021a-cc46-3632-8d5369c5f2c6,4c38ecbe-c637-8a04-6f67-ffbccbd96317,Other,,,,,1,10,Low
4fbbf771-e794-340d-5bff-7eeb3173c838,a75fdceb-021a-cc46-3632-8d5369c5f2c6,4c38ecbe-c637-8a04-6f67-ffbccbd96317,Other,,,,,1,10,Low
edaecf35-2fb4-ab87-98c7-c676fa361e5a,a75fdceb-021a-cc46-3632-8d5369c5f2c6,4c38ecbe-c637-8a04-6f67-ffbccbd96317,AC Issues,,,650.0,,1,10,High
093c0a7a-c19c-81e7-72ca-31bc9601eb7d,a75fdceb-021a-cc46-3632-8d5369c5f2c6,4c38ecbe-c637-8a04-6f67-ffbccbd96317,Electrical Issues,,,300.0,,1,10,Low
637093ef-09b8-483f-4f8b-b67af18f2353,a75fdceb-021a-cc46-3632-8d5369c5f2c6,4c38ecbe-c637-8a04-6f67-ffbccbd96317,AC Issues,,,650.0,,1,10,High
42aecabe-fbf4-d28d-d450-269841d649ef,a75fdceb-021a-cc46-3632-8d5369c5f2c6,4c38ecbe-c637-8a04-6f67-ffbccbd96317,Other,,,,,1,10,Low
760e351d-c2d9-1245-080d-215a8ecd29d3,b19dfc6c-a5d5-734c-3d3d-6389c281b3bb,d3a51c07-b151-013a-a133-40382989bfdf,AC Issues,,,650.0,,1,7,Low
300fa212-08e8-4189-885b-bdc30e7bf240,b19dfc6c-a5d5-734c-3d3d-6389c281b3bb,d3a51c07-b151-013a-a133-40382989bfdf,Washing machine Issue,,,700.0,,1,7,Low
cf40b8a0-c908-ff56-b4d8-4f541a1b2ac6,b19dfc6c-a5d5-734c-3d3d-6389c281b3bb,d3a51c07-b151-013a-a133-40382989bfdf,Washing machine Issue,,,700.0,,1,7,Low
111e348f-68e6-7d8c-8c09-5e38605a53dd,b19dfc6c-a5d5-734c-3d3d-6389c281b3bb,d3a51c07-b151-013a-a133-40382989bfdf,Electrical Issues,,,300.0,,0,7,Low
b9f94071-f23d-e472-7c81-2debe5c2461c,b19dfc6c-a5d5-734c-3d3d-6389c281b3bb,d3a51c07-b151-013a-a133-40382989bfdf,Other,,,,,0,7,Low
3edd585d-7e13-57a4-de13-fd9301cd93fd,b19dfc6c-a5d5-734c-3d3d-6389c281b3bb,d3a51c07-b151-013a-a133-40382989bfdf,AC Issues,,,650.0,,1,7,Low
a0b0ed3b-343e-d090-3df8-c7d0c7b25fe0,b19dfc6c-a5d5-734c-3d3d-6389c281b3bb,d3a51c07-b151-013a-a133-40382989bfdf,AC Issues,,,650.0,,1,7,Low
d59bee09-a26f-d2c5-bd2f-0bb7c904cb90,cf1318a5-0564-4af6-d90e-c3e76de1ef08,f5f9de92-380f-d57b-ad87-139022e4d27a,Plumbing,,,,,0,8,Low
fad548cb-59ec-7aa4-3d5e-3ac417ffd350,cf1318a5-0564-4af6-d90e-c3e76de1ef08,f5f9de92-380f-d57b-ad87-139022e4d27a,Electrical Issues,,,300.0,,0,8,Low
49454c62-50e8-2d73-503b-70773180abbd,cf1318a5-0564-4af6-d90e-c3e76de1ef08,f5f9de92-380f-d57b-ad87-139022e4d27a,AC Issues,,,650.0,,1,8,High
5b2cc5a3-5b3f-a619-2d5d-7fed31bd05eb,cf1318a5-0564-4af6-d90e-c3e76de1ef08,f5f9de92-380f-d57b-ad87-139022e4d27a,AC Issues,,,650.0,,1,8,High
335f863d-05ce-f6a9-bfd3-4569834cf6c6,cf1318a5-0564-4af6-d90e-c3e76de1ef08,f5f9de92-380f-d57b-ad87-139022e4d27a,AC Issues,,,650.0,,1,8,High
72f6c638-6f52-cada-9b0e-04aef9433883,227f376b-633a-5615-5670-c29559d0a08b,f9e98282-6ed1-2655-561b-5122ac7d94a1,Furniture,,,500.0,,1,9,Medium
e11108e5-6b8a-d0d5-672b-2d31712fea6a,227f376b-633a-5615-5670-c29559d0a08b,f9e98282-6ed1-2655-561b-5122ac7d94a1,AC Issues,,,650.0,,0,9,Low
819913a6-a5ae-b42e-359d-04f2998be437,227f376b-633a-5615-5670-c29559d0a08b,f9e98282-6ed1-2655-561b-5122ac7d94a1,Electrical Issues,,,300.0,,1,9,Low
72ad442b-df33-2fab-8499-1df42b7c85c2,227f376b-633a-5615-5670-c29559d0a08b,f9e98282-6ed1-2655-561b-5122ac7d94a1,Washing machine Issue,,,700.0,,0,9,Low
c069f0df-b621-5b4a-e32c-9fabefaf93a6,227f376b-633a-5615-5670-c29559d0a08b,f9e98282-6ed1-2655-561b-5122ac7d94a1,Cleaning Issues,,,,,1,9,Low
ed5a2d28-0de4-11dd-8456-15c7cff62c2b,227f376b-633a-5615-5670-c29559d0a08b,f9e98282-6ed1-2655-561b-5122ac7d94a1,Cleaning Issues,,,,,1,9,Low
71870173-17e9-1be1-9c07-7e81fe929ff3,227f376b-633a-5615-5670-c29559d0a08b,f9e98282-6ed1-2655-561b-5122ac7d94a1,Electrical Issues,,,300.0,,1,9,Low
f34e58b0-bc29-5a39-5d75-5e5fa487809f,227f376b-633a-5615-5670-c29559d0a08b,f9e98282-6ed1-2655-561b-5122ac7d94a1,Other,,,,,0,9,Low
60c7dcef-7f3c-313c-1a67-83b7d271cc70,79e31f6f-69dc-a40c-27d7-3f076878f83c,97486463-9125-9851-3039-04f213b371d4,Other,,,,,1,11,Low
18e7d064-3b5d-3fcf-517f-929a24a05a6d,79e31f6f-69dc-a40c-27d7-3f076878f83c,97486463-9125-9851-3039-04f213b371d4,AC Issues,,,650.0,,1,11,Low
67508b26-75de-cfc6-9d70-cbd934950149,79e31f6f-69dc-a40c-27d7-3f076878f83c,97486463-9125-9851-3039-04f213b371d4,Washing machine Issue,,,700.0,,1,11,Low
15930406-d512-7b48-1b75-f8fb87bd1b4e,79e31f6f-69dc-a40c-27d7-3f076878f83c,97486463-9125-9851-3039-04f213b371d4,Other,,,,,1,11,Low
13f0b7b6-665a-39f3-8097-ceeefb6a3b10,79e31f6f-69dc-a40c-27d7-3f076878f83c,97486463-9125-9851-3039-04f213b371d4,Electrical Issues,,,300.0,,0,11,Low
431bc1ba-f8e4-400c-63f9-9b161468c725,cd2c3f97-4df7-b32f-d0c0-12031beae516,97739f0e-6b90-a7bd-7383-8dd160ac8f81,Electrical Issues,,,300.0,,0,4,Low
8d934583-ba12-2b81-3728-458a50b91869,cd2c3f97-4df7-b32f-d0c0-12031beae516,97739f0e-6b90-a7bd-7383-8dd160ac8f81,Other,,,,,1,4,Low
513b0a80-8b3f-6e60-d948-878480a5051a,cd2c3f97-4df7-b32f-d0c0-12031beae516,97739f0e-6b90-a7bd-7383-8dd160ac8f81,Washing machine Issue,,,700.0,,0,4,Medium
063a131e-3dc4-f0a1-9bda-8a0664bd5e94,b865619d-9980-0806-c5b5-97fee058322e,235bd597-22a1-f0f2-0d40-a0a2f59f41fd,Electrical Issues,,,300.0,,0,5,High
06424d86-1df8-0db3-8464-939cc3dfdb1c,b865619d-9980-0806-c5b5-97fee058322e,235bd597-22a1-f0f2-0d40-a0a2f59f41fd,Furniture,,,500.0,,1,5,Low
fce09a0d-c068-3de8-0a06-0a027eba81a9,b865619d-9980-0806-c5b5-97fee058322e,235bd597-22a1-f0f2-0d40-a0a2f59f41fd,AC Issues,,,650.0,,1,5,High
554ce09f-109a-ffdd-cdb7-69fa72f2f483,b865619d-9980-0806-c5b5-97fee058322e,235bd597-22a1-f0f2-0d40-a0a2f59f41fd,Furniture,,,500.0,,1,5,Low
20a82a52-d6ce-ee9f-29a2-31b4981cf48c,b865619d-9980-0806-c5b5-97fee058322e,235bd597-22a1-f0f2-0d40-a0a2f59f41fd,AC Issues,,,650.0,,1,5,High
750de943-50cf-721e-6420-3ed5e6471663,c084c357-8268-b2c6-76e0-aa7c5b28eace,cead0c81-cb47-a00d-6583-2032ac0d3b68,Washing machine Issue,,,700.0,,0,1,High
f150df87-1be6-8900-b126-dcf57a1ab2ca,22a9494d-0e02-6fba-4aee-7947f1e6110b,046c3e92-cd17-a1e9-aa97-733c3127f809,Other,,,,,1,22,Low
235d7e98-6c9b-f842-7ba7-65747ae09ffb,22a9494d-0e02-6fba-4aee-7947f1e6110b,046c3e92-cd17-a1e9-aa97-733c3127f809,Other,,,,,1,22,Low
7a60f3ab-01f4-e9dd-3fca-c31a408f63c7,22a9494d-0e02-6fba-4aee-7947f1e6110b,046c3e92-cd17-a1e9-aa97-733c3127f809,Other,,,,,1,22,Low
d837105e-eb7b-8fcf-c460-f1dee25a26ac,22a9494d-0e02-6fba-4aee-7947f1e6110b,046c3e92-cd17-a1e9-aa97-733c3127f809,Electrical Issues,,,300.0,,1,22,High
9b4230ca-e197-7b61-ca55-fd9dec1487ee,22a9494d-0e02-6fba-4aee-7947f1e6110b,046c3e92-cd17-a1e9-aa97-733c3127f809,AC Issues,,,650.0,,1,22,High
b26170bd-87b4-e0c9-43a5-fe6145bfaf38,22a9494d-0e02-6fba-4aee-7947f1e6110b,046c3e92-cd17-a1e9-aa97-733c3127f809,Cleaning Issues,,,,,0,22,Low
c14621d3-04fb-2b28-a9d3-92da337965e1,22a9494d-0e02-6fba-4aee-7947f1e6110b,046c3e92-cd17-a1e9-aa97-733c3127f809,AC Issues,,,650.0,,1,22,High
912ad16c-a1c2-48c6-b445-1685778c106f,f284b25b-d762-1399-a12e-ba7ffa6b6f97,8e7cf1aa-84ce-dc1b-38e7-3f51f80f357b,AC Issues,1152.63,,650.0,,1,17,Verified
7556746e-5ab5-45c5-9a9d-bb283b5604dc,79d4d3fe-73c5-a965-030f-c60220ee20cb,a607e4b0-3364-b1fb-774e-01d67c4fcdf1,Electrical Issues,,,300.0,,0,8,Verified
1b95553d-b7c7-4d17-8765-8d13ca401084,,,Other,2.36,,,,0,41,Unmapped
d2b0a261-7b0d-4472-8f2d-41c343d828a4,491b8136-32a1-37c5-5253-b53ff3991d86,77dab2f4-7c09-59d1-5a0a-8473cdf46d8d,RO Water Issues,2.47,,300.0,,0,11,Low
45229435-1d2b-cd17-9b38-1c75b7ac682c,22a9494d-0e02-6fba-4aee-7947f1e6110b,046c3e92-cd17-a1e9-aa97-733c3127f809,AC Issues,,,650.0,,1,22,High
44d079ab-8347-7a60-ed11-b5967b8d489a,22a9494d-0e02-6fba-4aee-7947f1e6110b,046c3e92-cd17-a1e9-aa97-733c3127f809,Internet Issues,,,,,1,22,Low
c17b5ee9-a510-1ded-1ae6-b1fcb3925cc9,22a9494d-0e02-6fba-4aee-7947f1e6110b,046c3e92-cd17-a1e9-aa97-733c3127f809,Other,,,,,1,22,Low
d2d01942-cf89-b5d4-75e4-19bdcca8ef18,22a9494d-0e02-6fba-4aee-7947f1e6110b,046c3e92-cd17-a1e9-aa97-733c3127f809,AC Issues,,,650.0,,1,22,High
ee7cb224-1299-32b7-23c8-09fb54e4ba5e,22a9494d-0e02-6fba-4aee-7947f1e6110b,046c3e92-cd17-a1e9-aa97-733c3127f809,AC Issues,,,650.0,,1,22,High
4679e1a8-24a3-c557-b0a7-8eca63fda0e3,22a9494d-0e02-6fba-4aee-7947f1e6110b,046c3e92-cd17-a1e9-aa97-733c3127f809,Internet Issues,,,,,1,22,Low
476bdbe3-9fee-cfc9-eb42-8aa89f0d0bc7,22a9494d-0e02-6fba-4aee-7947f1e6110b,046c3e92-cd17-a1e9-aa97-733c3127f809,Internet Issues,,,,,1,22,Low
6309f690-26bb-b9a2-0fcb-bc6b6d679b18,46d380ca-fe7a-07d2-4570-5de890c8fdc7,18323ac7-06c3-e126-fb43-8a9b6cbb53ba,AC Issues,,,650.0,,1,4,High
d4c81ebd-d2f4-430a-df0c-156da4e4af1e,46d380ca-fe7a-07d2-4570-5de890c8fdc7,18323ac7-06c3-e126-fb43-8a9b6cbb53ba,AC Issues,,,650.0,,1,4,High
43229c71-8720-0406-37e1-14a5a64c2fe1,46d380ca-fe7a-07d2-4570-5de890c8fdc7,18323ac7-06c3-e126-fb43-8a9b6cbb53ba,Washing machine Issue,,,700.0,,0,4,Low
45bc3de8-d595-eb4e-1cbd-037ad2fb587f,46d380ca-fe7a-07d2-4570-5de890c8fdc7,18323ac7-06c3-e126-fb43-8a9b6cbb53ba,Furniture,,,500.0,,1,4,Low
9f98f5b0-6de0-cf7a-b77c-cd4fa5b650cf,ee61dd03-6eb9-0d71-8bf4-a01ac422b8be,51597632-5648-1987-017c-c65e2ad300f8,Electrical Issues,,,300.0,,0,2,Low
c6a52beb-9c1d-109f-437a-839b10c7765c,ee61dd03-6eb9-0d71-8bf4-a01ac422b8be,51597632-5648-1987-017c-c65e2ad300f8,Furniture,,,500.0,,0,2,Low
61184fb5-8061-5ece-528b-7e5c6ca4787b,02295215-68ff-b712-391f-44370ddab3fc,b9880845-d37b-c083-ffd7-adcaa279cb30,Furniture,,,500.0,,1,1,Medium
389d48cd-cf0b-2c64-9f0a-8a109cdd3827,286a5d35-07d2-54bb-eb89-e9519f239c26,28adcae8-d3f2-7d01-473b-45f62020cdc0,Washing machine Issue,,,700.0,,1,7,Low
7c30dbad-f0d5-c8c1-70cf-fee0b88ce2ec,286a5d35-07d2-54bb-eb89-e9519f239c26,28adcae8-d3f2-7d01-473b-45f62020cdc0,Washing machine Issue,,,700.0,,1,7,Low
8682c5b6-5f78-fcac-e55c-fefbfe8b2065,286a5d35-07d2-54bb-eb89-e9519f239c26,28adcae8-d3f2-7d01-473b-45f62020cdc0,Washing machine Issue,,,700.0,,1,7,Low
c0b6da96-7cb5-29f7-8ad6-b7c7d9f1982c,286a5d35-07d2-54bb-eb89-e9519f239c26,28adcae8-d3f2-7d01-473b-45f62020cdc0,Washing machine Issue,,,700.0,,1,7,Low
b84f5d4f-a5fa-d6ef-41a4-d9d75cdf3503,286a5d35-07d2-54bb-eb89-e9519f239c26,28adcae8-d3f2-7d01-473b-45f62020cdc0,Washing machine Issue,,,700.0,,1,7,Low
7222a87d-4346-8de3-8b87-e6008011b06b,286a5d35-07d2-54bb-eb89-e9519f239c26,28adcae8-d3f2-7d01-473b-45f62020cdc0,Washing machine Issue,,,700.0,,1,7,Low
29a64aae-b610-9e01-3a14-34b281ca6642,286a5d35-07d2-54bb-eb89-e9519f239c26,28adcae8-d3f2-7d01-473b-45f62020cdc0,Washing machine Issue,,,700.0,,1,7,Low
ef6fa04e-6e5c-4a6f-3c27-b0ee051ca71e,510cd475-6538-7d02-413c-1a0f553ba4e6,1a8e227a-8e7b-102b-4e40-33fadfcb8aee,Electrical Issues,,,300.0,,1,9,Low
a3a3cc43-b411-0144-c92f-314ec2f831e4,510cd475-6538-7d02-413c-1a0f553ba4e6,1a8e227a-8e7b-102b-4e40-33fadfcb8aee,Electrical Issues,,,300.0,,1,9,Low
3fc1b9c5-b9e6-293c-afb1-44d40a5b80b9,510cd475-6538-7d02-413c-1a0f553ba4e6,1a8e227a-8e7b-102b-4e40-33fadfcb8aee,Electrical Issues,,,300.0,,1,9,Low
edb1bbfc-9549-4aff-914c-57b360a760b9,510cd475-6538-7d02-413c-1a0f553ba4e6,1a8e227a-8e7b-102b-4e40-33fadfcb8aee,Other,,,,,1,9,Low
cb474fda-3a48-487c-6b19-541717f82457,510cd475-6538-7d02-413c-1a0f553ba4e6,1a8e227a-8e7b-102b-4e40-33fadfcb8aee,Other,,,,,1,9,Low
44016b4f-2a9e-1233-731f-304761fcaaf0,510cd475-6538-7d02-413c-1a0f553ba4e6,1a8e227a-8e7b-102b-4e40-33fadfcb8aee,Other,,,,,1,9,Low
2d8e2b32-4f15-7ddc-adb1-75d6eee40b2c,510cd475-6538-7d02-413c-1a0f553ba4e6,1a8e227a-8e7b-102b-4e40-33fadfcb8aee,Fridge Issues,,,550.0,,0,9,Low
f9463b05-6e61-4f9c-9648-7d2b439ecee1,510cd475-6538-7d02-413c-1a0f553ba4e6,1a8e227a-8e7b-102b-4e40-33fadfcb8aee,Washing machine Issue,,,700.0,,0,9,Low
1d8a98e7-646e-9dc0-ba56-3133d755cb9f,2cd65886-67b3-a4eb-7aad-7c0a230ba95d,f1cc5c44-ebb5-5f81-9dac-9887fb5bb58e,Plumbing,,,,,0,1,Low
89ee9b87-c86b-7163-be89-5a967e802f18,5f0f16ed-dd5a-936c-5dbc-f76aa297afd4,48942e49-dfb3-3eff-732a-2842f615cb8a,AC Issues,,,650.0,,1,1,High
af095155-2af0-9260-a357-896fee51935d,6c765a9e-b1ea-4503-e5b7-24daca7c2614,d41b0f34-d7f8-ce1a-36d9-c00f0100aa45,Washing machine Issue,,,700.0,,0,1,Low
d6aef305-a43f-390c-0a4e-948a5bcbaf5d,b533de62-fd5f-cc73-01ad-82aaf5df2fd1,016f303d-6271-385d-c540-0595095bab14,AC Issues,,,650.0,,1,3,Low
4303e9ad-9862-b3ac-4a96-aa8a8807780b,b533de62-fd5f-cc73-01ad-82aaf5df2fd1,016f303d-6271-385d-c540-0595095bab14,Other,,,,,0,3,Low
333b6033-e488-dae1-4c12-638c961cb2fa,b533de62-fd5f-cc73-01ad-82aaf5df2fd1,e240e3e5-c69e-eb28-28a3-e88cb6561735,AC Issues,,,650.0,,1,3,Low
1ef09cc6-0ee3-fe30-4482-d7d6428045dd,18d86801-3cb7-11d4-8b9d-433429296014,be0208ae-5786-5d6b-7ab7-8ab62ebff5d0,RO Water Issues,,,300.0,,1,11,Low
f139cab6-9934-dd1c-59fe-ceaa8ccef718,18d86801-3cb7-11d4-8b9d-433429296014,be0208ae-5786-5d6b-7ab7-8ab62ebff5d0,RO Water Issues,,,300.0,,1,11,Low
e0edc13c-3ffc-1e3f-88cc-7a2f9368d7ff,18d86801-3cb7-11d4-8b9d-433429296014,be0208ae-5786-5d6b-7ab7-8ab62ebff5d0,RO Water Issues,,,300.0,,1,11,Low
452da79e-4327-7968-e29e-940bdebd161d,18d86801-3cb7-11d4-8b9d-433429296014,be0208ae-5786-5d6b-7ab7-8ab62ebff5d0,Other,,,,,1,11,Low
c5f174fc-8408-5c89-b61a-c7f7df2bb9f3,18d86801-3cb7-11d4-8b9d-433429296014,be0208ae-5786-5d6b-7ab7-8ab62ebff5d0,AC Issues,,,650.0,,0,11,High
bae7431e-d5df-0eb1-0e2a-8938186ab913,18d86801-3cb7-11d4-8b9d-433429296014,be0208ae-5786-5d6b-7ab7-8ab62ebff5d0,Other,,,,,1,11,Low
e12b45cd-a36e-03a2-5ec1-d11c49aecab3,18d86801-3cb7-11d4-8b9d-433429296014,be0208ae-5786-5d6b-7ab7-8ab62ebff5d0,Other,,,,,1,11,Low
dcd80133-2740-94f2-c089-3086a6eabf56,18d86801-3cb7-11d4-8b9d-433429296014,be0208ae-5786-5d6b-7ab7-8ab62ebff5d0,Cleaning Issues,,,,,0,11,Low
743c41c0-cdc2-1538-1214-55334b04c359,18d86801-3cb7-11d4-8b9d-433429296014,be0208ae-5786-5d6b-7ab7-8ab62ebff5d0,Electrical Issues,,,300.0,,0,11,High
b1e60750-e4dc-770a-caa7-e31ddf5c7625,4cf13b7d-67b4-87af-6795-b532998a9b0d,7a6a9299-de4c-2a5d-e8f7-c78170295aec,Washing machine Issue,,,700.0,,0,10,Low
25b9c0a6-1e32-92a8-1131-ad8a0ca431fc,4cf13b7d-67b4-87af-6795-b532998a9b0d,7a6a9299-de4c-2a5d-e8f7-c78170295aec,Other,,,,,1,10,Low
f9430b56-5626-d5b9-c2c7-4960976ad3fc,4cf13b7d-67b4-87af-6795-b532998a9b0d,7a6a9299-de4c-2a5d-e8f7-c78170295aec,AC Issues,,,650.0,,1,10,Low
99fe47c3-efb6-79b4-7aa0-502f0e1d9cab,4cf13b7d-67b4-87af-6795-b532998a9b0d,7a6a9299-de4c-2a5d-e8f7-c78170295aec,AC Issues,,,650.0,,1,10,Low
698de39f-636f-e304-6e78-4dbe603da9ad,4cf13b7d-67b4-87af-6795-b532998a9b0d,7a6a9299-de4c-2a5d-e8f7-c78170295aec,Electrical Issues,,,300.0,,1,10,Low
9738811f-d089-6792-654e-c69bdc0c73a1,4cf13b7d-67b4-87af-6795-b532998a9b0d,7a6a9299-de4c-2a5d-e8f7-c78170295aec,Electrical Issues,,,300.0,,1,10,Low
69453db7-f136-69bd-39c5-07984f03f0ad,4cf13b7d-67b4-87af-6795-b532998a9b0d,7a6a9299-de4c-2a5d-e8f7-c78170295aec,Furniture,,,500.0,,0,10,Low
52445982-44fc-84c3-2471-6c1bf4093856,4cf13b7d-67b4-87af-6795-b532998a9b0d,7a6a9299-de4c-2a5d-e8f7-c78170295aec,RO Water Issues,,,300.0,,0,10,Low
1c4cc71e-ae66-c800-6a15-4c1b2615bce2,4cf13b7d-67b4-87af-6795-b532998a9b0d,7a6a9299-de4c-2a5d-e8f7-c78170295aec,AC Issues,,,650.0,,1,10,Low
dae281ca-87b8-d0d1-9832-fa5fe445c4dc,4cf13b7d-67b4-87af-6795-b532998a9b0d,7a6a9299-de4c-2a5d-e8f7-c78170295aec,Other,,,,,1,10,Low
9a08726f-03c5-3110-ef60-e94e2b21fbbd,8c10b5c6-4a40-f455-7732-69c9209c6107,7f5d0339-af32-1588-78ab-cfbcebe8e47f,Electrical Issues,,,300.0,,0,5,High
992714f0-c404-f19c-c055-3df3913fe345,8c10b5c6-4a40-f455-7732-69c9209c6107,7f5d0339-af32-1588-78ab-cfbcebe8e47f,AC Issues,,,650.0,,1,5,Low
feabad01-7299-601b-b0da-efa518fe2dd3,8c10b5c6-4a40-f455-7732-69c9209c6107,7f5d0339-af32-1588-78ab-cfbcebe8e47f,AC Issues,,,650.0,,1,5,Low
1c437840-4910-cc17-b362-8b03ad9d3196,8c10b5c6-4a40-f455-7732-69c9209c6107,7f5d0339-af32-1588-78ab-cfbcebe8e47f,AC Issues,,,650.0,,1,5,Low
a1de284e-db54-8a2f-d14c-b689d377ebd0,8c10b5c6-4a40-f455-7732-69c9209c6107,7f5d0339-af32-1588-78ab-cfbcebe8e47f,Plumbing,,,,,0,5,Low
ba40bb47-d80f-d60d-aaf9-5fd0db3a2409,86cd2239-fa55-0389-437e-e8fd505dc931,abfa482f-64b8-5ca0-3072-e8345f44a317,Electrical Issues,,,300.0,,0,5,High
ca91bbb6-9955-0fe7-68d5-c332b6b33b8f,86cd2239-fa55-0389-437e-e8fd505dc931,abfa482f-64b8-5ca0-3072-e8345f44a317,Washing machine Issue,,,700.0,,0,5,Low
6e1a547c-552f-d6bb-f8fc-bf69d3e7fdda,86cd2239-fa55-0389-437e-e8fd505dc931,abfa482f-64b8-5ca0-3072-e8345f44a317,RO Water Issues,,,300.0,,0,5,Low
3b3e98f3-d959-e46f-5af4-d528bb4d5d17,72fb39cc-cecf-39cd-a55a-60d36a23f691,e490e3a6-9e5c-a6b8-a156-bfb492b8b0a4,Washing machine Issue,,,700.0,,1,8,Low
edcbce8c-d7d2-09d1-1868-996d77f21166,72fb39cc-cecf-39cd-a55a-60d36a23f691,e490e3a6-9e5c-a6b8-a156-bfb492b8b0a4,AC Issues,,,650.0,,1,8,Low
779bd59b-2cc4-3104-a645-5f4a72d218a6,72fb39cc-cecf-39cd-a55a-60d36a23f691,e490e3a6-9e5c-a6b8-a156-bfb492b8b0a4,AC Issues,,,650.0,,1,8,Low
9b36f5bb-4887-7918-dc4b-b4041df81d47,72fb39cc-cecf-39cd-a55a-60d36a23f691,e490e3a6-9e5c-a6b8-a156-bfb492b8b0a4,Washing machine Issue,,,700.0,,1,8,Low
e8dfd260-1b1b-e834-8658-a1d4f3cddfa0,72fb39cc-cecf-39cd-a55a-60d36a23f691,e490e3a6-9e5c-a6b8-a156-bfb492b8b0a4,AC Issues,,,650.0,,1,8,Low
ef838539-3c16-7e36-2740-32a4668ae4f0,72fb39cc-cecf-39cd-a55a-60d36a23f691,e490e3a6-9e5c-a6b8-a156-bfb492b8b0a4,Other,,,,,1,8,Low
179deaaf-c984-bd65-bf3e-4134fe900e21,72fb39cc-cecf-39cd-a55a-60d36a23f691,e490e3a6-9e5c-a6b8-a156-bfb492b8b0a4,Furniture,,,500.0,,1,8,Low
dd33fcf4-3cb2-8881-37e6-6fc22a12e3db,72fb39cc-cecf-39cd-a55a-60d36a23f691,e490e3a6-9e5c-a6b8-a156-bfb492b8b0a4,RO Water Issues,,,300.0,,0,8,Low
70474ca3-d011-8286-5192-a17d91082a34,31748409-1d90-3bc0-903e-6d831133e944,e0a547db-d8f2-1e21-a742-6f7c135bd802,RO Water Issues,,,300.0,,1,1,Medium
f9c80776-51ad-cff3-6384-83e85e2a892e,82ce206e-2925-18f5-f18c-d80631a9964e,15d608c9-9596-d151-b9c5-21b22647f848,Furniture,,,500.0,,1,1,Low
bb4f516b-2c26-4e0d-c9bd-c532b30cffe5,238b347e-e7e9-b1a3-31a8-a2f8fed99f55,3d87a782-0782-2c9a-8dd1-d06d80cf917b,Plumbing,,,,,1,13,Low
cbb86a8c-ebfa-7c9c-7bb7-c636ccab17d3,238b347e-e7e9-b1a3-31a8-a2f8fed99f55,3d87a782-0782-2c9a-8dd1-d06d80cf917b,AC Issues,,,650.0,,1,13,High
f8afd35a-1ac4-d36b-eba9-ab802a840469,238b347e-e7e9-b1a3-31a8-a2f8fed99f55,3d87a782-0782-2c9a-8dd1-d06d80cf917b,Other,,,,,1,13,Low
e59af8ce-c359-87da-eda3-a1014252600b,238b347e-e7e9-b1a3-31a8-a2f8fed99f55,3d87a782-0782-2c9a-8dd1-d06d80cf917b,AC Issues,,,650.0,,1,13,High
df67f97f-b60c-9f57-a4e3-592bd6e49873,238b347e-e7e9-b1a3-31a8-a2f8fed99f55,3d87a782-0782-2c9a-8dd1-d06d80cf917b,Electrical Issues,,,300.0,,0,13,High
4b7163fa-28ee-607d-ae0c-3a9224e1122a,238b347e-e7e9-b1a3-31a8-a2f8fed99f55,3d87a782-0782-2c9a-8dd1-d06d80cf917b,Internet Issues,,,,,0,13,Low
b1a7a150-9173-13da-7bc8-7d3dc0c61f8f,238b347e-e7e9-b1a3-31a8-a2f8fed99f55,3d87a782-0782-2c9a-8dd1-d06d80cf917b,Other,,,,,1,13,Low
b54d4bb6-3b47-d0c3-f106-327c79e129d6,238b347e-e7e9-b1a3-31a8-a2f8fed99f55,3d87a782-0782-2c9a-8dd1-d06d80cf917b,Cleaning Issues,,,,,0,13,Low
f2b54f8b-c76d-7368-a9f5-1819d1b2525d,238b347e-e7e9-b1a3-31a8-a2f8fed99f55,3d87a782-0782-2c9a-8dd1-d06d80cf917b,Other,,,,,1,13,Low
047c1201-ada6-deb9-3a98-cffaed2cbcac,238b347e-e7e9-b1a3-31a8-a2f8fed99f55,3d87a782-0782-2c9a-8dd1-d06d80cf917b,Furniture,,,500.0,,0,13,High
f710248c-036c-4414-8a8b-a05f7158d60b,238b347e-e7e9-b1a3-31a8-a2f8fed99f55,3d87a782-0782-2c9a-8dd1-d06d80cf917b,Other,,,,,1,13,Low
4ede64d0-95f2-9856-d368-90d7dac5e7f4,238b347e-e7e9-b1a3-31a8-a2f8fed99f55,3d87a782-0782-2c9a-8dd1-d06d80cf917b,Washing machine Issue,,,700.0,,0,13,Low
71d77401-e8a7-e5a5-7d79-d5e087e26af8,d51c2f8f-9df6-06cb-85f3-47a79b9d5006,42541fce-4dd2-805a-5d01-5aa7e5db8726,AC Issues,,,650.0,,0,5,High
6f8c20ff-35c0-c965-ce46-52a00b5644ca,d51c2f8f-9df6-06cb-85f3-47a79b9d5006,42541fce-4dd2-805a-5d01-5aa7e5db8726,Washing machine Issue,,,700.0,,1,5,Low
4c4f2a1e-7fa7-ea18-0f2d-add3bb9fccac,d51c2f8f-9df6-06cb-85f3-47a79b9d5006,42541fce-4dd2-805a-5d01-5aa7e5db8726,Washing machine Issue,,,700.0,,1,5,Low
a83295bf-61fa-e0b1-ea7c-e02e56fa6d9b,d51c2f8f-9df6-06cb-85f3-47a79b9d5006,42541fce-4dd2-805a-5d01-5aa7e5db8726,Washing machine Issue,,,700.0,,1,5,Low
690ced8f-1267-4d45-b938-e08f24469ebf,79d4d3fe-73c5-a965-030f-c60220ee20cb,a607e4b0-3364-b1fb-774e-01d67c4fcdf1,Furniture,,,500.0,,0,8,Verified
0faa0e6f-3fbf-0984-2517-86149f652eee,d51c2f8f-9df6-06cb-85f3-47a79b9d5006,42541fce-4dd2-805a-5d01-5aa7e5db8726,Electrical Issues,,,300.0,,0,5,High
96fa351d-867a-d4cd-c35b-d9d0ad8b4d99,24ae889b-240e-b064-cfe8-2b27224c15b0,9570bcbc-dd00-294f-7a17-6204b4b0a29b,Washing machine Issue,,,700.0,,0,1,Low
170bf74f-28d9-a03a-4e83-cd00440d2111,31f3f7a3-5dc4-21cd-ba54-b41347a7822a,0b5cde17-d9c1-1f3f-ebeb-c45493421ae0,Washing machine Issue,,,700.0,,1,3,Low
1de66398-8625-62e6-ef81-b42c674601be,31f3f7a3-5dc4-21cd-ba54-b41347a7822a,0b5cde17-d9c1-1f3f-ebeb-c45493421ae0,Other,,,,,0,3,Low
2764d230-6756-458e-51f3-c2c97e551db0,31f3f7a3-5dc4-21cd-ba54-b41347a7822a,0b5cde17-d9c1-1f3f-ebeb-c45493421ae0,Washing machine Issue,,,700.0,,1,3,Low
bf96c44b-df48-3507-79e8-49f5ddcc3813,bcf8ffc1-fd5c-f6ab-0453-7a73c73786dd,16d9e7d4-a079-cc9d-1fb4-b96de3cb70dd,Plumbing,,,,,1,29,Low
cf43d7f2-22dc-b187-4375-5c5269dc4db4,bcf8ffc1-fd5c-f6ab-0453-7a73c73786dd,16d9e7d4-a079-cc9d-1fb4-b96de3cb70dd,Furniture,,,500.0,,1,29,Low
93892541-f9a7-723c-1ad9-d648fa30de17,bcf8ffc1-fd5c-f6ab-0453-7a73c73786dd,16d9e7d4-a079-cc9d-1fb4-b96de3cb70dd,Electrical Issues,,,300.0,,1,29,Low
192ce7f9-44e6-f1ea-f2ce-9f7ad7f7c7eb,bcf8ffc1-fd5c-f6ab-0453-7a73c73786dd,16d9e7d4-a079-cc9d-1fb4-b96de3cb70dd,Furniture,,,500.0,,1,29,Low
741b147a-3947-8220-ec44-7f739ac46466,bcf8ffc1-fd5c-f6ab-0453-7a73c73786dd,16d9e7d4-a079-cc9d-1fb4-b96de3cb70dd,Other,,,,,1,29,Low
e8afdd8c-baf4-969e-c31a-0706b3eca8e1,bcf8ffc1-fd5c-f6ab-0453-7a73c73786dd,16d9e7d4-a079-cc9d-1fb4-b96de3cb70dd,Cleaning Issues,,,,,1,29,Low
0c0f9589-f77b-5e2a-c631-d2b8560b317e,bcf8ffc1-fd5c-f6ab-0453-7a73c73786dd,16d9e7d4-a079-cc9d-1fb4-b96de3cb70dd,Other,,,,,1,29,Low
062e0c15-1356-1a98-1fe6-dc0c4124900e,bcf8ffc1-fd5c-f6ab-0453-7a73c73786dd,16d9e7d4-a079-cc9d-1fb4-b96de3cb70dd,Fridge Issues,,,550.0,,0,29,Low
6ff44eb2-b46c-41ab-e416-1214df2f0d93,bcf8ffc1-fd5c-f6ab-0453-7a73c73786dd,16d9e7d4-a079-cc9d-1fb4-b96de3cb70dd,Electrical Issues,,,300.0,,1,29,Low
50486ccc-afa8-8777-4574-e3022ce76fde,bcf8ffc1-fd5c-f6ab-0453-7a73c73786dd,16d9e7d4-a079-cc9d-1fb4-b96de3cb70dd,Cleaning Issues,,,,,1,29,Low
df853a74-7063-6b51-612e-43e3c51100dc,bcf8ffc1-fd5c-f6ab-0453-7a73c73786dd,16d9e7d4-a079-cc9d-1fb4-b96de3cb70dd,Plumbing,,,,,1,29,Low
74bfe4c4-80fa-9b99-091c-b5e760c3fb9e,bcf8ffc1-fd5c-f6ab-0453-7a73c73786dd,16d9e7d4-a079-cc9d-1fb4-b96de3cb70dd,Furniture,,,500.0,,1,29,Low
44202a80-84f2-45c8-ad8e-b69c6599ba32,79e31f6f-69dc-a40c-27d7-3f076878f83c,97486463-9125-9851-3039-04f213b371d4,Furniture,23.06,,500.0,,0,11,Verified
676634f4-5f63-4dd0-a41a-aa84ace516b2,1fc0c3bb-f35c-8d5d-a4fa-a9c1723cd8ab,b9880845-d37b-c083-ffd7-adcaa279cb30,Electrical Issues,4.99,,300.0,,1,11,Verified
9e8951d5-3a5a-777e-884c-eaef821393c0,bcf8ffc1-fd5c-f6ab-0453-7a73c73786dd,16d9e7d4-a079-cc9d-1fb4-b96de3cb70dd,Cleaning Issues,,,,,1,29,Low
8c25f955-0b01-4421-a445-3effd1208a77,,,RO Water Issues,0.71,,300.0,,0,41,Unmapped
000b5172-04c6-835a-0a87-b16ddb38b1b6,bcf8ffc1-fd5c-f6ab-0453-7a73c73786dd,16d9e7d4-a079-cc9d-1fb4-b96de3cb70dd,Cleaning Issues,,,,,1,29,Low
6ee7e61a-b10e-4a6d-95c2-02b365bb774e,1218c50c-4da4-4f61-baec-5182a25958e3,058f4fd0-7a5d-544c-9587-0c2f9de4528f,AC Issues,3.84,,650.0,,1,3,Verified
70c64b62-6db0-be33-5fff-bdb78c1d6151,bcf8ffc1-fd5c-f6ab-0453-7a73c73786dd,16d9e7d4-a079-cc9d-1fb4-b96de3cb70dd,AC Issues,,,650.0,,1,29,Low
74736744-0a87-d445-027f-a284f49b5ac9,bcf8ffc1-fd5c-f6ab-0453-7a73c73786dd,16d9e7d4-a079-cc9d-1fb4-b96de3cb70dd,Cleaning Issues,,,,,1,29,Low
c09765e4-f4ca-a4a4-a536-4aaf58169b63,bcf8ffc1-fd5c-f6ab-0453-7a73c73786dd,16d9e7d4-a079-cc9d-1fb4-b96de3cb70dd,Cleaning Issues,,,,,1,29,Low
6c244d62-cf5b-1874-531a-3fff17373038,bcf8ffc1-fd5c-f6ab-0453-7a73c73786dd,16d9e7d4-a079-cc9d-1fb4-b96de3cb70dd,Electrical Issues,,,300.0,,1,29,Low
c57e93d9-055a-f5e9-dd2e-42950e9758ea,bcf8ffc1-fd5c-f6ab-0453-7a73c73786dd,16d9e7d4-a079-cc9d-1fb4-b96de3cb70dd,Cleaning Issues,,,,,1,29,Low
96ac38f2-88f0-4bad-b91f-7e63474cbd8a,2ba81159-3fd3-401a-b806-4cf09e7dce86,f21233ef-4976-14c5-b37d-3c30b4a3a97a,Furniture,14.26,,500.0,,0,10,Verified
7afb353a-c390-43a8-a04f-a07954bcecf6,,,Kitchen Equipment,,,300.0,,0,41,Verified
6c91a465-4e6a-4e33-a064-54bbec48228c,1932ea80-c6eb-874e-eca8-12410fa7a608,f060fd98-620b-0d6c-65cd-5090be241589,Furniture,75.62,,500.0,,1,28,Verified
9a4115ff-94dc-47eb-5c92-1e4c30dadfe3,bcf8ffc1-fd5c-f6ab-0453-7a73c73786dd,16d9e7d4-a079-cc9d-1fb4-b96de3cb70dd,Cleaning Issues,,,,,1,29,Low
4f80da01-041a-0f8f-e169-1f258d5f4cfa,14b45048-20d5-74f7-f9ff-825c862c3dd5,f9b73f69-33c8-b36d-daf6-c7078c00692c,Other,,,,,0,2,Low
da4cec39-3df3-80ee-0175-f57aa45ec24f,14b45048-20d5-74f7-f9ff-825c862c3dd5,f9b73f69-33c8-b36d-daf6-c7078c00692c,Billing Issues,,,,,0,2,Low
f700d88b-d513-5f3f-b277-5c4de098b3e5,4b85d836-4912-f7a8-46ac-19256a4ed1d4,d9438ef4-c18e-28ab-44ad-feab7ce72db5,Plumbing,,,,,1,11,Low
28f1244e-46a5-772c-2442-a5265b21139d,4b85d836-4912-f7a8-46ac-19256a4ed1d4,d9438ef4-c18e-28ab-44ad-feab7ce72db5,Washing machine Issue,,,700.0,,1,11,Low
9009488b-d503-a539-4b14-a1d0aab75059,4b85d836-4912-f7a8-46ac-19256a4ed1d4,d9438ef4-c18e-28ab-44ad-feab7ce72db5,Other,,,,,1,11,Low
49fb3511-b543-29b5-ceb6-f1dfc0c34db1,4b85d836-4912-f7a8-46ac-19256a4ed1d4,d9438ef4-c18e-28ab-44ad-feab7ce72db5,Other,,,,,1,11,Low
d34689b0-33a6-38d1-fc9d-e363063efdc1,4b85d836-4912-f7a8-46ac-19256a4ed1d4,d9438ef4-c18e-28ab-44ad-feab7ce72db5,Plumbing,,,,,1,11,Low
ce9e0d69-ad2b-9a1e-ec3e-87b7af65927b,4b85d836-4912-f7a8-46ac-19256a4ed1d4,d9438ef4-c18e-28ab-44ad-feab7ce72db5,Electrical Issues,,,300.0,,1,11,Low
bb3e7bda-ce04-ddbd-c86f-40369ce1b2bc,4b85d836-4912-f7a8-46ac-19256a4ed1d4,d9438ef4-c18e-28ab-44ad-feab7ce72db5,Washing machine Issue,,,700.0,,1,11,Low
32a2c7ab-e977-8bfe-ce83-84f3e827b856,4b85d836-4912-f7a8-46ac-19256a4ed1d4,d9438ef4-c18e-28ab-44ad-feab7ce72db5,Plumbing,,,,,1,11,Low
cf90ed6a-84e2-81f6-e4ad-6cf19d3762c4,4b85d836-4912-f7a8-46ac-19256a4ed1d4,d9438ef4-c18e-28ab-44ad-feab7ce72db5,Washing machine Issue,,,700.0,,1,11,Low
aca386b0-7292-3927-764e-6367f410da06,4b85d836-4912-f7a8-46ac-19256a4ed1d4,d9438ef4-c18e-28ab-44ad-feab7ce72db5,Washing machine Issue,,,700.0,,1,11,Low
74d1e3cf-ee76-4d50-8896-05503b3b9e0f,1932ea80-c6eb-874e-eca8-12410fa7a608,f060fd98-620b-0d6c-65cd-5090be241589,Other,74.23,,,,1,28,Verified
e63ac7d0-1380-d884-da40-c7f53e906ce3,4b85d836-4912-f7a8-46ac-19256a4ed1d4,d9438ef4-c18e-28ab-44ad-feab7ce72db5,Washing machine Issue,,,700.0,,1,11,Low
160d2e75-955e-a6a7-811e-5e4b01104b1f,5fb00f2d-8a0d-5260-0006-da9487a8268d,1de2d676-6b57-57c9-570d-27116c18b3cc,Other,,,,,0,1,Low
2c6d1260-ed14-4d39-8728-59d2af490a65,d257c87f-0e42-048c-8409-362e925d86fc,a7224399-02e5-e81c-026b-031bd1393be8,AC Issues,,,650.0,,0,18,High
8c637cf9-d7b1-4183-4b29-eb5d08c1eaca,d257c87f-0e42-048c-8409-362e925d86fc,a7224399-02e5-e81c-026b-031bd1393be8,Plumbing,,,,,1,18,Low
633c9c62-52a8-6252-ebe4-e07c4157da6e,d257c87f-0e42-048c-8409-362e925d86fc,a7224399-02e5-e81c-026b-031bd1393be8,Cleaning Issues,,,,,1,18,Low
10a7e9c6-a89d-2ded-8da9-bfd9677184fd,d257c87f-0e42-048c-8409-362e925d86fc,a7224399-02e5-e81c-026b-031bd1393be8,Cleaning Issues,,,,,1,18,Low
d1e7f60a-9d05-726a-a8b0-538f18fede55,d257c87f-0e42-048c-8409-362e925d86fc,a7224399-02e5-e81c-026b-031bd1393be8,Cleaning Issues,,,,,1,18,Low
981845c3-de7f-01af-fbd2-1d8f8eaaaf12,d257c87f-0e42-048c-8409-362e925d86fc,a7224399-02e5-e81c-026b-031bd1393be8,Other,,,,,1,18,Low
1a7d2c07-ed92-50de-9fd4-a47975486039,d257c87f-0e42-048c-8409-362e925d86fc,a7224399-02e5-e81c-026b-031bd1393be8,Cleaning Issues,,,,,1,18,Low
5a806119-bcc5-dd17-0b34-2c6d43730967,d257c87f-0e42-048c-8409-362e925d86fc,a7224399-02e5-e81c-026b-031bd1393be8,Cleaning Issues,,,,,1,18,Low
1061922a-6df4-4740-b754-7677e856b7b9,e0174322-3fb7-483f-91a0-61b903ae3e49,e0a547db-d8f2-1e21-a742-6f7c135bd802,Toilet Issues,38.94,,400.0,,0,4,Low
b78672bf-3a6d-43b0-a988-51a5ab493f3e,6f622055-47c5-9b2c-b332-2d5d01953e51,2225fe89-e491-892a-6af9-3161efe26613,Electrical Issues,28.79,,300.0,,0,4,Verified
33aba1c2-3617-474c-a622-dc3f9c58140f,8b018cc7-2387-99c8-5b29-d1ab1f7b635e,f874f74a-642d-0943-eaae-4c54a18982cf,Toilet Issues,17.14,,400.0,,0,8,Low
736faf3e-7bf6-46af-9b45-541ac5062166,491b8136-32a1-37c5-5253-b53ff3991d86,15d608c9-9596-d151-b9c5-21b22647f848,Kitchen Equipment,127.19,,300.0,,0,11,Verified
a9138e2c-ea04-8bab-0d93-2eb03f39b99f,d257c87f-0e42-048c-8409-362e925d86fc,a7224399-02e5-e81c-026b-031bd1393be8,Other,,,,,1,18,Low
88d0ee33-24c8-7df3-99f7-e0ebe4944d5a,d257c87f-0e42-048c-8409-362e925d86fc,a7224399-02e5-e81c-026b-031bd1393be8,Cleaning Issues,,,,,1,18,Low
4a7cba5b-f7b2-5372-cd73-0e5495f0a9b6,d257c87f-0e42-048c-8409-362e925d86fc,a7224399-02e5-e81c-026b-031bd1393be8,Plumbing,,,,,1,18,Low
badc7044-7f80-d9df-7839-fa0827ce90fc,d257c87f-0e42-048c-8409-362e925d86fc,a7224399-02e5-e81c-026b-031bd1393be8,Other,,,,,1,18,Low
b8e5135d-20e0-3eba-6667-7b6fa69881b9,d257c87f-0e42-048c-8409-362e925d86fc,a7224399-02e5-e81c-026b-031bd1393be8,Furniture,,,500.0,,0,18,Low
1f565fcf-6704-cd24-9d04-ce41596e686b,d257c87f-0e42-048c-8409-362e925d86fc,a7224399-02e5-e81c-026b-031bd1393be8,Plumbing,,,,,1,18,Low
e4a9a8e6-63c6-3864-1a81-c1212159b45e,d257c87f-0e42-048c-8409-362e925d86fc,a7224399-02e5-e81c-026b-031bd1393be8,Electrical Issues,,,300.0,,0,18,High
e91ac47d-4cbe-de7c-f430-80c2266996ea,d257c87f-0e42-048c-8409-362e925d86fc,a7224399-02e5-e81c-026b-031bd1393be8,Other,,,,,1,18,Low
659960b4-5804-4736-8e20-c646a5ef5c4b,07734943-434c-4c8b-b1fa-49d7c4e8a7fe,3e28154d-1bfe-92b4-2fff-f295a9f54738,Toilet Issues,38.0,,400.0,,0,8,Verified
c5a466e9-f41a-4436-8a4d-58621227a138,4505ca5d-0961-03c9-5943-ffda2a5ae270,5926f2d3-f34a-ae71-03bd-8c67d6660d49,Electrical Issues,16.95,,300.0,,1,8,Verified
2c7741ed-97b5-0165-0f07-2e10816d9a48,d257c87f-0e42-048c-8409-362e925d86fc,a7224399-02e5-e81c-026b-031bd1393be8,Other,,,,,1,18,Low
62ec3e07-d588-4248-a406-54abbe7097eb,d178a884-0bd1-601d-4cd1-042bac71c6db,9803c12a-e08e-d213-5575-c44623241381,AC Issues,0.59,,650.0,,1,1,Verified
dc8d276b-8b37-3602-9510-0bc552a6ce5c,d257c87f-0e42-048c-8409-362e925d86fc,a7224399-02e5-e81c-026b-031bd1393be8,RO Water Issues,,,300.0,,0,18,Low
88be3487-8eda-fded-78ec-9b5978d7bbfa,1287ac56-adee-78b5-6a6b-56b3e8dd7d48,5dad6c37-ac37-145e-cdc8-33bf5ef05497,Other,,,,,0,1,Low
6fa48ee2-ff5f-07e0-3dbc-f066854a6260,93eb3d6a-d35b-ef1f-83b8-7430b6ad1674,e5f8d124-710a-6c9f-2667-88950dcc7e60,Electrical Issues,,,300.0,,1,14,Low
7c1aeccd-02d9-02b2-5f80-e0a8c995bbb4,93eb3d6a-d35b-ef1f-83b8-7430b6ad1674,e5f8d124-710a-6c9f-2667-88950dcc7e60,RO Water Issues,,,300.0,,1,14,Low
4f685155-35d5-d247-2e3f-2f08f71e94a0,93eb3d6a-d35b-ef1f-83b8-7430b6ad1674,e5f8d124-710a-6c9f-2667-88950dcc7e60,RO Water Issues,,,300.0,,1,14,Low
51267f15-61c6-4af6-8c24-cd0ff614464d,93eb3d6a-d35b-ef1f-83b8-7430b6ad1674,e5f8d124-710a-6c9f-2667-88950dcc7e60,Cleaning Issues,,,,,0,14,Low
7f70738b-24fd-3b01-e161-6ef52deb0381,93eb3d6a-d35b-ef1f-83b8-7430b6ad1674,e5f8d124-710a-6c9f-2667-88950dcc7e60,Furniture,,,500.0,,1,14,Low
f528254a-4243-9753-30de-8c8477c18006,93eb3d6a-d35b-ef1f-83b8-7430b6ad1674,e5f8d124-710a-6c9f-2667-88950dcc7e60,Electrical Issues,,,300.0,,1,14,Low
bbd0d8a1-1699-e9ea-a6e1-beaeec60ee1a,93eb3d6a-d35b-ef1f-83b8-7430b6ad1674,e5f8d124-710a-6c9f-2667-88950dcc7e60,Other,,,,,1,14,Low
a330ffc8-03fa-ec7c-b8c6-1afe0828d04b,93eb3d6a-d35b-ef1f-83b8-7430b6ad1674,e5f8d124-710a-6c9f-2667-88950dcc7e60,Furniture,,,500.0,,1,14,Low
c50579e1-6a2e-452e-a149-b4be524cb522,2c05db07-e980-4d52-a524-1b1ee5185554,e240e3e5-c69e-eb28-28a3-e88cb6561735,Other,120.88,,,,0,2,Low
8a802dd0-9027-63e1-ab3b-e98b9efd86b3,93eb3d6a-d35b-ef1f-83b8-7430b6ad1674,e5f8d124-710a-6c9f-2667-88950dcc7e60,RO Water Issues,,,300.0,,1,14,Low
cc3ee2f8-0614-a044-0e49-2ff157a1b355,93eb3d6a-d35b-ef1f-83b8-7430b6ad1674,e5f8d124-710a-6c9f-2667-88950dcc7e60,Internet Issues,,,,,0,14,Low
3abe357b-e656-064e-0536-bb86c08c657b,93eb3d6a-d35b-ef1f-83b8-7430b6ad1674,e5f8d124-710a-6c9f-2667-88950dcc7e60,Washing machine Issue,,,700.0,,1,14,Low
4a3c32c4-7485-8604-2524-762c54aa246c,e17238d1-34ce-0cbb-4dc0-f65e60ff52f7,22718a42-c413-2da1-bcc2-87755dd1e12b,AC Issues,,,650.0,,0,4,High
44db321f-5e76-e65a-fd8e-343be344266b,e17238d1-34ce-0cbb-4dc0-f65e60ff52f7,22718a42-c413-2da1-bcc2-87755dd1e12b,Electrical Issues,,,300.0,,1,4,High
1260f99f-80fb-7d54-d159-1b325bbe157a,e17238d1-34ce-0cbb-4dc0-f65e60ff52f7,22718a42-c413-2da1-bcc2-87755dd1e12b,Furniture,,,500.0,,0,4,Low
7349071f-e4b0-b3c4-3725-6bc4b923b93b,e17238d1-34ce-0cbb-4dc0-f65e60ff52f7,22718a42-c413-2da1-bcc2-87755dd1e12b,Electrical Issues,,,300.0,,1,4,High
9fbe6091-0a0b-66fa-3ee8-675bfc9f31f7,bdcc24e3-6077-3ea9-b25e-2747d0f07be7,3ba3be35-43a3-79f2-d76c-617b73cd813d,AC Issues,,,650.0,,1,18,High
7c76880a-5502-6704-3e46-176b90129218,bdcc24e3-6077-3ea9-b25e-2747d0f07be7,3ba3be35-43a3-79f2-d76c-617b73cd813d,AC Issues,,,650.0,,1,18,High
bc3bceba-aa02-73f3-4b19-d40f046033ed,bdcc24e3-6077-3ea9-b25e-2747d0f07be7,3ba3be35-43a3-79f2-d76c-617b73cd813d,AC Issues,,,650.0,,1,18,High
78746781-67e6-6007-e70f-7ba79e45cc51,bdcc24e3-6077-3ea9-b25e-2747d0f07be7,3ba3be35-43a3-79f2-d76c-617b73cd813d,AC Issues,,,650.0,,1,18,High
0c5337c9-164e-21cf-81f8-202342521e37,bdcc24e3-6077-3ea9-b25e-2747d0f07be7,3ba3be35-43a3-79f2-d76c-617b73cd813d,AC Issues,,,650.0,,1,18,High
b406781b-bb3d-b4d9-2151-762f561bc3ae,bdcc24e3-6077-3ea9-b25e-2747d0f07be7,3ba3be35-43a3-79f2-d76c-617b73cd813d,AC Issues,,,650.0,,1,18,High
fd823c3e-804b-7a88-c6b4-51593d82b7b0,bdcc24e3-6077-3ea9-b25e-2747d0f07be7,3ba3be35-43a3-79f2-d76c-617b73cd813d,RO Water Issues,,,300.0,,1,18,Low
2935d7db-7d58-825a-bfec-a0b93ff63808,bdcc24e3-6077-3ea9-b25e-2747d0f07be7,3ba3be35-43a3-79f2-d76c-617b73cd813d,Other,,,,,1,18,Low
2008a447-537c-97dd-76c3-728d01af7ce0,bdcc24e3-6077-3ea9-b25e-2747d0f07be7,3ba3be35-43a3-79f2-d76c-617b73cd813d,Other,,,,,1,18,Low
5ad350b1-43d9-ac0f-dd39-728313359724,bdcc24e3-6077-3ea9-b25e-2747d0f07be7,3ba3be35-43a3-79f2-d76c-617b73cd813d,Washing machine Issue,,,700.0,,1,18,Low
9863f959-61f4-677e-1720-a0c5cbe621d5,bdcc24e3-6077-3ea9-b25e-2747d0f07be7,3ba3be35-43a3-79f2-d76c-617b73cd813d,Electrical Issues,,,300.0,,0,18,High
7545e4b6-686a-973a-8b96-a070810bcf6c,bdcc24e3-6077-3ea9-b25e-2747d0f07be7,3ba3be35-43a3-79f2-d76c-617b73cd813d,Other,,,,,1,18,Low
b1787bae-d6e8-4586-8858-0cb87ce35efc,,43a9bdbb-3395-d921-f3e4-2c43057aa600,Furniture,101.16,,500.0,,1,41,Verified
cb8dda0f-5045-04bf-3219-d58dcf7c019d,bdcc24e3-6077-3ea9-b25e-2747d0f07be7,3ba3be35-43a3-79f2-d76c-617b73cd813d,Plumbing,,,,,0,18,Low
ca550b88-899a-0e4f-ae42-fdab678d02ff,0fb589f6-3d4d-9f65-70ec-ffc208b12ba1,7aa135ce-55b9-8787-a51c-fa6c42aad3b2,AC Issues,,,650.0,,1,3,Low
484c2aa6-749c-3b2d-a16d-9a72c367d8ab,0fb589f6-3d4d-9f65-70ec-ffc208b12ba1,7aa135ce-55b9-8787-a51c-fa6c42aad3b2,Other,,,,,0,3,Low
e2d05f99-3315-2702-b694-9981599b8ba9,0fb589f6-3d4d-9f65-70ec-ffc208b12ba1,7aa135ce-55b9-8787-a51c-fa6c42aad3b2,Washing machine Issue,,,700.0,,0,3,Low
b4b9567f-226d-69c0-ac66-80c7237f2e65,17d13989-4f37-42a8-1eb2-88b2df3a9692,4692433b-f9b8-9bdd-a2ff-4cd11d36de58,AC Issues,,,650.0,,0,1,Low
2174b8b1-3e92-f759-bd00-afaa660091bd,e43d640c-3d0c-c63c-52af-626feca768b5,77dab2f4-7c09-59d1-5a0a-8473cdf46d8d,Plumbing,,,,,1,6,Low
e9700c8e-553c-4ec3-0fee-24bcd992e599,e43d640c-3d0c-c63c-52af-626feca768b5,77dab2f4-7c09-59d1-5a0a-8473cdf46d8d,Internet Issues,,,,,1,6,Low
c54e7167-c417-43db-6d97-e6f62797743d,e43d640c-3d0c-c63c-52af-626feca768b5,77dab2f4-7c09-59d1-5a0a-8473cdf46d8d,Washing machine Issue,,,700.0,,1,6,Low
d3d079a0-12a0-14db-7072-c46c8321953d,e43d640c-3d0c-c63c-52af-626feca768b5,77dab2f4-7c09-59d1-5a0a-8473cdf46d8d,Plumbing,,,,,1,6,Low
d0bb547e-b1b5-627c-5559-53e6b377e3e4,e43d640c-3d0c-c63c-52af-626feca768b5,77dab2f4-7c09-59d1-5a0a-8473cdf46d8d,Plumbing,,,,,1,6,Low
39303148-fb33-05ae-a87c-0e4f44503f2e,e43d640c-3d0c-c63c-52af-626feca768b5,77dab2f4-7c09-59d1-5a0a-8473cdf46d8d,Plumbing,,,,,1,6,Low
1343d3e0-662a-f1f6-4efa-dbdac1db41b9,2631ddfd-660e-8719-1876-82cf88e13a60,98fd7f93-0ba0-1cf1-aa22-36fa6d3816ed,RO Water Issues,,,300.0,,1,10,Low
46a341b3-6984-6efc-f4b9-af7acc22228e,2631ddfd-660e-8719-1876-82cf88e13a60,98fd7f93-0ba0-1cf1-aa22-36fa6d3816ed,Plumbing,,,,,1,10,Low
ceaf797f-d3ee-4198-0e34-827df4c659ff,2631ddfd-660e-8719-1876-82cf88e13a60,98fd7f93-0ba0-1cf1-aa22-36fa6d3816ed,AC Issues,,,650.0,,1,10,High
5fef2cd7-c5d2-41ce-c610-e92463d0cd20,2631ddfd-660e-8719-1876-82cf88e13a60,98fd7f93-0ba0-1cf1-aa22-36fa6d3816ed,Plumbing,,,,,1,10,Low
cc29e194-f2c7-a160-4f8a-1054aea369c7,2631ddfd-660e-8719-1876-82cf88e13a60,98fd7f93-0ba0-1cf1-aa22-36fa6d3816ed,AC Issues,,,650.0,,1,10,High
07ca5293-2777-3e16-9b23-ea4ecf5b881e,0a550b32-ac5f-efb6-6d3b-e9975e20a82d,d896c15c-52be-8a4e-6bcf-b598f12b31af,Electrical Issues,,,300.0,,1,7,Low
4cd40f9b-bb6c-13c2-9d3c-c9c28be825f2,0a550b32-ac5f-efb6-6d3b-e9975e20a82d,d896c15c-52be-8a4e-6bcf-b598f12b31af,Other,,,,,1,7,Low
04962a31-7e9f-26df-9c86-6d787aeb69ad,0a550b32-ac5f-efb6-6d3b-e9975e20a82d,d896c15c-52be-8a4e-6bcf-b598f12b31af,Electrical Issues,,,300.0,,1,7,Low
1bcce9be-ab68-8fc7-6ddb-b30c01ab984b,0a550b32-ac5f-efb6-6d3b-e9975e20a82d,d896c15c-52be-8a4e-6bcf-b598f12b31af,AC Issues,,,650.0,,1,7,Low
7b4ec106-b4d2-ceaf-4938-59f0fc3b81b4,0a550b32-ac5f-efb6-6d3b-e9975e20a82d,d896c15c-52be-8a4e-6bcf-b598f12b31af,Other,,,,,1,7,Low
399d8292-331b-912a-28bb-50674faae87e,0a550b32-ac5f-efb6-6d3b-e9975e20a82d,d896c15c-52be-8a4e-6bcf-b598f12b31af,AC Issues,,,650.0,,1,7,Low
d3d64a71-5d62-0674-6fe7-29c2a1605089,0a550b32-ac5f-efb6-6d3b-e9975e20a82d,d896c15c-52be-8a4e-6bcf-b598f12b31af,Other,,,,,1,7,Low
d667ecae-ad30-7f56-4353-ac60328b5e2a,876bcc88-d210-8a14-5197-f2062208f7a3,25cdb264-370f-4be0-5004-6aeb735c94aa,Internet Issues,,,,,0,13,Low
2aaa84fc-cda7-95e1-9e7a-0036868a5b30,876bcc88-d210-8a14-5197-f2062208f7a3,25cdb264-370f-4be0-5004-6aeb735c94aa,Other,,,,,1,13,Low
c38f19a3-aee5-951e-eed6-d03a0e5f1269,876bcc88-d210-8a14-5197-f2062208f7a3,25cdb264-370f-4be0-5004-6aeb735c94aa,RO Water Issues,,,300.0,,0,13,Low
7115c973-7e6f-e003-5c75-3b4fb2e807e2,876bcc88-d210-8a14-5197-f2062208f7a3,25cdb264-370f-4be0-5004-6aeb735c94aa,Plumbing,,,,,0,13,Low
f0f69534-94b0-a650-d80d-135356da12fb,876bcc88-d210-8a14-5197-f2062208f7a3,25cdb264-370f-4be0-5004-6aeb735c94aa,Fridge Issues,,,550.0,,0,13,Low
fe24cfe4-0753-749a-0039-82760b6ecc79,876bcc88-d210-8a14-5197-f2062208f7a3,25cdb264-370f-4be0-5004-6aeb735c94aa,AC Issues,,,650.0,,1,13,Low
a212b27f-92ed-857a-77b3-a26d9e0f652c,876bcc88-d210-8a14-5197-f2062208f7a3,25cdb264-370f-4be0-5004-6aeb735c94aa,Other,,,,,1,13,Low
75f53352-8d66-6e0b-5432-d0b1f5cdcf5d,876bcc88-d210-8a14-5197-f2062208f7a3,25cdb264-370f-4be0-5004-6aeb735c94aa,AC Issues,,,650.0,,1,13,Low
20dd9eba-2697-f9a5-66fe-67bc7809db5a,876bcc88-d210-8a14-5197-f2062208f7a3,aa6faaa7-b2dc-3312-7b5d-91d48f1f2711,Billing Issues,,,,,1,13,Low
3e94b85f-789e-6568-b2fa-09c6b9f029fc,876bcc88-d210-8a14-5197-f2062208f7a3,aa6faaa7-b2dc-3312-7b5d-91d48f1f2711,Billing Issues,,,,,1,13,Low
c7d320ae-173d-0678-125c-952d6d2e27b3,876bcc88-d210-8a14-5197-f2062208f7a3,aa6faaa7-b2dc-3312-7b5d-91d48f1f2711,Plumbing,,,,,0,13,Low
35f03b5e-ed32-9da7-723d-c55a6e237448,876bcc88-d210-8a14-5197-f2062208f7a3,aa6faaa7-b2dc-3312-7b5d-91d48f1f2711,Cleaning Issues,,,,,0,13,Low
a3c545a1-0dc6-685a-c0cc-0f35b3c125a5,876bcc88-d210-8a14-5197-f2062208f7a3,aa6faaa7-b2dc-3312-7b5d-91d48f1f2711,Other,,,,,0,13,Low
c9336ea3-3cf8-4337-4133-60731a85ef41,8490df60-3137-5590-8517-f882a6cff021,717b9b58-969a-8452-088a-972edaf5da24,Electrical Issues,,,300.0,,0,1,Low
272f0d92-688b-090a-9859-a3de84de0135,c2329858-525d-2f70-5e31-bf9a8358eb3e,5bc695a1-231f-0c21-1a51-b7c3e9e1ea7d,RO Water Issues,,,300.0,,1,3,Low
5a4e7d25-05b9-6a79-7ddc-7b359e089390,c2329858-525d-2f70-5e31-bf9a8358eb3e,5bc695a1-231f-0c21-1a51-b7c3e9e1ea7d,RO Water Issues,,,300.0,,1,3,Low
fa7f2f86-209a-b3e7-1c29-8c2351e2d432,7d26a731-5027-abff-a77e-ce35303b21f6,83a7b624-6ba5-7e9f-53eb-acd6d0ab5bb4,Other,,,,,1,2,Low
000ecd4e-efeb-8b6a-1011-b861a148ab95,7d26a731-5027-abff-a77e-ce35303b21f6,83a7b624-6ba5-7e9f-53eb-acd6d0ab5bb4,Other,,,,,1,2,Low
525759ba-bfa8-cafb-f399-0bd166f512e4,d58d1d2f-e65b-7705-8ac2-996da0cf28c4,b67440c5-1089-ccdb-bb31-3211a4ee4d0e,Other,,,,,1,7,Low
a834794b-c55c-955a-d7ed-17c88725bea0,d58d1d2f-e65b-7705-8ac2-996da0cf28c4,b67440c5-1089-ccdb-bb31-3211a4ee4d0e,AC Issues,,,650.0,,1,7,High
710e45cb-8cc5-3423-494f-45d44e23a495,d58d1d2f-e65b-7705-8ac2-996da0cf28c4,b67440c5-1089-ccdb-bb31-3211a4ee4d0e,Furniture,,,500.0,,1,7,Medium
aa1a4e43-abeb-1420-46d8-ee2a7476c868,d58d1d2f-e65b-7705-8ac2-996da0cf28c4,b67440c5-1089-ccdb-bb31-3211a4ee4d0e,Other,,,,,1,7,Low
3514fadd-6adf-e82d-b42f-5b5b1cfee140,d58d1d2f-e65b-7705-8ac2-996da0cf28c4,b67440c5-1089-ccdb-bb31-3211a4ee4d0e,AC Issues,,,650.0,,1,7,High
d87fb98a-2c29-3aa7-b73f-6e66c6816daa,d58d1d2f-e65b-7705-8ac2-996da0cf28c4,b67440c5-1089-ccdb-bb31-3211a4ee4d0e,Furniture,,,500.0,,1,7,Medium
d16c55ca-5726-898b-d70a-868dd7c1c3e9,d58d1d2f-e65b-7705-8ac2-996da0cf28c4,b67440c5-1089-ccdb-bb31-3211a4ee4d0e,Plumbing,,,,,0,7,Low
6a2bec8f-cf3f-bcb6-2628-0a65c6101104,9653a402-ff75-bbdf-8cc6-1cb0ca01f233,c2468504-0b8f-0d2a-dded-dff98fde1028,AC Issues,,,650.0,,0,7,Low
a1737b82-8efb-1c81-fd17-e3e4925e34d2,9653a402-ff75-bbdf-8cc6-1cb0ca01f233,c2468504-0b8f-0d2a-dded-dff98fde1028,Other,,,,,0,7,Low
f94be875-b53d-855e-3154-8cd7462d6682,9653a402-ff75-bbdf-8cc6-1cb0ca01f233,c2468504-0b8f-0d2a-dded-dff98fde1028,RO Water Issues,,,300.0,,0,7,Low
cf513d7d-2a03-f7be-f560-270f77ced0d2,9653a402-ff75-bbdf-8cc6-1cb0ca01f233,c2468504-0b8f-0d2a-dded-dff98fde1028,Furniture,,,500.0,,0,7,Medium
37b44064-8cea-80be-279a-6cf16d20c97c,276b5368-040e-e40e-948d-d1159a743920,caf1f559-25d7-959b-c416-cb63f4ded6cc,Electrical Issues,,,300.0,,1,12,High
1054b931-6258-e04c-6cbe-223161c1d0be,276b5368-040e-e40e-948d-d1159a743920,caf1f559-25d7-959b-c416-cb63f4ded6cc,Plumbing,,,,,1,12,Low
67c6eb85-b7d3-687e-b269-33e78554a2fe,276b5368-040e-e40e-948d-d1159a743920,caf1f559-25d7-959b-c416-cb63f4ded6cc,Electrical Issues,,,300.0,,1,12,High
473cffe2-6679-00f5-c199-450fca59dda6,276b5368-040e-e40e-948d-d1159a743920,caf1f559-25d7-959b-c416-cb63f4ded6cc,Electrical Issues,,,300.0,,1,12,High
e789a249-4377-8723-2e82-7e0d74c4c214,276b5368-040e-e40e-948d-d1159a743920,caf1f559-25d7-959b-c416-cb63f4ded6cc,Other,,,,,1,12,Low
95f8cf49-fc82-79cb-a2e0-c4fb2da6992f,276b5368-040e-e40e-948d-d1159a743920,caf1f559-25d7-959b-c416-cb63f4ded6cc,AC Issues,,,650.0,,1,12,High
3b755d32-0f1a-6810-0e79-907e3d062ab3,276b5368-040e-e40e-948d-d1159a743920,caf1f559-25d7-959b-c416-cb63f4ded6cc,Other,,,,,1,12,Low
4d723aeb-5e07-1412-05d5-b19e242c249b,276b5368-040e-e40e-948d-d1159a743920,caf1f559-25d7-959b-c416-cb63f4ded6cc,Furniture,,,500.0,,0,12,Low
14f23ec9-b24c-6439-37b3-f63e288a2e83,276b5368-040e-e40e-948d-d1159a743920,caf1f559-25d7-959b-c416-cb63f4ded6cc,AC Issues,,,650.0,,1,12,High
8880f2fd-e054-2496-7d85-79927381fb7f,276b5368-040e-e40e-948d-d1159a743920,caf1f559-25d7-959b-c416-cb63f4ded6cc,Washing machine Issue,,,700.0,,1,12,Low
a3132746-bf03-fe3a-93a2-aeb762ecfcf2,6dd50e39-9843-4442-cc09-3b49fbe97fb9,b8e2da25-71c4-1b06-f7dd-e06f7f8f7741,Furniture,,,500.0,,0,17,Medium
8c8d2825-6b75-cb1c-1b01-99a5cc58e3b6,6dd50e39-9843-4442-cc09-3b49fbe97fb9,b8e2da25-71c4-1b06-f7dd-e06f7f8f7741,Plumbing,,,,,1,17,Low
becea167-181c-ea20-98a5-e457e3fc2077,6dd50e39-9843-4442-cc09-3b49fbe97fb9,b8e2da25-71c4-1b06-f7dd-e06f7f8f7741,RO Water Issues,,,300.0,,1,17,Low
99709500-2777-735a-b86f-11644a31d6b3,6dd50e39-9843-4442-cc09-3b49fbe97fb9,b8e2da25-71c4-1b06-f7dd-e06f7f8f7741,Washing machine Issue,,,700.0,,1,17,Low
86d13ed1-e5d1-ddae-17c2-f840db540052,6dd50e39-9843-4442-cc09-3b49fbe97fb9,b8e2da25-71c4-1b06-f7dd-e06f7f8f7741,Plumbing,,,,,1,17,Low
b558cf98-8867-7e04-f928-35170d57165f,6dd50e39-9843-4442-cc09-3b49fbe97fb9,b8e2da25-71c4-1b06-f7dd-e06f7f8f7741,Plumbing,,,,,1,17,Low
6af2a08f-b861-2815-6c81-3e37eb606bd7,6dd50e39-9843-4442-cc09-3b49fbe97fb9,b8e2da25-71c4-1b06-f7dd-e06f7f8f7741,Washing machine Issue,,,700.0,,1,17,Low
8474a0ad-d852-096f-e93b-550654ed63ee,6dd50e39-9843-4442-cc09-3b49fbe97fb9,b8e2da25-71c4-1b06-f7dd-e06f7f8f7741,Plumbing,,,,,1,17,Low
5fb582ea-e39e-7894-bad2-0690b24e5372,6dd50e39-9843-4442-cc09-3b49fbe97fb9,b8e2da25-71c4-1b06-f7dd-e06f7f8f7741,AC Issues,,,650.0,,1,17,Low
09f891e4-800a-9466-9d6d-901b91280d4b,6dd50e39-9843-4442-cc09-3b49fbe97fb9,b8e2da25-71c4-1b06-f7dd-e06f7f8f7741,RO Water Issues,,,300.0,,1,17,Low
f68ef872-15fe-196e-0870-d005777d5740,6dd50e39-9843-4442-cc09-3b49fbe97fb9,b8e2da25-71c4-1b06-f7dd-e06f7f8f7741,RO Water Issues,,,300.0,,1,17,Low
8a767531-6242-8f65-d47b-13865f23a709,6dd50e39-9843-4442-cc09-3b49fbe97fb9,b8e2da25-71c4-1b06-f7dd-e06f7f8f7741,Plumbing,,,,,1,17,Low
36c3a9da-e0cd-c718-faf0-2ca9506f9483,6dd50e39-9843-4442-cc09-3b49fbe97fb9,b8e2da25-71c4-1b06-f7dd-e06f7f8f7741,Electrical Issues,,,300.0,,0,17,Low
5f906ac8-ea94-7bf1-6ab4-04c17cf1240c,890d247c-e472-92eb-0db7-ca3bc375622c,f226894e-3765-1bd7-6cda-03e887bc56b3,Washing machine Issue,,,700.0,,1,8,Low
4a900ffa-6511-3296-e676-cbb41bc6c6b5,890d247c-e472-92eb-0db7-ca3bc375622c,f226894e-3765-1bd7-6cda-03e887bc56b3,Washing machine Issue,,,700.0,,1,8,Low
cd9cb94d-c5fc-5a9e-ca80-fc2c96baa9fb,890d247c-e472-92eb-0db7-ca3bc375622c,f226894e-3765-1bd7-6cda-03e887bc56b3,Washing machine Issue,,,700.0,,1,8,Low
07dd8741-471c-8d37-22cc-cf68a4376187,890d247c-e472-92eb-0db7-ca3bc375622c,f226894e-3765-1bd7-6cda-03e887bc56b3,Other,,,,,1,8,Low
1092389b-0072-6ff5-1052-ebd37ceed780,890d247c-e472-92eb-0db7-ca3bc375622c,f226894e-3765-1bd7-6cda-03e887bc56b3,AC Issues,,,650.0,,1,8,Low
c872d60e-c5fb-ab8f-cb8e-a2d141f5e637,890d247c-e472-92eb-0db7-ca3bc375622c,f226894e-3765-1bd7-6cda-03e887bc56b3,AC Issues,,,650.0,,1,8,Low
17548ff8-6ece-9208-3526-7668872174ca,890d247c-e472-92eb-0db7-ca3bc375622c,f226894e-3765-1bd7-6cda-03e887bc56b3,Electrical Issues,,,300.0,,1,8,Low
961ae242-f5aa-8ba5-a134-338cee740c13,890d247c-e472-92eb-0db7-ca3bc375622c,f226894e-3765-1bd7-6cda-03e887bc56b3,Plumbing,,,,,0,8,Low
ea5bad9b-b2b8-ec88-b92d-0e7b1a618a6e,3e50af3d-452f-d098-b3bc-3c2a64576d55,fc9765ca-aee5-6f71-e441-e12679f0bb12,Other,,,,,1,3,Low
3a1a56fb-b17e-4ff6-96dc-19b7cb2d6331,3e50af3d-452f-d098-b3bc-3c2a64576d55,fc9765ca-aee5-6f71-e441-e12679f0bb12,Other,,,,,1,3,Low
e1b5db30-a002-7185-934a-a9366d36ab0a,7be75b79-f4d2-a3ec-18cf-fb08513feeb7,5926f2d3-f34a-ae71-03bd-8c67d6660d49,RO Water Issues,,,300.0,,1,1,Low
b5d43f4c-a666-ff29-d326-42d925349ecd,0ccf966f-d23f-4994-fedc-211f2f60aa4f,d0c84d1e-4238-9b66-8d10-7665d8e44980,Electrical Issues,,,300.0,,0,2,Low
e63d37e6-72be-e63c-e866-c720d54f45c3,0ccf966f-d23f-4994-fedc-211f2f60aa4f,d0c84d1e-4238-9b66-8d10-7665d8e44980,AC Issues,,,650.0,,1,2,Low
bf3282aa-4a76-3cd6-e2e2-9a991cbf09b0,03ce56c0-8798-b95d-7125-311b80363e74,f9b73f69-33c8-b36d-daf6-c7078c00692c,Electrical Issues,,,300.0,,1,10,High
b0f23ed9-93bd-d3c3-c28b-b68a176da951,03ce56c0-8798-b95d-7125-311b80363e74,f9b73f69-33c8-b36d-daf6-c7078c00692c,Electrical Issues,,,300.0,,1,10,High
c5196469-736b-1fc9-c88f-03d0369cfc1b,03ce56c0-8798-b95d-7125-311b80363e74,f9b73f69-33c8-b36d-daf6-c7078c00692c,Plumbing,,,,,1,10,Low
d6082536-b155-c9ed-c884-34e47cfb5fd1,03ce56c0-8798-b95d-7125-311b80363e74,f9b73f69-33c8-b36d-daf6-c7078c00692c,Plumbing,,,,,1,10,Low
5b15bd91-c25b-f47b-070d-e092172bce46,03ce56c0-8798-b95d-7125-311b80363e74,f9b73f69-33c8-b36d-daf6-c7078c00692c,Plumbing,,,,,1,10,Low
eead3b6a-d489-649b-4c95-5a676786a5ad,03ce56c0-8798-b95d-7125-311b80363e74,f9b73f69-33c8-b36d-daf6-c7078c00692c,Electrical Issues,,,300.0,,1,10,High
1d7b9442-855e-49fc-fe9d-5936a5e94053,03ce56c0-8798-b95d-7125-311b80363e74,f9b73f69-33c8-b36d-daf6-c7078c00692c,Electrical Issues,,,300.0,,1,10,High
cb0122d3-b3f1-a15b-dd3b-5dd6a106344b,03ce56c0-8798-b95d-7125-311b80363e74,f9b73f69-33c8-b36d-daf6-c7078c00692c,Electrical Issues,,,300.0,,1,10,High
7ed612c2-7263-7df0-fef7-ca70e2346fba,03ce56c0-8798-b95d-7125-311b80363e74,f9b73f69-33c8-b36d-daf6-c7078c00692c,Electrical Issues,,,300.0,,1,10,High
b4b139c4-5f07-df8d-4dde-e0de3838a827,c09e703c-d287-38c8-d1c1-239145e17df9,bb071334-4646-5a4c-51c0-633d5b3db352,RO Water Issues,,,300.0,,0,7,Low
9bb84a51-aad1-34e8-c0ce-27ce36e92c88,c09e703c-d287-38c8-d1c1-239145e17df9,bb071334-4646-5a4c-51c0-633d5b3db352,Internet Issues,,,,,0,7,Low
a32f3f1d-4037-9d92-536a-bab43993385f,c09e703c-d287-38c8-d1c1-239145e17df9,bb071334-4646-5a4c-51c0-633d5b3db352,Other,,,,,0,7,Low
1c7f0fd1-69b3-9974-9529-e09acef7dadf,c09e703c-d287-38c8-d1c1-239145e17df9,bb071334-4646-5a4c-51c0-633d5b3db352,Plumbing,,,,,1,7,Low
ae52d7af-c890-08ff-1115-6ddd99ab2582,c09e703c-d287-38c8-d1c1-239145e17df9,bb071334-4646-5a4c-51c0-633d5b3db352,Plumbing,,,,,1,7,Low
25821fed-d2cb-bc55-d48c-15dc576c0b0a,c09e703c-d287-38c8-d1c1-239145e17df9,bb071334-4646-5a4c-51c0-633d5b3db352,AC Issues,,,650.0,,0,7,High
9f4f582e-815e-fc9e-9c2b-1ec7aab9b567,5a97c1a1-f33d-ce97-6ee2-069836e0f76b,f874f74a-642d-0943-eaae-4c54a18982cf,AC Issues,,,650.0,,1,3,Low
145d4767-32c5-5c11-a36b-154c53174cac,5a97c1a1-f33d-ce97-6ee2-069836e0f76b,f874f74a-642d-0943-eaae-4c54a18982cf,Plumbing,,,,,1,3,Low
a57be028-429e-3af4-38c8-28d8da1fa085,5a97c1a1-f33d-ce97-6ee2-069836e0f76b,f874f74a-642d-0943-eaae-4c54a18982cf,Cleaning Issues,,,,,0,3,Low
efc165ef-b485-4535-3dbe-75129cbd9f5a,716b820e-fef7-dcf3-34be-914835261361,96eb4dcb-a6ae-3881-7690-8a119a4506bc,Electrical Issues,,,300.0,,1,5,High
b9971b18-d458-52fe-ef12-03c3e9b45284,716b820e-fef7-dcf3-34be-914835261361,96eb4dcb-a6ae-3881-7690-8a119a4506bc,AC Issues,,,650.0,,1,5,High
2043bae8-3194-b27c-ed6c-1f618c179f71,716b820e-fef7-dcf3-34be-914835261361,96eb4dcb-a6ae-3881-7690-8a119a4506bc,AC Issues,,,650.0,,1,5,High
75e91e3f-6144-f9cb-f594-d28327caa217,716b820e-fef7-dcf3-34be-914835261361,96eb4dcb-a6ae-3881-7690-8a119a4506bc,Cleaning Issues,,,,,0,5,Low
796569b1-7443-bfd0-78a5-08912f5e38af,716b820e-fef7-dcf3-34be-914835261361,96eb4dcb-a6ae-3881-7690-8a119a4506bc,RO Water Issues,,,300.0,,0,5,Low
97eb9168-61dc-8e8c-d494-8eee5d4011d9,251051cf-e3b5-5d37-918f-bf22b4875790,0b49669f-6579-fa2c-a871-13f7c9f46ae6,Washing machine Issue,,,700.0,,1,22,Low
41e93d4f-9a16-82c8-57c5-9b98854f71da,251051cf-e3b5-5d37-918f-bf22b4875790,0b49669f-6579-fa2c-a871-13f7c9f46ae6,AC Issues,,,650.0,,1,22,High
1cae60e8-dbb2-ce52-79bd-f0bd7fd3b0e5,251051cf-e3b5-5d37-918f-bf22b4875790,0b49669f-6579-fa2c-a871-13f7c9f46ae6,Cleaning Issues,,,,,0,22,Low
014acb2c-befd-2ad4-a2a5-1b6ec4cd5c3f,251051cf-e3b5-5d37-918f-bf22b4875790,0b49669f-6579-fa2c-a871-13f7c9f46ae6,AC Issues,,,650.0,,1,22,High
05943b5e-03d4-8c35-5d07-33ae79c63f78,251051cf-e3b5-5d37-918f-bf22b4875790,0b49669f-6579-fa2c-a871-13f7c9f46ae6,RO Water Issues,,,300.0,,1,22,Low
ce727e74-0aff-2cd2-a13a-73c3371f8b52,251051cf-e3b5-5d37-918f-bf22b4875790,0b49669f-6579-fa2c-a871-13f7c9f46ae6,Plumbing,,,,,1,22,Low
389711c4-a25b-9e60-494e-916051640061,251051cf-e3b5-5d37-918f-bf22b4875790,0b49669f-6579-fa2c-a871-13f7c9f46ae6,Other,,,,,1,22,Low
b82ee78f-e773-f4d6-adab-69b2f59fc030,251051cf-e3b5-5d37-918f-bf22b4875790,0b49669f-6579-fa2c-a871-13f7c9f46ae6,AC Issues,,,650.0,,1,22,High
90d9ad72-b61d-cc56-b875-9ab68aa1bb46,251051cf-e3b5-5d37-918f-bf22b4875790,0b49669f-6579-fa2c-a871-13f7c9f46ae6,Washing machine Issue,,,700.0,,1,22,Low
e32442d6-f18e-d1f1-0836-7a155cd787a3,251051cf-e3b5-5d37-918f-bf22b4875790,0b49669f-6579-fa2c-a871-13f7c9f46ae6,Washing machine Issue,,,700.0,,1,22,Low
4e7b7a17-bb04-272c-49c0-ba63889992ce,251051cf-e3b5-5d37-918f-bf22b4875790,0b49669f-6579-fa2c-a871-13f7c9f46ae6,Washing machine Issue,,,700.0,,1,22,Low
477b8b5e-44bc-cf7f-3f3c-e1d676d8b3f2,251051cf-e3b5-5d37-918f-bf22b4875790,0b49669f-6579-fa2c-a871-13f7c9f46ae6,Plumbing,,,,,1,22,Low
0076e2fd-ff3a-a068-9a6d-58472f2045c0,251051cf-e3b5-5d37-918f-bf22b4875790,0b49669f-6579-fa2c-a871-13f7c9f46ae6,Plumbing,,,,,1,22,Low
c089c97d-947e-84d4-0423-5f96dcc71710,251051cf-e3b5-5d37-918f-bf22b4875790,0b49669f-6579-fa2c-a871-13f7c9f46ae6,Washing machine Issue,,,700.0,,1,22,Low
ae4a555c-71ae-f1ba-a3bd-db1cdd0c8f6a,251051cf-e3b5-5d37-918f-bf22b4875790,0b49669f-6579-fa2c-a871-13f7c9f46ae6,Furniture,,,500.0,,1,22,Low
51a08f03-4b9b-dfb9-3ae7-c2c2303ce8cb,251051cf-e3b5-5d37-918f-bf22b4875790,0b49669f-6579-fa2c-a871-13f7c9f46ae6,RO Water Issues,,,300.0,,1,22,Low
91d05d3e-89f1-081d-20d7-8bfa97aec383,251051cf-e3b5-5d37-918f-bf22b4875790,0b49669f-6579-fa2c-a871-13f7c9f46ae6,Other,,,,,1,22,Low
ce172fc4-b6aa-abc1-33eb-59ce80c099dc,251051cf-e3b5-5d37-918f-bf22b4875790,0b49669f-6579-fa2c-a871-13f7c9f46ae6,Other,,,,,1,22,Low
f845bcba-1d96-7e1b-6d6c-8ccbdd3f5a2e,251051cf-e3b5-5d37-918f-bf22b4875790,0b49669f-6579-fa2c-a871-13f7c9f46ae6,Electrical Issues,,,300.0,,0,22,High
b9539b9e-c5ea-9083-29af-3d8fd832a9f4,251051cf-e3b5-5d37-918f-bf22b4875790,0b49669f-6579-fa2c-a871-13f7c9f46ae6,Washing machine Issue,,,700.0,,1,22,Low
95bd678b-7846-3fea-8884-204e2297bcf4,251051cf-e3b5-5d37-918f-bf22b4875790,0b49669f-6579-fa2c-a871-13f7c9f46ae6,Other,,,,,1,22,Low
d5bf54c4-687e-3a14-6652-f9ef56f411cf,abd9f8e2-40f4-994c-f326-8ad6c939bb6a,75895052-85e6-0a26-47e6-53c1e763d4da,Furniture,,,500.0,,1,10,Low
3018c82b-f528-61af-214b-15ca0ef8c47a,abd9f8e2-40f4-994c-f326-8ad6c939bb6a,75895052-85e6-0a26-47e6-53c1e763d4da,Furniture,,,500.0,,1,10,Low
a977ff65-0de9-5c26-06b6-a4cc56b18734,abd9f8e2-40f4-994c-f326-8ad6c939bb6a,75895052-85e6-0a26-47e6-53c1e763d4da,Cleaning Issues,,,,,1,10,Low
2a81ca66-0a1e-c394-4274-a520ddc66590,abd9f8e2-40f4-994c-f326-8ad6c939bb6a,75895052-85e6-0a26-47e6-53c1e763d4da,Cleaning Issues,,,,,1,10,Low
571c40ae-7caa-7a6b-e687-aecf298761ec,abd9f8e2-40f4-994c-f326-8ad6c939bb6a,75895052-85e6-0a26-47e6-53c1e763d4da,Other,,,,,1,10,Low
32ef6d67-4209-24af-0f24-e3525cec4dd8,abd9f8e2-40f4-994c-f326-8ad6c939bb6a,75895052-85e6-0a26-47e6-53c1e763d4da,AC Issues,,,650.0,,1,10,Medium
3a78ee76-a177-acee-e030-45852a756f14,abd9f8e2-40f4-994c-f326-8ad6c939bb6a,75895052-85e6-0a26-47e6-53c1e763d4da,Cleaning Issues,,,,,1,10,Low
fb3a63f4-4ce1-1a20-fb92-7f45be05dbfb,abd9f8e2-40f4-994c-f326-8ad6c939bb6a,75895052-85e6-0a26-47e6-53c1e763d4da,Cleaning Issues,,,,,1,10,Low
1ee62743-770b-5234-e263-41dc6fe2d655,abd9f8e2-40f4-994c-f326-8ad6c939bb6a,75895052-85e6-0a26-47e6-53c1e763d4da,Electrical Issues,,,300.0,,1,10,High
630d09d3-0e15-6eb7-dacf-f273fc551fdc,abd9f8e2-40f4-994c-f326-8ad6c939bb6a,75895052-85e6-0a26-47e6-53c1e763d4da,Plumbing,,,,,1,10,Low
06b68349-389b-2128-2c42-ccd288dc9c55,2b785f57-1c4f-d4a8-d486-b69e7b2db5bc,c4a7862a-03e1-25e3-920f-248bbf96eb07,Plumbing,,,,,1,6,Low
a559bcc2-1a4a-cd0d-c2c0-0c3690a471e0,2b785f57-1c4f-d4a8-d486-b69e7b2db5bc,c4a7862a-03e1-25e3-920f-248bbf96eb07,RO Water Issues,,,300.0,,0,6,Low
430d8e3d-cd0e-e4c7-650d-b4030914b6de,2b785f57-1c4f-d4a8-d486-b69e7b2db5bc,c4a7862a-03e1-25e3-920f-248bbf96eb07,Other,,,,,1,6,Low
2be858da-cb47-720f-3d6a-ce43bf82799c,2b785f57-1c4f-d4a8-d486-b69e7b2db5bc,c4a7862a-03e1-25e3-920f-248bbf96eb07,AC Issues,,,650.0,,0,6,Medium
45c8c911-2871-0e47-599e-c0d08ebbd28c,2b785f57-1c4f-d4a8-d486-b69e7b2db5bc,c4a7862a-03e1-25e3-920f-248bbf96eb07,Other,,,,,1,6,Low
a2826655-ab5f-ab3f-2892-ae07e1505399,1b003ea3-bdcb-0416-c3c2-8ff60f2f65f5,1a0c6b87-ff3f-bbf9-8751-3b329d6b9911,Plumbing,,,,,1,9,Low
294332a5-eef9-a55b-f9e8-0b32b07fa7ec,1b003ea3-bdcb-0416-c3c2-8ff60f2f65f5,1a0c6b87-ff3f-bbf9-8751-3b329d6b9911,AC Issues,,,650.0,,1,9,Low
3c6d0938-c313-cf05-bf3b-fcba50ad70fe,1b003ea3-bdcb-0416-c3c2-8ff60f2f65f5,1a0c6b87-ff3f-bbf9-8751-3b329d6b9911,AC Issues,,,650.0,,1,9,Low
c68f70b7-035a-44ab-345c-11982a0dc096,1b003ea3-bdcb-0416-c3c2-8ff60f2f65f5,1a0c6b87-ff3f-bbf9-8751-3b329d6b9911,Cleaning Issues,,,,,0,9,Low
150172de-ded5-a8e6-c970-80c80241a2c7,1b003ea3-bdcb-0416-c3c2-8ff60f2f65f5,1a0c6b87-ff3f-bbf9-8751-3b329d6b9911,Plumbing,,,,,1,9,Low
49860e95-d5fa-1ff9-eeca-40a3bf5eba80,1b003ea3-bdcb-0416-c3c2-8ff60f2f65f5,1a0c6b87-ff3f-bbf9-8751-3b329d6b9911,Plumbing,,,,,1,9,Low
5cc93020-db45-07cf-0258-6b2b0fc054e8,1b003ea3-bdcb-0416-c3c2-8ff60f2f65f5,1a0c6b87-ff3f-bbf9-8751-3b329d6b9911,Washing machine Issue,,,700.0,,0,9,Low
0690df6b-fc27-bed5-34e4-3c81e02f44fd,1b003ea3-bdcb-0416-c3c2-8ff60f2f65f5,1a0c6b87-ff3f-bbf9-8751-3b329d6b9911,RO Water Issues,,,300.0,,0,9,Low
29dce7bb-ef09-c925-a158-d03b5f365d3a,1f386b6c-673b-b4f5-5a19-10e9869fcb75,cead0c81-cb47-a00d-6583-2032ac0d3b68,Other,,,,,0,2,Low
318ec65d-65a2-f5a9-7489-82443e82c5a5,1f386b6c-673b-b4f5-5a19-10e9869fcb75,cead0c81-cb47-a00d-6583-2032ac0d3b68,Furniture,,,500.0,,0,2,Medium
c535474a-fe1a-8f58-3934-7f9ecadc16d9,1932ea80-c6eb-874e-eca8-12410fa7a608,f060fd98-620b-0d6c-65cd-5090be241589,Electrical Issues,,,300.0,,1,28,Medium
fad4e838-b192-f880-c075-c9f3801f3eac,1932ea80-c6eb-874e-eca8-12410fa7a608,f060fd98-620b-0d6c-65cd-5090be241589,Washing machine Issue,,,700.0,,0,28,Medium
695f5510-18f1-ae58-3fb2-b1940f54272d,1932ea80-c6eb-874e-eca8-12410fa7a608,f060fd98-620b-0d6c-65cd-5090be241589,Electrical Issues,,,300.0,,1,28,Medium
f35dc870-caea-dd38-9828-fb058532796a,1932ea80-c6eb-874e-eca8-12410fa7a608,f060fd98-620b-0d6c-65cd-5090be241589,AC Issues,,,650.0,,0,28,Low
1bd6a170-7db9-b6ac-29f4-f80b4c43bb25,1932ea80-c6eb-874e-eca8-12410fa7a608,f060fd98-620b-0d6c-65cd-5090be241589,Furniture,,,500.0,,1,28,Low
8d13ed87-5c3e-28b6-c8e3-b08b84289414,1932ea80-c6eb-874e-eca8-12410fa7a608,f060fd98-620b-0d6c-65cd-5090be241589,Furniture,,,500.0,,1,28,Low
cc319de0-96a2-2ab8-8f6e-5d0c8f0c2fee,1932ea80-c6eb-874e-eca8-12410fa7a608,f060fd98-620b-0d6c-65cd-5090be241589,Electrical Issues,,,300.0,,1,28,Medium
dc9ecc49-bbd1-843a-63eb-706ba8037826,1932ea80-c6eb-874e-eca8-12410fa7a608,f060fd98-620b-0d6c-65cd-5090be241589,Cleaning Issues,,,,,1,28,Low
249174cc-e5f5-8f8c-4db0-c145a73ddd3d,1932ea80-c6eb-874e-eca8-12410fa7a608,f060fd98-620b-0d6c-65cd-5090be241589,RO Water Issues,,,300.0,,1,28,Medium
d0f6ed1c-2d83-56be-a03a-1421b787b29a,1932ea80-c6eb-874e-eca8-12410fa7a608,f060fd98-620b-0d6c-65cd-5090be241589,Furniture,,,500.0,,1,28,Low
66b1f33a-bcbe-9146-f375-564d62923815,1932ea80-c6eb-874e-eca8-12410fa7a608,f060fd98-620b-0d6c-65cd-5090be241589,Cleaning Issues,,,,,1,28,Low
071f0184-d34c-42cf-9601-436c165be255,0ea0c6d9-a99f-89ea-6b85-9ae409698bd3,9b9feba7-c6ce-bf0e-4b62-7c7541025927,Electrical Issues,,,300.0,,0,1,Medium
75f6b923-fe2b-029a-a4f5-44f679a75045,ba8dd5e0-ed0e-8b6a-7098-2732476feb31,433269e6-beef-04d8-7738-12f887009657,Washing machine Issue,,,700.0,,1,15,Medium
fddbbd18-5181-bc01-0b33-12744b53888e,ba8dd5e0-ed0e-8b6a-7098-2732476feb31,433269e6-beef-04d8-7738-12f887009657,Washing machine Issue,,,700.0,,1,15,Medium
872eb121-c785-416c-b0f2-20227d911d53,890b32d9-f754-8150-5a18-8a21fcdf3828,f825c883-6815-d3b1-7a49-620004f0a7ae,Washing machine Issue,35.21,,700.0,,0,13,Low
2a619afd-a49f-45c5-a21c-eb85d9784f98,8709ca2e-a8a6-48a4-b8ce-e813c4796ab9,4afa5689-5806-e349-ab1d-a4358f44e1d6,Electrical Issues,32.25,,300.0,,0,5,Verified
3292aeda-c013-4eff-8508-3770a7fc120e,79e31f6f-69dc-a40c-27d7-3f076878f83c,97486463-9125-9851-3039-04f213b371d4,AC Issues,19.72,,650.0,,1,11,Low
4e9d33a9-b6bd-5f22-d5f4-07a5af55c30c,ba8dd5e0-ed0e-8b6a-7098-2732476feb31,433269e6-beef-04d8-7738-12f887009657,Furniture,,,500.0,,0,15,Low
b3c70f02-2c0c-6495-4d19-c1e002ddfe2a,ba8dd5e0-ed0e-8b6a-7098-2732476feb31,433269e6-beef-04d8-7738-12f887009657,RO Water Issues,,,300.0,,0,15,Medium
ba7461ee-0857-d716-3a54-bf089620c88c,ba8dd5e0-ed0e-8b6a-7098-2732476feb31,433269e6-beef-04d8-7738-12f887009657,Other,,,,,0,15,Low
27802b90-02f6-1a32-622f-cecb85f530af,ba8dd5e0-ed0e-8b6a-7098-2732476feb31,433269e6-beef-04d8-7738-12f887009657,Plumbing,,,,,1,15,Low
0e43b079-2dcd-cc2e-a59b-231a4d09d320,ba8dd5e0-ed0e-8b6a-7098-2732476feb31,433269e6-beef-04d8-7738-12f887009657,Fridge Issues,,,550.0,,1,15,Medium
a448afd9-369a-e509-9010-7734cf53c877,ba8dd5e0-ed0e-8b6a-7098-2732476feb31,433269e6-beef-04d8-7738-12f887009657,Electrical Issues,,,300.0,,1,15,Medium
b519061a-2bff-2978-51a8-7017cdadf313,ba8dd5e0-ed0e-8b6a-7098-2732476feb31,433269e6-beef-04d8-7738-12f887009657,Electrical Issues,,,300.0,,1,15,Medium
c757d6be-997f-f232-b648-4a9b0ba03a7c,04ba1c6f-6c06-819d-9ecc-a0c5f795b922,b5a4ef5b-dfab-12e9-96d2-c7657d00fb50,Other,,,,,1,4,Low
00aef037-ca9a-488a-86a1-c7605be66701,122c395f-56fd-4482-fe33-7fa3c3cd30b5,d6055fee-34a1-8a0d-f508-a9469caccc68,Other,,,,,1,5,Low
4831aa4a-92b3-41f6-9693-765438f95119,122c395f-56fd-4482-fe33-7fa3c3cd30b5,d6055fee-34a1-8a0d-f508-a9469caccc68,Washing machine Issue,,,700.0,,0,5,Low
8d9f1e78-0f45-e5f7-7960-4240ab34b5c4,122c395f-56fd-4482-fe33-7fa3c3cd30b5,d6055fee-34a1-8a0d-f508-a9469caccc68,Plumbing,,,,,0,5,Low
bdf35e69-d40f-6c19-56d0-04ddde233c19,122c395f-56fd-4482-fe33-7fa3c3cd30b5,d6055fee-34a1-8a0d-f508-a9469caccc68,Other,,,,,1,5,Low
4d5a5dd0-3caf-e73c-3a12-2397611a6c6e,122c395f-56fd-4482-fe33-7fa3c3cd30b5,d6055fee-34a1-8a0d-f508-a9469caccc68,Other,,,,,1,5,Low
f0576a1c-1517-c150-6fa3-d7d6f2865c9c,af12a12c-92bf-088b-3073-292fe4dfc478,93663979-f41a-3ec8-8da2-3f87ea43e72e,Electrical Issues,,,300.0,,1,4,High
93040aef-2f10-5fc0-0067-39e9dd5b030f,af12a12c-92bf-088b-3073-292fe4dfc478,93663979-f41a-3ec8-8da2-3f87ea43e72e,Electrical Issues,,,300.0,,1,4,High
c1157f92-8766-d7f6-ca9d-6497b7ece3bc,af12a12c-92bf-088b-3073-292fe4dfc478,93663979-f41a-3ec8-8da2-3f87ea43e72e,Washing machine Issue,,,700.0,,0,4,Low
6bb1bd0e-5231-060f-ceb1-904e1c8db58c,af12a12c-92bf-088b-3073-292fe4dfc478,93663979-f41a-3ec8-8da2-3f87ea43e72e,Plumbing,,,,,0,4,Low
1e6c4796-afdc-5d3e-44c4-5e150f583e35,344a43f4-d005-00e3-d3f4-5da6b944af56,5b45fa77-c694-2c4b-9657-29944633ded5,RO Water Issues,,,300.0,,1,1,Low
6e0ed47c-6053-4a00-c050-db6f98c3d292,d4a34184-ec1a-8b67-030d-6910715f4ccb,2ac95711-7b8e-8315-eae3-c0ad2ace7ade,AC Issues,,,650.0,,1,4,Low
4026b298-7f62-e4e3-37ad-3520e342d500,d4a34184-ec1a-8b67-030d-6910715f4ccb,2ac95711-7b8e-8315-eae3-c0ad2ace7ade,Plumbing,,,,,1,4,Low
ed012943-19b6-b729-4180-d633c01ca969,d4a34184-ec1a-8b67-030d-6910715f4ccb,2ac95711-7b8e-8315-eae3-c0ad2ace7ade,Plumbing,,,,,1,4,Low
596ab94b-6133-1973-ad92-2e948c8fb433,d4a34184-ec1a-8b67-030d-6910715f4ccb,2ac95711-7b8e-8315-eae3-c0ad2ace7ade,Electrical Issues,,,300.0,,1,4,High
db3176fe-965e-03eb-f8ea-f988afe63312,be91915d-edd2-04f3-15af-9a0d8c70881a,84952c96-2043-cf2d-46cc-061e64428c28,Plumbing,,,,,0,1,Low
509bb2c0-5ae3-facc-e3a2-d883e7bc3899,0278721a-a690-833b-298a-16a351fb7a3a,cd504af3-aa51-0793-c3fc-fb030590ae09,AC Issues,,,650.0,,1,12,High
99acbcd6-f5e2-3464-257e-6307c5f8240c,0278721a-a690-833b-298a-16a351fb7a3a,cd504af3-aa51-0793-c3fc-fb030590ae09,Other,,,,,1,12,Low
c8f319c5-f656-22c6-d89e-4b26a228daec,0278721a-a690-833b-298a-16a351fb7a3a,cd504af3-aa51-0793-c3fc-fb030590ae09,Other,,,,,1,12,Low
8e13a3cb-24ca-2eab-a37c-d0550bcd342a,0278721a-a690-833b-298a-16a351fb7a3a,cd504af3-aa51-0793-c3fc-fb030590ae09,AC Issues,,,650.0,,1,12,High
31dae01f-f799-0430-6c7b-08b070a7a3d8,0278721a-a690-833b-298a-16a351fb7a3a,cd504af3-aa51-0793-c3fc-fb030590ae09,Other,,,,,1,12,Low
d630d3b6-570c-f6f8-987e-75eab5891d77,0278721a-a690-833b-298a-16a351fb7a3a,cd504af3-aa51-0793-c3fc-fb030590ae09,Electrical Issues,,,300.0,,0,12,High
a6e758c2-52fe-42aa-3e2d-75eab932be02,0278721a-a690-833b-298a-16a351fb7a3a,cd504af3-aa51-0793-c3fc-fb030590ae09,Other,,,,,1,12,Low
6d726407-9326-f5d9-2b31-8ea0a3b6fd5a,0278721a-a690-833b-298a-16a351fb7a3a,cd504af3-aa51-0793-c3fc-fb030590ae09,Washing machine Issue,,,700.0,,0,12,Low
ccacfcd3-ab18-2e8e-46b6-d1cd9718f4a6,0278721a-a690-833b-298a-16a351fb7a3a,cd504af3-aa51-0793-c3fc-fb030590ae09,Cleaning Issues,,,,,1,12,Low
0f791ac8-3e49-03a5-38a5-52b9f0faf333,0278721a-a690-833b-298a-16a351fb7a3a,cd504af3-aa51-0793-c3fc-fb030590ae09,Cleaning Issues,,,,,1,12,Low
b1635ae1-58e8-c773-c965-7465fd7e581b,7076f26b-5297-bb18-64d7-ba48dd2e64b2,f108b08d-b6c6-e6fe-5782-ba89ca9c16ad,AC Issues,,,650.0,,1,3,High
e6b169cb-f485-f929-0c10-3390d853cdef,7076f26b-5297-bb18-64d7-ba48dd2e64b2,f108b08d-b6c6-e6fe-5782-ba89ca9c16ad,Plumbing,,,,,1,3,Low
f94f3fc8-0a93-1476-3735-1226c6c07a25,7076f26b-5297-bb18-64d7-ba48dd2e64b2,f108b08d-b6c6-e6fe-5782-ba89ca9c16ad,AC Issues,,,650.0,,1,3,High
fbef5564-61db-b880-111a-a820c57dad7e,ec6bd398-2413-2c67-18db-10bdd92ee4f9,d41b0f34-d7f8-ce1a-36d9-c00f0100aa45,Furniture,,,500.0,,1,7,High
78c963c5-baa9-1759-2f33-ee3cfab9a695,ec6bd398-2413-2c67-18db-10bdd92ee4f9,d41b0f34-d7f8-ce1a-36d9-c00f0100aa45,Cleaning Issues,,,,,0,7,Low
3abdc501-c2d0-afab-127c-d3875c9a508f,ec6bd398-2413-2c67-18db-10bdd92ee4f9,d41b0f34-d7f8-ce1a-36d9-c00f0100aa45,AC Issues,,,650.0,,1,7,High
c39b8002-c7ea-36ec-acba-ca6b76bd84be,bb91db20-f031-af83-8e52-9b613ace7567,0584f4bb-c204-0301-4599-fc18ed551828,Internet Issues,,,,,0,5,Low
e3cf4f01-f971-d717-ecbb-142e0961de9b,bb91db20-f031-af83-8e52-9b613ace7567,0584f4bb-c204-0301-4599-fc18ed551828,Electrical Issues,,,300.0,,0,5,High
d419c1b5-a37d-e94a-993d-dcfe97f22719,bb91db20-f031-af83-8e52-9b613ace7567,0584f4bb-c204-0301-4599-fc18ed551828,Other,,,,,0,5,Low
7d73b439-48e1-a4e4-451c-9fd9d2d98814,bb91db20-f031-af83-8e52-9b613ace7567,0584f4bb-c204-0301-4599-fc18ed551828,AC Issues,,,650.0,,1,5,High
e0ab7426-e4d5-9303-1698-d86175db730d,bb91db20-f031-af83-8e52-9b613ace7567,0584f4bb-c204-0301-4599-fc18ed551828,AC Issues,,,650.0,,1,5,High
e7dd5af9-f2be-5172-d5b6-8253d88014ac,6542b72b-196a-4538-a690-2db7cc212936,ac589718-81c1-c7cb-c032-0f81fc39d1db,RO Water Issues,,,300.0,,0,4,Low
c7bb8bbc-f4a4-05c6-4355-f1ce3bed257d,6542b72b-196a-4538-a690-2db7cc212936,ac589718-81c1-c7cb-c032-0f81fc39d1db,Plumbing,,,,,0,4,Low
0f5e0109-0dcb-65ff-6100-bc19889ff88b,6542b72b-196a-4538-a690-2db7cc212936,ac589718-81c1-c7cb-c032-0f81fc39d1db,Internet Issues,,,,,0,4,Low
99777063-a06d-ca59-ae18-c19e61fd5219,6542b72b-196a-4538-a690-2db7cc212936,ac589718-81c1-c7cb-c032-0f81fc39d1db,Furniture,,,500.0,,0,4,Medium
c2082173-cb4b-b938-20ca-c03b57ac106c,3b48ac67-d1fa-b227-f284-5da0a25e5ac0,058f4fd0-7a5d-544c-9587-0c2f9de4528f,Internet Issues,,,,,1,8,Low
32d45079-d9b0-5d5c-175f-21583ec19e59,3b48ac67-d1fa-b227-f284-5da0a25e5ac0,058f4fd0-7a5d-544c-9587-0c2f9de4528f,Plumbing,,,,,1,8,Low
1d8df4cc-1924-d9c9-5d61-79eea0a3a2a2,3b48ac67-d1fa-b227-f284-5da0a25e5ac0,058f4fd0-7a5d-544c-9587-0c2f9de4528f,AC Issues,,,650.0,,1,8,Low
9c6e430f-4c40-78a6-78d8-801dc576521c,3b48ac67-d1fa-b227-f284-5da0a25e5ac0,058f4fd0-7a5d-544c-9587-0c2f9de4528f,RO Water Issues,,,300.0,,0,8,Medium
94355d74-84df-42fc-f229-efe047e1f490,3b48ac67-d1fa-b227-f284-5da0a25e5ac0,058f4fd0-7a5d-544c-9587-0c2f9de4528f,Internet Issues,,,,,1,8,Low
f1896899-dd41-7875-5842-26a63376833a,3b48ac67-d1fa-b227-f284-5da0a25e5ac0,058f4fd0-7a5d-544c-9587-0c2f9de4528f,Plumbing,,,,,1,8,Low
d0f52d78-20c3-3dc7-4639-7e9991625ac3,3b48ac67-d1fa-b227-f284-5da0a25e5ac0,058f4fd0-7a5d-544c-9587-0c2f9de4528f,Furniture,,,500.0,,0,8,Low
d52d4cfc-f3f8-b4b9-7d22-51aed9524b61,3b48ac67-d1fa-b227-f284-5da0a25e5ac0,058f4fd0-7a5d-544c-9587-0c2f9de4528f,Electrical Issues,,,300.0,,0,8,Low
1b25c9db-34f6-afc3-6665-ddafb484f8ef,890b32d9-f754-8150-5a18-8a21fcdf3828,9570bcbc-dd00-294f-7a17-6204b4b0a29b,Fridge Issues,,,550.0,,1,13,Low
b76396af-a727-9d31-c000-1a46427976f9,890b32d9-f754-8150-5a18-8a21fcdf3828,9570bcbc-dd00-294f-7a17-6204b4b0a29b,RO Water Issues,,,300.0,,1,13,Low
d3493b15-9a02-75ae-63ee-c9fdfb9258f7,890b32d9-f754-8150-5a18-8a21fcdf3828,9570bcbc-dd00-294f-7a17-6204b4b0a29b,AC Issues,,,650.0,,0,13,High
ce0beafc-5f92-1f89-2d9c-c3b6c75f93ea,890b32d9-f754-8150-5a18-8a21fcdf3828,9570bcbc-dd00-294f-7a17-6204b4b0a29b,Other,,,,,1,13,Low
8a18f425-865d-42c4-7493-379274c5d5fa,890b32d9-f754-8150-5a18-8a21fcdf3828,9570bcbc-dd00-294f-7a17-6204b4b0a29b,Internet Issues,,,,,0,13,Low
7381491b-7b44-3ead-7e55-a066248de0a0,890b32d9-f754-8150-5a18-8a21fcdf3828,9570bcbc-dd00-294f-7a17-6204b4b0a29b,RO Water Issues,,,300.0,,1,13,Low
7d53352f-075e-2c36-a351-a7d8062b78bd,890b32d9-f754-8150-5a18-8a21fcdf3828,9570bcbc-dd00-294f-7a17-6204b4b0a29b,Fridge Issues,,,550.0,,1,13,Low
001a2e9c-a316-5366-433e-c260965f6311,fc8a412e-e0d4-35e1-37fa-5f798b7dc7f4,acc99892-cb35-8aaf-7d74-61bb7125b1bf,Washing machine Issue,,,700.0,,0,12,Low
5c70d500-7b97-fbbf-eb5e-989147ffad01,fc8a412e-e0d4-35e1-37fa-5f798b7dc7f4,acc99892-cb35-8aaf-7d74-61bb7125b1bf,Furniture,,,500.0,,1,12,Medium
b3826991-f8ec-6f00-00dd-fe4a11f6f050,fc8a412e-e0d4-35e1-37fa-5f798b7dc7f4,acc99892-cb35-8aaf-7d74-61bb7125b1bf,Furniture,,,500.0,,1,12,Medium
fa75f127-bf00-d23b-5866-729079c50097,fc8a412e-e0d4-35e1-37fa-5f798b7dc7f4,acc99892-cb35-8aaf-7d74-61bb7125b1bf,Furniture,,,500.0,,1,12,Medium
8a38d58b-7f4d-4e91-a87b-017f2c0084a3,fc8a412e-e0d4-35e1-37fa-5f798b7dc7f4,acc99892-cb35-8aaf-7d74-61bb7125b1bf,AC Issues,,,650.0,,1,12,High
6676bf1d-4385-3d3d-34e4-6d793f58e3db,fc8a412e-e0d4-35e1-37fa-5f798b7dc7f4,acc99892-cb35-8aaf-7d74-61bb7125b1bf,Internet Issues,,,,,0,12,Low
c8b00cc6-4aff-bf85-ca89-888be9e8fe41,fc8a412e-e0d4-35e1-37fa-5f798b7dc7f4,acc99892-cb35-8aaf-7d74-61bb7125b1bf,Cleaning Issues,,,,,0,12,Low
d5031f98-f842-6fdf-1a2c-2c56422aad19,fc8a412e-e0d4-35e1-37fa-5f798b7dc7f4,acc99892-cb35-8aaf-7d74-61bb7125b1bf,AC Issues,,,650.0,,1,12,High
04e35aca-0eb1-f869-0612-b0f9095d955a,fc8a412e-e0d4-35e1-37fa-5f798b7dc7f4,acc99892-cb35-8aaf-7d74-61bb7125b1bf,AC Issues,,,650.0,,1,12,High
5f7c06e9-d4b0-231a-54ec-e7a4dd2315e6,456fc08d-55ba-6a5b-7917-edad21de87b2,d93f50a4-5a42-703f-d932-e75e0557b43a,Other,,,,,0,2,Low
a5364016-84bc-0360-799f-22ca9a48092a,456fc08d-55ba-6a5b-7917-edad21de87b2,d93f50a4-5a42-703f-d932-e75e0557b43a,Furniture,,,500.0,,0,2,Medium
65430ff7-582b-c456-3c80-561ebc995325,3e99437f-aaa3-5ffe-27bc-cffb9898080d,8e25f001-fe3b-3a8e-0754-b8a08d432526,AC Issues,,,650.0,,1,1,High
2e133895-32c7-a2e2-8563-ebc8292b174c,073e4bd7-f1f1-49d3-604f-c365b9952a6c,d0c84d1e-4238-9b66-8d10-7665d8e44980,AC Issues,,,650.0,,1,7,Low
a941c078-343e-4e81-6a4a-755cf6b1f454,073e4bd7-f1f1-49d3-604f-c365b9952a6c,d0c84d1e-4238-9b66-8d10-7665d8e44980,Furniture,,,500.0,,1,7,Low
f6d40f5d-6f58-2716-7b95-5068e4ef3ded,073e4bd7-f1f1-49d3-604f-c365b9952a6c,d0c84d1e-4238-9b66-8d10-7665d8e44980,Washing machine Issue,,,700.0,,0,7,Low
593f2a1e-8225-5619-39ae-88e7f69cf0fa,073e4bd7-f1f1-49d3-604f-c365b9952a6c,d0c84d1e-4238-9b66-8d10-7665d8e44980,Furniture,,,500.0,,1,7,Low
32bcfff6-e18a-8347-e7f2-a90565f062a4,00af40b2-545a-c400-060e-9eba5e004ea3,f108b08d-b6c6-e6fe-5782-ba89ca9c16ad,Internet Issues,,,,,1,1,Low
d0e4e252-ae00-938e-4ae4-ed68efe64f90,c02eb961-2471-c285-9c28-fb9a12aaf70a,717b9b58-969a-8452-088a-972edaf5da24,Plumbing,,,,,1,8,Low
433f81b9-f881-984f-d61d-0b4ecb251f7b,c02eb961-2471-c285-9c28-fb9a12aaf70a,717b9b58-969a-8452-088a-972edaf5da24,Other,,,,,0,8,Low
78c51919-8a58-4bcc-ac84-6e4675c707a0,1932ea80-c6eb-874e-eca8-12410fa7a608,f060fd98-620b-0d6c-65cd-5090be241589,Cleaning Issues,40.56,,,,1,28,Low
f908e919-590a-1ae4-6f73-1ddc7b017800,c02eb961-2471-c285-9c28-fb9a12aaf70a,6e45aca0-18fa-334d-4711-4da7cc94e30f,AC Issues,,,650.0,,1,8,High
344ec81c-a19d-f1ba-2d2c-d46f4f39d112,854c86e3-8b7f-0ca8-f4ac-c6a073699611,fd6cdb68-6242-d6f8-7bf2-78d3e2483220,AC Issues,,,650.0,,1,23,High
35ac2c8f-988c-90b1-5729-8f4566f100a0,854c86e3-8b7f-0ca8-f4ac-c6a073699611,fd6cdb68-6242-d6f8-7bf2-78d3e2483220,AC Issues,,,650.0,,1,23,High
a6465f30-4e23-1183-f2f8-cbd8dea48580,854c86e3-8b7f-0ca8-f4ac-c6a073699611,fd6cdb68-6242-d6f8-7bf2-78d3e2483220,AC Issues,,,650.0,,1,23,High
a383137c-f83c-7d32-8f2a-1d6246aef0b4,854c86e3-8b7f-0ca8-f4ac-c6a073699611,fd6cdb68-6242-d6f8-7bf2-78d3e2483220,AC Issues,,,650.0,,1,23,High
c5b6fd56-e039-ca62-4bec-520fc7d77711,854c86e3-8b7f-0ca8-f4ac-c6a073699611,fd6cdb68-6242-d6f8-7bf2-78d3e2483220,AC Issues,,,650.0,,1,23,High
ac7b87fb-080f-3d17-374a-de3792479957,854c86e3-8b7f-0ca8-f4ac-c6a073699611,fd6cdb68-6242-d6f8-7bf2-78d3e2483220,AC Issues,,,650.0,,1,23,High
13699593-fbb1-e74b-77c9-660cdd786638,854c86e3-8b7f-0ca8-f4ac-c6a073699611,fd6cdb68-6242-d6f8-7bf2-78d3e2483220,AC Issues,,,650.0,,1,23,High
b1ff846d-9f93-3dff-cb1f-d10d78e7e83d,854c86e3-8b7f-0ca8-f4ac-c6a073699611,fd6cdb68-6242-d6f8-7bf2-78d3e2483220,AC Issues,,,650.0,,1,23,High
479bf1e8-673a-9c3c-b20b-a6ae40009f7e,854c86e3-8b7f-0ca8-f4ac-c6a073699611,fd6cdb68-6242-d6f8-7bf2-78d3e2483220,AC Issues,,,650.0,,1,23,High
d28fd200-2ceb-bb5e-679f-1c84be768244,854c86e3-8b7f-0ca8-f4ac-c6a073699611,fd6cdb68-6242-d6f8-7bf2-78d3e2483220,AC Issues,,,650.0,,1,23,High
a7c25386-9046-33f2-3b31-16e37462818e,854c86e3-8b7f-0ca8-f4ac-c6a073699611,fd6cdb68-6242-d6f8-7bf2-78d3e2483220,AC Issues,,,650.0,,1,23,High
88028ce4-c61f-5200-612b-5cebe1986654,854c86e3-8b7f-0ca8-f4ac-c6a073699611,fd6cdb68-6242-d6f8-7bf2-78d3e2483220,AC Issues,,,650.0,,1,23,High
90df6aab-bc25-f8e2-7bb4-cb2572293795,854c86e3-8b7f-0ca8-f4ac-c6a073699611,fd6cdb68-6242-d6f8-7bf2-78d3e2483220,AC Issues,,,650.0,,1,23,High
b76d761f-efb9-b696-b79b-3c715f0dd686,854c86e3-8b7f-0ca8-f4ac-c6a073699611,fd6cdb68-6242-d6f8-7bf2-78d3e2483220,Washing machine Issue,,,700.0,,1,23,Low
8fb1f2b5-1c44-e1d4-095b-ea19a7a37026,854c86e3-8b7f-0ca8-f4ac-c6a073699611,fd6cdb68-6242-d6f8-7bf2-78d3e2483220,Other,,,,,1,23,Low
499ff5a8-1b16-d883-faad-bda99684bd94,854c86e3-8b7f-0ca8-f4ac-c6a073699611,fd6cdb68-6242-d6f8-7bf2-78d3e2483220,AC Issues,,,650.0,,1,23,High
75968c96-4cd2-6c96-48a8-b4cce6446e26,854c86e3-8b7f-0ca8-f4ac-c6a073699611,fd6cdb68-6242-d6f8-7bf2-78d3e2483220,Other,,,,,1,23,Low
9298bbd0-ee2f-4cc1-fa9c-43f83c73aafd,854c86e3-8b7f-0ca8-f4ac-c6a073699611,fd6cdb68-6242-d6f8-7bf2-78d3e2483220,Other,,,,,1,23,Low
6dd43e52-c5a9-77f4-c3f8-e4017d761789,854c86e3-8b7f-0ca8-f4ac-c6a073699611,fd6cdb68-6242-d6f8-7bf2-78d3e2483220,Billing Issues,,,,,0,23,Low
b3a4f563-9eb9-68e1-8882-648fec628998,854c86e3-8b7f-0ca8-f4ac-c6a073699611,fd6cdb68-6242-d6f8-7bf2-78d3e2483220,Washing machine Issue,,,700.0,,1,23,Low
21fc81d0-0871-fd42-e598-d8111a0c6d20,854c86e3-8b7f-0ca8-f4ac-c6a073699611,fd6cdb68-6242-d6f8-7bf2-78d3e2483220,Other,,,,,1,23,Low
6419a0fa-fd56-78bf-b267-45e1459ef865,854c86e3-8b7f-0ca8-f4ac-c6a073699611,fd6cdb68-6242-d6f8-7bf2-78d3e2483220,Washing machine Issue,,,700.0,,1,23,Low
67874652-d7d1-5d89-1e13-b2b3aead6c9d,5110bc8b-7229-5952-e9db-5feb33391303,f825c883-6815-d3b1-7a49-620004f0a7ae,AC Issues,,,650.0,,1,1,High
5faf0ee5-1b3e-2151-d131-ee42ecb6ab7b,f284b25b-d762-1399-a12e-ba7ffa6b6f97,8e7cf1aa-84ce-dc1b-38e7-3f51f80f357b,RO Water Issues,,,300.0,,1,17,Low
2d3ab790-25d2-0d83-666a-ee73e9ea2cb9,f284b25b-d762-1399-a12e-ba7ffa6b6f97,8e7cf1aa-84ce-dc1b-38e7-3f51f80f357b,RO Water Issues,,,300.0,,1,17,Low
8acf69f6-f774-4864-930d-6998e3c0bd1e,227f376b-633a-5615-5670-c29559d0a08b,f9e98282-6ed1-2655-561b-5122ac7d94a1,Furniture,38.17,,500.0,,1,9,Verified
51959913-1e11-1890-7273-d24ab4c4faef,f284b25b-d762-1399-a12e-ba7ffa6b6f97,8e7cf1aa-84ce-dc1b-38e7-3f51f80f357b,Furniture,,,500.0,,0,17,Medium
3e142f38-96cd-b474-f8b0-0b9558f99f46,f284b25b-d762-1399-a12e-ba7ffa6b6f97,8e7cf1aa-84ce-dc1b-38e7-3f51f80f357b,Electrical Issues,,,300.0,,1,17,High
c178b4b7-d5b4-9128-d71a-493657ef3f3e,f284b25b-d762-1399-a12e-ba7ffa6b6f97,8e7cf1aa-84ce-dc1b-38e7-3f51f80f357b,AC Issues,,,650.0,,1,17,High
6985c2d7-c75e-0aa7-fdba-4e611259d164,f284b25b-d762-1399-a12e-ba7ffa6b6f97,8e7cf1aa-84ce-dc1b-38e7-3f51f80f357b,Other,,,,,1,17,Low
bf4a8b4c-b0db-1345-9092-67061e46a1ab,f284b25b-d762-1399-a12e-ba7ffa6b6f97,8e7cf1aa-84ce-dc1b-38e7-3f51f80f357b,Plumbing,,,,,1,17,Low
484162ef-a628-3ed5-b066-49a041d48726,f284b25b-d762-1399-a12e-ba7ffa6b6f97,8e7cf1aa-84ce-dc1b-38e7-3f51f80f357b,RO Water Issues,,,300.0,,1,17,Low
6f3095ec-8946-8d2a-b83c-a9d46df0809e,f284b25b-d762-1399-a12e-ba7ffa6b6f97,8e7cf1aa-84ce-dc1b-38e7-3f51f80f357b,Electrical Issues,,,300.0,,1,17,High
ed33db40-0cc9-a1d4-3477-29dcb26f0324,f284b25b-d762-1399-a12e-ba7ffa6b6f97,8e7cf1aa-84ce-dc1b-38e7-3f51f80f357b,AC Issues,,,650.0,,1,17,High
2c519828-7cf5-d70d-4cb1-52e00a8334cc,f284b25b-d762-1399-a12e-ba7ffa6b6f97,8e7cf1aa-84ce-dc1b-38e7-3f51f80f357b,Plumbing,,,,,1,17,Low
badb3cb0-39fe-9836-946b-e258a03bbf6a,f284b25b-d762-1399-a12e-ba7ffa6b6f97,8e7cf1aa-84ce-dc1b-38e7-3f51f80f357b,Other,,,,,1,17,Low
42672831-9a59-a059-dc72-3c065189a994,f284b25b-d762-1399-a12e-ba7ffa6b6f97,8e7cf1aa-84ce-dc1b-38e7-3f51f80f357b,RO Water Issues,,,300.0,,1,17,Low
40b92aa1-6736-3e4f-b6d7-6d7e200a4263,f284b25b-d762-1399-a12e-ba7ffa6b6f97,8e7cf1aa-84ce-dc1b-38e7-3f51f80f357b,RO Water Issues,,,300.0,,1,17,Low
22d47b77-1bc2-30a2-8c9d-79b6a8fa7adb,f284b25b-d762-1399-a12e-ba7ffa6b6f97,8e7cf1aa-84ce-dc1b-38e7-3f51f80f357b,Other,,,,,1,17,Low
7ee2fea9-67aa-7357-5ea6-c4ca0aaf7fc1,5fee0a79-3970-704a-2332-f7c7598e86c1,a97d74e9-7adc-a35d-5a71-2ed6aea432be,AC Issues,,,650.0,,0,13,High
864927b8-23a6-4604-b885-b882c3eaea80,8b48adf3-c14a-fa6d-9785-b4bcb35f8fbb,d9438ef4-c18e-28ab-44ad-feab7ce72db5,Washing machine Issue,66.32,,700.0,,1,4,Low
47edf057-a884-4cb6-ae6e-5fbb26bcef22,83af11b3-a274-7404-3265-ec658f74f8cf,25cdb264-370f-4be0-5004-6aeb735c94aa,Furniture,3.87,,500.0,,0,3,Verified
c858bfef-db3f-4d0f-f219-0519df977d44,5fee0a79-3970-704a-2332-f7c7598e86c1,a97d74e9-7adc-a35d-5a71-2ed6aea432be,Furniture,,,500.0,,0,13,Medium
f878ae6d-c005-a23a-3984-6e38e2d10ed7,5fee0a79-3970-704a-2332-f7c7598e86c1,a97d74e9-7adc-a35d-5a71-2ed6aea432be,RO Water Issues,,,300.0,,1,13,Low
9a5cacfe-adec-0b39-19f3-fff80dd71bce,5fee0a79-3970-704a-2332-f7c7598e86c1,a97d74e9-7adc-a35d-5a71-2ed6aea432be,Washing machine Issue,,,700.0,,0,13,Low
8b5381ba-acdf-03f6-6be7-6800dea7cbe9,5fee0a79-3970-704a-2332-f7c7598e86c1,a97d74e9-7adc-a35d-5a71-2ed6aea432be,Electrical Issues,,,300.0,,1,13,High
6093b3d1-66a4-6af6-6a8f-c38000ed54d3,5fee0a79-3970-704a-2332-f7c7598e86c1,a97d74e9-7adc-a35d-5a71-2ed6aea432be,Electrical Issues,,,300.0,,1,13,High
fe135c45-2c5f-ff36-9116-8e946fbcdf6d,5fee0a79-3970-704a-2332-f7c7598e86c1,a97d74e9-7adc-a35d-5a71-2ed6aea432be,RO Water Issues,,,300.0,,1,13,Low
f3f9fb0f-bafa-4449-b1cc-708f927d4d18,,,Plumbing,24.8,,,,0,41,Low
6ce14ba3-0273-dec5-c6e8-ce50b7f82458,5fee0a79-3970-704a-2332-f7c7598e86c1,a97d74e9-7adc-a35d-5a71-2ed6aea432be,RO Water Issues,,,300.0,,1,13,Low
c1d1b7b9-f412-3169-3a23-1dc873449273,5fee0a79-3970-704a-2332-f7c7598e86c1,a97d74e9-7adc-a35d-5a71-2ed6aea432be,Electrical Issues,,,300.0,,1,13,High
62af6e4b-83dc-31fe-466b-e27a73446760,5fee0a79-3970-704a-2332-f7c7598e86c1,a97d74e9-7adc-a35d-5a71-2ed6aea432be,RO Water Issues,,,300.0,,1,13,Low
0f76e7a0-46f8-6d73-2b28-b0e2719414a0,5fee0a79-3970-704a-2332-f7c7598e86c1,a97d74e9-7adc-a35d-5a71-2ed6aea432be,Electrical Issues,,,300.0,,1,13,High
0a213065-021d-087d-4cd0-6c6b6161e442,61031b0a-ef18-26aa-64b7-d412d7b3d276,66aab816-d365-9068-e62c-3d82356d8021,RO Water Issues,,,300.0,,0,3,Low
007e589d-aa52-be62-0044-c5682cf9ff5d,61031b0a-ef18-26aa-64b7-d412d7b3d276,66aab816-d365-9068-e62c-3d82356d8021,Furniture,,,500.0,,1,3,Medium
a9236a7f-e98b-f82b-31fb-adbe52054ca5,be68c44d-d4d2-478a-7b1e-c9c3fefac406,a45df4b7-c5f0-7a91-40d4-49b836a85b7d,Washing machine Issue,,,700.0,,0,1,Low
fbda59df-22f8-673b-b07b-95492ef1337b,5b45a840-9d6c-242e-0e2f-2e2c972c2eec,75895052-85e6-0a26-47e6-53c1e763d4da,Washing machine Issue,,,700.0,,0,10,Low
a953844f-7a56-1195-4b84-ed1481c2e445,5b45a840-9d6c-242e-0e2f-2e2c972c2eec,75895052-85e6-0a26-47e6-53c1e763d4da,Other,,,,,1,10,Low
2326e405-37ae-3906-152a-102bb782de8b,5b45a840-9d6c-242e-0e2f-2e2c972c2eec,75895052-85e6-0a26-47e6-53c1e763d4da,Plumbing,,,,,1,10,Low
154c14c7-590e-44b2-bae9-8cc1ec79bdac,,1d32450f-df9e-cfb4-05c2-61f3c4efc50e,Furniture,26.39,,500.0,,0,41,Low
a6bf74c0-61b5-353f-aa2e-4740e153d3b4,5b45a840-9d6c-242e-0e2f-2e2c972c2eec,75895052-85e6-0a26-47e6-53c1e763d4da,Fridge Issues,,,550.0,,0,10,Low
25e9589e-699d-5219-577f-b0c37e301a54,5b45a840-9d6c-242e-0e2f-2e2c972c2eec,75895052-85e6-0a26-47e6-53c1e763d4da,Internet Issues,,,,,1,10,Low
a735d8a3-de99-acf1-d943-33a386ad48cf,5b45a840-9d6c-242e-0e2f-2e2c972c2eec,75895052-85e6-0a26-47e6-53c1e763d4da,Internet Issues,,,,,1,10,Low
1948f55b-f4aa-e1b7-6c49-db9dbac439a9,5b45a840-9d6c-242e-0e2f-2e2c972c2eec,75895052-85e6-0a26-47e6-53c1e763d4da,Other,,,,,1,10,Low
6d16f9b1-debb-9ee4-d988-b757a0350cf7,f6c5c3d2-ceda-6c7f-aa96-359c7dc9ee92,83a7b624-6ba5-7e9f-53eb-acd6d0ab5bb4,Plumbing,,,,,0,9,Low
88d9b06e-58e2-d7d0-46f7-a41b77505c6e,f6c5c3d2-ceda-6c7f-aa96-359c7dc9ee92,83a7b624-6ba5-7e9f-53eb-acd6d0ab5bb4,Furniture,,,500.0,,1,9,Low
eb253da6-91b6-dd8a-77bf-8cf5f11a75a3,f6c5c3d2-ceda-6c7f-aa96-359c7dc9ee92,83a7b624-6ba5-7e9f-53eb-acd6d0ab5bb4,Furniture,,,500.0,,1,9,Low
da09fe1c-7d29-2e41-3605-6daeee02dcf5,f6c5c3d2-ceda-6c7f-aa96-359c7dc9ee92,83a7b624-6ba5-7e9f-53eb-acd6d0ab5bb4,RO Water Issues,,,300.0,,1,9,Low
71f582cc-7db3-4fbb-f6ee-121469b7f04e,f6c5c3d2-ceda-6c7f-aa96-359c7dc9ee92,83a7b624-6ba5-7e9f-53eb-acd6d0ab5bb4,Internet Issues,,,,,0,9,Low
996a9c60-67ca-370a-023a-672e0ebf1781,f6c5c3d2-ceda-6c7f-aa96-359c7dc9ee92,83a7b624-6ba5-7e9f-53eb-acd6d0ab5bb4,RO Water Issues,,,300.0,,1,9,Low
d24ca09b-494b-4bda-992a-aad57b478ff5,2631ddfd-660e-8719-1876-82cf88e13a60,98fd7f93-0ba0-1cf1-aa22-36fa6d3816ed,RO Water Issues,18.53,,300.0,,1,10,Verified
dc7afc7b-d90e-4653-bc2a-9c1262ca0c1a,e0174322-3fb7-483f-91a0-61b903ae3e49,e0a547db-d8f2-1e21-a742-6f7c135bd802,AC Issues,38.97,,650.0,,1,4,Low
3c18ed0c-e9be-4828-9078-59cfa6e3179f,4505ca5d-0961-03c9-5943-ffda2a5ae270,5926f2d3-f34a-ae71-03bd-8c67d6660d49,Other,167.94,,,,1,8,Verified
0eb9ee9c-0ec2-8abd-d2ea-67f6a73d7c1f,f6c5c3d2-ceda-6c7f-aa96-359c7dc9ee92,83a7b624-6ba5-7e9f-53eb-acd6d0ab5bb4,Washing machine Issue,,,700.0,,1,9,Low
5f1a2e15-b570-0961-2451-abc86328f2ed,f6c5c3d2-ceda-6c7f-aa96-359c7dc9ee92,83a7b624-6ba5-7e9f-53eb-acd6d0ab5bb4,RO Water Issues,,,300.0,,1,9,Low
394dcf20-0869-2a1f-4e31-aeaa4352c461,f6c5c3d2-ceda-6c7f-aa96-359c7dc9ee92,83a7b624-6ba5-7e9f-53eb-acd6d0ab5bb4,Furniture,,,500.0,,1,9,Low
8d77f862-4d8d-749d-00c2-a8407330ac9e,57478035-8e15-2e54-5cb6-2f22777ee909,6e45aca0-18fa-334d-4711-4da7cc94e30f,RO Water Issues,,,300.0,,0,1,Low
525c5c90-12dd-3ba9-ab53-cf84e532bec4,57dbc7f1-ef9c-8f08-5ca3-148c520d5a2b,a4def813-d3a1-fa98-de2f-18ad2a9699a7,Plumbing,,,,,1,6,Low
067a756e-c2f3-dc7c-4197-e6492313dcd8,57dbc7f1-ef9c-8f08-5ca3-148c520d5a2b,a4def813-d3a1-fa98-de2f-18ad2a9699a7,RO Water Issues,,,300.0,,1,6,Low
f3c02af0-eb73-f73d-2fea-bfe940813ecb,57dbc7f1-ef9c-8f08-5ca3-148c520d5a2b,a4def813-d3a1-fa98-de2f-18ad2a9699a7,AC Issues,,,650.0,,1,6,Low
d722759f-6f57-45cf-bb2e-49ce36bafeeb,bdcc24e3-6077-3ea9-b25e-2747d0f07be7,3ba3be35-43a3-79f2-d76c-617b73cd813d,RO Water Issues,13.82,,300.0,,1,18,Low
aecce5fb-e812-42f2-9ac3-2c17e70ce753,,42541fce-4dd2-805a-5d01-5aa7e5db8726,Furniture,20.37,,500.0,,0,41,Verified
cc7736c0-bc35-388d-a03b-af0e444a9570,57dbc7f1-ef9c-8f08-5ca3-148c520d5a2b,a4def813-d3a1-fa98-de2f-18ad2a9699a7,Plumbing,,,,,1,6,Low
f8644a82-b623-fa56-b619-4fc6e2ac5a1c,57dbc7f1-ef9c-8f08-5ca3-148c520d5a2b,a4def813-d3a1-fa98-de2f-18ad2a9699a7,Plumbing,,,,,1,6,Low
89e3ef14-fc95-bf03-5a85-798e197ed316,57dbc7f1-ef9c-8f08-5ca3-148c520d5a2b,a4def813-d3a1-fa98-de2f-18ad2a9699a7,Plumbing,,,,,1,6,Low
90a1c3c9-607c-437f-8426-657c5eb02294,ba8dd5e0-ed0e-8b6a-7098-2732476feb31,433269e6-beef-04d8-7738-12f887009657,Kitchen Equipment,,,300.0,,1,15,Verified
ef8c3a1d-43af-4961-8357-cf070d80c051,491b8136-32a1-37c5-5253-b53ff3991d86,77dab2f4-7c09-59d1-5a0a-8473cdf46d8d,Internet Issues,102.55,,,,1,11,Low
563ac94b-7456-4248-8168-c966fdfc62e8,9541a16d-d020-eb78-80f1-a4a2d4b7775f,2ac95711-7b8e-8315-eae3-c0ad2ace7ade,Internet Issues,103.47,,,,0,5,Low
2e989071-829e-4249-8612-aa3fcf326aa7,44bf5771-a669-438c-a190-88aab999cfae,3e81e085-89a3-9615-e293-bf826bf9b08f,Other,280.81,,,,1,1,Low
9e2d3ac5-79ba-434f-ac2a-77579bd93806,4628a4bf-d4c5-9e5d-471c-271b9f3e7d03,a99a7569-c4ba-31c0-62a9-b5fdc33d6863,Toilet Issues,6.94,,400.0,,0,10,Low
8709bba9-ca03-4034-9bc8-85f2f2143034,1a171004-7682-1c39-e6a2-758b668c33b0,8aaf14fc-4fb9-d280-3018-d757243c952b,AC Issues,138.47,5500.0,650.0,4850.0,1,3,Medium
b16a2495-69ed-4671-9dfd-adf008115c06,bcf8ffc1-fd5c-f6ab-0453-7a73c73786dd,16d9e7d4-a079-cc9d-1fb4-b96de3cb70dd,AC Issues,49.61,,650.0,,1,29,Low
22eb3c39-c0bd-440d-b24b-ba80aa6cdb26,bcf8ffc1-fd5c-f6ab-0453-7a73c73786dd,16d9e7d4-a079-cc9d-1fb4-b96de3cb70dd,Cleaning Issues,68.72,,,,1,29,Low
fbb9b65c-9764-4f57-908b-cb419814fd61,00ff5468-3680-2a12-23e4-82855ab3c697,32dfa2d6-dbf8-4dd2-90a0-e664e838b0ac,AC Issues,7.46,,650.0,,1,10,High
4c3d4b48-972e-46e0-90d8-d6b7a2653e36,9653a402-ff75-bbdf-8cc6-1cb0ca01f233,c2468504-0b8f-0d2a-dded-dff98fde1028,Electrical Issues,31.75,,300.0,,0,7,High
77e65fde-9cf0-48bf-88ea-b73d492d7402,e0174322-3fb7-483f-91a0-61b903ae3e49,e0a547db-d8f2-1e21-a742-6f7c135bd802,Other,,,,,0,4,Low
768547d3-d472-4ce0-9930-cfe1ef655793,a4709d2c-85e2-3d68-7467-1eaf879ba2c9,f226894e-3765-1bd7-6cda-03e887bc56b3,Other,6.52,,,,1,14,Low
230eeb01-de31-420e-bcc1-9eaee856ece8,51c3d3a9-bfa0-4a8e-a687-3ef46bc022cc,39eacd05-ff7e-5541-7fe2-feddf8854c55,Plumbing,25.45,,,,0,2,Verified
f8c6f83f-55ab-4ed2-a212-452d032d8223,d77b5c1e-605d-6795-5eee-1e2f9b83e069,18cdbd64-ea17-6578-2f54-2b5ad8a2c7fe,Washing machine Issue,14.56,,700.0,,1,4,Low
32cb1ee0-419b-40de-aef5-b94e94f94f20,618f174c-7c45-cb54-907b-cacc78483918,d938459f-29e8-72b7-85d9-59b6df6db501,Cleaning Issues,40.8,,,,1,3,Low
ed0e68ba-fe8c-4d06-a47a-284d03626f7e,e99afa10-6249-3f5b-4364-da75f89e34f9,f64ad55d-d5e9-6b9e-9676-efeb66d20201,AC Issues,2.15,,650.0,,1,14,Low
de899f7a-76a9-4f06-bf71-892c57ca7b22,,55651f47-6f7b-13b3-1e26-3ca9b9e5e72d,Cleaning Issues,24.41,,,,0,41,Low
7a84dc8b-7e56-4002-b996-5d8ebf44054f,,43a9bdbb-3395-d921-f3e4-2c43057aa600,Cleaning Issues,51.13,,,,0,41,Low
d574a779-6597-4856-988f-98fb961bbacc,f16a668c-ea8a-b26d-9dff-4da3c53fccc7,e490e3a6-9e5c-a6b8-a156-bfb492b8b0a4,Washing machine Issue,109.91,,700.0,,1,6,Low
c3120da0-ba49-4a90-872a-19d881add1e0,a4709d2c-85e2-3d68-7467-1eaf879ba2c9,f226894e-3765-1bd7-6cda-03e887bc56b3,AC Issues,580.94,,650.0,,1,14,Verified
4f43e97f-c4e1-4156-988a-54c9f6c99e72,,9570bcbc-dd00-294f-7a17-6204b4b0a29b,Other,47.84,,,,1,41,Low
2d04137c-1bbf-4263-b67e-e5d876b7df10,df5ea39c-c069-5211-271d-f0d3831adefa,3a185413-10c3-cb63-5dcd-e49b06ca0d51,Internet Issues,96.4,,,,0,3,Low
9bd4d358-7776-4a11-a6f5-84023090ca9c,,90eedc35-b872-5505-a86d-2824a91e518c,Electrical Issues,89.79,,300.0,,1,41,Verified
5d341a5d-b7e7-4e8d-97fb-bf57a2426652,79e31f6f-69dc-a40c-27d7-3f076878f83c,97486463-9125-9851-3039-04f213b371d4,Washing machine Issue,32.15,,700.0,,1,11,Low
35df53c4-12a2-4134-a0ae-df8575e49a09,389859df-460c-4966-a71d-eb7bbebae67b,b67440c5-1089-ccdb-bb31-3211a4ee4d0e,Other,48.37,,,,1,2,Verified
2d713c73-7e76-4895-a544-5c78e46173fb,38305983-db92-2c3c-7949-96f7ca7833eb,ebfa9ad2-0c93-9cd6-f85e-2d7449609b84,Toilet Issues,33.5,300.0,400.0,-100.0,0,2,Low
b88e51a5-f3cb-4174-bcae-781487f61548,3b02f95a-b47e-1037-4f8a-f2f31e35c98e,96bb1fe8-5e0d-fdd2-0b6f-94aa78cf0ba2,AC Issues,3.43,,650.0,,1,20,High
a4a43033-febe-41a9-bbdd-2cfc86099aef,e99afa10-6249-3f5b-4364-da75f89e34f9,f64ad55d-d5e9-6b9e-9676-efeb66d20201,Plumbing,25.5,,,,1,14,Low
fe56c106-be83-4065-bacb-790bee4ee22f,d4890451-59e6-45f4-a75f-b2199aa5a3a7,26ce09f1-599b-0d8d-aa06-c08db6a2dcde,Electrical Issues,,,300.0,,0,7,Verified
1a7ff493-ce01-4c1a-b20d-7b9d7aa55994,9653a402-ff75-bbdf-8cc6-1cb0ca01f233,c2468504-0b8f-0d2a-dded-dff98fde1028,Washing machine Issue,30.97,,700.0,,0,7,Low
610ea2c6-67f4-40c1-a0d2-df6fe5f536f6,1932ea80-c6eb-874e-eca8-12410fa7a608,f060fd98-620b-0d6c-65cd-5090be241589,Cleaning Issues,65.19,,,,1,28,Low
f81606ff-f03d-4d5c-b8fb-6c0f5b46f70d,251051cf-e3b5-5d37-918f-bf22b4875790,0b49669f-6579-fa2c-a871-13f7c9f46ae6,RO Water Issues,42.08,,300.0,,1,22,Low
ac597c1a-68f7-49a5-8760-11224712adb6,,d0de95a5-b467-4d9d-9751-65ffd5a68dff,Other,47.79,,,,0,41,Low
cc255e0c-64bf-46b2-bb50-08ab25d1c967,3b02f95a-b47e-1037-4f8a-f2f31e35c98e,96bb1fe8-5e0d-fdd2-0b6f-94aa78cf0ba2,Other,17.89,,,,0,20,Low
ba75932d-0505-4a0c-949b-84bc22c5eb59,,90eedc35-b872-5505-a86d-2824a91e518c,Furniture,58.03,,500.0,,0,41,Verified
281b94ee-eecc-417c-8cf9-25b2cb80a2bc,2ba81159-3fd3-401a-b806-4cf09e7dce86,f21233ef-4976-14c5-b37d-3c30b4a3a97a,AC Issues,1.34,,650.0,,0,10,High
aac4f5a4-d8d3-4cc8-9292-e01278f8efc2,618f174c-7c45-cb54-907b-cacc78483918,d938459f-29e8-72b7-85d9-59b6df6db501,Cleaning Issues,43.16,,,,1,3,Low
c8d729d3-993e-4f49-80c3-95b036fee0ce,f2a00e3d-de04-40a3-6f41-a3ebfcab4a3c,547bd323-8dae-07db-7089-372cd8261276,Heater Issues,24.02,,600.0,,0,4,Verified
e4dde419-3a46-4d6e-b263-48266ba1c497,43774f3c-9ce6-fc78-7857-b8607c3e1966,9b9feba7-c6ce-bf0e-4b62-7c7541025927,Cleaning Issues,53.0,,,,1,9,Low
93e90f49-e5d8-4bd3-8cc8-eaf91c0ecf63,f16a668c-ea8a-b26d-9dff-4da3c53fccc7,e490e3a6-9e5c-a6b8-a156-bfb492b8b0a4,Furniture,60.89,,500.0,,1,6,Verified
bdd973e0-2c3c-4f59-91eb-6b511ab1f88e,,18cdbd64-ea17-6578-2f54-2b5ad8a2c7fe,Washing machine Issue,25.89,,700.0,,1,41,Verified
e4be2723-0b34-4274-a153-d5586ae48053,c02eb961-2471-c285-9c28-fb9a12aaf70a,6e45aca0-18fa-334d-4711-4da7cc94e30f,Toilet Issues,26.64,,400.0,,0,8,Low
5a1bcddb-2d8c-46b9-836e-c9260fac9645,1932ea80-c6eb-874e-eca8-12410fa7a608,f060fd98-620b-0d6c-65cd-5090be241589,Cleaning Issues,65.28,,,,1,28,Low
8cb5baa2-ecba-4c2a-bb26-fab56d983ce5,86cd2239-fa55-0389-437e-e8fd505dc931,abfa482f-64b8-5ca0-3072-e8345f44a317,AC Issues,,,650.0,,1,5,Verified
084a0c36-2582-40e3-8475-6aba20bc16fc,,f9b73f69-33c8-b36d-daf6-c7078c00692c,Fridge Issues,136.95,,550.0,,0,41,Low
d656424e-37a1-4a40-8922-ea466c6ab0e1,a4ef95bf-1c7c-4c4d-0497-ae38085af6cc,28adcae8-d3f2-7d01-473b-45f62020cdc0,Washing machine Issue,22.78,,700.0,,1,5,Low
ccba095f-b24b-4f5b-8598-7c8389259de9,51c3d3a9-bfa0-4a8e-a687-3ef46bc022cc,39eacd05-ff7e-5541-7fe2-feddf8854c55,Cleaning Issues,25.55,,,,0,2,Low
715031c3-cc29-4ff1-ae30-4ac0fcb63e01,93eb3d6a-d35b-ef1f-83b8-7430b6ad1674,e5f8d124-710a-6c9f-2667-88950dcc7e60,AC Issues,50.92,,650.0,,0,14,Verified
6cf73c01-c30c-44e1-bf59-4d95d5c9907c,00ff5468-3680-2a12-23e4-82855ab3c697,32dfa2d6-dbf8-4dd2-90a0-e664e838b0ac,AC Issues,,,650.0,,1,10,Verified
488572a1-3596-4a89-9d85-69a2b47f3300,6dd50e39-9843-4442-cc09-3b49fbe97fb9,b8e2da25-71c4-1b06-f7dd-e06f7f8f7741,AC Issues,548.54,,650.0,,1,17,Verified
4f67d38e-db9d-4de3-be89-726052bf6887,2631ddfd-660e-8719-1876-82cf88e13a60,98fd7f93-0ba0-1cf1-aa22-36fa6d3816ed,RO Water Issues,16.78,,300.0,,1,10,Low
46888dab-b407-4528-9d76-40eb2bd96486,146a8458-f956-54ed-317f-b99f7d16fff8,dcfddc61-693e-2180-1cf6-f3e8e0dd40d8,Internet Issues,25.56,,,,1,7,Low
07125828-0af2-447b-88e1-cafa8a322705,b2f85d5d-acf9-7c53-dc5b-0d3b67b462c5,84952c96-2043-cf2d-46cc-061e64428c28,AC Issues,21.25,,650.0,,0,2,Verified
9ef8dcc4-03ec-4ce8-82ed-9048516978d0,,,Electrical Issues,25.33,,300.0,,0,41,Unmapped
38e5fe3c-4ec9-4649-bf1a-efd37e8651e2,,,Furniture,25.35,,500.0,,0,41,Unmapped
b2e5ca4c-34ae-4c4d-a445-bc5428ec5062,1a3b6c74-26e1-7124-0b5c-7f783d71624d,717b9b58-969a-8452-088a-972edaf5da24,RO Water Issues,28.08,,300.0,,0,5,Verified
32eeede6-e4e3-40c2-9aab-c6ec2fe74563,55e6e452-fae2-a5ac-3c12-21424bffbcac,5964e174-4d85-43f8-388d-3f66a1ecbd0e,Internet Issues,43.93,,,,0,4,Low
c43a9fe1-1d1f-415d-8c50-c5fb4f30df08,82be44de-b1d6-4e48-e6bb-33ec98b83c7d,1de2d676-6b57-57c9-570d-27116c18b3cc,Furniture,1.98,,500.0,,0,2,Verified
0c36c099-242f-4649-b3a0-3a16774d674f,c02eb961-2471-c285-9c28-fb9a12aaf70a,6e45aca0-18fa-334d-4711-4da7cc94e30f,Kitchen Equipment,244.6,,300.0,,0,8,Low
34bf23b2-e00f-44e4-892d-93409d666322,1a3b6c74-26e1-7124-0b5c-7f783d71624d,717b9b58-969a-8452-088a-972edaf5da24,AC Issues,36.84,,650.0,,0,5,Low
79834947-5612-4e83-9890-f9f95e4e0c0a,e99afa10-6249-3f5b-4364-da75f89e34f9,f64ad55d-d5e9-6b9e-9676-efeb66d20201,Electrical Issues,39.65,,300.0,,1,14,High
17a66482-faa4-4cad-a904-e869812f2950,8e125a87-1a3e-4b52-855b-635c06bafd87,aa6faaa7-b2dc-3312-7b5d-91d48f1f2711,Electrical Issues,0.13,,300.0,,0,2,Medium
337de57d-034a-4531-990b-0af07c34522a,04ba1c6f-6c06-819d-9ecc-a0c5f795b922,b5a4ef5b-dfab-12e9-96d2-c7657d00fb50,Other,16.92,,,,1,4,Verified
54316a65-9440-462b-b7db-271a2192364b,3b02f95a-b47e-1037-4f8a-f2f31e35c98e,96bb1fe8-5e0d-fdd2-0b6f-94aa78cf0ba2,Furniture,69.53,,500.0,,1,20,Verified
107a789d-01e3-48fc-a5fa-f82cba3dfbf8,10f3edc6-4b03-b82d-8df1-09ddaf031c0c,f75d07e9-5c50-45b0-86bc-61a93dbb4d17,Cleaning Issues,92.05,,,,1,15,Low
11cae148-c552-4a96-98ac-1230d988e8cf,6ea3368b-00ab-4626-a86f-7fcacb3e167e,f75d07e9-5c50-45b0-86bc-61a93dbb4d17,Other,88.21,,,,1,3,Low
fb3b774d-c4e5-489d-8094-e94fab7628a7,04ba1c6f-6c06-819d-9ecc-a0c5f795b922,b5a4ef5b-dfab-12e9-96d2-c7657d00fb50,AC Issues,76.02,,650.0,,0,4,Low
5eb5b237-34c0-4960-904f-f1aa99aa5a5c,bcf8ffc1-fd5c-f6ab-0453-7a73c73786dd,16d9e7d4-a079-cc9d-1fb4-b96de3cb70dd,Cleaning Issues,71.36,,,,1,29,Low
696afd2a-6b96-4a16-91bd-92de7377802a,53416e34-aaed-471f-937d-0fea74c444b8,7fd152e9-2f00-0fc6-c8ed-83b426803a4d,AC Issues,24.72,,650.0,,1,2,Verified
f7a042a6-0da1-4ed0-8ec9-1df4485f0395,1932ea80-c6eb-874e-eca8-12410fa7a608,f060fd98-620b-0d6c-65cd-5090be241589,Cleaning Issues,90.84,,,,1,28,Low
84c4cb57-827f-49b5-a473-4bb6df134de6,b2f85d5d-acf9-7c53-dc5b-0d3b67b462c5,84952c96-2043-cf2d-46cc-061e64428c28,Toilet Issues,7.49,,400.0,,0,2,Verified
e0606954-e645-47ed-8008-f5ace1c87acc,510cd475-6538-7d02-413c-1a0f553ba4e6,1a8e227a-8e7b-102b-4e40-33fadfcb8aee,AC Issues,146.11,,650.0,,0,9,Verified
e94fedc0-9209-4678-8a9d-4b3a6cd644f6,ba8dd5e0-ed0e-8b6a-7098-2732476feb31,433269e6-beef-04d8-7738-12f887009657,Electrical Issues,42.77,,300.0,,1,15,Medium
32c3b5d6-227c-4abf-a0dd-463cbafae316,d4890451-59e6-45f4-a75f-b2199aa5a3a7,26ce09f1-599b-0d8d-aa06-c08db6a2dcde,Cleaning Issues,20.13,,,,1,7,Low
b6942741-3835-40eb-9c00-66dd29bc7170,fc8a412e-e0d4-35e1-37fa-5f798b7dc7f4,acc99892-cb35-8aaf-7d74-61bb7125b1bf,Electrical Issues,46.12,,300.0,,0,12,Low
a20d3286-8cc7-4f31-84b3-1cb544e2756a,8709ca2e-a8a6-48a4-b8ce-e813c4796ab9,90eedc35-b872-5505-a86d-2824a91e518c,Electrical Issues,61.24,,300.0,,1,5,High
2403da27-4924-4f3d-8754-1a476c834283,a7798da2-f8ee-1840-a1f3-f29a9e764b97,1d409b50-0f02-94aa-63c7-737e000c8120,Cleaning Issues,25.81,,,,1,29,Low
6bc1941f-b4b3-4f5e-8b26-8d0ed2d7ac25,03ce56c0-8798-b95d-7125-311b80363e74,f9b73f69-33c8-b36d-daf6-c7078c00692c,RO Water Issues,1007.72,,300.0,,0,10,Verified
d1a9b329-dee6-4993-be04-11fe8c8aca0f,10f3edc6-4b03-b82d-8df1-09ddaf031c0c,f75d07e9-5c50-45b0-86bc-61a93dbb4d17,Cleaning Issues,92.13,,,,1,15,Low
b518acf6-04cd-4e30-90bb-ae78d57b50a0,257579ca-bef0-99b8-f916-e518891ffdab,808fbd05-1708-47c3-a3ed-acb300c719aa,Electrical Issues,25.58,,300.0,,1,12,Unmapped
ae92473e-7b54-4b9d-9518-1a34e5d7f714,11e59c65-004e-4eea-a733-d3a6a7c65fb1,0b49669f-6579-fa2c-a871-13f7c9f46ae6,AC Issues,382.04,,650.0,,1,2,Verified
a9ad55bd-fdac-45ed-a18c-868bf93c9793,104a66bf-0d87-2acc-ec03-a73d1c1cfd53,9e254d9d-fe84-3236-eca3-7adff58dafa1,AC Issues,36.79,,650.0,,1,5,High
43e6cbf0-e2d4-40ae-bf20-4df7b23cf915,07734943-434c-4c8b-b1fa-49d7c4e8a7fe,3e28154d-1bfe-92b4-2fff-f295a9f54738,AC Issues,108.58,,650.0,,1,8,Verified
3280b720-3e0c-4df3-a962-35fe76a4a434,f2a00e3d-de04-40a3-6f41-a3ebfcab4a3c,547bd323-8dae-07db-7089-372cd8261276,Kitchen Equipment,,,300.0,,0,4,Verified
3714a311-a5b5-46ed-9868-1b383c55906d,fc8a412e-e0d4-35e1-37fa-5f798b7dc7f4,acc99892-cb35-8aaf-7d74-61bb7125b1bf,RO Water Issues,62.28,,300.0,,0,12,Verified
52ec5ab0-c642-4dbb-af9f-e9065cf605f6,83af11b3-a274-7404-3265-ec658f74f8cf,25cdb264-370f-4be0-5004-6aeb735c94aa,Washing machine Issue,18.25,,700.0,,0,3,Verified
1c260e7d-b201-4d78-84c7-5f7d98da6011,d8c4b3c5-9b2a-4c6e-b1e8-0a98c9175234,4c38ecbe-c637-8a04-6f67-ffbccbd96317,Other,92.34,,,,1,4,Low
fc9e112d-5e63-4203-8b16-d7f1d68e10da,e99afa10-6249-3f5b-4364-da75f89e34f9,f64ad55d-d5e9-6b9e-9676-efeb66d20201,Electrical Issues,17.43,,300.0,,1,14,High
33131087-1090-40d4-9806-6c96010d12a8,00ff5468-3680-2a12-23e4-82855ab3c697,32dfa2d6-dbf8-4dd2-90a0-e664e838b0ac,Furniture,37.24,,500.0,,1,10,Low
17fe2cf1-0e71-401f-984f-ad4d7ad1e0c0,83af11b3-a274-7404-3265-ec658f74f8cf,25cdb264-370f-4be0-5004-6aeb735c94aa,AC Issues,,,650.0,,1,3,Verified
094ec329-57a6-4e2d-8f07-52e271c7ba66,79e31f6f-69dc-a40c-27d7-3f076878f83c,97486463-9125-9851-3039-04f213b371d4,Internet Issues,,,,,0,11,Low
15917ad7-bf88-4861-8777-e736a43024ee,1a3b6c74-26e1-7124-0b5c-7f783d71624d,f64ad55d-d5e9-6b9e-9676-efeb66d20201,Toilet Issues,139.39,,400.0,,0,5,Verified
b04c6dc7-ef50-48b8-937b-f6b9039c131a,07734943-434c-4c8b-b1fa-49d7c4e8a7fe,3e28154d-1bfe-92b4-2fff-f295a9f54738,Other,16.79,,,,1,8,Low
4dc1661f-4f6f-480f-914b-c4c531a02740,00ff5468-3680-2a12-23e4-82855ab3c697,32dfa2d6-dbf8-4dd2-90a0-e664e838b0ac,Electrical Issues,15.29,,300.0,,0,10,Verified
dda32688-cb21-4683-b49b-1b75f6b72771,1932ea80-c6eb-874e-eca8-12410fa7a608,f060fd98-620b-0d6c-65cd-5090be241589,Electrical Issues,0.15,,300.0,,1,28,Medium
5a4b0eb5-ffd2-4be2-aeea-8d02f0ac9d36,791c16c3-5afa-4081-a47c-53439979e5b3,5810da0c-60c8-5ffd-72cc-d74b1f3425e9,Toilet Issues,15.05,,400.0,,0,2,Low
da7414fa-6c44-4570-ab9e-7a4d39ccda5d,d8c4b3c5-9b2a-4c6e-b1e8-0a98c9175234,4c38ecbe-c637-8a04-6f67-ffbccbd96317,RO Water Issues,41.65,,300.0,,0,4,Low
eed88ead-3973-4643-8814-412fdd2ad9be,66fbcb59-3d06-d8cc-b1d5-53f38a599207,0dd3b0c2-ddcf-ddb3-1f9f-e19c9273b218,AC Issues,12.62,,650.0,,1,14,Verified
72214ccd-713f-4085-b036-812383c1c771,bdcc24e3-6077-3ea9-b25e-2747d0f07be7,3ba3be35-43a3-79f2-d76c-617b73cd813d,AC Issues,,,650.0,,1,18,Verified
013fcae1-a397-4cf1-821c-16365a1cf07d,2794ccf7-4966-f00d-35d6-34ac17db73ea,e5918d8e-46b0-075e-14d9-60f3b60511e3,AC Issues,60.88,,650.0,,1,8,Low
819bbb55-e646-56c4-22d2-56e997491ca3,6ce637bf-a5e4-da07-b2a7-e56253fe17bd,19becc73-ba94-4a59-e2ef-19d1d342aee3,Electrical Issues,,,300.0,,1,4,Verified
c1a019ae-9535-418f-a544-5a76ab8b9f50,d751c131-c1c9-4f5c-88f8-7e4c6cb710b3,caf1f559-25d7-959b-c416-cb63f4ded6cc,Billing Issues,255.64,,,,0,3,Low
72f49c21-8aa8-45bb-a4c7-4954fcb84481,66fbcb59-3d06-d8cc-b1d5-53f38a599207,0dd3b0c2-ddcf-ddb3-1f9f-e19c9273b218,Internet Issues,52.17,,,,0,14,Low
3cb45ade-a1b3-4a3e-a5ad-afb563541fbe,8b48adf3-c14a-fa6d-9785-b4bcb35f8fbb,d9438ef4-c18e-28ab-44ad-feab7ce72db5,Electrical Issues,,,300.0,,1,4,Verified
3617c754-2014-417f-89e9-872fdc322560,8e125a87-1a3e-4b52-855b-635c06bafd87,aa6faaa7-b2dc-3312-7b5d-91d48f1f2711,Washing machine Issue,34.55,,700.0,,0,2,Verified
35dd8f94-4c35-4169-a395-42d399fd0956,79d4d3fe-73c5-a965-030f-c60220ee20cb,a607e4b0-3364-b1fb-774e-01d67c4fcdf1,Toilet Issues,141.44,,400.0,,0,8,Verified
3938fc58-441d-46d3-b350-690023ef2634,8709ca2e-a8a6-48a4-b8ce-e813c4796ab9,90eedc35-b872-5505-a86d-2824a91e518c,Kitchen Equipment,571.2,,300.0,,0,5,Verified
fd2babd5-9005-450a-ae03-3489776a5eae,ba8dd5e0-ed0e-8b6a-7098-2732476feb31,433269e6-beef-04d8-7738-12f887009657,Fridge Issues,355.07,,550.0,,1,15,Verified
6d5795dc-528f-4803-9e0f-be060bc4f7af,79d4d3fe-73c5-a965-030f-c60220ee20cb,7aa135ce-55b9-8787-a51c-fa6c42aad3b2,Furniture,582.17,,500.0,,0,8,Verified
d92a4b99-dbe6-4eed-81d5-fa375a71c0f8,cda37b51-1bbc-af0d-a560-49af88fdc751,f108b08d-b6c6-e6fe-5782-ba89ca9c16ad,Other,7.2,,,,0,32,Verified
3be84f30-5349-486b-a4a2-d5e936abdba5,10f3edc6-4b03-b82d-8df1-09ddaf031c0c,f75d07e9-5c50-45b0-86bc-61a93dbb4d17,Furniture,65.29,,500.0,,1,15,Low
a038450b-915e-4336-ab94-04b54c883858,257579ca-bef0-99b8-f916-e518891ffdab,808fbd05-1708-47c3-a3ed-acb300c719aa,Electrical Issues,55.63,,300.0,,1,12,Unmapped
f066b048-d1c1-461f-9f98-1db50a26d591,1932ea80-c6eb-874e-eca8-12410fa7a608,f060fd98-620b-0d6c-65cd-5090be241589,Plumbing,44.59,,,,0,28,Low
fecc3070-4c29-4249-ade0-1c9eae2687c2,26b16f30-da65-8aa3-d1ec-4867ac2a8f35,a4def813-d3a1-fa98-de2f-18ad2a9699a7,AC Issues,,,650.0,,1,7,Verified
a1c5eb64-147d-4345-bcf9-908919babb90,d8c4b3c5-9b2a-4c6e-b1e8-0a98c9175234,4c38ecbe-c637-8a04-6f67-ffbccbd96317,Washing machine Issue,17.8,,700.0,,0,4,Verified
53040f7e-89a2-4c5c-9f73-71feae903e1a,be84008a-74d3-3cc1-6fd6-bcef998f7bff,74a79821-aacb-043c-db1e-2c704e457547,Electrical Issues,7.73,,300.0,,0,1,Verified
9c3cf2fa-b5d4-46e0-b7a6-a3acfca2c674,1422ace8-beea-6d1b-73fd-1d30597b40d5,235bd597-22a1-f0f2-0d40-a0a2f59f41fd,Other,70.49,,,,0,3,Verified
7c159bf0-6ac6-4788-984f-258e0cd2aa6f,,,Other,530.59,,,,0,41,Unmapped
9fd43c4c-a469-4f74-8c15-74a116f26187,,50d7a816-da06-6897-ffe0-cb694a257dec,Furniture,48.32,,500.0,,1,41,Verified
11dcf269-8bc3-4127-94ad-49b9f248cbb2,2ba81159-3fd3-401a-b806-4cf09e7dce86,f21233ef-4976-14c5-b37d-3c30b4a3a97a,Electrical Issues,14.29,,300.0,,1,10,Verified
2e126a23-8caf-4f95-8de0-b745519555c4,a4709d2c-85e2-3d68-7467-1eaf879ba2c9,f226894e-3765-1bd7-6cda-03e887bc56b3,Electrical Issues,30.4,,300.0,,1,14,Verified
c9127618-abb9-4756-bae1-5ac6e8ed51c6,9541a16d-d020-eb78-80f1-a4a2d4b7775f,2ac95711-7b8e-8315-eae3-c0ad2ace7ade,AC Issues,462.28,,650.0,,1,5,Verified
2ccf9bff-aca4-4df0-9b53-338cff2175f1,c3c77367-5f51-f7a7-e667-0e3480f53751,ac9af09e-62c0-08f5-e71e-d14dc5f83e6d,AC Issues,362.56,,650.0,,1,13,Verified
9e794fe8-7c9d-4006-b59c-a654afcd2644,d751c131-c1c9-4f5c-88f8-7e4c6cb710b3,caf1f559-25d7-959b-c416-cb63f4ded6cc,RO Water Issues,132.52,3400.0,300.0,3100.0,1,3,Verified
1b950245-c697-47aa-a34d-c8c230097405,9541a16d-d020-eb78-80f1-a4a2d4b7775f,2ac95711-7b8e-8315-eae3-c0ad2ace7ade,AC Issues,462.32,,650.0,,1,5,Verified
68542466-9525-4a7a-bad1-384981867a1a,43774f3c-9ce6-fc78-7857-b8607c3e1966,9b9feba7-c6ce-bf0e-4b62-7c7541025927,Cleaning Issues,53.09,,,,1,9,Low
98d1b7f5-3d99-479d-85a5-0bed2c1b5252,8e39a9bd-3317-b2a6-22a6-16fa4cab9632,83a7b624-6ba5-7e9f-53eb-acd6d0ab5bb4,Washing machine Issue,4.27,,700.0,,1,3,Verified
d0bf3299-2a22-4fa7-afd0-0b9ffc93ad76,c3c77367-5f51-f7a7-e667-0e3480f53751,ac9af09e-62c0-08f5-e71e-d14dc5f83e6d,AC Issues,137.85,,650.0,,1,13,High
83d03c23-f8b3-4f6c-8f52-e156f3fc8823,cf1318a5-0564-4af6-d90e-c3e76de1ef08,f5f9de92-380f-d57b-ad87-139022e4d27a,Other,2.57,,,,1,8,Low
f113e226-b3c6-4360-9d6d-eaf9928fcd6c,a4ef95bf-1c7c-4c4d-0497-ae38085af6cc,28adcae8-d3f2-7d01-473b-45f62020cdc0,Cleaning Issues,114.88,,,,0,5,Verified
ddbe9afe-17ac-4cbf-aba7-3713ac3dcd53,82be44de-b1d6-4e48-e6bb-33ec98b83c7d,1de2d676-6b57-57c9-570d-27116c18b3cc,Cleaning Issues,69.87,,,,0,2,Low
b013dda1-2181-41f8-a9c3-db8acdeaca2d,ba8dd5e0-ed0e-8b6a-7098-2732476feb31,433269e6-beef-04d8-7738-12f887009657,Plumbing,155.96,,,,1,15,Low
b53c8057-ceb7-453d-ba81-05a80347d635,2ba81159-3fd3-401a-b806-4cf09e7dce86,f21233ef-4976-14c5-b37d-3c30b4a3a97a,Cleaning Issues,19.02,,,,1,10,Low
3145b7a3-f9b8-4b69-be75-cf0d3ead40f9,8b48adf3-c14a-fa6d-9785-b4bcb35f8fbb,d9438ef4-c18e-28ab-44ad-feab7ce72db5,Washing machine Issue,20.83,,700.0,,1,4,Verified
6178a47c-c209-4050-bbd3-46234b2010e5,2ba81159-3fd3-401a-b806-4cf09e7dce86,f21233ef-4976-14c5-b37d-3c30b4a3a97a,Toilet Issues,39.9,,400.0,,0,10,Verified
00442f6b-bad8-4efc-9138-a7fe5a491665,1218c50c-4da4-4f61-baec-5182a25958e3,058f4fd0-7a5d-544c-9587-0c2f9de4528f,Other,18.03,,,,0,3,Verified
81a80b7e-da29-4044-be0e-fcccd3afe7fd,,,Furniture,25.35,,500.0,,0,41,Unmapped
01e761fc-cf80-46dc-99fc-90cec18565a9,a7798da2-f8ee-1840-a1f3-f29a9e764b97,1d409b50-0f02-94aa-63c7-737e000c8120,Furniture,3.2,,500.0,,1,29,Verified
e0e94ac2-9af5-4194-ba97-3caff204496e,93eb3d6a-d35b-ef1f-83b8-7430b6ad1674,e5f8d124-710a-6c9f-2667-88950dcc7e60,Other,18.94,,,,1,14,Verified
ec7dd572-aa06-43eb-8cf4-469684996ac1,d751c131-c1c9-4f5c-88f8-7e4c6cb710b3,caf1f559-25d7-959b-c416-cb63f4ded6cc,AC Issues,107.55,,650.0,,1,3,Verified
6655ddc8-ece3-485d-a194-14d08986ba03,389859df-460c-4966-a71d-eb7bbebae67b,b67440c5-1089-ccdb-bb31-3211a4ee4d0e,Toilet Issues,338.86,,400.0,,0,2,Verified
d01d2356-1785-4413-a34d-b32eec8aa9f6,073e4bd7-f1f1-49d3-604f-c365b9952a6c,d0c84d1e-4238-9b66-8d10-7665d8e44980,RO Water Issues,178.69,,300.0,,0,7,Verified
c357bd0c-ed09-4aed-9e47-2952abc4b848,a4709d2c-85e2-3d68-7467-1eaf879ba2c9,f226894e-3765-1bd7-6cda-03e887bc56b3,Cleaning Issues,260.73,,,,1,14,Verified
047c498a-6455-4af2-a829-3e20b6f96ed3,3b02f95a-b47e-1037-4f8a-f2f31e35c98e,96bb1fe8-5e0d-fdd2-0b6f-94aa78cf0ba2,Electrical Issues,46.05,,300.0,,1,20,Verified
4b313b65-29bc-4a38-9c5c-a7db2daa1745,de481a65-2fb4-4974-b7db-0ec990ea852d,8e25f001-fe3b-3a8e-0754-b8a08d432526,Toilet Issues,16.23,,400.0,,0,4,Low
ba000612-08eb-466e-a200-9116b2f0ab0f,8971261e-a813-477f-94c0-0a9661dc4c34,f9e98282-6ed1-2655-561b-5122ac7d94a1,Electrical Issues,0.46,,300.0,,1,1,Verified
8048197e-b83c-45a0-bf10-7a52115667e4,43774f3c-9ce6-fc78-7857-b8607c3e1966,9b9feba7-c6ce-bf0e-4b62-7c7541025927,Cleaning Issues,43.9,,,,1,9,Verified
67123f11-5721-4f52-950f-d91b623d5cc2,71a9340d-9832-4609-a110-d9b5aaffc020,235bd597-22a1-f0f2-0d40-a0a2f59f41fd,AC Issues,,,650.0,,1,1,Verified
298b0b9f-9d4c-4ef2-a37f-7d9e7d35910d,8e39a9bd-3317-b2a6-22a6-16fa4cab9632,83a7b624-6ba5-7e9f-53eb-acd6d0ab5bb4,AC Issues,356.19,,650.0,,1,3,Verified
30f4d87a-751c-4266-ad46-975889178700,3b02f95a-b47e-1037-4f8a-f2f31e35c98e,96bb1fe8-5e0d-fdd2-0b6f-94aa78cf0ba2,Cleaning Issues,27.56,,,,1,20,Verified
1c905e75-7535-416d-a137-8dc916747194,8709ca2e-a8a6-48a4-b8ce-e813c4796ab9,4afa5689-5806-e349-ab1d-a4358f44e1d6,Internet Issues,89.38,,,,1,5,Low
fee940e2-83d1-4749-ab17-a7df7d3e1905,3e50af3d-452f-d098-b3bc-3c2a64576d55,0153ccf1-dd56-71dd-4156-d4c3c648531b,Electrical Issues,15.02,,300.0,,0,3,Verified
1253875a-f6c4-4ed0-92d1-c3e6e7a4dabb,2631ddfd-660e-8719-1876-82cf88e13a60,98fd7f93-0ba0-1cf1-aa22-36fa6d3816ed,AC Issues,43.24,,650.0,,1,10,Verified
3d26fc71-98fb-4052-a26c-40e7b044d63b,,d406c520-d5c0-dce0-90fa-222f3e8c6d05,Toilet Issues,47.02,210.0,400.0,-190.0,0,41,Low
7c2663ac-612b-417d-9bf7-5e6ac8d3efe5,86cd2239-fa55-0389-437e-e8fd505dc931,abfa482f-64b8-5ca0-3072-e8345f44a317,AC Issues,16.34,,650.0,,1,5,Verified
4f8b2dee-434d-4bea-8392-a77c7e9c5362,f295149c-bcb1-4d48-93ce-d2ea593d29c3,50d7a816-da06-6897-ffe0-cb694a257dec,AC Issues,47.53,,650.0,,1,7,Verified
48a7025a-a65f-4b80-914c-984259833370,72ac33cc-b9b2-9cc4-47fd-d37096c8f30d,58b51b21-f4aa-b4ea-0947-8ff74e4562a7,Plumbing,45.48,,,,0,2,Verified
fbfcd225-fb5b-43dc-b136-702c313ae190,257579ca-bef0-99b8-f916-e518891ffdab,808fbd05-1708-47c3-a3ed-acb300c719aa,Electrical Issues,70.08,,300.0,,1,12,Unmapped
8ff9e815-22fc-4901-8096-cd2d0ae81176,07734943-434c-4c8b-b1fa-49d7c4e8a7fe,3e28154d-1bfe-92b4-2fff-f295a9f54738,AC Issues,,,650.0,,1,8,Verified
206f2473-1864-4ba9-ae6a-109ee0fa0150,fc8a412e-e0d4-35e1-37fa-5f798b7dc7f4,acc99892-cb35-8aaf-7d74-61bb7125b1bf,AC Issues,19.31,,650.0,,1,12,Verified
793f193e-cb76-43f3-991d-36b8179160da,c511ac63-cb7e-1453-92d5-ea4ffba1c360,7dcf272d-a13c-9661-df5a-a6704de16ab8,AC Issues,19.4,,650.0,,0,1,Verified
65de8cca-e13c-44ee-8b37-0a8f33e93223,d77b5c1e-605d-6795-5eee-1e2f9b83e069,18cdbd64-ea17-6578-2f54-2b5ad8a2c7fe,AC Issues,455.14,,650.0,,1,4,Verified
73752713-dfcb-4eff-8ce4-b47bbb904804,1932ea80-c6eb-874e-eca8-12410fa7a608,f060fd98-620b-0d6c-65cd-5090be241589,RO Water Issues,28.66,,300.0,,1,28,Verified
f1c62a11-792d-4692-9de7-fc5834c32a22,,42541fce-4dd2-805a-5d01-5aa7e5db8726,Other,4.3,440.0,,,0,41,Low
b30178f4-4a1c-4469-9255-be9eed264561,491b8136-32a1-37c5-5253-b53ff3991d86,77dab2f4-7c09-59d1-5a0a-8473cdf46d8d,AC Issues,14.95,,650.0,,1,11,Verified
a212351e-fd47-4d4f-b06f-cfd544db2630,491b8136-32a1-37c5-5253-b53ff3991d86,77dab2f4-7c09-59d1-5a0a-8473cdf46d8d,Internet Issues,864.58,,,,1,11,Low
3b217359-2d33-49eb-9efa-90da713930cb,04ba1c6f-6c06-819d-9ecc-a0c5f795b922,b5a4ef5b-dfab-12e9-96d2-c7657d00fb50,Electrical Issues,27.26,,300.0,,0,4,Verified
48862e77-53fa-42d1-a7e4-5082320b4b33,1fc0c3bb-f35c-8d5d-a4fa-a9c1723cd8ab,b9880845-d37b-c083-ffd7-adcaa279cb30,Furniture,15.62,,500.0,,1,11,Verified
313e7f25-536e-4c44-bcbc-aeeed7545253,de481a65-2fb4-4974-b7db-0ec990ea852d,8e25f001-fe3b-3a8e-0754-b8a08d432526,AC Issues,111.07,,650.0,,1,4,Verified
b09e510e-96ad-4622-8e2b-5fb39c8d213b,00ff5468-3680-2a12-23e4-82855ab3c697,32dfa2d6-dbf8-4dd2-90a0-e664e838b0ac,AC Issues,39.63,,650.0,,1,10,Verified
04617c6a-c9d0-4f9c-845e-a513b686709a,2ba81159-3fd3-401a-b806-4cf09e7dce86,f21233ef-4976-14c5-b37d-3c30b4a3a97a,Electrical Issues,16.37,,300.0,,1,10,Verified
fe68f9b2-11d4-4da9-8573-21a5fad9d663,cda37b51-1bbc-af0d-a560-49af88fdc751,f108b08d-b6c6-e6fe-5782-ba89ca9c16ad,Electrical Issues,5.59,,300.0,,1,32,High
4d777e0e-07ea-4138-9065-e0405fe2debb,f16a668c-ea8a-b26d-9dff-4da3c53fccc7,e490e3a6-9e5c-a6b8-a156-bfb492b8b0a4,AC Issues,65.33,,650.0,,1,6,Verified
3beee66c-b10d-4d92-ad2f-d084d2754066,55e6e452-fae2-a5ac-3c12-21424bffbcac,5964e174-4d85-43f8-388d-3f66a1ecbd0e,Electrical Issues,29.72,,300.0,,0,4,Verified
e9107c13-9b09-4dd1-817c-bf01b8d59ab9,1dc2bdca-ae79-4cd5-9d74-961c02cce282,15d608c9-9596-d151-b9c5-21b22647f848,Plumbing,254.78,,,,1,4,Low
9c6f1860-b99a-4590-a537-7b0051409a06,6dd50e39-9843-4442-cc09-3b49fbe97fb9,b8e2da25-71c4-1b06-f7dd-e06f7f8f7741,AC Issues,3.99,,650.0,,1,17,Verified
f9b32676-14df-4807-b389-ab327909f7ab,f295149c-bcb1-4d48-93ce-d2ea593d29c3,50d7a816-da06-6897-ffe0-cb694a257dec,Electrical Issues,36.92,,300.0,,1,7,Verified
f90ebf64-ee75-41cd-8a53-e97d7aad40da,,b3011caa-4f84-1357-f007-ee364043173f,Other,0.26,28.0,,,1,41,Low
0235df0d-e86c-43df-8113-5df1701a4bd2,79d4d3fe-73c5-a965-030f-c60220ee20cb,a607e4b0-3364-b1fb-774e-01d67c4fcdf1,Other,3.11,,,,0,8,Low
2a30d99f-9ee0-433b-83d4-e4038d28c669,6dd50e39-9843-4442-cc09-3b49fbe97fb9,b8e2da25-71c4-1b06-f7dd-e06f7f8f7741,Other,49.63,,,,0,17,Verified
0780c700-c404-4944-abab-6c90a1c92975,,dcfddc61-693e-2180-1cf6-f3e8e0dd40d8,AC Issues,,,650.0,,0,41,Verified
457efb24-90c0-41ae-bb6b-5a047470eec7,c3c77367-5f51-f7a7-e667-0e3480f53751,ac9af09e-62c0-08f5-e71e-d14dc5f83e6d,AC Issues,23.68,,650.0,,1,13,Verified
8a21f623-e774-4f1e-ab8c-83fbcc18c810,7e2a1e58-e10a-4352-ca15-59fd22f2c07e,d896c15c-52be-8a4e-6bcf-b598f12b31af,AC Issues,15.37,,650.0,,1,2,Verified
91c3df30-8736-4363-afda-343891a9380a,2ba81159-3fd3-401a-b806-4cf09e7dce86,f21233ef-4976-14c5-b37d-3c30b4a3a97a,RO Water Issues,13.45,,300.0,,0,10,Verified
617dfc67-d0d6-429a-bfa5-06460a2c98da,c09e703c-d287-38c8-d1c1-239145e17df9,bb071334-4646-5a4c-51c0-633d5b3db352,Billing Issues,26.27,,,,0,7,Low
5745ae7c-577e-45ee-8306-282882275a32,a4ef95bf-1c7c-4c4d-0497-ae38085af6cc,28adcae8-d3f2-7d01-473b-45f62020cdc0,Other,881.28,,,,1,5,Verified
943908d6-ee9a-4bf4-aeab-eff7fb4ae697,93eb3d6a-d35b-ef1f-83b8-7430b6ad1674,e5f8d124-710a-6c9f-2667-88950dcc7e60,Washing machine Issue,19.03,,700.0,,1,14,Verified
8227d1f8-5ed9-4eb2-b9fd-d6fc0c9423f4,257579ca-bef0-99b8-f916-e518891ffdab,808fbd05-1708-47c3-a3ed-acb300c719aa,Kitchen Equipment,,,300.0,,0,12,Unmapped
42068e51-cf17-44bb-9dd2-2b27cec6e39e,1932ea80-c6eb-874e-eca8-12410fa7a608,f060fd98-620b-0d6c-65cd-5090be241589,Internet Issues,3.46,,,,0,28,Low
ff484b1a-5e85-4d57-8f3d-8e514b8f76ac,2631ddfd-660e-8719-1876-82cf88e13a60,98fd7f93-0ba0-1cf1-aa22-36fa6d3816ed,Cleaning Issues,88.05,,,,0,10,Low
3452ec27-2423-4f26-b3e8-61abde88cb0d,ba8dd5e0-ed0e-8b6a-7098-2732476feb31,433269e6-beef-04d8-7738-12f887009657,Kitchen Equipment,382.03,1948.0,300.0,1648.0,1,15,Verified
93da2cb6-2365-4ade-b0a3-bffbb5fc56fe,1932ea80-c6eb-874e-eca8-12410fa7a608,f060fd98-620b-0d6c-65cd-5090be241589,Cleaning Issues,97.3,,,,1,28,Low
2d51794c-13c3-46fb-9138-15f4b9c36f32,f295149c-bcb1-4d48-93ce-d2ea593d29c3,50d7a816-da06-6897-ffe0-cb694a257dec,Heater Issues,39.05,,600.0,,0,7,Verified
d6a91c4a-bcda-4f95-83d1-a34ed7cf8e65,e426d68a-16d2-9097-ff7d-ae2521fb52e5,2564984d-d7f3-5161-99d4-3d648f77f03e,Furniture,59.98,,500.0,,0,1,Verified
a3081c04-706b-45c9-9a10-6ee5edce0401,f295149c-bcb1-4d48-93ce-d2ea593d29c3,50d7a816-da06-6897-ffe0-cb694a257dec,Kitchen Equipment,,,300.0,,1,7,Verified
64ee36db-ed0b-4fe8-bbfe-d5aa6e77423f,22a9494d-0e02-6fba-4aee-7947f1e6110b,046c3e92-cd17-a1e9-aa97-733c3127f809,AC Issues,24.2,,650.0,,1,22,Verified
2f821a1a-cdee-4e0b-b688-83e9e30edf93,2c05db07-e980-4d52-a524-1b1ee5185554,e240e3e5-c69e-eb28-28a3-e88cb6561735,Furniture,26.79,,500.0,,1,2,Verified
79ca95c6-84d4-4fe7-b054-b7e9588ce30d,6ea3368b-00ab-4626-a86f-7fcacb3e167e,f75d07e9-5c50-45b0-86bc-61a93dbb4d17,Internet Issues,113.85,,,,1,3,Low
273cfd52-9861-4f44-9271-39952f4c6a35,8123af5e-305b-80f8-20db-4d54b7f628c7,7c369e8a-97c2-59de-b4b9-6f506fb0812f,Cleaning Issues,1988.38,,,,0,3,Low
61640151-5e67-4bdf-854e-05c78cf4a317,1fc0c3bb-f35c-8d5d-a4fa-a9c1723cd8ab,b9880845-d37b-c083-ffd7-adcaa279cb30,RO Water Issues,16.17,,300.0,,0,11,Verified
53f77ddc-446d-4480-a617-de536961a1e0,00ff5468-3680-2a12-23e4-82855ab3c697,32dfa2d6-dbf8-4dd2-90a0-e664e838b0ac,RO Water Issues,36.5,,300.0,,0,10,Verified
fd2604e2-76a9-40ac-b9cb-34f60454de15,f295149c-bcb1-4d48-93ce-d2ea593d29c3,50d7a816-da06-6897-ffe0-cb694a257dec,Kitchen Equipment,552.09,,300.0,,1,7,Verified
25627ef2-0336-47f6-8a33-cf89a60ab7c7,66fbcb59-3d06-d8cc-b1d5-53f38a599207,0dd3b0c2-ddcf-ddb3-1f9f-e19c9273b218,RO Water Issues,0.9,,300.0,,1,14,Verified
469fe91b-3816-4adf-b5c6-7ba012838bc2,26b16f30-da65-8aa3-d1ec-4867ac2a8f35,a4def813-d3a1-fa98-de2f-18ad2a9699a7,AC Issues,62.29,,650.0,,1,7,Low
c94b4387-b104-49de-a22d-136c17203559,22a9494d-0e02-6fba-4aee-7947f1e6110b,046c3e92-cd17-a1e9-aa97-733c3127f809,Toilet Issues,12.58,,400.0,,1,22,Verified
925b5fb4-9735-4f08-b8bb-e93d33cc14e1,8e39a9bd-3317-b2a6-22a6-16fa4cab9632,83a7b624-6ba5-7e9f-53eb-acd6d0ab5bb4,AC Issues,210.03,,650.0,,1,3,Verified
1b24e22a-8d8f-4237-80aa-4709478acf52,950dd22f-78fa-d205-48b3-fe5a5cc7438e,5c31f9fd-7275-3511-295a-a2740dc3ff01,AC Issues,54.2,,650.0,,1,6,Verified
51d838ab-d34d-458d-8ba4-a58d1c010c5f,890b32d9-f754-8150-5a18-8a21fcdf3828,f825c883-6815-d3b1-7a49-620004f0a7ae,RO Water Issues,3.57,,300.0,,1,13,Verified
697a386b-0c0f-44c4-8653-96a72084bcec,22a9494d-0e02-6fba-4aee-7947f1e6110b,046c3e92-cd17-a1e9-aa97-733c3127f809,Toilet Issues,24.78,,400.0,,1,22,Verified
86745b91-6f81-4ee1-b55f-e981c6de7b5c,a4709d2c-85e2-3d68-7467-1eaf879ba2c9,f226894e-3765-1bd7-6cda-03e887bc56b3,Cleaning Issues,139.82,,,,1,14,Low
a63e7669-3fd6-4fdc-a961-ad40190c10fa,b6263381-5732-4544-952b-edde50fdfc28,90eedc35-b872-5505-a86d-2824a91e518c,Cleaning Issues,16.33,,,,0,1,Low
63d1eaff-e400-4032-a823-9494310f2bba,26b16f30-da65-8aa3-d1ec-4867ac2a8f35,a4def813-d3a1-fa98-de2f-18ad2a9699a7,Electrical Issues,4.25,,300.0,,1,7,Verified
84606359-3085-4e82-8854-11ac5b5045e7,21e237d1-286e-324e-0cef-45725d629768,3adf68ca-04d2-f3f2-6459-8418efbb3e0a,Electrical Issues,18.58,,300.0,,1,4,Verified
9351a6f4-4c82-419b-a851-61ee8fd6b403,bdcc24e3-6077-3ea9-b25e-2747d0f07be7,3ba3be35-43a3-79f2-d76c-617b73cd813d,AC Issues,18.88,,650.0,,1,18,Verified
ecfd4173-3aef-4da2-8aa5-f03fe01f639e,f295149c-bcb1-4d48-93ce-d2ea593d29c3,50d7a816-da06-6897-ffe0-cb694a257dec,Furniture,121.8,,500.0,,1,7,Verified
f0affaee-a05c-4cd9-97b6-f6b895f55ad6,890b32d9-f754-8150-5a18-8a21fcdf3828,f825c883-6815-d3b1-7a49-620004f0a7ae,Electrical Issues,3.92,,300.0,,0,13,Verified
72f721e8-8e16-444d-b150-09b3385ae141,23f7ef5f-6b26-a104-b616-b438d7e9243c,fd583622-d483-7a0e-b288-a9d0d1e0807a,Other,66.97,,,,1,22,Verified
4505aa76-6647-4ef0-b86d-d332e066828a,d2449d75-0593-4deb-a6c2-fae99fc83ab0,4878b203-a8a4-ae51-ee40-ab6717cd55b6,AC Issues,67.33,,650.0,,0,3,Verified
edd4ab1d-1d4d-4acd-9e82-f4fcc0e3288a,d2449d75-0593-4deb-a6c2-fae99fc83ab0,4878b203-a8a4-ae51-ee40-ab6717cd55b6,Toilet Issues,41.91,,400.0,,0,3,Verified
ef1e06ce-5ac7-4ad8-a668-f0ebffab0a86,950dd22f-78fa-d205-48b3-fe5a5cc7438e,5c31f9fd-7275-3511-295a-a2740dc3ff01,Toilet Issues,816.81,,400.0,,0,6,Low
3c0f2d94-6e2b-4bdb-9426-6c887f11be91,950dd22f-78fa-d205-48b3-fe5a5cc7438e,5c31f9fd-7275-3511-295a-a2740dc3ff01,AC Issues,17.04,,650.0,,1,6,High
3d7e8e75-3347-4c38-9518-8b60c3c5e3fd,ba8dd5e0-ed0e-8b6a-7098-2732476feb31,433269e6-beef-04d8-7738-12f887009657,AC Issues,735.16,,650.0,,0,15,Verified
51dfc044-dc6f-4a50-af93-7e9e8d15e46d,0278721a-a690-833b-298a-16a351fb7a3a,cd504af3-aa51-0793-c3fc-fb030590ae09,AC Issues,22.85,,650.0,,1,12,Verified
32dfcd89-4de1-4165-bbc4-a648bc99f9f5,4628a4bf-d4c5-9e5d-471c-271b9f3e7d03,a99a7569-c4ba-31c0-62a9-b5fdc33d6863,Electrical Issues,23.14,,300.0,,0,10,Verified
5e89f675-cd07-456b-89e4-d141040c2f0e,cda37b51-1bbc-af0d-a560-49af88fdc751,f108b08d-b6c6-e6fe-5782-ba89ca9c16ad,AC Issues,5.15,,650.0,,1,32,Verified
8b77d984-c02f-4275-97fa-4e5696f7ff85,4628a4bf-d4c5-9e5d-471c-271b9f3e7d03,a99a7569-c4ba-31c0-62a9-b5fdc33d6863,Cleaning Issues,23.2,,,,0,10,Low
9b7123f6-8720-4828-b7e3-5bbf68a2a78b,c3c77367-5f51-f7a7-e667-0e3480f53751,ac9af09e-62c0-08f5-e71e-d14dc5f83e6d,Other,24.23,,,,1,13,Low
96abc1f1-6f1a-4e36-a35f-b1432c33a3be,d2449d75-0593-4deb-a6c2-fae99fc83ab0,4878b203-a8a4-ae51-ee40-ab6717cd55b6,Washing machine Issue,37.05,,700.0,,0,3,Verified
49b3a5c8-bea6-4e84-afdb-52c0b6f5cc67,950dd22f-78fa-d205-48b3-fe5a5cc7438e,5c31f9fd-7275-3511-295a-a2740dc3ff01,Electrical Issues,26.88,,300.0,,0,6,Verified
f43974a5-c1b8-4d39-9446-5bfe0f18fcd3,43774f3c-9ce6-fc78-7857-b8607c3e1966,9b9feba7-c6ce-bf0e-4b62-7c7541025927,Cleaning Issues,992.11,,,,1,9,Low
204275a1-d75e-4b2f-ad2f-ae607f40730a,21e237d1-286e-324e-0cef-45725d629768,3adf68ca-04d2-f3f2-6459-8418efbb3e0a,Electrical Issues,18.55,,300.0,,1,4,Verified
60a2a5bb-341e-440a-9008-8eedeba17856,1218c50c-4da4-4f61-baec-5182a25958e3,058f4fd0-7a5d-544c-9587-0c2f9de4528f,Plumbing,62.53,,,,1,3,Low
b34f7660-d7e5-4c73-8b44-1b710f3ab3b1,890b32d9-f754-8150-5a18-8a21fcdf3828,f825c883-6815-d3b1-7a49-620004f0a7ae,Internet Issues,117.33,,,,0,13,Low
8c965ce1-1fdc-4f92-b919-e5bad7017ebf,791c16c3-5afa-4081-a47c-53439979e5b3,5810da0c-60c8-5ffd-72cc-d74b1f3425e9,AC Issues,38.6,,650.0,,0,2,Verified
5247abe6-4cde-420c-886d-569651233596,8123af5e-305b-80f8-20db-4d54b7f628c7,7c369e8a-97c2-59de-b4b9-6f506fb0812f,Plumbing,1972.5,,,,0,3,Verified
255bff17-c0f3-4eb4-810b-05df5eb3c360,1932ea80-c6eb-874e-eca8-12410fa7a608,f060fd98-620b-0d6c-65cd-5090be241589,Toilet Issues,6.33,,400.0,,0,28,Low
ebb855b4-4121-4659-977f-638e2ffdeb75,79e31f6f-69dc-a40c-27d7-3f076878f83c,97486463-9125-9851-3039-04f213b371d4,Washing machine Issue,22.79,,700.0,,1,11,Verified
d07d886a-50cd-43dd-b8a2-efdc5353759b,bcf8ffc1-fd5c-f6ab-0453-7a73c73786dd,16d9e7d4-a079-cc9d-1fb4-b96de3cb70dd,Electrical Issues,198.19,,300.0,,1,29,Verified
3e24dc37-f8e6-4813-8301-873c8f0cba33,,5bc695a1-231f-0c21-1a51-b7c3e9e1ea7d,Other,77.02,,,,0,41,Low
3d9e2a93-f4a4-4d7c-b921-19347f1c1403,43774f3c-9ce6-fc78-7857-b8607c3e1966,9b9feba7-c6ce-bf0e-4b62-7c7541025927,Furniture,48.2,,500.0,,1,9,Verified
6fe8eb8d-4e64-4977-8968-772d400d759e,77dd12b8-a20b-05c8-2372-79ba1b1624a9,382e6330-c64e-2a4c-b734-e519ba94dc2c,AC Issues,142.48,,650.0,,0,8,Verified
1a95484c-9172-45a3-b983-a8d8aa409c42,1dc2bdca-ae79-4cd5-9d74-961c02cce282,15d608c9-9596-d151-b9c5-21b22647f848,Electrical Issues,18.36,,300.0,,1,4,Verified
4916dbd8-2371-41fd-aae7-9946532592bd,8709ca2e-a8a6-48a4-b8ce-e813c4796ab9,4afa5689-5806-e349-ab1d-a4358f44e1d6,Furniture,26.89,,500.0,,1,5,Verified
3c32a980-6f97-4cca-abe8-e11505111e96,8996897f-e383-4fca-87f9-654e1b14b3c2,d2ad3fde-45b8-0cd9-8e17-31257bcd567e,Kitchen Equipment,,,300.0,,0,4,Verified
9d46f760-21e0-4282-b63b-f6dc832bec8d,d4890451-59e6-45f4-a75f-b2199aa5a3a7,26ce09f1-599b-0d8d-aa06-c08db6a2dcde,Cleaning Issues,2.79,,,,1,7,Low
6b2280fc-f664-4c8c-953b-18db76713171,23f7ef5f-6b26-a104-b616-b438d7e9243c,fd583622-d483-7a0e-b288-a9d0d1e0807a,Other,66.93,,,,1,22,Low
af56a3bd-431e-4109-a114-dd960d9d2ba2,bdcc24e3-6077-3ea9-b25e-2747d0f07be7,3ba3be35-43a3-79f2-d76c-617b73cd813d,Washing machine Issue,59.55,,700.0,,1,18,Verified
7a7ada9a-c432-4664-af52-bb993b0c52c7,1932ea80-c6eb-874e-eca8-12410fa7a608,f060fd98-620b-0d6c-65cd-5090be241589,Other,1197.64,,,,1,28,Low
07adc185-f2be-4bc2-b209-4e93f7b77682,1b003ea3-bdcb-0416-c3c2-8ff60f2f65f5,1a0c6b87-ff3f-bbf9-8751-3b329d6b9911,AC Issues,44.88,,650.0,,1,9,Verified
e05c3490-500a-433e-a722-65a282a41f7f,6ea3368b-00ab-4626-a86f-7fcacb3e167e,f75d07e9-5c50-45b0-86bc-61a93dbb4d17,Electrical Issues,58.03,,300.0,,0,3,Medium
31b72d96-b600-47b9-864d-47d51f9766f0,38305983-db92-2c3c-7949-96f7ca7833eb,ebfa9ad2-0c93-9cd6-f85e-2d7449609b84,AC Issues,22.5,,650.0,,0,2,Verified
e2f11fa3-0123-4cab-a9e4-46d077572c09,d4890451-59e6-45f4-a75f-b2199aa5a3a7,26ce09f1-599b-0d8d-aa06-c08db6a2dcde,RO Water Issues,2.85,2500.0,300.0,2200.0,0,7,Verified
2c290b85-57fd-4fca-8a21-5f6dab2423bf,07734943-434c-4c8b-b1fa-49d7c4e8a7fe,3e28154d-1bfe-92b4-2fff-f295a9f54738,AC Issues,184.08,,650.0,,1,8,Verified
5d9d7a1b-fb90-40b5-9623-002f5c788745,2ba81159-3fd3-401a-b806-4cf09e7dce86,f21233ef-4976-14c5-b37d-3c30b4a3a97a,Washing machine Issue,13.15,,700.0,,0,10,Verified
0fa32228-d1f8-4453-90d2-a0553412b2f1,cda37b51-1bbc-af0d-a560-49af88fdc751,f108b08d-b6c6-e6fe-5782-ba89ca9c16ad,Washing machine Issue,86.36,,700.0,,1,32,Verified
328c45b0-3fca-4e12-a210-b04df5c758e4,,5964e174-4d85-43f8-388d-3f66a1ecbd0e,Toilet Issues,24.02,,400.0,,0,41,Low
5a5c1abb-862e-439f-b206-930acf2ac60a,854c86e3-8b7f-0ca8-f4ac-c6a073699611,fd6cdb68-6242-d6f8-7bf2-78d3e2483220,RO Water Issues,64.0,,300.0,,0,23,Verified
131febae-d05e-4205-a572-c63a9cc4a124,de481a65-2fb4-4974-b7db-0ec990ea852d,8e25f001-fe3b-3a8e-0754-b8a08d432526,Washing machine Issue,61.19,,700.0,,0,4,Verified
12683646-ca80-4749-baf9-654e9c8c6b08,9653a402-ff75-bbdf-8cc6-1cb0ca01f233,c2468504-0b8f-0d2a-dded-dff98fde1028,Cleaning Issues,,,,,0,7,Verified
6fe04578-66d9-4f36-a50d-df7ac49d7c3e,f16a668c-ea8a-b26d-9dff-4da3c53fccc7,e490e3a6-9e5c-a6b8-a156-bfb492b8b0a4,AC Issues,137.2,,650.0,,1,6,Verified
3bbdb1e6-97f8-4bf0-a3da-9ac0e18a1030,,18323ac7-06c3-e126-fb43-8a9b6cbb53ba,Furniture,26.79,,500.0,,1,41,Verified
430db962-2353-4fd9-912d-297e09e7bf28,1932ea80-c6eb-874e-eca8-12410fa7a608,f060fd98-620b-0d6c-65cd-5090be241589,Cleaning Issues,66.03,,,,1,28,Low
9ca32c91-7377-4136-a935-59b051cf9150,25ef6338-6197-45a8-82d9-ddd0a846f1b2,e7028e9f-6d8f-c1b2-9104-a6c79b6f1c44,Furniture,,,500.0,,0,1,Verified
938c7806-1f83-4034-a447-087e1dd599b1,890b32d9-f754-8150-5a18-8a21fcdf3828,f825c883-6815-d3b1-7a49-620004f0a7ae,AC Issues,60.16,,650.0,,1,13,Verified
851326b0-8cf3-4659-b4b4-fc42713f3a40,22a9494d-0e02-6fba-4aee-7947f1e6110b,046c3e92-cd17-a1e9-aa97-733c3127f809,Electrical Issues,35.61,,300.0,,1,22,Verified
cfed9c1c-ee04-4342-958d-a727582d4c36,2631ddfd-660e-8719-1876-82cf88e13a60,98fd7f93-0ba0-1cf1-aa22-36fa6d3816ed,Furniture,40.87,,500.0,,0,10,Verified
a919aa54-ea64-4420-a732-20ffe4a13f83,a4709d2c-85e2-3d68-7467-1eaf879ba2c9,f226894e-3765-1bd7-6cda-03e887bc56b3,RO Water Issues,166.14,,300.0,,0,14,Verified
3d9051cc-ec57-4acb-89ea-b68821421808,cda37b51-1bbc-af0d-a560-49af88fdc751,f108b08d-b6c6-e6fe-5782-ba89ca9c16ad,Furniture,63.8,,500.0,,0,32,Verified
7ae58cd2-f723-43f4-9507-209bed09b762,23f7ef5f-6b26-a104-b616-b438d7e9243c,fd583622-d483-7a0e-b288-a9d0d1e0807a,Cleaning Issues,525.39,,,,1,22,Verified
327e384f-e936-47d9-9cfb-ca1b41bc8f1c,f295149c-bcb1-4d48-93ce-d2ea593d29c3,50d7a816-da06-6897-ffe0-cb694a257dec,Toilet Issues,17.12,,400.0,,0,7,Verified
3151f7a1-adad-4329-925b-3375c30dae24,c2329858-525d-2f70-5e31-bf9a8358eb3e,5bc695a1-231f-0c21-1a51-b7c3e9e1ea7d,Furniture,,,500.0,,0,3,Verified
808da367-8dc0-49dd-b070-e86ed899354d,5b45a840-9d6c-242e-0e2f-2e2c972c2eec,75895052-85e6-0a26-47e6-53c1e763d4da,Electrical Issues,41.14,,300.0,,1,10,Verified
e71f6cdc-2ec5-44e4-bed4-87a615cec1e9,7949646a-1455-41bc-9b8a-d19f84772bbb,90eedc35-b872-5505-a86d-2824a91e518c,Other,41.51,,,,1,5,Low
5553e210-3933-4725-864c-1919c0e8afc0,11e59c65-004e-4eea-a733-d3a6a7c65fb1,0b49669f-6579-fa2c-a871-13f7c9f46ae6,Furniture,42.32,,500.0,,1,2,Verified
455d5545-85c3-4b43-a944-e788c3257855,22a9494d-0e02-6fba-4aee-7947f1e6110b,046c3e92-cd17-a1e9-aa97-733c3127f809,Heater Issues,68.17,,600.0,,0,22,Verified
984460d4-41c3-4c2d-93ce-47902e5c6391,146a8458-f956-54ed-317f-b99f7d16fff8,dcfddc61-693e-2180-1cf6-f3e8e0dd40d8,Furniture,48.6,,500.0,,0,7,Verified
ae295f50-0b70-4196-8d65-0167a77cbbe1,d2de48e8-0097-4d6d-8e3d-62ee7c8f2fcd,016f303d-6271-385d-c540-0595095bab14,AC Issues,,,650.0,,1,1,Verified
c0ddb057-58a9-457b-af08-0bb6312b17ab,0278721a-a690-833b-298a-16a351fb7a3a,cd504af3-aa51-0793-c3fc-fb030590ae09,Furniture,19.7,,500.0,,0,12,Verified
de3748e9-f438-493b-9322-b16d547efa5c,9541a16d-d020-eb78-80f1-a4a2d4b7775f,2ac95711-7b8e-8315-eae3-c0ad2ace7ade,Electrical Issues,116.3,,300.0,,1,5,Verified
2c2c0970-fdfc-4d72-8cbb-8d434cb6233d,1932ea80-c6eb-874e-eca8-12410fa7a608,f060fd98-620b-0d6c-65cd-5090be241589,Other,1197.67,,,,1,28,Low
a654bf9b-1cb0-4547-a58d-48ada2ec7a05,073e4bd7-f1f1-49d3-604f-c365b9952a6c,d0c84d1e-4238-9b66-8d10-7665d8e44980,Other,105.46,,,,0,7,Verified
421bb1d1-5097-4c05-a533-97860e8a541c,146a8458-f956-54ed-317f-b99f7d16fff8,dcfddc61-693e-2180-1cf6-f3e8e0dd40d8,RO Water Issues,93.71,,300.0,,0,7,Verified
7934badb-1059-4191-a4f4-a54e31d99bba,890b32d9-f754-8150-5a18-8a21fcdf3828,f825c883-6815-d3b1-7a49-620004f0a7ae,RO Water Issues,27.41,1180.0,300.0,880.0,1,13,Verified
a7e318bc-fde2-4691-a766-fbdf9b064f4d,07734943-434c-4c8b-b1fa-49d7c4e8a7fe,3e28154d-1bfe-92b4-2fff-f295a9f54738,AC Issues,16.91,,650.0,,1,8,Verified
83656a61-e193-4ff2-8091-fbb5a8f2c5ad,cd2c3f97-4df7-b32f-d0c0-12031beae516,97739f0e-6b90-a7bd-7383-8dd160ac8f81,Other,14.63,,,,1,4,Low
fe5a5b64-d81e-45cf-be23-0471b912df3c,1932ea80-c6eb-874e-eca8-12410fa7a608,f060fd98-620b-0d6c-65cd-5090be241589,RO Water Issues,56.85,,300.0,,1,28,Verified
b6252b1a-ee47-4f4d-8e22-212452907c29,79d4d3fe-73c5-a965-030f-c60220ee20cb,a607e4b0-3364-b1fb-774e-01d67c4fcdf1,Washing machine Issue,113.81,,700.0,,1,8,Verified
7ec25312-d183-4981-b47a-4c126bd9f97e,1fc0c3bb-f35c-8d5d-a4fa-a9c1723cd8ab,b9880845-d37b-c083-ffd7-adcaa279cb30,Electrical Issues,26.08,,300.0,,1,11,Verified
b361c9dd-e7af-4f37-b4cf-ca5fd454fc99,950dd22f-78fa-d205-48b3-fe5a5cc7438e,5c31f9fd-7275-3511-295a-a2740dc3ff01,Heater Issues,54.17,,600.0,,0,6,Verified
5dbc9be1-a8a1-487f-84b3-2100742c5039,22b0be2d-52c5-1127-642d-4f1083b404ca,e7fa005c-0956-391f-8b8e-2a815718f163,AC Issues,7.93,,650.0,,0,2,Verified
7a34f85d-6bcf-47c5-a0e3-2b6bc3123ff4,d8c4b3c5-9b2a-4c6e-b1e8-0a98c9175234,4c38ecbe-c637-8a04-6f67-ffbccbd96317,Electrical Issues,151.7,,300.0,,1,4,Verified
898a6115-b421-4261-8349-932ff12befac,f284b25b-d762-1399-a12e-ba7ffa6b6f97,8e7cf1aa-84ce-dc1b-38e7-3f51f80f357b,Plumbing,142.03,,,,1,17,Low
b61f51cf-1bc4-4f30-a118-dfda4bb62988,22a9494d-0e02-6fba-4aee-7947f1e6110b,046c3e92-cd17-a1e9-aa97-733c3127f809,Electrical Issues,5.4,,300.0,,1,22,Verified
89fb6e9b-199c-475d-afcf-8e705a911f49,72ac33cc-b9b2-9cc4-47fd-d37096c8f30d,58b51b21-f4aa-b4ea-0947-8ff74e4562a7,Furniture,94.29,,500.0,,0,2,Verified
ef1af8f2-6c30-4d1a-bbb3-76b45a1ef0b6,c3c77367-5f51-f7a7-e667-0e3480f53751,ac9af09e-62c0-08f5-e71e-d14dc5f83e6d,Furniture,13.46,,500.0,,1,13,Verified
2a3b7aa4-41df-4598-804a-40c35246e4fe,1932ea80-c6eb-874e-eca8-12410fa7a608,f060fd98-620b-0d6c-65cd-5090be241589,Cleaning Issues,79.81,,,,1,28,Low
39c0d310-1634-4544-a11f-6e2978cf42c4,7949646a-1455-41bc-9b8a-d19f84772bbb,90eedc35-b872-5505-a86d-2824a91e518c,AC Issues,18.29,,650.0,,0,5,Verified
b78384d6-f204-47ff-9590-9608188a8126,2794ccf7-4966-f00d-35d6-34ac17db73ea,e5918d8e-46b0-075e-14d9-60f3b60511e3,Cleaning Issues,578.14,,,,0,8,Verified
bd5b38ff-32d9-4213-b0a7-c9fb8fbbbdc2,d4890451-59e6-45f4-a75f-b2199aa5a3a7,26ce09f1-599b-0d8d-aa06-c08db6a2dcde,Cleaning Issues,47.38,,,,1,7,Low
4d73f96e-77f8-414a-a140-29330161d3e6,073e4bd7-f1f1-49d3-604f-c365b9952a6c,d0c84d1e-4238-9b66-8d10-7665d8e44980,Furniture,373.01,,500.0,,1,7,Verified
3f4b31f7-20c0-4b8d-a196-07787b68fbfc,1a3b6c74-26e1-7124-0b5c-7f783d71624d,f64ad55d-d5e9-6b9e-9676-efeb66d20201,Other,209.1,,,,0,5,Low
1bafcc2f-7872-4122-a353-d5d40de70cb8,8996897f-e383-4fca-87f9-654e1b14b3c2,d2ad3fde-45b8-0cd9-8e17-31257bcd567e,Toilet Issues,333.48,,400.0,,0,4,Verified
74a97d36-3046-4f66-924e-bbb4af23bdb6,080eae03-9f65-4515-aec2-8924472923dd,9803c12a-e08e-d213-5575-c44623241381,Other,258.09,,,,0,3,Low
8b3527cf-868d-4d7a-9efc-63713caae3ef,8996897f-e383-4fca-87f9-654e1b14b3c2,d2ad3fde-45b8-0cd9-8e17-31257bcd567e,Furniture,385.97,,500.0,,0,4,Verified
e7cfc06b-7da6-4d99-969d-c03e52298b47,77dd12b8-a20b-05c8-2372-79ba1b1624a9,382e6330-c64e-2a4c-b734-e519ba94dc2c,Toilet Issues,34.94,,400.0,,1,8,Low
7f5ea07a-701f-4fd0-8473-2918e35dd085,ec6bd398-2413-2c67-18db-10bdd92ee4f9,d41b0f34-d7f8-ce1a-36d9-c00f0100aa45,AC Issues,110.3,,650.0,,1,7,Verified
949e7e59-6b77-4b9a-8372-85cdc319db87,77dd12b8-a20b-05c8-2372-79ba1b1624a9,382e6330-c64e-2a4c-b734-e519ba94dc2c,Toilet Issues,51.95,,400.0,,1,8,Low
3c33e01e-12af-4544-98dd-09399c2c61db,07734943-434c-4c8b-b1fa-49d7c4e8a7fe,3e28154d-1bfe-92b4-2fff-f295a9f54738,AC Issues,399.43,,650.0,,1,8,Verified
ede434ad-c70c-40a2-9485-b640ab90663c,062b56c4-c469-4ef7-b4e6-9615dd770ec9,55651f47-6f7b-13b3-1e26-3ca9b9e5e72d,AC Issues,135.47,,650.0,,1,2,Verified
40746a5e-55d4-43cb-ae82-27d92f2ed6fa,080eae03-9f65-4515-aec2-8924472923dd,9803c12a-e08e-d213-5575-c44623241381,Internet Issues,,,,,0,3,Low
0e095d80-8ab7-4313-9958-5f31427e3a26,d4890451-59e6-45f4-a75f-b2199aa5a3a7,26ce09f1-599b-0d8d-aa06-c08db6a2dcde,Cleaning Issues,20.17,,,,1,7,Verified
84f6d1b5-9225-49f1-bebb-82dd005821d9,238b347e-e7e9-b1a3-31a8-a2f8fed99f55,3d87a782-0782-2c9a-8dd1-d06d80cf917b,Plumbing,2.39,,,,1,13,Low
2186bdc7-f92c-4cce-95be-2dc2d768696f,062b56c4-c469-4ef7-b4e6-9615dd770ec9,55651f47-6f7b-13b3-1e26-3ca9b9e5e72d,AC Issues,81.7,2500.0,650.0,1850.0,1,2,Verified
698d27f3-fc36-4b88-97b9-bf260b25c5fb,2d700a6b-44c4-438b-841f-febe1b2c47a7,7fd152e9-2f00-0fc6-c8ed-83b426803a4d,AC Issues,3.25,,650.0,,1,1,Verified
d5643989-a331-4967-ba63-11ee9e1e1f64,2ba81159-3fd3-401a-b806-4cf09e7dce86,f21233ef-4976-14c5-b37d-3c30b4a3a97a,Cleaning Issues,89.94,,,,1,10,Low
f578ef87-8153-4c0a-98bd-4feed4ac6d3c,8123af5e-305b-80f8-20db-4d54b7f628c7,7c369e8a-97c2-59de-b4b9-6f506fb0812f,Other,791.63,660.0,,,0,3,Low
37683b76-a4d2-4af4-ad50-56ccab7e8556,a467df39-5ec5-465e-a471-e2b54be7bc71,d0de95a5-b467-4d9d-9751-65ffd5a68dff,AC Issues,14.78,,650.0,,1,2,Medium
e4a24fa5-dd00-43f6-b93d-0f314865648a,257579ca-bef0-99b8-f916-e518891ffdab,808fbd05-1708-47c3-a3ed-acb300c719aa,Furniture,47.33,,500.0,,1,12,Unmapped
0f181edc-4747-445a-bbe5-135dba418948,77dd12b8-a20b-05c8-2372-79ba1b1624a9,382e6330-c64e-2a4c-b734-e519ba94dc2c,RO Water Issues,85.89,,300.0,,0,8,Verified
4e0f6b2d-05e5-4010-aff3-66ad287fe7fd,ec6bd398-2413-2c67-18db-10bdd92ee4f9,d41b0f34-d7f8-ce1a-36d9-c00f0100aa45,Internet Issues,39.4,,,,0,7,Low
1faa1b2c-b5ba-4cca-8c28-4159fd9ad188,f16a668c-ea8a-b26d-9dff-4da3c53fccc7,e490e3a6-9e5c-a6b8-a156-bfb492b8b0a4,AC Issues,48.95,,650.0,,1,6,Verified
1615e90e-84bc-49bc-8702-f4fdc175dc8e,491b8136-32a1-37c5-5253-b53ff3991d86,77dab2f4-7c09-59d1-5a0a-8473cdf46d8d,AC Issues,51.8,,650.0,,1,11,Verified
43c9bb6f-ada1-4ef5-b08b-2fc02cc53600,77dd12b8-a20b-05c8-2372-79ba1b1624a9,382e6330-c64e-2a4c-b734-e519ba94dc2c,Electrical Issues,17.31,,300.0,,0,8,Verified
996519c8-a521-4d07-aabf-e0a8c185663c,bdcc24e3-6077-3ea9-b25e-2747d0f07be7,3ba3be35-43a3-79f2-d76c-617b73cd813d,Other,53.4,,,,1,18,Verified
8a683947-442d-4763-bd18-02ba97a44a81,bcf8ffc1-fd5c-f6ab-0453-7a73c73786dd,16d9e7d4-a079-cc9d-1fb4-b96de3cb70dd,Other,1698.84,,,,1,29,Low
ecfb0f75-5c43-4830-9b47-4228d3dbdaaf,2ba81159-3fd3-401a-b806-4cf09e7dce86,f21233ef-4976-14c5-b37d-3c30b4a3a97a,Cleaning Issues,99.24,,,,1,10,Low
e1a9d3c0-7527-430e-bee5-117e4b5c944b,,5bc695a1-231f-0c21-1a51-b7c3e9e1ea7d,Electrical Issues,24.07,,300.0,,0,41,Verified
f130f31f-51cd-41f5-a55e-46d12e05aa48,257579ca-bef0-99b8-f916-e518891ffdab,808fbd05-1708-47c3-a3ed-acb300c719aa,Furniture,48.1,50.0,500.0,-450.0,1,12,Unmapped
cd9d1309-4a43-4af2-85c7-a8f6aa98cc45,080eae03-9f65-4515-aec2-8924472923dd,9803c12a-e08e-d213-5575-c44623241381,Cleaning Issues,516.71,,,,0,3,Low
b68b2bcf-ceb9-4cdc-8e0a-fdf2e5fd8d30,961c950e-debe-4dd2-8e5f-08bf92bda977,d6055fee-34a1-8a0d-f508-a9469caccc68,RO Water Issues,89.65,,300.0,,0,1,Verified
91dbe4c0-bd94-4588-a0a2-ad0961eda292,a4709d2c-85e2-3d68-7467-1eaf879ba2c9,f226894e-3765-1bd7-6cda-03e887bc56b3,AC Issues,96.78,,650.0,,1,14,Verified
3452ef1d-d432-41d4-879e-15bc3ffea536,de481a65-2fb4-4974-b7db-0ec990ea852d,8e25f001-fe3b-3a8e-0754-b8a08d432526,AC Issues,164.3,,650.0,,1,4,Verified
fe8f1d7d-eb10-411e-9658-5287792fd4fe,f9eb9b23-5f60-4ec4-b990-8313323bb759,48942e49-dfb3-3eff-732a-2842f615cb8a,Other,311.03,,,,0,1,Low
00c4b59e-970d-4075-a3b1-5c88a14a036c,d77b5c1e-605d-6795-5eee-1e2f9b83e069,18cdbd64-ea17-6578-2f54-2b5ad8a2c7fe,AC Issues,330.86,,650.0,,1,4,Verified
445453be-c171-4a6e-bda4-13f01b7ca1cd,d4890451-59e6-45f4-a75f-b2199aa5a3a7,26ce09f1-599b-0d8d-aa06-c08db6a2dcde,Washing machine Issue,2.89,,700.0,,0,7,Verified
42c21bca-c32d-4c2d-b7d4-23f8666ab04d,257579ca-bef0-99b8-f916-e518891ffdab,808fbd05-1708-47c3-a3ed-acb300c719aa,AC Issues,196.11,,650.0,,1,12,Unmapped
8d86ddd2-88ae-48c2-8c5d-dfa12df947e1,257579ca-bef0-99b8-f916-e518891ffdab,808fbd05-1708-47c3-a3ed-acb300c719aa,AC Issues,555.24,,650.0,,1,12,Unmapped
c34a5a2b-2e66-4e2a-9596-193484fbb757,bcf8ffc1-fd5c-f6ab-0453-7a73c73786dd,16d9e7d4-a079-cc9d-1fb4-b96de3cb70dd,Cleaning Issues,189.01,,,,1,29,Low
c5937030-097a-4c7d-8437-21c5444641a3,8996897f-e383-4fca-87f9-654e1b14b3c2,d2ad3fde-45b8-0cd9-8e17-31257bcd567e,AC Issues,436.68,,650.0,,0,4,Verified
f136cc5b-30b5-4357-ad73-b4d6604fc7df,1d4c0119-5151-7a5b-2266-f16e44f67157,084bb169-aff1-824a-c5de-2804fd43160b,Washing machine Issue,605.32,,700.0,,1,2,Verified
85812d2d-2e47-47d4-af86-ec809ed46287,011b7d1c-5697-5394-c05b-fa0473640657,5b45fa77-c694-2c4b-9657-29944633ded5,Cleaning Issues,6.78,,,,0,4,Low
f8701579-a3ae-4b19-abbe-d3c7bd436263,1fc0c3bb-f35c-8d5d-a4fa-a9c1723cd8ab,b9880845-d37b-c083-ffd7-adcaa279cb30,AC Issues,75.54,,650.0,,1,11,Verified
a50a8d0f-4ac8-43e0-87cb-ca92f4dffab0,a467df39-5ec5-465e-a471-e2b54be7bc71,d0de95a5-b467-4d9d-9751-65ffd5a68dff,AC Issues,160.92,,650.0,,1,2,Medium
16a8aad8-07c4-4f3e-b978-32bed777aa47,,66aab816-d365-9068-e62c-3d82356d8021,Furniture,188.81,,500.0,,1,41,Verified
ff9f72a4-de0c-4964-840e-34556c799035,f2a00e3d-de04-40a3-6f41-a3ebfcab4a3c,547bd323-8dae-07db-7089-372cd8261276,Toilet Issues,15.08,,400.0,,0,4,Low
81ffd7e3-ee08-4ada-9643-ae1f91da4b26,bcf8ffc1-fd5c-f6ab-0453-7a73c73786dd,16d9e7d4-a079-cc9d-1fb4-b96de3cb70dd,Kitchen Equipment,72.47,,300.0,,0,29,Low
e8661742-3adc-4507-9241-bca7836274a8,07734943-434c-4c8b-b1fa-49d7c4e8a7fe,3e28154d-1bfe-92b4-2fff-f295a9f54738,Fridge Issues,39.85,,550.0,,0,8,Verified
f6e4e255-661d-4329-a287-d1bb171ea8af,23f7ef5f-6b26-a104-b616-b438d7e9243c,fd583622-d483-7a0e-b288-a9d0d1e0807a,Electrical Issues,,,300.0,,1,22,Verified
c213fe10-5678-4492-a4c9-be13015463c6,7949646a-1455-41bc-9b8a-d19f84772bbb,90eedc35-b872-5505-a86d-2824a91e518c,Other,41.57,,,,1,5,Low
e689126d-d5a7-4935-ba4d-1f17097d2393,257579ca-bef0-99b8-f916-e518891ffdab,808fbd05-1708-47c3-a3ed-acb300c719aa,Electrical Issues,,,300.0,,1,12,Unmapped
e6339d7a-b25b-431d-b995-64c4abff9132,011b7d1c-5697-5394-c05b-fa0473640657,5b45fa77-c694-2c4b-9657-29944633ded5,RO Water Issues,16.1,,300.0,,1,4,Verified
82050226-2a78-428a-8c04-cca4feae40a3,22a9494d-0e02-6fba-4aee-7947f1e6110b,046c3e92-cd17-a1e9-aa97-733c3127f809,AC Issues,153.33,,650.0,,1,22,Verified
4a230654-886f-4fc0-99ed-f669b07f509f,855f3f6a-72ae-46f4-4cc2-a9a0d5df5b70,e6304ffe-b79e-f679-5337-930246f0b5a5,RO Water Issues,50.56,,300.0,,0,1,Verified
ac72e508-b892-459e-8fa3-0ed87a7ab484,,fc9765ca-aee5-6f71-e441-e12679f0bb12,Fridge Issues,3.67,,550.0,,0,41,Verified
7b5a60ef-d1f2-4f62-943f-59506796ec43,cf1318a5-0564-4af6-d90e-c3e76de1ef08,f5f9de92-380f-d57b-ad87-139022e4d27a,Furniture,137.85,,500.0,,0,8,Verified
d536308a-d7cc-4c83-a9d6-e86527a6682e,7949646a-1455-41bc-9b8a-d19f84772bbb,90eedc35-b872-5505-a86d-2824a91e518c,Other,41.66,,,,1,5,Low
8d75fa92-677d-4efd-ab0f-c81b150830e1,bcf8ffc1-fd5c-f6ab-0453-7a73c73786dd,16d9e7d4-a079-cc9d-1fb4-b96de3cb70dd,Furniture,72.49,,500.0,,1,29,Verified
e7593d52-e92f-42a7-99c4-947533f6baeb,257579ca-bef0-99b8-f916-e518891ffdab,808fbd05-1708-47c3-a3ed-acb300c719aa,Furniture,30.74,,500.0,,1,12,Unmapped
32a14c06-3cab-4503-98f6-4a02c22f776b,22a9494d-0e02-6fba-4aee-7947f1e6110b,046c3e92-cd17-a1e9-aa97-733c3127f809,Electrical Issues,2.86,1120.0,300.0,820.0,1,22,Verified
74c37e82-2a93-41d5-8930-07d0d6ff11ef,5b45a840-9d6c-242e-0e2f-2e2c972c2eec,75895052-85e6-0a26-47e6-53c1e763d4da,Electrical Issues,62.3,,300.0,,1,10,Verified
72306fae-1737-4c53-917b-4a0408a78a10,79d4d3fe-73c5-a965-030f-c60220ee20cb,a607e4b0-3364-b1fb-774e-01d67c4fcdf1,Washing machine Issue,41.05,,700.0,,1,8,Verified
e30e43e2-9262-49e8-b618-095bf27ff69b,7949646a-1455-41bc-9b8a-d19f84772bbb,90eedc35-b872-5505-a86d-2824a91e518c,Plumbing,41.87,,,,0,5,Low
3f7257c9-29d8-41bb-a4d5-18b68bbeba1f,5fee0a79-3970-704a-2332-f7c7598e86c1,a97d74e9-7adc-a35d-5a71-2ed6aea432be,Electrical Issues,1204.07,,300.0,,1,13,Verified
4530a003-d425-4d3c-be37-5eef89668fa4,257579ca-bef0-99b8-f916-e518891ffdab,808fbd05-1708-47c3-a3ed-acb300c719aa,Other,,,,,0,12,Unmapped
58187d60-a167-4ff1-b719-83401928ff54,8b48adf3-c14a-fa6d-9785-b4bcb35f8fbb,d9438ef4-c18e-28ab-44ad-feab7ce72db5,AC Issues,852.78,,650.0,,0,4,Verified
87886ad5-efc3-47b9-8ef3-65cef3bd906a,c02eb961-2471-c285-9c28-fb9a12aaf70a,6e45aca0-18fa-334d-4711-4da7cc94e30f,AC Issues,780.05,,650.0,,1,8,Verified
fe9ab246-7529-4e14-b17d-18d0309e4131,c02eb961-2471-c285-9c28-fb9a12aaf70a,6e45aca0-18fa-334d-4711-4da7cc94e30f,Internet Issues,,,,,0,8,Low
188b1fdb-205f-470f-b9f4-db6e18d74a41,c02eb961-2471-c285-9c28-fb9a12aaf70a,6e45aca0-18fa-334d-4711-4da7cc94e30f,Other,112.74,,,,0,8,Verified
b9b6ff6a-a698-42ae-b3b3-76647096971e,79e31f6f-69dc-a40c-27d7-3f076878f83c,97486463-9125-9851-3039-04f213b371d4,Plumbing,17.05,,,,0,11,Low
c72ab07c-8f4a-421d-b919-a30f5b493712,22b0be2d-52c5-1127-642d-4f1083b404ca,e7fa005c-0956-391f-8b8e-2a815718f163,Plumbing,3.63,,,,0,2,Low
a99ead9e-4fc7-4128-bf2c-9a69cd0a8215,61031b0a-ef18-26aa-64b7-d412d7b3d276,66aab816-d365-9068-e62c-3d82356d8021,Toilet Issues,19.6,270.0,400.0,-130.0,0,3,Verified
4d818673-1496-448a-854e-3c4f180a1ee3,18d86801-3cb7-11d4-8b9d-433429296014,be0208ae-5786-5d6b-7ab7-8ab62ebff5d0,Internet Issues,,,,,1,11,Low
d8a3ea93-5c3b-4388-ad6b-03f15dad3785,cf1318a5-0564-4af6-d90e-c3e76de1ef08,f5f9de92-380f-d57b-ad87-139022e4d27a,Other,,,,,1,8,Low
bd43c120-eb3a-4a87-b4b5-0d005353802b,e0174322-3fb7-483f-91a0-61b903ae3e49,e0a547db-d8f2-1e21-a742-6f7c135bd802,AC Issues,46.91,,650.0,,1,4,Low
