entity_id,risk_score,risk_level,anomaly_score,flags,explanation
16a8aad8-07c4-4f3e-b978-32bed777aa47,99.0,Critical,0.982,repeated_issue;process_edit_unlocked,Repeated issue at this location | Resolution was edit-unlocked after closure
3452ec27-2423-4f26-b3e8-61abde88cb0d,98.7,Critical,0.977,repeated_issue;cost_over_expected,Repeated issue at this location | Cost ₹1948.0 exceeds expected ₹300 (+₹1648)
9e794fe8-7c9d-4006-b59c-a654afcd2644,97.1,Critical,0.948,repeated_issue;cost_over_expected,Repeated issue at this location | Cost ₹3400.0 exceeds expected ₹300 (+₹3100)
e2f11fa3-0123-4cab-a9e4-46d077572c09,95.9,Critical,0.925,fast_resolution;cost_over_expected;process_edit_unlocked,Resolved in 2.9h vs 32.6h typical for RO Water Issues | Cost ₹2500.0 exceeds expected ₹300 (+₹2200) | Resolution was edit-unlocked after closure
2186bdc7-f92c-4cce-95be-2dc2d768696f,95.8,Critical,0.924,repeated_issue;cost_over_expected,Repeated issue at this location | Cost ₹2500.0 exceeds expected ₹650 (+₹1850)
32a14c06-3cab-4503-98f6-4a02c22f776b,94.8,Critical,0.905,repeated_issue;fast_resolution;cost_over_expected,Repeated issue at this location | Resolved in 2.9h vs 25.8h typical for Electrical Issues | Cost ₹1120.0 exceeds expected ₹300 (+₹820)
3f7257c9-29d8-41bb-a4d5-18b68bbeba1f,88.6,Critical,0.997,repeated_issue;tenant_rejected,Repeated issue at this location | Tenant rejected / did not approve the resolution
925b5fb4-9735-4f08-b8bb-e93d33cc14e1,88.3,Critical,0.991,repeated_issue;tenant_rejected,Repeated issue at this location | Tenant rejected / did not approve the resolution
ae92473e-7b54-4b9d-9518-1a34e5d7f714,88.3,Critical,0.993,repeated_issue;tenant_rejected,Repeated issue at this location | Tenant rejected / did not approve the resolution
54316a65-9440-462b-b7db-271a2192364b,88.0,Critical,0.987,repeated_issue;tenant_rejected,Repeated issue at this location | Tenant rejected / did not approve the resolution
1b24e22a-8d8f-4237-80aa-4709478acf52,87.7,Critical,0.98,repeated_issue;tenant_rejected,Repeated issue at this location | Tenant rejected / did not approve the resolution
64ee36db-ed0b-4fe8-bbfe-d5aa6e77423f,86.2,Critical,0.749,repeated_issue;process_edit_unlocked,Repeated issue at this location | Resolution was edit-unlocked after closure
5e89f675-cd07-456b-89e4-d141040c2f0e,83.9,Critical,0.912,repeated_issue;fast_resolution,Repeated issue at this location | Resolved in 5.2h vs 51.8h typical for AC Issues
62ec3e07-d588-4248-a406-54abbe7097eb,83.5,Critical,0.904,repeated_issue;fast_resolution,Repeated issue at this location | Resolved in 0.6h vs 51.8h typical for AC Issues
ba000612-08eb-466e-a200-9116b2f0ab0f,83.5,Critical,0.904,repeated_issue;fast_resolution,Repeated issue at this location | Resolved in 0.5h vs 25.8h typical for Electrical Issues
698d27f3-fc36-4b88-97b9-bf260b25c5fb,83.2,Critical,0.9,repeated_issue;fast_resolution,Repeated issue at this location | Resolved in 3.2h vs 51.8h typical for AC Issues
01e761fc-cf80-46dc-99fc-90cec18565a9,82.8,Critical,0.892,repeated_issue;fast_resolution,Repeated issue at this location | Resolved in 3.2h vs 40.9h typical for Furniture
b61f51cf-1bc4-4f30-a118-dfda4bb62988,81.0,Critical,0.858,repeated_issue;fast_resolution,Repeated issue at this location | Resolved in 5.4h vs 25.8h typical for Electrical Issues
6ee7e61a-b10e-4a6d-95c2-02b365bb774e,80.9,Critical,0.856,repeated_issue;fast_resolution,Repeated issue at this location | Resolved in 3.8h vs 51.8h typical for AC Issues
98d1b7f5-3d99-479d-85a5-0bed2c1b5252,80.8,Critical,0.855,repeated_issue;fast_resolution,Repeated issue at this location | Resolved in 4.3h vs 31.0h typical for Washing machine Issue
9c6f1860-b99a-4590-a537-7b0051409a06,79.7,Critical,0.835,repeated_issue;fast_resolution,Repeated issue at this location | Resolved in 4.0h vs 51.8h typical for AC Issues
73999906-6bab-4a7b-bb02-ee5f45f086a2,79.1,Critical,0.824,repeated_issue;fast_resolution,Repeated issue at this location | Resolved in 1.0h vs 40.9h typical for Furniture
43c9bb6f-ada1-4ef5-b08b-2fc02cc53600,78.7,Critical,0.817,process_edit_unlocked,Resolution was edit-unlocked after closure
25627ef2-0336-47f6-8a33-cf89a60ab7c7,78.4,Critical,0.812,repeated_issue;fast_resolution,Repeated issue at this location | Resolved in 0.9h vs 32.6h typical for RO Water Issues
63d1eaff-e400-4032-a823-9494310f2bba,77.9,Critical,0.802,repeated_issue;fast_resolution,Repeated issue at this location | Resolved in 4.2h vs 25.8h typical for Electrical Issues
5247abe6-4cde-420c-886d-569651233596,77.5,Critical,1.0,tenant_rejected,Tenant rejected / did not approve the resolution
c5937030-097a-4c7d-8437-21c5444641a3,77.2,Critical,0.994,tenant_rejected,Tenant rejected / did not approve the resolution
3d7e8e75-3347-4c38-9518-8b60c3c5e3fd,77.2,Critical,0.995,tenant_rejected,Tenant rejected / did not approve the resolution
6655ddc8-ece3-485d-a194-14d08986ba03,77.1,Critical,0.993,tenant_rejected,Tenant rejected / did not approve the resolution
2a30d99f-9ee0-433b-83d4-e4038d28c669,76.8,Critical,0.987,tenant_rejected,Tenant rejected / did not approve the resolution
0f181edc-4747-445a-bbe5-135dba418948,76.6,Critical,0.983,tenant_rejected,Tenant rejected / did not approve the resolution
b361c9dd-e7af-4f37-b4cf-ca5fd454fc99,76.3,Critical,0.978,tenant_rejected,Tenant rejected / did not approve the resolution
fe68f9b2-11d4-4da9-8573-21a5fad9d663,76.3,Critical,0.91,repeated_issue;fast_resolution,Repeated issue at this location | Resolved in 5.6h vs 25.8h typical for Electrical Issues
51d838ab-d34d-458d-8ba4-a58d1c010c5f,76.0,Critical,0.768,repeated_issue;fast_resolution,Repeated issue at this location | Resolved in 3.6h vs 32.6h typical for RO Water Issues
676634f4-5f63-4dd0-a41a-aa84ace516b2,75.9,Critical,0.766,repeated_issue;fast_resolution,Repeated issue at this location | Resolved in 5.0h vs 25.8h typical for Electrical Issues
72405ca5-e55a-4349-9fdd-ca700389fd6b,75.6,Critical,0.965,fast_resolution,Resolved in 1.1h vs 40.9h typical for Furniture
59383f60-80a3-45ae-8e89-537056666a9a,75.6,Critical,0.761,repeated_issue;fast_resolution,Repeated issue at this location | Resolved in 6.4h vs 40.9h typical for Furniture
ac72e508-b892-459e-8fa3-0ed87a7ab484,75.3,Critical,0.959,fast_resolution,Resolved in 3.7h vs 88.4h typical for Fridge Issues
2132b30e-45a1-4021-801e-c0772c7fcc4d,75.2,Critical,0.958,fast_resolution,Resolved in 4.3h vs 48.4h typical for Other
4dc2e07a-34a8-484e-af81-8347df1d0aef,75.1,Critical,0.957,fast_resolution,Resolved in 5.1h vs 40.9h typical for Furniture
93875bf1-b143-40b3-b27a-84bb5f57ef44,75.1,Critical,0.956,fast_resolution,Resolved in 7.2h vs 59.1h typical for Cleaning Issues
d92a4b99-dbe6-4eed-81d5-fa375a71c0f8,74.7,High,0.949,fast_resolution,Resolved in 7.2h vs 48.4h typical for Other
b88e51a5-f3cb-4174-bcae-781487f61548,74.1,High,0.862,repeated_issue;fast_resolution,Repeated issue at this location | Resolved in 3.4h vs 51.8h typical for AC Issues
8709bba9-ca03-4034-9bc8-85f2f2143034,74.1,High,0.963,repeated_issue;cost_over_expected,Repeated issue at this location | Cost ₹5500.0 exceeds expected ₹650 (+₹4850)
eed88ead-3973-4643-8814-412fdd2ad9be,73.2,High,0.718,repeated_issue;fast_resolution,Repeated issue at this location | Resolved in 12.6h vs 51.8h typical for AC Issues
f0affaee-a05c-4cd9-97b6-f6b895f55ad6,71.8,High,0.896,fast_resolution,Resolved in 3.9h vs 25.8h typical for Electrical Issues
c43a9fe1-1d1f-415d-8c50-c5fb4f30df08,71.8,High,0.897,fast_resolution,Resolved in 2.0h vs 40.9h typical for Furniture
5dbc9be1-a8a1-487f-84b3-2100742c5039,71.1,High,0.884,fast_resolution,Resolved in 7.9h vs 51.8h typical for AC Issues
47edf057-a884-4cb6-ae6e-5fbb26bcef22,70.6,High,0.874,fast_resolution,Resolved in 3.9h vs 40.9h typical for Furniture
445453be-c171-4a6e-bda4-13f01b7ca1cd,70.3,High,0.869,fast_resolution,Resolved in 2.9h vs 31.0h typical for Washing machine Issue
7934badb-1059-4191-a4f4-a54e31d99bba,70.3,High,0.46,repeated_issue;cost_over_expected,Repeated issue at this location | Cost ₹1180.0 exceeds expected ₹300 (+₹880)
4f8b2dee-434d-4bea-8392-a77c7e9c5362,70.0,High,0.369,repeated_issue;process_edit_unlocked,Repeated issue at this location | Resolution was edit-unlocked after closure
fbb9b65c-9764-4f57-908b-cb419814fd61,69.3,High,0.761,repeated_issue;fast_resolution,Repeated issue at this location | Resolved in 7.5h vs 51.8h typical for AC Issues
912ad16c-a1c2-48c6-b445-1685778c106f,65.7,High,0.991,repeated_issue,Repeated issue at this location
5745ae7c-577e-45ee-8306-282882275a32,65.4,High,0.985,repeated_issue,Repeated issue at this location
87886ad5-efc3-47b9-8ef3-65cef3bd906a,65.3,High,0.983,repeated_issue,Repeated issue at this location
f136cc5b-30b5-4357-ad73-b4d6604fc7df,65.2,High,0.981,repeated_issue,Repeated issue at this location
c3120da0-ba49-4a90-872a-19d881add1e0,64.9,High,0.975,repeated_issue,Repeated issue at this location
488572a1-3596-4a89-9d85-69a2b47f3300,64.8,High,0.974,repeated_issue,Repeated issue at this location
7ae58cd2-f723-43f4-9507-209bed09b762,64.8,High,0.973,repeated_issue,Repeated issue at this location
fd2604e2-76a9-40ac-b9cb-34f60454de15,64.6,High,0.969,repeated_issue,Repeated issue at this location
b1787bae-d6e8-4586-8858-0cb87ce35efc,64.5,High,0.967,repeated_issue,Repeated issue at this location
9bd4d358-7776-4a11-a6f5-84023090ca9c,64.4,High,0.967,repeated_issue,Repeated issue at this location
1b950245-c697-47aa-a34d-c8c230097405,64.1,High,0.96,repeated_issue,Repeated issue at this location
c9127618-abb9-4756-bae1-5ac6e8ed51c6,64.1,High,0.96,repeated_issue,Repeated issue at this location
65de8cca-e13c-44ee-8b37-0a8f33e93223,64.0,High,0.959,repeated_issue,Repeated issue at this location
a2c8ff46-ac0a-424a-bcae-582dfd6db28e,63.7,High,0.953,repeated_issue,Repeated issue at this location
298b0b9f-9d4c-4ef2-a37f-7d9e7d35910d,63.7,High,0.953,repeated_issue,Repeated issue at this location
281b94ee-eecc-417c-8cf9-25b2cb80a2bc,63.6,High,0.88,fast_resolution,Resolved in 1.3h vs 51.8h typical for AC Issues
fd2babd5-9005-450a-ae03-3489776a5eae,63.4,High,0.947,repeated_issue,Repeated issue at this location
c1b52572-c0ee-4d6f-8b4b-19e97105217b,63.2,High,0.944,repeated_issue,Repeated issue at this location
49b58c99-5f2f-43ea-aa8e-87a305d018af,63.1,High,0.942,repeated_issue,Repeated issue at this location
3c33e01e-12af-4544-98dd-09399c2c61db,63.0,High,0.941,repeated_issue,Repeated issue at this location
2ccf9bff-aca4-4df0-9b53-338cff2175f1,63.0,High,0.94,repeated_issue,Repeated issue at this location
d07d886a-50cd-43dd-b8a2-efdc5353759b,62.7,High,0.935,repeated_issue,Repeated issue at this location
e61d2cb9-3140-4ef0-b62a-d73a1c750756,62.7,High,0.936,repeated_issue,Repeated issue at this location
bdd973e0-2c3c-4f59-91eb-6b511ab1f88e,62.6,High,0.934,repeated_issue,Repeated issue at this location
4d73f96e-77f8-414a-a140-29330161d3e6,62.6,High,0.933,repeated_issue,Repeated issue at this location
3bbdb1e6-97f8-4bf0-a3da-9ac0e18a1030,62.6,High,0.934,repeated_issue,Repeated issue at this location
00c4b59e-970d-4075-a3b1-5c88a14a036c,62.5,High,0.932,repeated_issue,Repeated issue at this location
9fd43c4c-a469-4f74-8c15-74a116f26187,62.3,High,0.928,repeated_issue,Repeated issue at this location
c357bd0c-ed09-4aed-9e47-2952abc4b848,62.0,High,0.922,repeated_issue,Repeated issue at this location
0fa32228-d1f8-4453-90d2-a0553412b2f1,61.8,High,0.92,repeated_issue,Repeated issue at this location
55cdcc01-d85e-4ef7-86a5-c4ff8547afd3,61.5,High,0.914,repeated_issue,Repeated issue at this location
82050226-2a78-428a-8c04-cca4feae40a3,61.2,High,0.908,repeated_issue,Repeated issue at this location
dda32688-cb21-4683-b49b-1b75f6b72771,60.8,High,0.895,repeated_issue;fast_resolution,Repeated issue at this location | Resolved in 0.1h vs 25.8h typical for Electrical Issues
ede434ad-c70c-40a2-9485-b640ab90663c,60.4,High,0.894,repeated_issue,Repeated issue at this location
3452ef1d-d432-41d4-879e-15bc3ffea536,60.3,High,0.892,repeated_issue,Repeated issue at this location
6c91a465-4e6a-4e33-a064-54bbec48228c,60.1,High,0.888,repeated_issue,Repeated issue at this location
2c290b85-57fd-4fca-8a21-5f6dab2423bf,60.1,High,0.889,repeated_issue,Repeated issue at this location
74d1e3cf-ee76-4d50-8896-05503b3b9e0f,60.0,High,0.886,repeated_issue,Repeated issue at this location
8d75fa92-677d-4efd-ab0f-c81b150830e1,59.9,High,0.885,repeated_issue,Repeated issue at this location
7a34f85d-6bcf-47c5-a0e3-2b6bc3123ff4,59.6,High,0.879,repeated_issue,Repeated issue at this location
3c18ed0c-e9be-4828-9078-59cfa6e3179f,59.5,High,0.878,repeated_issue,Repeated issue at this location
ec7dd572-aa06-43eb-8cf4-469684996ac1,58.6,High,0.86,repeated_issue,Repeated issue at this location
6fe04578-66d9-4f36-a50d-df7ac49d7c3e,58.5,High,0.859,repeated_issue,Repeated issue at this location
de3748e9-f438-493b-9322-b16d547efa5c,58.2,High,0.854,repeated_issue,Repeated issue at this location
dc2e91e2-69aa-4915-a6dd-b84ead36f658,58.2,High,0.809,repeated_issue;fast_resolution,Repeated issue at this location | Resolved in 2.5h vs 51.8h typical for AC Issues
313e7f25-536e-4c44-bcbc-aeeed7545253,57.9,High,0.849,repeated_issue,Repeated issue at this location
ecfd4173-3aef-4da2-8aa5-f03fe01f639e,57.5,High,0.842,repeated_issue,Repeated issue at this location
c94b4387-b104-49de-a22d-136c17203559,57.4,High,0.838,repeated_issue,Repeated issue at this location
8a21f623-e774-4f1e-ab8c-83fbcc18c810,57.3,High,0.836,repeated_issue,Repeated issue at this location
7f5ea07a-701f-4fd0-8473-2918e35dd085,57.0,High,0.832,repeated_issue,Repeated issue at this location
b6252b1a-ee47-4f4d-8e22-212452907c29,57.0,High,0.832,repeated_issue,Repeated issue at this location
91dbe4c0-bd94-4588-a0a2-ad0961eda292,56.9,High,0.83,repeated_issue,Repeated issue at this location
fe5a5b64-d81e-45cf-be23-0471b912df3c,56.9,High,0.829,repeated_issue,Repeated issue at this location
43e6cbf0-e2d4-40ae-bf20-4df7b23cf915,56.6,High,0.824,repeated_issue,Repeated issue at this location
72f721e8-8e16-444d-b150-09b3385ae141,56.2,High,0.818,repeated_issue,Repeated issue at this location
73752713-dfcb-4eff-8ce4-b47bbb904804,55.7,High,0.808,repeated_issue,Repeated issue at this location
f0de0900-6a45-49e5-87a7-f90468c0021f,55.6,High,0.807,repeated_issue,Repeated issue at this location
6bc1941f-b4b3-4f5e-8b26-8d0ed2d7ac25,54.5,Medium,0.99,,
58187d60-a167-4ff1-b719-83401928ff54,54.3,Medium,0.988,,
6d5795dc-528f-4803-9e0f-be060bc4f7af,53.9,Medium,0.979,,
b78384d6-f204-47ff-9590-9608188a8126,53.8,Medium,0.979,,
3938fc58-441d-46d3-b350-690023ef2634,53.8,Medium,0.977,,
57973195-46ef-4872-a4bc-28f3eab8fd71,53.8,Medium,0.91,repeated_issue,Repeated issue at this location
696afd2a-6b96-4a16-91bd-92de7377802a,53.3,Medium,0.765,repeated_issue,Repeated issue at this location
2f821a1a-cdee-4e0b-b688-83e9e30edf93,53.0,Medium,0.759,repeated_issue,Repeated issue at this location
8b3527cf-868d-4d7a-9efc-63713caae3ef,53.0,Medium,0.964,,
ba75932d-0505-4a0c-949b-84bc22c5eb59,52.9,Medium,0.962,,
2c8244de-5eb7-4650-b53e-707875513366,52.9,Medium,0.757,repeated_issue,Repeated issue at this location
9351a6f4-4c82-419b-a851-61ee8fd6b403,52.9,Medium,0.757,repeated_issue,Repeated issue at this location
1bafcc2f-7872-4122-a353-d5d40de70cb8,52.5,Medium,0.954,,
3d9051cc-ec57-4acb-89ea-b68821421808,52.3,Medium,0.951,,
697a386b-0c0f-44c4-8653-96a72084bcec,52.3,Medium,0.746,repeated_issue,Repeated issue at this location
e6339d7a-b25b-431d-b995-64c4abff9132,52.2,Medium,0.744,repeated_issue,Repeated issue at this location
aecce5fb-e812-42f2-9ac3-2c17e70ce753,52.2,Medium,0.949,,
f8701579-a3ae-4b19-abbe-d3c7bd436263,52.1,Medium,0.742,repeated_issue,Repeated issue at this location
e1a9d3c0-7527-430e-bee5-117e4b5c944b,52.0,Medium,0.945,,
337de57d-034a-4531-990b-0af07c34522a,52.0,Medium,0.741,repeated_issue,Repeated issue at this location
d0bf3299-2a22-4fa7-afd0-0b9ffc93ad76,51.7,Medium,0.865,repeated_issue,Repeated issue at this location
67123f11-5721-4f52-950f-d91b623d5cc2,51.6,Medium,0.733,repeated_issue,Repeated issue at this location
ae295f50-0b70-4196-8d65-0167a77cbbe1,51.6,Medium,0.733,repeated_issue,Repeated issue at this location
7afb353a-c390-43a8-a04f-a07954bcecf6,51.2,Medium,0.93,,
0780c700-c404-4944-abab-6c90a1c92975,51.2,Medium,0.93,,
8acb89e3-ea87-4013-8fdf-7f56b6d7f6b2,51.0,Medium,0.723,repeated_issue,Repeated issue at this location
a919aa54-ea64-4420-a732-20ffe4a13f83,51.0,Medium,0.927,,
af56a3bd-431e-4109-a114-dd960d9d2ba2,51.0,Medium,0.723,repeated_issue,Repeated issue at this location
61d72347-fcd7-4363-94c2-e82a2a80912c,50.9,Medium,0.722,repeated_issue,Repeated issue at this location
a99ead9e-4fc7-4128-bf2c-9a69cd0a8215,50.9,Medium,0.926,,
7c2663ac-612b-417d-9bf7-5e6ac8d3efe5,50.9,Medium,0.721,repeated_issue,Repeated issue at this location
30f4d87a-751c-4266-ad46-975889178700,50.9,Medium,0.722,repeated_issue,Repeated issue at this location
84606359-3085-4e82-8854-11ac5b5045e7,50.8,Medium,0.719,repeated_issue,Repeated issue at this location
1a95484c-9172-45a3-b983-a8d8aa409c42,50.8,Medium,0.719,repeated_issue,Repeated issue at this location
204275a1-d75e-4b2f-ad2f-ae607f40730a,50.8,Medium,0.719,repeated_issue,Repeated issue at this location
455d5545-85c3-4b43-a944-e788c3257855,50.8,Medium,0.923,,
76d61ead-a174-4c32-b826-99c5a6277e1f,50.7,Medium,0.717,repeated_issue,Repeated issue at this location
5a5c1abb-862e-439f-b206-930acf2ac60a,50.6,Medium,0.921,,
ef1af8f2-6c30-4d1a-bbb3-76b45a1ef0b6,50.6,Medium,0.715,repeated_issue,Repeated issue at this location
e87fdb6a-0f93-4b63-8bf2-5f346cb9f10d,50.5,Medium,0.918,,
d01d2356-1785-4413-a34d-b32eec8aa9f6,50.5,Medium,0.919,,
f43974a5-c1b8-4d39-9446-5bfe0f18fcd3,50.2,Medium,0.996,repeated_issue;tenant_rejected,Repeated issue at this location | Tenant rejected / did not approve the resolution
2c2c0970-fdfc-4d72-8cbb-8d434cb6233d,50.2,Medium,0.998,repeated_issue;tenant_rejected,Repeated issue at this location | Tenant rejected / did not approve the resolution
8a683947-442d-4763-bd18-02ba97a44a81,50.2,Medium,0.999,repeated_issue;tenant_rejected,Repeated issue at this location | Tenant rejected / did not approve the resolution
7a7ada9a-c432-4664-af52-bb993b0c52c7,50.2,Medium,0.998,repeated_issue;tenant_rejected,Repeated issue at this location | Tenant rejected / did not approve the resolution
e0606954-e645-47ed-8008-f5ace1c87acc,50.2,Medium,0.913,,
b68b2bcf-ceb9-4cdc-8e0a-fdf2e5fd8d30,50.1,Medium,0.911,,
ecfb0f75-5c43-4830-9b47-4228d3dbdaaf,50.0,Medium,0.986,repeated_issue;tenant_rejected,Repeated issue at this location | Tenant rejected / did not approve the resolution
3145b7a3-f9b8-4b69-be75-cf0d3ead40f9,49.9,Medium,0.703,repeated_issue,Repeated issue at this location
35dd8f94-4c35-4169-a395-42d399fd0956,49.9,Medium,0.907,,
6fe8eb8d-4e64-4977-8968-772d400d759e,49.9,Medium,0.908,,
4d818673-1496-448a-854e-3c4f180a1ee3,49.8,Medium,0.971,repeated_issue;tenant_rejected,Repeated issue at this location | Tenant rejected / did not approve the resolution
d8a3ea93-5c3b-4388-ad6b-03f15dad3785,49.8,Medium,0.971,repeated_issue;tenant_rejected,Repeated issue at this location | Tenant rejected / did not approve the resolution
736faf3e-7bf6-46af-9b45-541ac5062166,49.8,Medium,0.906,,
17a66482-faa4-4cad-a904-e869812f2950,49.7,Medium,0.898,fast_resolution,Resolved in 0.1h vs 25.8h typical for Electrical Issues
7b5a60ef-d1f2-4f62-943f-59506796ec43,49.6,Medium,0.901,,
15917ad7-bf88-4861-8777-e736a43024ee,49.6,Medium,0.902,,
f90ebf64-ee75-41cd-8a53-e97d7aad40da,49.6,Medium,0.961,repeated_issue;fast_resolution,Repeated issue at this location | Resolved in 0.3h vs 48.4h typical for Other
f4f01648-706d-45b9-95cc-6b116b5a749b,49.5,Medium,0.955,repeated_issue;fast_resolution,Repeated issue at this location | Resolved in 4.0h vs 40.9h typical for Furniture
53040f7e-89a2-4c5c-9f73-71feae903e1a,49.5,Medium,0.9,,
35df53c4-12a2-4134-a0ae-df8575e49a09,49.1,Medium,0.688,repeated_issue,Repeated issue at this location
89fb6e9b-199c-475d-afcf-8e705a911f49,49.1,Medium,0.894,,
11dcf269-8bc3-4127-94ad-49b9f248cbb2,49.0,Medium,0.687,repeated_issue,Repeated issue at this location
b30178f4-4a1c-4469-9255-be9eed264561,49.0,Medium,0.686,repeated_issue,Repeated issue at this location
4d777e0e-07ea-4138-9065-e0405fe2debb,48.9,Medium,0.685,repeated_issue,Repeated issue at this location
84c4cb57-827f-49b5-a473-4bb6df134de6,48.8,Medium,0.887,,
f113e226-b3c6-4360-9d6d-eaf9928fcd6c,48.7,Medium,0.886,,
188b1fdb-205f-470f-b9f4-db6e18d74a41,48.6,Medium,0.884,,
996519c8-a521-4d07-aabf-e0a8c185663c,48.5,Medium,0.677,repeated_issue,Repeated issue at this location
ce6db03e-7f9f-4564-73e7-e9d29ff78ab4,48.3,Medium,0.792,repeated_issue,Repeated issue at this location
e81d0e92-c8ae-73c9-50de-586fcc1cbdf3,48.3,Medium,0.792,repeated_issue,Repeated issue at this location
0c08f06f-7a08-3220-ee9c-6522b0b93825,48.3,Medium,0.792,repeated_issue,Repeated issue at this location
2a3327d0-872c-007c-4a67-2a0a9b03c93b,48.3,Medium,0.792,repeated_issue,Repeated issue at this location
e61cc2bb-931d-59e6-1e2e-316293ff05e4,48.3,Medium,0.792,repeated_issue,Repeated issue at this location
9f53b279-80bb-d6c2-ac64-4a431b95bc5b,48.3,Medium,0.792,repeated_issue,Repeated issue at this location
c5a466e9-f41a-4436-8a4d-58621227a138,48.3,Medium,0.673,repeated_issue,Repeated issue at this location
85bd1fef-51ab-3b14-6151-74d7fb0d6b7c,48.3,Medium,0.792,repeated_issue,Repeated issue at this location
cc6809fa-9153-7415-8aae-5e6e06e85431,48.3,Medium,0.792,repeated_issue,Repeated issue at this location
28ec0694-a088-19c4-4323-cd4553956079,48.3,Medium,0.792,repeated_issue,Repeated issue at this location
48862e77-53fa-42d1-a7e4-5082320b4b33,48.3,Medium,0.674,repeated_issue,Repeated issue at this location
fd95aa3b-dc52-7809-ca1e-c3a77c98640a,48.3,Medium,0.792,repeated_issue,Repeated issue at this location
a7e318bc-fde2-4691-a766-fbdf9b064f4d,48.3,Medium,0.673,repeated_issue,Repeated issue at this location
aea3d88b-c517-2783-3d05-48f0546c4c57,48.3,Medium,0.792,repeated_issue,Repeated issue at this location
68f2b79b-99a7-fd31-c664-933f4296a50d,48.3,Medium,0.792,repeated_issue,Repeated issue at this location
04617c6a-c9d0-4f9c-845e-a513b686709a,48.1,Medium,0.67,repeated_issue,Repeated issue at this location
d6a91c4a-bcda-4f95-83d1-a34ed7cf8e65,48.0,Medium,0.873,,
a654bf9b-1cb0-4547-a58d-48ada2ec7a05,48.0,Medium,0.872,,
793f193e-cb76-43f3-991d-36b8179160da,47.9,Medium,0.872,,
93e90f49-e5d8-4bd3-8cc8-eaf91c0ecf63,47.5,Medium,0.659,repeated_issue,Repeated issue at this location
0e095d80-8ab7-4313-9958-5f31427e3a26,47.5,Medium,0.66,repeated_issue,Repeated issue at this location
421bb1d1-5097-4c05-a533-97860e8a541c,47.3,Medium,0.86,,
4a230654-886f-4fc0-99ed-f669b07f509f,47.2,Medium,0.858,,
9d46f760-21e0-4282-b63b-f6dc832bec8d,47.2,Medium,0.814,repeated_issue;fast_resolution,Repeated issue at this location | Resolved in 2.8h vs 59.1h typical for Cleaning Issues
3714a311-a5b5-46ed-9868-1b383c55906d,47.1,Medium,0.856,,
83d03c23-f8b3-4f6c-8f52-e156f3fc8823,47.1,Medium,0.811,repeated_issue;fast_resolution,Repeated issue at this location | Resolved in 2.6h vs 48.4h typical for Other
9c3cf2fa-b5d4-46e0-b7a6-a3acfca2c674,47.1,Medium,0.857,,
ed0e68ba-fe8c-4d06-a47a-284d03626f7e,47.0,Medium,0.806,repeated_issue;fast_resolution,Repeated issue at this location | Resolved in 2.1h vs 51.8h typical for AC Issues
84f6d1b5-9225-49f1-bebb-82dd005821d9,47.0,Medium,0.801,repeated_issue;fast_resolution,Repeated issue at this location | Resolved in 2.4h vs 41.9h typical for Plumbing
c0ddb057-58a9-457b-af08-0bb6312b17ab,46.9,Medium,0.852,,
4505aa76-6647-4ef0-b86d-d332e066828a,46.8,Medium,0.851,,
5d9d7a1b-fb90-40b5-9623-002f5c788745,46.8,Medium,0.852,,
91c3df30-8736-4363-afda-343891a9380a,46.8,Medium,0.85,,
07125828-0af2-447b-88e1-cafa8a322705,46.7,Medium,0.85,,
61640151-5e67-4bdf-854e-05c78cf4a317,46.7,Medium,0.848,,
31b72d96-b600-47b9-864d-47d51f9766f0,46.6,Medium,0.846,,
fee940e2-83d1-4749-ab17-a7df7d3e1905,46.6,Medium,0.848,,
943908d6-ee9a-4bf4-aeab-eff7fb4ae697,46.4,Medium,0.639,repeated_issue,Repeated issue at this location
e0e94ac2-9af5-4194-ba97-3caff204496e,46.4,Medium,0.64,repeated_issue,Repeated issue at this location
5553e210-3933-4725-864c-1919c0e8afc0,46.4,Medium,0.638,repeated_issue,Repeated issue at this location
938c7806-1f83-4034-a447-087e1dd599b1,46.3,Medium,0.638,repeated_issue,Repeated issue at this location
768547d3-d472-4ce0-9930-cfe1ef655793,46.3,Medium,0.763,repeated_issue;fast_resolution,Repeated issue at this location | Resolved in 6.5h vs 48.4h typical for Other
96ac38f2-88f0-4bad-b91f-7e63474cbd8a,46.2,Medium,0.84,,
206f2473-1864-4ba9-ae6a-109ee0fa0150,46.1,Medium,0.634,repeated_issue,Repeated issue at this location
4dc1661f-4f6f-480f-914b-c4c531a02740,46.1,Medium,0.838,,
d24ca09b-494b-4bda-992a-aad57b478ff5,46.1,Medium,0.633,repeated_issue,Repeated issue at this location
230eeb01-de31-420e-bcc1-9eaee856ece8,45.8,Medium,0.833,,
715031c3-cc29-4ff1-ae30-4ac0fcb63e01,45.6,Medium,0.83,,
00442f6b-bad8-4efc-9138-a7fe5a491665,45.6,Medium,0.828,,
67874652-d7d1-5d89-1e13-b2b3aead6c9d,45.5,Medium,0.733,repeated_issue,Repeated issue at this location
44202a80-84f2-45c8-ad8e-b69c6599ba32,45.5,Medium,0.828,,
afb8cf37-0927-b4d3-8281-30726617bf6a,45.5,Medium,0.733,repeated_issue,Repeated issue at this location
52ec5ab0-c642-4dbb-af9f-e9065cf605f6,45.5,Medium,0.827,,
817ac95b-3731-26b7-a06a-fca260f98dbf,45.5,Medium,0.733,repeated_issue,Repeated issue at this location
18132a2d-a10a-9c1c-adfe-d20dbd81998c,45.5,Medium,0.733,repeated_issue,Repeated issue at this location
65430ff7-582b-c456-3c80-561ebc995325,45.5,Medium,0.733,repeated_issue,Repeated issue at this location
89ee9b87-c86b-7163-be89-5a967e802f18,45.5,Medium,0.733,repeated_issue,Repeated issue at this location
a1c5eb64-147d-4345-bcf9-908919babb90,45.4,Medium,0.825,,
39c0d310-1634-4544-a11f-6e2978cf42c4,45.3,Medium,0.823,,
327e384f-e936-47d9-9cfb-ca1b41bc8f1c,45.1,Medium,0.819,,
3617c754-2014-417f-89e9-872fdc322560,44.7,Medium,0.812,,
32dfcd89-4de1-4165-bbc4-a648bc99f9f5,44.7,Medium,0.813,,
c8d729d3-993e-4f49-80c3-95b036fee0ce,44.5,Medium,0.809,,
e689126d-d5a7-4935-ba4d-1f17097d2393,44.4,Medium,0.972,repeated_issue;tenant_rejected,Repeated issue at this location | Tenant rejected / did not approve the resolution
131febae-d05e-4205-a572-c63a9cc4a124,44.3,Medium,0.805,,
49b3a5c8-bea6-4e84-afdb-52c0b6f5cc67,44.2,Medium,0.805,,
3c0f2d94-6e2b-4bdb-9426-6c887f11be91,44.1,Medium,0.703,repeated_issue,Repeated issue at this location
851326b0-8cf3-4659-b4b4-fc42713f3a40,42.8,Medium,0.573,repeated_issue,Repeated issue at this location
9ca32c91-7377-4136-a935-59b051cf9150,42.7,Medium,0.776,,
fc9e112d-5e63-4203-8b16-d7f1d68e10da,42.7,Medium,0.672,repeated_issue,Repeated issue at this location
3b217359-2d33-49eb-9efa-90da713930cb,42.2,Medium,0.767,,
a20d3286-8cc7-4f31-84b3-1cb544e2756a,42.2,Medium,0.662,repeated_issue,Repeated issue at this location
b2e5ca4c-34ae-4c4d-a445-bc5428ec5062,42.2,Medium,0.767,,
8c965ce1-1fdc-4f92-b919-e5bad7017ebf,42.1,Medium,0.765,,
b78672bf-3a6d-43b0-a988-51a5ab493f3e,41.8,Medium,0.76,,
3beee66c-b10d-4d92-ad2f-d084d2754066,41.7,Medium,0.758,,
f845bcba-1d96-7e1b-6d6c-8ccbdd3f5a2e,41.2,Medium,0.882,,
2a619afd-a49f-45c5-a21c-eb85d9784f98,41.1,Medium,0.747,,
96abc1f1-6f1a-4e36-a35f-b1432c33a3be,41.0,Medium,0.745,,
48a7025a-a65f-4b80-914c-984259833370,41.0,Medium,0.745,,
53f77ddc-446d-4480-a617-de536961a1e0,40.7,Medium,0.741,,
51dfc044-dc6f-4a50-af93-7e9e8d15e46d,40.5,Medium,0.531,repeated_issue,Repeated issue at this location
4916dbd8-2371-41fd-aae7-9946532592bd,40.4,Medium,0.531,repeated_issue,Repeated issue at this location
9863f959-61f4-677e-1720-a0c5cbe621d5,39.5,Medium,0.844,,
e4a9a8e6-63c6-3864-1a81-c1212159b45e,39.5,Medium,0.844,,
2c6d1260-ed14-4d39-8728-59d2af490a65,39.5,Medium,0.844,,
74c37e82-2a93-41d5-8930-07d0d6ff11ef,39.4,Medium,0.511,repeated_issue,Repeated issue at this location
b230c8d4-47ac-4fca-bcfd-25076d66ebe0,39.3,Medium,0.511,repeated_issue,Repeated issue at this location
ebb855b4-4121-4659-977f-638e2ffdeb75,39.3,Medium,0.51,repeated_issue,Repeated issue at this location
457efb24-90c0-41ae-bb6b-5a047470eec7,39.2,Medium,0.509,repeated_issue,Repeated issue at this location
273cfd52-9861-4f44-9271-39952f4c6a35,39.0,Medium,1.0,tenant_rejected,Tenant rejected / did not approve the resolution
f578ef87-8153-4c0a-98bd-4feed4ac6d3c,38.9,Medium,0.995,tenant_rejected,Tenant rejected / did not approve the resolution
a50a8d0f-4ac8-43e0-87cb-ca92f4dffab0,38.9,Medium,0.914,repeated_issue,Repeated issue at this location
b34f7660-d7e5-4c73-8b44-1b710f3ab3b1,38.8,Medium,0.989,tenant_rejected,Tenant rejected / did not approve the resolution
36a40325-baf0-48bd-2f2f-a612a265adc3,38.8,Medium,0.588,repeated_issue,Repeated issue at this location
a3fbff99-ca37-6bdc-b0e8-710adfef4145,38.8,Medium,0.588,repeated_issue,Repeated issue at this location
2070934b-bd8c-4500-1b23-affc5cf07912,38.8,Medium,0.588,repeated_issue,Repeated issue at this location
4e7ca839-263d-d5ae-62e2-4d0501932052,38.8,Medium,0.588,repeated_issue,Repeated issue at this location
6b50bea0-a7ab-e535-3602-269f6ff51a72,38.8,Medium,0.588,repeated_issue,Repeated issue at this location
659960b4-5804-4736-8e20-c646a5ef5c4b,38.6,Medium,0.701,,
8aa5cc61-6d57-4c38-ac7a-f4ac6c478ff1,38.4,Medium,0.966,fast_resolution,Resolved in 0.1h vs 48.4h typical for Other
f1c62a11-792d-4692-9de7-fc5834c32a22,38.3,Medium,0.957,fast_resolution,Resolved in 4.3h vs 48.4h typical for Other
81ffd7e3-ee08-4ada-9643-ae1f91da4b26,38.2,Medium,0.952,fast_resolution,Resolved in 72.5h vs 313.3h typical for Kitchen Equipment
255bff17-c0f3-4eb4-810b-05df5eb3c360,38.1,Medium,0.946,fast_resolution,Resolved in 6.3h vs 26.6h typical for Toilet Issues
42068e51-cf17-44bb-9dd2-2b27cec6e39e,38.1,Medium,0.947,fast_resolution,Resolved in 3.5h vs 92.9h typical for Internet Issues
984460d4-41c3-4c2d-93ce-47902e5c6391,37.7,Medium,0.686,,
6178a47c-c209-4050-bbd3-46234b2010e5,37.3,Medium,0.678,,
2500da24-9030-4a35-bdca-c1175df4b2ff,37.3,Medium,0.898,fast_resolution,Resolved in 6.5h vs 40.9h typical for Furniture
c72ab07c-8f4a-421d-b919-a30f5b493712,37.2,Medium,0.893,fast_resolution,Resolved in 3.6h vs 41.9h typical for Plumbing
2d51794c-13c3-46fb-9138-15f4b9c36f32,37.1,Medium,0.675,,
6cf515d2-ca6f-3da8-6801-8d62a1fc00d9,37.1,Medium,0.552,repeated_issue,Repeated issue at this location
c0a5fa74-cdcd-c23e-2d58-e3b1b502fa1b,37.1,Medium,0.552,repeated_issue,Repeated issue at this location
f880a3de-eff2-2145-29f1-5664ee9c6984,37.1,Medium,0.552,repeated_issue,Repeated issue at this location
352a7be8-13bb-a32f-579c-73f8dc725e5c,37.1,Medium,0.552,repeated_issue,Repeated issue at this location
f4d00892-b71c-2af8-dabd-11e1be17f340,37.1,Medium,0.552,repeated_issue,Repeated issue at this location
d2b0a261-7b0d-4472-8f2d-41c343d828a4,37.1,Medium,0.888,fast_resolution,Resolved in 2.5h vs 32.6h typical for RO Water Issues
adeaf389-d252-4d24-c3ab-0e50e8a2fbed,37.1,Medium,0.552,repeated_issue,Repeated issue at this location
6efda9c4-a92a-a6b4-5580-c8d804c8a8ea,37.1,Medium,0.552,repeated_issue,Repeated issue at this location
8c944ff6-cd23-6076-4cf5-20fdde397111,37.1,Medium,0.552,repeated_issue,Repeated issue at this location
740813a9-6573-e8d0-b8c4-6adbbab8dd17,37.1,Medium,0.552,repeated_issue,Repeated issue at this location
7a434025-9978-430b-aad6-27f67465bd9f,36.9,Medium,0.875,fast_resolution,Resolved in 6.3h vs 48.4h typical for Other
cfed9c1c-ee04-4342-958d-a727582d4c36,36.9,Medium,0.672,,
85812d2d-2e47-47d4-af86-ec809ed46287,36.8,Medium,0.866,fast_resolution,Resolved in 6.8h vs 59.1h typical for Cleaning Issues
0235df0d-e86c-43df-8113-5df1701a4bd2,36.8,Medium,0.867,fast_resolution,Resolved in 3.1h vs 48.4h typical for Other
047c498a-6455-4af2-a829-3e20b6f96ed3,36.8,Medium,0.465,repeated_issue,Repeated issue at this location
37683b76-a4d2-4af4-ad50-56ccab7e8556,36.7,Medium,0.841,repeated_issue,Repeated issue at this location
7ec25312-d183-4981-b47a-4c126bd9f97e,36.6,Medium,0.461,repeated_issue,Repeated issue at this location
e8661742-3adc-4507-9241-bca7836274a8,36.5,Medium,0.663,,
2e126a23-8caf-4f95-8de0-b745519555c4,36.4,Medium,0.457,repeated_issue,Repeated issue at this location
97beeab7-5ad1-8122-7784-1c690ab3e70b,36.3,Medium,0.536,repeated_issue,Repeated issue at this location
750de943-50cf-721e-6420-3ed5e6471663,36.3,Medium,0.776,,
edd4ab1d-1d4d-4acd-9e82-f4fcc0e3288a,36.3,Medium,0.661,,
c571eabe-749c-29ef-9207-0956a6800bb5,36.3,Medium,0.776,,
144a737a-98cb-64f8-3ec4-0406d92af671,36.3,Medium,0.536,repeated_issue,Repeated issue at this location
e106bcdc-78ba-02cf-9589-368dc10bb2dc,36.3,Medium,0.536,repeated_issue,Repeated issue at this location
f7eef293-0543-ae3f-98e3-6366264442e5,36.3,Medium,0.536,repeated_issue,Repeated issue at this location
1faa1b2c-b5ba-4cca-8c28-4159fd9ad188,35.9,Medium,0.448,repeated_issue,Repeated issue at this location
3151f7a1-adad-4329-925b-3375c30dae24,35.7,Medium,0.649,,
cfb7fc5d-8ab2-8bd5-49d0-64c8429e447d,35.2,Medium,0.753,,
617dfc67-d0d6-429a-bfa5-06460a2c98da,35.1,Medium,0.764,fast_resolution,Resolved in 26.3h vs 141.0h typical for Billing Issues
f6e4e255-661d-4329-a287-d1bb171ea8af,34.9,Low,0.43,repeated_issue,Repeated issue at this location
a6465f30-4e23-1183-f2f8-cbd8dea48580,34.7,Low,0.501,repeated_issue,Repeated issue at this location
a383137c-f83c-7d32-8f2a-1d6246aef0b4,34.7,Low,0.501,repeated_issue,Repeated issue at this location
d28fd200-2ceb-bb5e-679f-1c84be768244,34.7,Low,0.501,repeated_issue,Repeated issue at this location
35ac2c8f-988c-90b1-5729-8f4566f100a0,34.7,Low,0.501,repeated_issue,Repeated issue at this location
479bf1e8-673a-9c3c-b20b-a6ae40009f7e,34.7,Low,0.501,repeated_issue,Repeated issue at this location
13699593-fbb1-e74b-77c9-660cdd786638,34.7,Low,0.501,repeated_issue,Repeated issue at this location
b1ff846d-9f93-3dff-cb1f-d10d78e7e83d,34.7,Low,0.501,repeated_issue,Repeated issue at this location
88028ce4-c61f-5200-612b-5cebe1986654,34.7,Low,0.501,repeated_issue,Repeated issue at this location
ac7b87fb-080f-3d17-374a-de3792479957,34.7,Low,0.501,repeated_issue,Repeated issue at this location
90df6aab-bc25-f8e2-7bb4-cb2572293795,34.7,Low,0.501,repeated_issue,Repeated issue at this location
499ff5a8-1b16-d883-faad-bda99684bd94,34.7,Low,0.501,repeated_issue,Repeated issue at this location
a7c25386-9046-33f2-3b31-16e37462818e,34.7,Low,0.501,repeated_issue,Repeated issue at this location
344ec81c-a19d-f1ba-2d2c-d46f4f39d112,34.7,Low,0.501,repeated_issue,Repeated issue at this location
c5b6fd56-e039-ca62-4bec-520fc7d77711,34.7,Low,0.501,repeated_issue,Repeated issue at this location
4c3d4b48-972e-46e0-90d8-d6b7a2653e36,33.9,Low,0.726,,
c21ada41-f39e-4dc2-a692-e977fc9d3772,33.7,Low,0.613,,
61184fb5-8061-5ece-528b-7e5c6ca4787b,33.4,Low,0.733,repeated_issue,Repeated issue at this location
70474ca3-d011-8286-5192-a17d91082a34,33.4,Low,0.733,repeated_issue,Repeated issue at this location
c9cb7236-8e59-4d71-4640-b5bd5d92fc3c,33.4,Low,0.733,repeated_issue,Repeated issue at this location
17fe2cf1-0e71-401f-984f-ad4d7ad1e0c0,33.3,Low,0.401,repeated_issue,Repeated issue at this location
4530a003-d425-4d3c-be37-5eef89668fa4,33.2,Low,0.975,tenant_rejected,Tenant rejected / did not approve the resolution
1b95553d-b7c7-4d17-8765-8d13ca401084,33.1,Low,0.963,fast_resolution,Resolved in 2.4h vs 48.4h typical for Other
8c25f955-0b01-4421-a445-3effd1208a77,33.1,Low,0.965,fast_resolution,Resolved in 0.7h vs 32.6h typical for RO Water Issues
1615e90e-84bc-49bc-8702-f4fdc175dc8e,32.6,Low,0.389,repeated_issue,Repeated issue at this location
074ea4b3-1a2f-4ee8-a73c-6e16276f6bff,32.6,Low,0.388,repeated_issue,Repeated issue at this location
df67f97f-b60c-9f57-a4e3-592bd6e49873,32.5,Low,0.694,,
047c1201-ada6-deb9-3a98-cffaed2cbcac,32.5,Low,0.694,,
d3493b15-9a02-75ae-63ee-c9fdfb9258f7,32.5,Low,0.694,,
7ee2fea9-67aa-7357-5ea6-c4ca0aaf7fc1,32.5,Low,0.694,,
31dbf808-b397-8ee5-d368-3cac57b8507c,32.4,Low,0.453,repeated_issue,Repeated issue at this location
a9ad55bd-fdac-45ed-a18c-868bf93c9793,32.1,Low,0.447,repeated_issue,Repeated issue at this location
72214ccd-713f-4085-b036-812383c1c771,32.0,Low,0.378,repeated_issue,Repeated issue at this location
dc6209b1-1df4-0207-754d-0d66d1a873d7,31.8,Low,0.681,,
d630d3b6-570c-f6f8-987e-75eab5891d77,31.8,Low,0.681,,
c14621d3-04fb-2b28-a9d3-92da337965e1,31.3,Low,0.43,repeated_issue,Repeated issue at this location
d837105e-eb7b-8fcf-c460-f1dee25a26ac,31.3,Low,0.43,repeated_issue,Repeated issue at this location
ee7cb224-1299-32b7-23c8-09fb54e4ba5e,31.3,Low,0.43,repeated_issue,Repeated issue at this location
d2d01942-cf89-b5d4-75e4-19bdcca8ef18,31.3,Low,0.43,repeated_issue,Repeated issue at this location
b82ee78f-e773-f4d6-adab-69b2f59fc030,31.3,Low,0.43,repeated_issue,Repeated issue at this location
41e93d4f-9a16-82c8-57c5-9b98854f71da,31.3,Low,0.43,repeated_issue,Repeated issue at this location
014acb2c-befd-2ad4-a2a5-1b6ec4cd5c3f,31.3,Low,0.43,repeated_issue,Repeated issue at this location
9b4230ca-e197-7b61-ca55-fd9dec1487ee,31.3,Low,0.43,repeated_issue,Repeated issue at this location
45229435-1d2b-cd17-9b38-1c75b7ac682c,31.3,Low,0.43,repeated_issue,Repeated issue at this location
c5f174fc-8408-5c89-b61a-c7f7df2bb9f3,31.1,Low,0.666,,
743c41c0-cdc2-1538-1214-55334b04c359,31.1,Low,0.666,,
f9b32676-14df-4807-b389-ab327909f7ab,30.6,Low,0.351,repeated_issue,Repeated issue at this location
3d9e2a93-f4a4-4d7c-b921-19347f1c1403,30.5,Low,0.35,repeated_issue,Repeated issue at this location
e3d3b08e-1168-24d9-88db-6d8af6ed10da,30.4,Low,0.649,,
802ef082-7491-427a-4efd-63fbdc8a985a,30.4,Low,0.649,,
b01c08e7-1a87-232a-ae60-8ff001d24f41,30.4,Low,0.649,,
8acf69f6-f774-4864-930d-6998e3c0bd1e,30.4,Low,0.349,repeated_issue,Repeated issue at this location
8d172be0-ab43-cb22-e839-bf58a94564bf,30.4,Low,0.649,,
4df5928b-5c95-6cd9-d960-33626578ae6c,30.4,Low,0.649,,
ca767982-0311-9ec4-0efb-66d254fe43ea,30.0,Low,0.401,repeated_issue,Repeated issue at this location
f94f3fc8-0a93-1476-3735-1226c6c07a25,30.0,Low,0.401,repeated_issue,Repeated issue at this location
b1635ae1-58e8-c773-c965-7465fd7e581b,30.0,Low,0.401,repeated_issue,Repeated issue at this location
57584f0a-35f3-99af-bc46-f728d7ce662b,30.0,Low,0.401,repeated_issue,Repeated issue at this location
f36a3de9-8f2a-8d34-9b71-173e85d0d430,30.0,Low,0.401,repeated_issue,Repeated issue at this location
ec2ccc9a-c9fb-d6dc-1c0c-8b5431541f70,30.0,Low,0.401,repeated_issue,Repeated issue at this location
9f1260cf-ea83-34dc-2480-97fd1c8d60d1,30.0,Low,0.401,repeated_issue,Repeated issue at this location
d0567dac-8c86-d7cb-d1ea-30f478982a88,29.3,Low,0.627,,
a845ff25-034e-46d8-1eb7-bb5369cb3262,29.3,Low,0.627,,
819bbb55-e646-56c4-22d2-56e997491ca3,29.0,Low,0.322,repeated_issue,Repeated issue at this location
3cb45ade-a1b3-4a3e-a5ad-afb563541fbe,29.0,Low,0.322,repeated_issue,Repeated issue at this location
9fbe6091-0a0b-66fa-3ee8-675bfc9f31f7,28.9,Low,0.378,repeated_issue,Repeated issue at this location
b406781b-bb3d-b4d9-2151-762f561bc3ae,28.9,Low,0.378,repeated_issue,Repeated issue at this location
7c76880a-5502-6704-3e46-176b90129218,28.9,Low,0.378,repeated_issue,Repeated issue at this location
78746781-67e6-6007-e70f-7ba79e45cc51,28.9,Low,0.378,repeated_issue,Repeated issue at this location
bc3bceba-aa02-73f3-4b19-d40f046033ed,28.9,Low,0.378,repeated_issue,Repeated issue at this location
0c5337c9-164e-21cf-81f8-202342521e37,28.9,Low,0.378,repeated_issue,Repeated issue at this location
93e4010d-b202-4327-4291-8608090b4249,28.7,Low,0.521,,
0a89b554-b3fb-a037-300d-b6700f9ea741,28.7,Low,0.521,,
3c32a980-6f97-4cca-abe8-e11505111e96,28.7,Low,0.521,,
3280b720-3e0c-4df3-a962-35fe76a4a434,28.7,Low,0.521,,
e3cf4f01-f971-d717-ecbb-142e0961de9b,28.6,Low,0.613,,
0faa0e6f-3fbf-0984-2517-86149f652eee,28.6,Low,0.613,,
063a131e-3dc4-f0a1-9bda-8a0664bd5e94,28.6,Low,0.613,,
ba40bb47-d80f-d60d-aaf9-5fd0db3a2409,28.6,Low,0.613,,
9a08726f-03c5-3110-ef60-e94e2b21fbbd,28.6,Low,0.613,,
71d77401-e8a7-e5a5-7d79-d5e087e26af8,28.6,Low,0.613,,
3e142f38-96cd-b474-f8b0-0b9558f99f46,28.1,Low,0.36,repeated_issue,Repeated issue at this location
6f3095ec-8946-8d2a-b83c-a9d46df0809e,28.1,Low,0.36,repeated_issue,Repeated issue at this location
ed33db40-0cc9-a1d4-3477-29dcb26f0324,28.1,Low,0.36,repeated_issue,Repeated issue at this location
c178b4b7-d5b4-9128-d71a-493657ef3f3e,28.1,Low,0.36,repeated_issue,Repeated issue at this location
cc319de0-96a2-2ab8-8f6e-5d0c8f0c2fee,28.0,Low,0.552,repeated_issue,Repeated issue at this location
249174cc-e5f5-8f8c-4db0-c145a73ddd3d,28.0,Low,0.552,repeated_issue,Repeated issue at this location
695f5510-18f1-ae58-3fb2-b1940f54272d,28.0,Low,0.552,repeated_issue,Repeated issue at this location
c535474a-fe1a-8f58-3934-7f9ecadc16d9,28.0,Low,0.552,repeated_issue,Repeated issue at this location
3370a9f2-c854-4e94-b39e-d811d2844bbc,28.0,Low,0.305,repeated_issue,Repeated issue at this location
fad4e838-b192-f880-c075-c9f3801f3eac,27.7,Low,0.916,,
a212351e-fd47-4d4f-b06f-cfd544db2630,27.5,Low,0.985,repeated_issue,Repeated issue at this location
8cb5baa2-ecba-4c2a-bb26-fab56d983ce5,27.3,Low,0.292,repeated_issue,Repeated issue at this location
2e989071-829e-4249-8612-aa3fcf326aa7,26.9,Low,0.951,repeated_issue,Repeated issue at this location
7556746e-5ab5-45c5-9a9d-bb283b5604dc,26.8,Low,0.487,,
690ced8f-1267-4d45-b938-e08f24469ebf,26.8,Low,0.487,,
7ad00c6e-9014-bbe1-8b23-68a6e4b22ad7,26.7,Low,0.882,,
c34a5a2b-2e66-4e2a-9596-193484fbb757,26.6,Low,0.932,repeated_issue,Repeated issue at this location
07adc185-f2be-4bc2-b209-4e93f7b77682,26.6,Low,0.279,repeated_issue,Repeated issue at this location
4f43e97f-c4e1-4156-988a-54c9f6c99e72,26.6,Low,0.928,repeated_issue,Repeated issue at this location
e9107c13-9b09-4dd1-817c-bf01b8d59ab9,26.5,Low,0.922,repeated_issue,Repeated issue at this location
24b7914b-5e48-2a00-b1ea-b8902ec62020,26.3,Low,0.322,repeated_issue,Repeated issue at this location
1df9b841-b039-6bcd-9e05-d24b1c3734f6,26.3,Low,0.322,repeated_issue,Repeated issue at this location
93040aef-2f10-5fc0-0067-39e9dd5b030f,26.3,Low,0.322,repeated_issue,Repeated issue at this location
44db321f-5e76-e65a-fd8e-343be344266b,26.3,Low,0.322,repeated_issue,Repeated issue at this location
7349071f-e4b0-b3c4-3725-6bc4b923b93b,26.3,Low,0.322,repeated_issue,Repeated issue at this location
6309f690-26bb-b9a2-0fcb-bc6b6d679b18,26.3,Low,0.322,repeated_issue,Repeated issue at this location
f5439bfe-94e3-9824-71c6-0421874bdb74,26.3,Low,0.322,repeated_issue,Repeated issue at this location
5cb7e17e-1c68-3dd4-1d87-b0da116c9bff,26.3,Low,0.322,repeated_issue,Repeated issue at this location
596ab94b-6133-1973-ad92-2e948c8fb433,26.3,Low,0.322,repeated_issue,Repeated issue at this location
f0576a1c-1517-c150-6fa3-d7d6f2865c9c,26.3,Low,0.322,repeated_issue,Repeated issue at this location
d4c81ebd-d2f4-430a-df0c-156da4e4af1e,26.3,Low,0.322,repeated_issue,Repeated issue at this location
93da2cb6-2365-4ade-b0a3-bffbb5fc56fe,26.2,Low,0.906,repeated_issue,Repeated issue at this location
23895d1d-2d76-4fb4-9dbd-d0ff1b8eedff,26.1,Low,0.899,repeated_issue,Repeated issue at this location
f7a042a6-0da1-4ed0-8ec9-1df4485f0395,26.1,Low,0.903,repeated_issue,Repeated issue at this location
b013dda1-2181-41f8-a9c3-db8acdeaca2d,26.0,Low,0.896,repeated_issue,Repeated issue at this location
12683646-ca80-4749-baf9-654e9c8c6b08,26.0,Low,0.473,,
fe56c106-be83-4065-bacb-790bee4ee22f,26.0,Low,0.473,,
2a3b7aa4-41df-4598-804a-40c35246e4fe,26.0,Low,0.891,repeated_issue,Repeated issue at this location
898a6115-b421-4261-8349-932ff12befac,25.9,Low,0.89,repeated_issue,Repeated issue at this location
8048197e-b83c-45a0-bf10-7a52115667e4,25.8,Low,0.265,repeated_issue,Repeated issue at this location
22eb3c39-c0bd-440d-b24b-ba80aa6cdb26,25.7,Low,0.874,repeated_issue,Repeated issue at this location
5eb5b237-34c0-4960-904f-f1aa99aa5a5c,25.7,Low,0.878,repeated_issue,Repeated issue at this location
86745b91-6f81-4ee1-b55f-e981c6de7b5c,25.6,Low,0.871,repeated_issue,Repeated issue at this location
79ca95c6-84d4-4fe7-b054-b7e9588ce30d,25.5,Low,0.864,repeated_issue,Repeated issue at this location
5a1bcddb-2d8c-46b9-836e-c9260fac9645,25.5,Low,0.863,repeated_issue,Repeated issue at this location
610ea2c6-67f4-40c1-a0d2-df6fe5f536f6,25.5,Low,0.862,repeated_issue,Repeated issue at this location
430db962-2353-4fd9-912d-297e09e7bf28,25.5,Low,0.866,repeated_issue,Repeated issue at this location
11cae148-c552-4a96-98ac-1230d988e8cf,25.3,Low,0.854,repeated_issue,Repeated issue at this location
d574a779-6597-4856-988f-98fb961bbacc,25.1,Low,0.84,repeated_issue,Repeated issue at this location
107a789d-01e3-48fc-a5fa-f82cba3dfbf8,25.1,Low,0.837,repeated_issue,Repeated issue at this location
d1a9b329-dee6-4993-be04-11fe8c8aca0f,25.0,Low,0.836,repeated_issue,Repeated issue at this location
90a1c3c9-607c-437f-8426-657c5eb02294,25.0,Low,0.25,repeated_issue,Repeated issue at this location
2043bae8-3194-b27c-ed6c-1f618c179f71,24.9,Low,0.292,repeated_issue,Repeated issue at this location
efc165ef-b485-4535-3dbe-75129cbd9f5a,24.9,Low,0.292,repeated_issue,Repeated issue at this location
b9971b18-d458-52fe-ef12-03c3e9b45284,24.9,Low,0.292,repeated_issue,Repeated issue at this location
d3846174-ddb9-2777-dc63-a9e6bf1aed4c,24.9,Low,0.292,repeated_issue,Repeated issue at this location
79e3e2e1-77a4-48ba-c2df-77280c9b9a2a,24.9,Low,0.292,repeated_issue,Repeated issue at this location
16712bef-057a-b054-b0df-fad8102616f9,24.9,Low,0.292,repeated_issue,Repeated issue at this location
ef8c3a1d-43af-4961-8357-cf070d80c051,24.9,Low,0.826,repeated_issue,Repeated issue at this location
2191b23d-eeba-66fc-7983-f3ce989917ce,24.9,Low,0.292,repeated_issue,Repeated issue at this location
2d2f4aaa-e9db-12ef-bb50-f74383e74434,24.9,Low,0.292,repeated_issue,Repeated issue at this location
1c260e7d-b201-4d78-84c7-5f7d98da6011,24.9,Low,0.826,repeated_issue,Repeated issue at this location
7d73b439-48e1-a4e4-451c-9fd9d2d98814,24.9,Low,0.292,repeated_issue,Repeated issue at this location
fce09a0d-c068-3de8-0a06-0a027eba81a9,24.9,Low,0.292,repeated_issue,Repeated issue at this location
20a82a52-d6ce-ee9f-29a2-31b4981cf48c,24.9,Low,0.292,repeated_issue,Repeated issue at this location
e0ab7426-e4d5-9303-1698-d86175db730d,24.9,Low,0.292,repeated_issue,Repeated issue at this location
a3132746-bf03-fe3a-93a2-aeb762ecfcf2,24.8,Low,0.82,,
51959913-1e11-1890-7273-d24ab4c4faef,24.8,Low,0.82,,
2403da27-4924-4f3d-8754-1a476c834283,24.8,Low,0.822,repeated_issue,Repeated issue at this location
1c905e75-7535-416d-a137-8dc916747194,24.8,Low,0.822,repeated_issue,Repeated issue at this location
6b2280fc-f664-4c8c-953b-18db76713171,24.7,Low,0.818,repeated_issue,Repeated issue at this location
e05c3490-500a-433e-a722-65a282a41f7f,24.7,Low,0.815,,
0a249101-dd5f-4a12-9c3a-07a92226137a,24.6,Low,0.811,repeated_issue,Repeated issue at this location
d722759f-6f57-45cf-bb2e-49ce36bafeeb,24.6,Low,0.807,repeated_issue,Repeated issue at this location
d5643989-a331-4967-ba63-11ee9e1e1f64,24.5,Low,0.804,repeated_issue,Repeated issue at this location
7fb63f92-3d08-f01c-d3bb-36d5a14e53a1,24.4,Low,0.521,,
4a3c32c4-7485-8604-2524-762c54aa246c,24.4,Low,0.521,,
f48d3aa0-e5e8-3cfe-115b-f5106cf97e9f,24.4,Low,0.521,,
03531a0e-3965-ab08-3d56-2dd34942f46c,24.3,Low,0.792,repeated_issue,Repeated issue at this location
bfe6d0a1-db47-03ef-da0c-0b770d03b44b,24.3,Low,0.792,repeated_issue,Repeated issue at this location
8507f042-7a29-c3b6-3408-e31b541a76c2,24.3,Low,0.792,repeated_issue,Repeated issue at this location
e61d9b86-53e5-4ae3-755d-e8cb399dac7d,24.3,Low,0.792,repeated_issue,Repeated issue at this location
1e57c28b-1320-4b79-cf80-804c62ce33b0,24.3,Low,0.792,repeated_issue,Repeated issue at this location
09f81b2c-72e7-709d-5ba1-360f8646c884,24.3,Low,0.792,repeated_issue,Repeated issue at this location
d452baaa-641a-24de-db04-0e27f16ba62c,24.3,Low,0.792,repeated_issue,Repeated issue at this location
247a627c-f744-8179-498c-0e2e95528e61,24.3,Low,0.792,repeated_issue,Repeated issue at this location
85ca321f-ffd0-7ab3-e1f7-8924bcc14eef,24.3,Low,0.792,repeated_issue,Repeated issue at this location
10811cf6-6fa4-5c54-010e-863a8da4067e,24.3,Low,0.792,repeated_issue,Repeated issue at this location
1656ff84-c36f-d856-7314-b0a25a415913,24.3,Low,0.792,repeated_issue,Repeated issue at this location
abf38d2d-6fbf-d102-0915-ad1fa7488dca,24.3,Low,0.792,repeated_issue,Repeated issue at this location
46bb75e7-11af-198c-0abf-9e1bffda7010,24.3,Low,0.803,,
1142fbaa-dcc7-de1b-7bd8-be142ffa15cc,24.3,Low,0.792,repeated_issue,Repeated issue at this location
79834947-5612-4e83-9890-f9f95e4e0c0a,24.3,Low,0.279,repeated_issue,Repeated issue at this location
ddf94358-0ea9-0871-0ed0-f48cc421d721,24.3,Low,0.792,repeated_issue,Repeated issue at this location
b09e510e-96ad-4622-8e2b-5fb39c8d213b,24.2,Low,0.236,repeated_issue,Repeated issue at this location
b16a2495-69ed-4671-9dfd-adf008115c06,23.8,Low,0.762,repeated_issue,Repeated issue at this location
4a510ded-bb90-41ad-8dc6-15bfa3346839,23.8,Low,0.759,repeated_issue,Repeated issue at this location
83656a61-e193-4ff2-8091-fbb5a8f2c5ad,23.6,Low,0.748,repeated_issue,Repeated issue at this location
f8c6f83f-55ab-4ed2-a212-452d032d8223,23.6,Low,0.748,repeated_issue,Repeated issue at this location
60a2a5bb-341e-440a-9008-8eedeba17856,23.5,Low,0.743,repeated_issue,Repeated issue at this location
071f0184-d34c-42cf-9601-436c165be255,23.5,Low,0.776,,
dd4fdec3-f242-30e5-f5e1-aa357590564d,23.5,Low,0.776,,
1b7a9324-3f5b-bd8a-c773-49a8f0277d78,23.5,Low,0.776,,
007e589d-aa52-be62-0044-c5682cf9ff5d,23.4,Low,0.401,repeated_issue,Repeated issue at this location
821cbec5-596a-7f0e-6daa-f71788c6f3dc,23.4,Low,0.401,repeated_issue,Repeated issue at this location
0805c9b9-4ad2-eee5-4d20-2e2b186860bc,23.4,Low,0.401,repeated_issue,Repeated issue at this location
e1b5db30-a002-7185-934a-a9366d36ab0a,23.3,Low,0.733,repeated_issue,Repeated issue at this location
41bdac72-19c0-5a9b-a35f-efc615ffa556,23.3,Low,0.733,repeated_issue,Repeated issue at this location
19f805a8-9b26-2b32-379c-99affa8e1f6b,23.3,Low,0.733,repeated_issue,Repeated issue at this location
ad083df7-9c0d-12d8-d880-224050e43b60,23.3,Low,0.733,repeated_issue,Repeated issue at this location
f9c80776-51ad-cff3-6384-83e85e2a892e,23.3,Low,0.733,repeated_issue,Repeated issue at this location
1e6c4796-afdc-5d3e-44c4-5e150f583e35,23.3,Low,0.733,repeated_issue,Repeated issue at this location
f1d005e9-820f-3db6-3e1d-cf90adf2cca7,23.3,Low,0.733,repeated_issue,Repeated issue at this location
32bcfff6-e18a-8347-e7f2-a90565f062a4,23.3,Low,0.733,repeated_issue,Repeated issue at this location
ba05cf16-9e6f-fea7-8a18-d319411a2aad,23.3,Low,0.733,repeated_issue,Repeated issue at this location
864927b8-23a6-4604-b885-b882c3eaea80,23.1,Low,0.717,repeated_issue,Repeated issue at this location
3be84f30-5349-486b-a4a2-d5e936abdba5,23.1,Low,0.716,repeated_issue,Repeated issue at this location
a02e92b4-4619-4b7b-87f5-d1fd8f77c22a,23.0,Low,0.213,repeated_issue,Repeated issue at this location
72306fae-1737-4c53-917b-4a0408a78a10,23.0,Low,0.213,repeated_issue,Repeated issue at this location
2cb9a7fb-76a2-068b-b739-041830b3edd7,22.8,Low,0.753,,
b3c70f02-2c0c-6495-4d19-c1e002ddfe2a,22.8,Low,0.753,,
42c3224a-e332-3f39-2a9e-dd50aa7623b6,22.8,Low,0.487,,
b04c6dc7-ef50-48b8-937b-f6b9039c131a,22.4,Low,0.676,repeated_issue,Repeated issue at this location
4f67d38e-db9d-4de3-be89-726052bf6887,22.3,Low,0.671,repeated_issue,Repeated issue at this location
78c51919-8a58-4bcc-ac84-6e4675c707a0,22.3,Low,0.67,repeated_issue,Repeated issue at this location
d656424e-37a1-4a40-8922-ea466c6ab0e1,22.2,Low,0.664,repeated_issue,Repeated issue at this location
25821fed-d2cb-bc55-d48c-15dc576c0b0a,22.1,Low,0.473,,
32c3b5d6-227c-4abf-a0dd-463cbafae316,22.1,Low,0.66,repeated_issue,Repeated issue at this location
ecad523b-e901-dd1a-de6c-3bb757fc543d,22.1,Low,0.473,,
8d86ddd2-88ae-48c2-8c5d-dfa12df947e1,21.9,Low,0.969,repeated_issue,Repeated issue at this location
e78bc5cf-1343-a638-4a87-8217095ae1d3,21.8,Low,0.225,repeated_issue,Repeated issue at this location
469fe91b-3816-4adf-b5c6-7ba012838bc2,21.7,Low,0.632,repeated_issue,Repeated issue at this location
a5364016-84bc-0360-799f-22ca9a48092a,21.5,Low,0.709,,
b53c8057-ceb7-453d-ba81-05a80347d635,21.5,Low,0.622,repeated_issue,Repeated issue at this location
318ec65d-65a2-f5a9-7489-82443e82c5a5,21.5,Low,0.709,,
3292aeda-c013-4eff-8508-3770a7fc120e,21.2,Low,0.604,repeated_issue,Repeated issue at this location
42c21bca-c32d-4c2d-b7d4-23f8666ab04d,21.2,Low,0.902,repeated_issue,Repeated issue at this location
8ae5df29-ab68-511e-a2a7-bd1ea02aa7b0,21.0,Low,0.588,repeated_issue,Repeated issue at this location
07fb873e-dafe-8564-9e3b-1f4d0a454b70,21.0,Low,0.588,repeated_issue,Repeated issue at this location
f556a7f0-1d8b-9856-85eb-81deb402c084,21.0,Low,0.588,repeated_issue,Repeated issue at this location
287b88f6-8a4d-af36-efcf-607de8d6a938,21.0,Low,0.588,repeated_issue,Repeated issue at this location
66ec0fed-ffa4-0ad9-019d-2c639998a9d9,21.0,Low,0.322,repeated_issue,Repeated issue at this location
ca339a54-3c9f-62d9-dfda-fc897926f7f2,21.0,Low,0.322,repeated_issue,Repeated issue at this location
08efd0fa-d081-c5c1-1566-e7d3972f7055,21.0,Low,0.588,repeated_issue,Repeated issue at this location
fecc3070-4c29-4249-ade0-1c9eae2687c2,21.0,Low,0.177,repeated_issue,Repeated issue at this location
fc6b7111-6e0c-71da-3de2-dc02748de68a,21.0,Low,0.588,repeated_issue,Repeated issue at this location
4b006b0d-44ab-79c3-f2b5-3dddee58d837,21.0,Low,0.588,repeated_issue,Repeated issue at this location
c858bfef-db3f-4d0f-f219-0519df977d44,21.0,Low,0.694,,
3c60087f-1aa0-429f-1396-d28a4a92510b,21.0,Low,0.588,repeated_issue,Repeated issue at this location
47d3316d-9540-1d59-ba29-32ee477f1e8a,21.0,Low,0.588,repeated_issue,Repeated issue at this location
bc3e63d8-eeb8-75a9-cd14-ac2398d366b6,21.0,Low,0.588,repeated_issue,Repeated issue at this location
ffc10678-e45d-21f8-0d52-0e877f6f9077,21.0,Low,0.588,repeated_issue,Repeated issue at this location
37a08cad-31d2-3601-42de-28737d8758e3,21.0,Low,0.588,repeated_issue,Repeated issue at this location
78b4112e-81f8-8ed5-b7a6-2500532aeac0,21.0,Low,0.588,repeated_issue,Repeated issue at this location
74736744-0a87-d445-027f-a284f49b5ac9,21.0,Low,0.588,repeated_issue,Repeated issue at this location
9e8951d5-3a5a-777e-884c-eaef821393c0,21.0,Low,0.588,repeated_issue,Repeated issue at this location
192ce7f9-44e6-f1ea-f2ce-9f7ad7f7c7eb,21.0,Low,0.588,repeated_issue,Repeated issue at this location
0c0f9589-f77b-5e2a-c631-d2b8560b317e,21.0,Low,0.588,repeated_issue,Repeated issue at this location
6ff44eb2-b46c-41ab-e416-1214df2f0d93,21.0,Low,0.588,repeated_issue,Repeated issue at this location
741b147a-3947-8220-ec44-7f739ac46466,21.0,Low,0.588,repeated_issue,Repeated issue at this location
e8afdd8c-baf4-969e-c31a-0706b3eca8e1,21.0,Low,0.588,repeated_issue,Repeated issue at this location
93892541-f9a7-723c-1ad9-d648fa30de17,21.0,Low,0.588,repeated_issue,Repeated issue at this location
000b5172-04c6-835a-0a87-b16ddb38b1b6,21.0,Low,0.588,repeated_issue,Repeated issue at this location
74bfe4c4-80fa-9b99-091c-b5e760c3fb9e,21.0,Low,0.588,repeated_issue,Repeated issue at this location
c09765e4-f4ca-a4a4-a536-4aaf58169b63,21.0,Low,0.588,repeated_issue,Repeated issue at this location
c57e93d9-055a-f5e9-dd2e-42950e9758ea,21.0,Low,0.588,repeated_issue,Repeated issue at this location
9a4115ff-94dc-47eb-5c92-1e4c30dadfe3,21.0,Low,0.588,repeated_issue,Repeated issue at this location
50486ccc-afa8-8777-4574-e3022ce76fde,21.0,Low,0.588,repeated_issue,Repeated issue at this location
df853a74-7063-6b51-612e-43e3c51100dc,21.0,Low,0.588,repeated_issue,Repeated issue at this location
47b2b55c-b767-6e9a-26cb-5622dc4edd18,21.0,Low,0.322,repeated_issue,Repeated issue at this location
a3081c04-706b-45c9-9a10-6ee5edce0401,21.0,Low,0.177,repeated_issue,Repeated issue at this location
70c64b62-6db0-be33-5fff-bdb78c1d6151,21.0,Low,0.588,repeated_issue,Repeated issue at this location
4f665432-00ea-bd48-1e0d-5295a8d5143c,21.0,Low,0.588,repeated_issue,Repeated issue at this location
7611c5ad-a10a-6498-8240-5dd57102a83a,21.0,Low,0.588,repeated_issue,Repeated issue at this location
238c890d-5faa-10e2-b209-0bc3e6b4e85c,21.0,Low,0.588,repeated_issue,Repeated issue at this location
bf96c44b-df48-3507-79e8-49f5ddcc3813,21.0,Low,0.588,repeated_issue,Repeated issue at this location
cf43d7f2-22dc-b187-4375-5c5269dc4db4,21.0,Low,0.588,repeated_issue,Repeated issue at this location
62b61c4a-7479-1cc3-c45d-23f16ea6618e,21.0,Low,0.588,repeated_issue,Repeated issue at this location
582213a7-6b49-1557-034d-3a32966dd4cb,21.0,Low,0.588,repeated_issue,Repeated issue at this location
6c244d62-cf5b-1874-531a-3fff17373038,21.0,Low,0.588,repeated_issue,Repeated issue at this location
ef67ad06-86bc-9e25-520a-15e911742c77,21.0,Low,0.588,repeated_issue,Repeated issue at this location
65a008e5-41ea-54a8-5942-f4ddae4ca21a,21.0,Low,0.588,repeated_issue,Repeated issue at this location
207d4f79-ca3b-81d7-a278-ccadd9a91e9e,21.0,Low,0.588,repeated_issue,Repeated issue at this location
f130f31f-51cd-41f5-a55e-46d12e05aa48,20.8,Low,0.864,repeated_issue,Repeated issue at this location
8b5381ba-acdf-03f6-6be7-6800dea7cbe9,20.7,Low,0.202,repeated_issue,Repeated issue at this location
cbb86a8c-ebfa-7c9c-7bb7-c636ccab17d3,20.7,Low,0.202,repeated_issue,Repeated issue at this location
6093b3d1-66a4-6af6-6a8f-c38000ed54d3,20.7,Low,0.202,repeated_issue,Repeated issue at this location
1aba1441-2df9-79da-5819-d950afda374e,20.7,Low,0.202,repeated_issue,Repeated issue at this location
8d69ff83-3b77-b53e-15d6-cb22c193e5a1,20.7,Low,0.202,repeated_issue,Repeated issue at this location
0f76e7a0-46f8-6d73-2b28-b0e2719414a0,20.7,Low,0.202,repeated_issue,Repeated issue at this location
c1d1b7b9-f412-3169-3a23-1dc873449273,20.7,Low,0.202,repeated_issue,Repeated issue at this location
27f8d0e4-1105-9ba5-cbdf-1b73d5c8f7fa,20.7,Low,0.202,repeated_issue,Repeated issue at this location
e59af8ce-c359-87da-eda3-a1014252600b,20.7,Low,0.202,repeated_issue,Repeated issue at this location
e94fedc0-9209-4678-8a9d-4b3a6cd644f6,20.5,Low,0.307,repeated_issue,Repeated issue at this location
ae6da258-9c81-624d-2934-34953f25defb,20.4,Low,0.552,repeated_issue,Repeated issue at this location
9e288426-3f88-8f59-6175-0669bba6e4cf,20.4,Low,0.552,repeated_issue,Repeated issue at this location
b529d44c-b728-aa47-0506-a4f4c85bfff1,20.4,Low,0.552,repeated_issue,Repeated issue at this location
a2b3733c-b903-2965-c49d-16bd14e93f9d,20.4,Low,0.552,repeated_issue,Repeated issue at this location
a6f40061-a4af-80b8-51a0-add777415e10,20.4,Low,0.552,repeated_issue,Repeated issue at this location
0e2940ea-1484-9537-8245-126de31ead97,20.4,Low,0.552,repeated_issue,Repeated issue at this location
9d8efa81-f0ba-b4ba-ed77-a34da3d41735,20.4,Low,0.552,repeated_issue,Repeated issue at this location
d0f6ed1c-2d83-56be-a03a-1421b787b29a,20.4,Low,0.552,repeated_issue,Repeated issue at this location
66b1f33a-bcbe-9146-f375-564d62923815,20.4,Low,0.552,repeated_issue,Repeated issue at this location
8d13ed87-5c3e-28b6-c8e3-b08b84289414,20.4,Low,0.552,repeated_issue,Repeated issue at this location
78d47d55-37ad-f2cc-c16c-bb5f3647ccc0,20.4,Low,0.552,repeated_issue,Repeated issue at this location
78aca685-0f96-6e02-9ab4-69d619fb88ae,20.4,Low,0.552,repeated_issue,Repeated issue at this location
201b5206-df00-626c-98ad-e448bdb1551d,20.4,Low,0.552,repeated_issue,Repeated issue at this location
dc9ecc49-bbd1-843a-63eb-706ba8037826,20.4,Low,0.552,repeated_issue,Repeated issue at this location
1bd6a170-7db9-b6ac-29f4-f80b4c43bb25,20.4,Low,0.552,repeated_issue,Repeated issue at this location
386d9101-8d34-b85e-4c35-5567e05fc0e3,20.4,Low,0.552,repeated_issue,Repeated issue at this location
33c4fcea-1fab-9705-5e7a-49ead1f1a919,20.4,Low,0.552,repeated_issue,Repeated issue at this location
de81cb45-76db-b939-c204-b73655735f8c,20.4,Low,0.552,repeated_issue,Repeated issue at this location
b20da449-07a7-3597-12d9-d3ef305fd475,20.4,Low,0.552,repeated_issue,Repeated issue at this location
aa9b998c-8efc-80b2-88d8-761f59792a85,20.4,Low,0.552,repeated_issue,Repeated issue at this location
af1012ed-deed-ab6e-1e17-a21d716ef235,20.4,Low,0.552,repeated_issue,Repeated issue at this location
15cd3e09-fb20-9a8f-2e8d-f91350af41ea,20.4,Low,0.552,repeated_issue,Repeated issue at this location
6ceff8a6-da56-9ccc-ea8c-8698a0c1845c,20.4,Low,0.552,repeated_issue,Repeated issue at this location
6650481d-5a62-3022-687f-6542f0a05b3a,20.1,Low,0.536,repeated_issue,Repeated issue at this location
9110e092-c877-fb73-70df-be1c73151790,20.1,Low,0.536,repeated_issue,Repeated issue at this location
d83795d2-c76c-1f57-b4f1-a157fb9a1f9e,20.1,Low,0.536,repeated_issue,Repeated issue at this location
e63d37e6-72be-e63c-e866-c720d54f45c3,20.1,Low,0.536,repeated_issue,Repeated issue at this location
fa7f2f86-209a-b3e7-1c29-8c2351e2d432,20.1,Low,0.536,repeated_issue,Repeated issue at this location
998c2e22-122e-bbe3-865b-e1ff25394044,20.1,Low,0.536,repeated_issue,Repeated issue at this location
a4884c74-2b30-25a0-62a9-6c621ae380fe,20.1,Low,0.536,repeated_issue,Repeated issue at this location
000ecd4e-efeb-8b6a-1011-b861a148ab95,20.1,Low,0.536,repeated_issue,Repeated issue at this location
36e7ab35-4d46-f2af-6003-ff1c720d7703,20.1,Low,0.292,repeated_issue,Repeated issue at this location
d6f54fbb-2bd4-dcc0-5a49-e29867b4754a,20.1,Low,0.292,repeated_issue,Repeated issue at this location
6a0a6c7a-96ad-4250-bb4e-b959e0104b63,20.1,Low,0.292,repeated_issue,Repeated issue at this location
013fcae1-a397-4cf1-821c-16365a1cf07d,19.7,Low,0.509,repeated_issue,Repeated issue at this location
6467266a-fc62-74a4-2746-da4c889a1cb8,19.6,Low,0.649,,
6419a0fa-fd56-78bf-b267-45e1459ef865,19.5,Low,0.501,repeated_issue,Repeated issue at this location
75968c96-4cd2-6c96-48a8-b4cce6446e26,19.5,Low,0.501,repeated_issue,Repeated issue at this location
8fb1f2b5-1c44-e1d4-095b-ea19a7a37026,19.5,Low,0.501,repeated_issue,Repeated issue at this location
9298bbd0-ee2f-4cc1-fa9c-43f83c73aafd,19.5,Low,0.501,repeated_issue,Repeated issue at this location
b3a4f563-9eb9-68e1-8882-648fec628998,19.5,Low,0.501,repeated_issue,Repeated issue at this location
21fc81d0-0871-fd42-e598-d8111a0c6d20,19.5,Low,0.501,repeated_issue,Repeated issue at this location
b76d761f-efb9-b696-b79b-3c715f0dd686,19.5,Low,0.501,repeated_issue,Repeated issue at this location
3514fadd-6adf-e82d-b42f-5b5b1cfee140,19.5,Low,0.177,repeated_issue,Repeated issue at this location
fbef5564-61db-b880-111a-a820c57dad7e,19.5,Low,0.177,repeated_issue,Repeated issue at this location
3abdc501-c2d0-afab-127c-d3875c9a508f,19.5,Low,0.177,repeated_issue,Repeated issue at this location
a834794b-c55c-955a-d7ed-17c88725bea0,19.5,Low,0.177,repeated_issue,Repeated issue at this location
2a9075fb-d301-bbad-581c-adcd1678f49e,19.2,Low,0.636,,
f3acbb18-9cf1-6150-3522-83ecf16cc409,19.2,Low,0.636,,
2be858da-cb47-720f-3d6a-ce43bf82799c,19.2,Low,0.636,,
fbfcd225-fb5b-43dc-b136-702c313ae190,19.1,Low,0.715,repeated_issue,Repeated issue at this location
195b33de-b770-4b0e-bd94-babf652a0704,18.9,Low,0.463,repeated_issue,Repeated issue at this location
46888dab-b407-4528-9d76-40eb2bd96486,18.9,Low,0.465,repeated_issue,Repeated issue at this location
a4a43033-febe-41a9-bbdd-2cfc86099aef,18.9,Low,0.463,repeated_issue,Repeated issue at this location
9b7123f6-8720-4828-b7e3-5bbf68a2a78b,18.9,Low,0.464,repeated_issue,Repeated issue at this location
ef2570d4-44d4-3f78-f1f0-6c23a57fb96b,18.8,Low,0.25,repeated_issue,Repeated issue at this location
68542466-9525-4a7a-bad1-384981867a1a,18.8,Low,0.459,repeated_issue,Repeated issue at this location
aac4f5a4-d8d3-4cc8-9292-e01278f8efc2,18.8,Low,0.459,repeated_issue,Repeated issue at this location
3ab4faa5-abf5-31b8-fdbf-8ffb543cdbb0,18.8,Low,0.25,repeated_issue,Repeated issue at this location
4536fcf1-5efd-28ec-bb95-8f03c474f0e8,18.8,Low,0.25,repeated_issue,Repeated issue at this location
f81606ff-f03d-4d5c-b8fb-6c0f5b46f70d,18.8,Low,0.457,repeated_issue,Repeated issue at this location
fb578592-2baf-dd51-b8b9-02d1693c76bf,18.8,Low,0.25,repeated_issue,Repeated issue at this location
a448afd9-369a-e509-9010-7734cf53c877,18.8,Low,0.25,repeated_issue,Repeated issue at this location
e4dde419-3a46-4d6e-b263-48266ba1c497,18.8,Low,0.458,repeated_issue,Repeated issue at this location
0e43b079-2dcd-cc2e-a59b-231a4d09d320,18.8,Low,0.25,repeated_issue,Repeated issue at this location
1d6c1d1e-c163-a3ed-f124-0be3e1ea6a82,18.8,Low,0.25,repeated_issue,Repeated issue at this location
fddbbd18-5181-bc01-0b33-12744b53888e,18.8,Low,0.25,repeated_issue,Repeated issue at this location
75f6b923-fe2b-029a-a4f5-44f679a75045,18.8,Low,0.25,repeated_issue,Repeated issue at this location
bef235f1-9a2e-a1e0-0eb4-8e61181e8a58,18.8,Low,0.25,repeated_issue,Repeated issue at this location
57812506-96c7-7960-deb3-8f03aed7e43a,18.8,Low,0.25,repeated_issue,Repeated issue at this location
97349eec-eeab-59cb-1c58-c48d49f27bb3,18.8,Low,0.25,repeated_issue,Repeated issue at this location
b519061a-2bff-2978-51a8-7017cdadf313,18.8,Low,0.25,repeated_issue,Repeated issue at this location
1253875a-f6c4-4ed0-92d1-c3e6e7a4dabb,18.7,Low,0.136,repeated_issue,Repeated issue at this location
fb30b031-d325-23a7-1bee-a92b3483fb9e,18.7,Low,0.453,repeated_issue,Repeated issue at this location
cc8dabc0-557f-445d-9bf0-6297ded41835,18.7,Low,0.676,repeated_issue,Repeated issue at this location
adf1259b-d291-fb77-ec80-a0ac71781819,18.7,Low,0.453,repeated_issue,Repeated issue at this location
441c340c-01f0-bc40-79bb-5f4ae5242cfc,18.7,Low,0.453,repeated_issue,Repeated issue at this location
73e91292-d62f-e4de-8f61-4991e760bf42,18.7,Low,0.453,repeated_issue,Repeated issue at this location
32cb1ee0-419b-40de-aef5-b94e94f94f20,18.7,Low,0.449,repeated_issue,Repeated issue at this location
b5a9d8e5-7aff-3007-8a07-0cae008936bb,18.7,Low,0.453,repeated_issue,Repeated issue at this location
44d8d40e-1945-d69f-fba6-b0836b9d2ac8,18.7,Low,0.453,repeated_issue,Repeated issue at this location
7f308902-292b-d2d1-bb4b-76c5bf00aa54,18.7,Low,0.453,repeated_issue,Repeated issue at this location
bd43c120-eb3a-4a87-b4b5-0d005353802b,18.7,Low,0.449,repeated_issue,Repeated issue at this location
da4b522e-88ea-8369-3cab-234db640ae87,18.7,Low,0.453,repeated_issue,Repeated issue at this location
b82b0ffd-2e21-2699-d0b5-28465ae7b470,18.7,Low,0.453,repeated_issue,Repeated issue at this location
949e7e59-6b77-4b9a-8372-85cdc319db87,18.6,Low,0.446,repeated_issue,Repeated issue at this location
ae4a555c-71ae-f1ba-a3bd-db1cdd0c8f6a,18.3,Low,0.43,repeated_issue,Repeated issue at this location
c7648a8a-650a-798f-c536-b41de048c7dd,18.3,Low,0.43,repeated_issue,Repeated issue at this location
f4273f95-362a-d869-093c-d42cd4d9de4f,18.3,Low,0.43,repeated_issue,Repeated issue at this location
3f10393c-cd77-74ab-4261-2a3eeafd8217,18.3,Low,0.43,repeated_issue,Repeated issue at this location
668fbf0a-6179-f053-0294-57280ffe5cb5,18.3,Low,0.43,repeated_issue,Repeated issue at this location
0724df23-fa13-e288-2a8f-17e148ea51fb,18.3,Low,0.43,repeated_issue,Repeated issue at this location
ae224d05-9645-7216-1523-43113a40dbbe,18.3,Low,0.43,repeated_issue,Repeated issue at this location
0403bcc2-8ef7-44ec-1da3-00dd82ed1fab,18.3,Low,0.43,repeated_issue,Repeated issue at this location
651e134c-2a52-efdf-1276-13543df66fd4,18.3,Low,0.43,repeated_issue,Repeated issue at this location
f064a275-3ae8-940a-4616-4aa677a8a5d6,18.3,Low,0.43,repeated_issue,Repeated issue at this location
e8ed3a95-48e4-c823-b90e-b0e406766bf4,18.3,Low,0.43,repeated_issue,Repeated issue at this location
aa5246b5-42ec-df14-577c-9ae981cb4ff6,18.3,Low,0.43,repeated_issue,Repeated issue at this location
902b2478-df95-2995-4a94-9c6a45f500f7,18.3,Low,0.43,repeated_issue,Repeated issue at this location
7a60f3ab-01f4-e9dd-3fca-c31a408f63c7,18.3,Low,0.43,repeated_issue,Repeated issue at this location
476bdbe3-9fee-cfc9-eb42-8aa89f0d0bc7,18.3,Low,0.43,repeated_issue,Repeated issue at this location
4679e1a8-24a3-c557-b0a7-8eca63fda0e3,18.3,Low,0.43,repeated_issue,Repeated issue at this location
c17b5ee9-a510-1ded-1ae6-b1fcb3925cc9,18.3,Low,0.43,repeated_issue,Repeated issue at this location
44d079ab-8347-7a60-ed11-b5967b8d489a,18.3,Low,0.43,repeated_issue,Repeated issue at this location
f150df87-1be6-8900-b126-dcf57a1ab2ca,18.3,Low,0.43,repeated_issue,Repeated issue at this location
235d7e98-6c9b-f842-7ba7-65747ae09ffb,18.3,Low,0.43,repeated_issue,Repeated issue at this location
066cfbbc-b43a-c487-b9ca-a3e19c3bd308,18.3,Low,0.43,repeated_issue,Repeated issue at this location
fa5cda43-b643-29b8-8e7b-2cdf427a67e3,18.3,Low,0.43,repeated_issue,Repeated issue at this location
51a08f03-4b9b-dfb9-3ae7-c2c2303ce8cb,18.3,Low,0.43,repeated_issue,Repeated issue at this location
ce172fc4-b6aa-abc1-33eb-59ce80c099dc,18.3,Low,0.43,repeated_issue,Repeated issue at this location
c089c97d-947e-84d4-0423-5f96dcc71710,18.3,Low,0.43,repeated_issue,Repeated issue at this location
95bd678b-7846-3fea-8884-204e2297bcf4,18.3,Low,0.43,repeated_issue,Repeated issue at this location
8bbc5f47-0b85-27d2-d660-bb4bbeb005ec,18.3,Low,0.43,repeated_issue,Repeated issue at this location
91d05d3e-89f1-081d-20d7-8bfa97aec383,18.3,Low,0.43,repeated_issue,Repeated issue at this location
05943b5e-03d4-8c35-5d07-33ae79c63f78,18.3,Low,0.43,repeated_issue,Repeated issue at this location
e32442d6-f18e-d1f1-0836-7a155cd787a3,18.3,Low,0.43,repeated_issue,Repeated issue at this location
b9539b9e-c5ea-9083-29af-3d8fd832a9f4,18.3,Low,0.43,repeated_issue,Repeated issue at this location
0076e2fd-ff3a-a068-9a6d-58472f2045c0,18.3,Low,0.43,repeated_issue,Repeated issue at this location
477b8b5e-44bc-cf7f-3f3c-e1d676d8b3f2,18.3,Low,0.43,repeated_issue,Repeated issue at this location
ce727e74-0aff-2cd2-a13a-73c3371f8b52,18.3,Low,0.43,repeated_issue,Repeated issue at this location
90d9ad72-b61d-cc56-b875-9ab68aa1bb46,18.3,Low,0.43,repeated_issue,Repeated issue at this location
4e7b7a17-bb04-272c-49c0-ba63889992ce,18.3,Low,0.43,repeated_issue,Repeated issue at this location
fa7d7055-c9d0-ff03-059c-9735424dc6bd,18.3,Low,0.43,repeated_issue,Repeated issue at this location
389711c4-a25b-9e60-494e-916051640061,18.3,Low,0.43,repeated_issue,Repeated issue at this location
97eb9168-61dc-8e8c-d494-8eee5d4011d9,18.3,Low,0.43,repeated_issue,Repeated issue at this location
1dd2c106-4258-400a-1a32-7d97685a4147,18.2,Low,0.149,repeated_issue,Repeated issue at this location
326e574d-22b2-1849-ac5c-b2677b7cf820,18.2,Low,0.149,repeated_issue,Repeated issue at this location
92f2ed4a-b852-4e6b-4bb3-497b0a50ef0d,18.0,Low,0.225,repeated_issue,Repeated issue at this location
c3dcca55-b6b6-d12c-4b0c-e07a1ccdd1ef,18.0,Low,0.225,repeated_issue,Repeated issue at this location
83cb1e0e-e87b-ef82-d677-edb30f541e33,18.0,Low,0.225,repeated_issue,Repeated issue at this location
356c677e-db70-f33b-f02f-ce37c899ca6e,18.0,Low,0.225,repeated_issue,Repeated issue at this location
b347e660-2ad1-0ea5-d0cd-f352f7a075d2,18.0,Low,0.225,repeated_issue,Repeated issue at this location
576979ef-7d9e-dc4a-e304-e55db3134e9c,18.0,Low,0.225,repeated_issue,Repeated issue at this location
91b192c9-411f-105d-d6ec-927d7c2dee6b,18.0,Low,0.225,repeated_issue,Repeated issue at this location
5da92ddf-bf0f-b6b3-1723-91cc27df4de4,18.0,Low,0.225,repeated_issue,Repeated issue at this location
170bf74f-28d9-a03a-4e83-cd00440d2111,17.9,Low,0.401,repeated_issue,Repeated issue at this location
77ba3295-631e-26cd-3785-48da40448148,17.9,Low,0.401,repeated_issue,Repeated issue at this location
4178cce0-302c-c26e-34ef-5f46a77abc1a,17.9,Low,0.12,repeated_issue,Repeated issue at this location
a719dcef-1785-485c-64ae-61d1a0ff249b,17.9,Low,0.401,repeated_issue,Repeated issue at this location
de1d21af-d109-809c-3d33-14b4fded184e,17.9,Low,0.401,repeated_issue,Repeated issue at this location
beb4698e-dd6c-2ed1-0fb3-6ce50bba12db,17.9,Low,0.401,repeated_issue,Repeated issue at this location
b6178ef3-4c72-e931-f379-1822fc371017,17.9,Low,0.401,repeated_issue,Repeated issue at this location
d7e7be03-0135-651d-000d-837d6b3fa476,17.9,Low,0.401,repeated_issue,Repeated issue at this location
5e0ecf89-2b66-8ad0-7146-430737109586,17.9,Low,0.401,repeated_issue,Repeated issue at this location
ca550b88-899a-0e4f-ae42-fdab678d02ff,17.9,Low,0.401,repeated_issue,Repeated issue at this location
e75be53b-546d-2a9e-7f23-8f298c88ad5c,17.9,Low,0.401,repeated_issue,Repeated issue at this location
358e878a-d9f2-cb1c-06a6-cbe99a7af07c,17.9,Low,0.12,repeated_issue,Repeated issue at this location
e6b169cb-f485-f929-0c10-3390d853cdef,17.9,Low,0.401,repeated_issue,Repeated issue at this location
333b6033-e488-dae1-4c12-638c961cb2fa,17.9,Low,0.401,repeated_issue,Repeated issue at this location
d6aef305-a43f-390c-0a4e-948a5bcbaf5d,17.9,Low,0.401,repeated_issue,Repeated issue at this location
e1b17952-5bbe-3339-31a2-20244c2c0f99,17.9,Low,0.401,repeated_issue,Repeated issue at this location
9f4f582e-815e-fc9e-9c2b-1ec7aab9b567,17.9,Low,0.401,repeated_issue,Repeated issue at this location
ea5bad9b-b2b8-ec88-b92d-0e7b1a618a6e,17.9,Low,0.401,repeated_issue,Repeated issue at this location
5c308b09-2750-c596-2408-e88621129da4,17.9,Low,0.401,repeated_issue,Repeated issue at this location
4133b508-ad94-d651-c631-effeae31b33d,17.9,Low,0.401,repeated_issue,Repeated issue at this location
2764d230-6756-458e-51f3-c2c97e551db0,17.9,Low,0.401,repeated_issue,Repeated issue at this location
2d0426ce-4364-67e9-68d1-143468bc86b1,17.9,Low,0.401,repeated_issue,Repeated issue at this location
4e4b885f-7557-9cf8-c749-6b24d2c0b86b,17.9,Low,0.401,repeated_issue,Repeated issue at this location
145d4767-32c5-5c11-a36b-154c53174cac,17.9,Low,0.401,repeated_issue,Repeated issue at this location
3a1a56fb-b17e-4ff6-96dc-19b7cb2d6331,17.9,Low,0.401,repeated_issue,Repeated issue at this location
272f0d92-688b-090a-9859-a3de84de0135,17.9,Low,0.401,repeated_issue,Repeated issue at this location
5a4e7d25-05b9-6a79-7ddc-7b359e089390,17.9,Low,0.401,repeated_issue,Repeated issue at this location
5d341a5d-b7e7-4e8d-97fb-bf57a2426652,17.6,Low,0.388,repeated_issue,Repeated issue at this location
dc7afc7b-d90e-4653-bc2a-9c1262ca0c1a,17.6,Low,0.387,repeated_issue,Repeated issue at this location
88d0ee33-24c8-7df3-99f7-e0ebe4944d5a,17.5,Low,0.378,repeated_issue,Repeated issue at this location
5a806119-bcc5-dd17-0b34-2c6d43730967,17.5,Low,0.378,repeated_issue,Repeated issue at this location
1f565fcf-6704-cd24-9d04-ce41596e686b,17.5,Low,0.378,repeated_issue,Repeated issue at this location
981845c3-de7f-01af-fbd2-1d8f8eaaaf12,17.5,Low,0.378,repeated_issue,Repeated issue at this location
1a7d2c07-ed92-50de-9fd4-a47975486039,17.5,Low,0.378,repeated_issue,Repeated issue at this location
d1e7f60a-9d05-726a-a8b0-538f18fede55,17.5,Low,0.378,repeated_issue,Repeated issue at this location
7545e4b6-686a-973a-8b96-a070810bcf6c,17.5,Low,0.378,repeated_issue,Repeated issue at this location
5ad350b1-43d9-ac0f-dd39-728313359724,17.5,Low,0.378,repeated_issue,Repeated issue at this location
2008a447-537c-97dd-76c3-728d01af7ce0,17.5,Low,0.378,repeated_issue,Repeated issue at this location
2935d7db-7d58-825a-bfec-a0b93ff63808,17.5,Low,0.378,repeated_issue,Repeated issue at this location
fd823c3e-804b-7a88-c6b4-51593d82b7b0,17.5,Low,0.378,repeated_issue,Repeated issue at this location
2c7741ed-97b5-0165-0f07-2e10816d9a48,17.5,Low,0.378,repeated_issue,Repeated issue at this location
4a7cba5b-f7b2-5372-cd73-0e5495f0a9b6,17.5,Low,0.378,repeated_issue,Repeated issue at this location
badc7044-7f80-d9df-7839-fa0827ce90fc,17.5,Low,0.378,repeated_issue,Repeated issue at this location
e91ac47d-4cbe-de7c-f430-80c2266996ea,17.5,Low,0.378,repeated_issue,Repeated issue at this location
a9138e2c-ea04-8bab-0d93-2eb03f39b99f,17.5,Low,0.378,repeated_issue,Repeated issue at this location
10a7e9c6-a89d-2ded-8da9-bfd9677184fd,17.5,Low,0.378,repeated_issue,Repeated issue at this location
8c637cf9-d7b1-4183-4b29-eb5d08c1eaca,17.5,Low,0.378,repeated_issue,Repeated issue at this location
633c9c62-52a8-6252-ebe4-e07c4157da6e,17.5,Low,0.378,repeated_issue,Repeated issue at this location
1297c3c4-025b-4f26-c633-718fc36ed0ee,17.4,Low,0.202,repeated_issue,Repeated issue at this location
b558cf98-8867-7e04-f928-35170d57165f,17.2,Low,0.36,repeated_issue,Repeated issue at this location
09f891e4-800a-9466-9d6d-901b91280d4b,17.2,Low,0.36,repeated_issue,Repeated issue at this location
bf4a8b4c-b0db-1345-9092-67061e46a1ab,17.2,Low,0.36,repeated_issue,Repeated issue at this location
484162ef-a628-3ed5-b066-49a041d48726,17.2,Low,0.36,repeated_issue,Repeated issue at this location
becea167-181c-ea20-98a5-e457e3fc2077,17.2,Low,0.36,repeated_issue,Repeated issue at this location
8c8d2825-6b75-cb1c-1b01-99a5cc58e3b6,17.2,Low,0.36,repeated_issue,Repeated issue at this location
99709500-2777-735a-b86f-11644a31d6b3,17.2,Low,0.36,repeated_issue,Repeated issue at this location
6af2a08f-b861-2815-6c81-3e37eb606bd7,17.2,Low,0.36,repeated_issue,Repeated issue at this location
6985c2d7-c75e-0aa7-fdba-4e611259d164,17.2,Low,0.36,repeated_issue,Repeated issue at this location
22d47b77-1bc2-30a2-8c9d-79b6a8fa7adb,17.2,Low,0.36,repeated_issue,Repeated issue at this location
5faf0ee5-1b3e-2151-d131-ee42ecb6ab7b,17.2,Low,0.36,repeated_issue,Repeated issue at this location
badb3cb0-39fe-9836-946b-e258a03bbf6a,17.2,Low,0.36,repeated_issue,Repeated issue at this location
40b92aa1-6736-3e4f-b6d7-6d7e200a4263,17.2,Low,0.36,repeated_issue,Repeated issue at this location
42672831-9a59-a059-dc72-3c065189a994,17.2,Low,0.36,repeated_issue,Repeated issue at this location
2c519828-7cf5-d70d-4cb1-52e00a8334cc,17.2,Low,0.36,repeated_issue,Repeated issue at this location
2d3ab790-25d2-0d83-666a-ee73e9ea2cb9,17.2,Low,0.36,repeated_issue,Repeated issue at this location
f40e33ee-142d-488a-db13-058960c1e4af,17.2,Low,0.568,,
86d13ed1-e5d1-ddae-17c2-f840db540052,17.2,Low,0.36,repeated_issue,Repeated issue at this location
8474a0ad-d852-096f-e93b-550654ed63ee,17.2,Low,0.36,repeated_issue,Repeated issue at this location
f68ef872-15fe-196e-0870-d005777d5740,17.2,Low,0.36,repeated_issue,Repeated issue at this location
5fb582ea-e39e-7894-bad2-0690b24e5372,17.2,Low,0.36,repeated_issue,Repeated issue at this location
8a767531-6242-8f65-d47b-13865f23a709,17.2,Low,0.36,repeated_issue,Repeated issue at this location
bd5b38ff-32d9-4213-b0a7-c9fb8fbbbdc2,17.1,Low,0.352,repeated_issue,Repeated issue at this location
e7cfc06b-7da6-4d99-969d-c03e52298b47,17.0,Low,0.35,repeated_issue,Repeated issue at this location
8a38d58b-7f4d-4e91-a87b-017f2c0084a3,16.9,Low,0.12,repeated_issue,Repeated issue at this location
14f23ec9-b24c-6439-37b3-f63e288a2e83,16.9,Low,0.12,repeated_issue,Repeated issue at this location
04e35aca-0eb1-f869-0612-b0f9095d955a,16.9,Low,0.12,repeated_issue,Repeated issue at this location
ea46b250-7c89-56bc-6da1-73cddb149d51,16.9,Low,0.344,repeated_issue,Repeated issue at this location
3bc479ca-6d81-09b6-6ecb-30ec2cf68781,16.9,Low,0.344,repeated_issue,Repeated issue at this location
0ccf2132-aaa6-a3d2-640d-87700fd8d69c,16.9,Low,0.344,repeated_issue,Repeated issue at this location
41b155ae-0f70-9866-7ebd-1596f05e95c4,16.9,Low,0.344,repeated_issue,Repeated issue at this location
16824e25-1f75-89a0-9bc8-1d0749eccfa8,16.9,Low,0.344,repeated_issue,Repeated issue at this location
41d3cf70-f318-b786-4010-902e3fd05280,16.9,Low,0.344,repeated_issue,Repeated issue at this location
8e402122-6b6b-6fc7-cace-ed00f0853c59,16.9,Low,0.344,repeated_issue,Repeated issue at this location
61d44faa-d7f1-67a8-b8fe-8dda77dcc66c,16.9,Low,0.344,repeated_issue,Repeated issue at this location
fb2a8321-828e-f0b6-2f8e-4edc9a9f8bc0,16.9,Low,0.344,repeated_issue,Repeated issue at this location
645aeafa-c16f-4cfc-0e99-6cf755a10311,16.9,Low,0.344,repeated_issue,Repeated issue at this location
d5031f98-f842-6fdf-1a2c-2c56422aad19,16.9,Low,0.12,repeated_issue,Repeated issue at this location
509bb2c0-5ae3-facc-e3a2-d883e7bc3899,16.9,Low,0.12,repeated_issue,Repeated issue at this location
8e13a3cb-24ca-2eab-a37c-d0550bcd342a,16.9,Low,0.12,repeated_issue,Repeated issue at this location
95f8cf49-fc82-79cb-a2e0-c4fb2da6992f,16.9,Low,0.12,repeated_issue,Repeated issue at this location
67c6eb85-b7d3-687e-b269-33e78554a2fe,16.9,Low,0.12,repeated_issue,Repeated issue at this location
117f9f22-b73f-e9dd-8f22-c26ca7f4570d,16.9,Low,0.344,repeated_issue,Repeated issue at this location
37b44064-8cea-80be-279a-6cf16d20c97c,16.9,Low,0.12,repeated_issue,Repeated issue at this location
09c5b0a5-24b7-28fb-288c-8469809c38fe,16.9,Low,0.344,repeated_issue,Repeated issue at this location
54541597-831f-7957-88dd-62cedd74b747,16.9,Low,0.344,repeated_issue,Repeated issue at this location
473cffe2-6679-00f5-c199-450fca59dda6,16.9,Low,0.12,repeated_issue,Repeated issue at this location
b6d17344-d2da-e8d7-812e-f76c7a390e58,16.9,Low,0.344,repeated_issue,Repeated issue at this location
33131087-1090-40d4-9806-6c96010d12a8,16.8,Low,0.338,repeated_issue,Repeated issue at this location
37c4d587-a13a-a523-828b-8c1c3f47c6e5,16.6,Low,0.322,repeated_issue,Repeated issue at this location
62d4d454-72a1-4a9c-bf74-5e76d38d73a1,16.6,Low,0.322,repeated_issue,Repeated issue at this location
df177e35-34fa-282b-99e3-d357ab89c159,16.6,Low,0.322,repeated_issue,Repeated issue at this location
752c8d81-bc98-42db-d215-788d17dba6eb,16.6,Low,0.322,repeated_issue,Repeated issue at this location
7db38434-5d5c-80cd-e524-00e52d3546e6,16.6,Low,0.322,repeated_issue,Repeated issue at this location
5a925b9c-d1f8-0566-47d4-8ed4dd46dbb8,16.6,Low,0.322,repeated_issue,Repeated issue at this location
2e931b7a-d306-ca07-b025-a6de8424a0ef,16.6,Low,0.322,repeated_issue,Repeated issue at this location
50c923c5-a984-3119-6443-cfa0e8805482,16.6,Low,0.322,repeated_issue,Repeated issue at this location
cb8c9894-64d9-69dd-3677-6f430d882b79,16.6,Low,0.322,repeated_issue,Repeated issue at this location
ad41337b-a0e9-0cf0-1699-b242bd846869,16.6,Low,0.322,repeated_issue,Repeated issue at this location
070592e9-2623-5baa-060d-4ec50c858f8a,16.6,Low,0.322,repeated_issue,Repeated issue at this location
97309cb0-0ca8-b857-156e-e16a7dc4efd2,16.6,Low,0.322,repeated_issue,Repeated issue at this location
66204206-a7b6-515d-6da6-70b6ff4e2312,16.6,Low,0.322,repeated_issue,Repeated issue at this location
807d886e-74a3-8db1-e062-0491b7e0026f,16.6,Low,0.322,repeated_issue,Repeated issue at this location
e54040bc-7aed-d0df-3aa7-bed6b9f9f947,16.6,Low,0.322,repeated_issue,Repeated issue at this location
524eeb41-a60a-79da-43ac-8bc88c3c896d,16.6,Low,0.322,repeated_issue,Repeated issue at this location
29997340-f115-502b-0d6c-7637b887e4dc,16.6,Low,0.322,repeated_issue,Repeated issue at this location
8d934583-ba12-2b81-3728-458a50b91869,16.6,Low,0.322,repeated_issue,Repeated issue at this location
14d0b195-1ffe-975f-40ea-5fe1145df246,16.6,Low,0.322,repeated_issue,Repeated issue at this location
08f019f5-aa34-6393-259c-8e382deecf44,16.6,Low,0.322,repeated_issue,Repeated issue at this location
5ffb0b10-ca2c-0d93-3b99-c455861c885c,16.6,Low,0.322,repeated_issue,Repeated issue at this location
d87fb98a-2c29-3aa7-b73f-6e66c6816daa,16.6,Low,0.177,repeated_issue,Repeated issue at this location
252031ca-0ef5-8c6b-d2ff-1a00ca847936,16.6,Low,0.322,repeated_issue,Repeated issue at this location
45bc3de8-d595-eb4e-1cbd-037ad2fb587f,16.6,Low,0.322,repeated_issue,Repeated issue at this location
710e45cb-8cc5-3423-494f-45d44e23a495,16.6,Low,0.177,repeated_issue,Repeated issue at this location
ed012943-19b6-b729-4180-d633c01ca969,16.6,Low,0.322,repeated_issue,Repeated issue at this location
4026b298-7f62-e4e3-37ad-3520e342d500,16.6,Low,0.322,repeated_issue,Repeated issue at this location
6e0ed47c-6053-4a00-c050-db6f98c3d292,16.6,Low,0.322,repeated_issue,Repeated issue at this location
5a2444ea-07e6-ed92-4e88-8ce8c301eabb,16.6,Low,0.322,repeated_issue,Repeated issue at this location
d30b22b5-0ac7-75a6-e420-6b0a5b9f5fcd,16.6,Low,0.322,repeated_issue,Repeated issue at this location
c757d6be-997f-f232-b648-4a9b0ba03a7c,16.6,Low,0.322,repeated_issue,Repeated issue at this location
e81e2e0c-2011-bd98-1c48-b355cc939fd1,16.6,Low,0.322,repeated_issue,Repeated issue at this location
8940a72b-e97b-c430-fe80-dd5f703d2b2c,16.6,Low,0.322,repeated_issue,Repeated issue at this location
c213fe10-5678-4492-a4c9-be13015463c6,16.3,Low,0.306,repeated_issue,Repeated issue at this location
e71f6cdc-2ec5-44e4-bed4-87a615cec1e9,16.3,Low,0.306,repeated_issue,Repeated issue at this location
ef1e06ce-5ac7-4ad8-a668-f0ebffab0a86,16.3,Low,0.989,,
b518acf6-04cd-4e30-90bb-ae78d57b50a0,16.3,Low,0.462,repeated_issue,Repeated issue at this location
a038450b-915e-4336-ab94-04b54c883858,16.3,Low,0.461,repeated_issue,Repeated issue at this location
e7593d52-e92f-42a7-99c4-947533f6baeb,16.2,Low,0.447,repeated_issue,Repeated issue at this location
3d26fc71-98fb-4052-a26c-40e7b044d63b,16.2,Low,0.984,,
084a0c36-2582-40e3-8475-6aba20bc16fc,16.2,Low,0.981,,
ca95c03f-1dae-5565-d8ef-6fd6180b77ce,16.1,Low,0.292,repeated_issue,Repeated issue at this location
cd9d1309-4a43-4af2-85c7-a8f6aa98cc45,16.1,Low,0.976,,
84508b32-6d5e-64fe-b469-9bdf32f62409,16.1,Low,0.292,repeated_issue,Repeated issue at this location
5c0cde5c-e20b-40e4-8cb8-3d20e69f2841,16.1,Low,0.973,,
d536308a-d7cc-4c83-a9d6-e86527a6682e,16.1,Low,0.292,repeated_issue,Repeated issue at this location
bdf35e69-d40f-6c19-56d0-04ddde233c19,16.1,Low,0.292,repeated_issue,Repeated issue at this location
4d5a5dd0-3caf-e73c-3a12-2397611a6c6e,16.1,Low,0.292,repeated_issue,Repeated issue at this location
4c4f2a1e-7fa7-ea18-0f2d-add3bb9fccac,16.1,Low,0.292,repeated_issue,Repeated issue at this location
a83295bf-61fa-e0b1-ea7c-e02e56fa6d9b,16.1,Low,0.292,repeated_issue,Repeated issue at this location
00aef037-ca9a-488a-86a1-c7605be66701,16.1,Low,0.292,repeated_issue,Repeated issue at this location
992714f0-c404-f19c-c055-3df3913fe345,16.1,Low,0.292,repeated_issue,Repeated issue at this location
1c437840-4910-cc17-b362-8b03ad9d3196,16.1,Low,0.292,repeated_issue,Repeated issue at this location
feabad01-7299-601b-b0da-efa518fe2dd3,16.1,Low,0.292,repeated_issue,Repeated issue at this location
6f8c20ff-35c0-c965-ce46-52a00b5644ca,16.1,Low,0.292,repeated_issue,Repeated issue at this location
9a513701-4c62-424e-9aa7-c38eff6c017b,16.1,Low,0.292,repeated_issue,Repeated issue at this location
89cf9415-cb4b-a9d1-bb61-ecb5e2aaa387,16.1,Low,0.292,repeated_issue,Repeated issue at this location
0df78abe-895d-6b2d-2c0e-d08c2cc09528,16.1,Low,0.292,repeated_issue,Repeated issue at this location
4d3d7725-09ab-e4fa-d5ae-3ec2f9008155,16.1,Low,0.292,repeated_issue,Repeated issue at this location
3ed32b48-c463-50fb-814c-3de0afc29a2e,16.1,Low,0.292,repeated_issue,Repeated issue at this location
554ce09f-109a-ffdd-cdb7-69fa72f2f483,16.1,Low,0.292,repeated_issue,Repeated issue at this location
06424d86-1df8-0db3-8464-939cc3dfdb1c,16.1,Low,0.292,repeated_issue,Repeated issue at this location
fb1f6a8e-4b6d-2eb3-ed71-10704003ca93,16.1,Low,0.292,repeated_issue,Repeated issue at this location
392a0c6e-211c-42ad-e5fa-a33537d5df26,16.1,Low,0.292,repeated_issue,Repeated issue at this location
fe8f1d7d-eb10-411e-9658-5287792fd4fe,16.0,Low,0.968,,
3e24dc37-f8e6-4813-8301-873c8f0cba33,16.0,Low,0.97,,
513b0a80-8b3f-6e60-d948-878480a5051a,15.8,Low,0.521,,
7a84dc8b-7e56-4002-b996-5d8ebf44054f,15.8,Low,0.955,,
99777063-a06d-ca59-ae18-c19e61fd5219,15.8,Low,0.521,,
72f6c638-6f52-cada-9b0e-04aef9433883,15.8,Low,0.149,repeated_issue,Repeated issue at this location
e9700c8e-553c-4ec3-0fee-24bcd992e599,15.7,Low,0.272,repeated_issue,Repeated issue at this location
c54e7167-c417-43db-6d97-e6f62797743d,15.7,Low,0.272,repeated_issue,Repeated issue at this location
2174b8b1-3e92-f759-bd00-afaa660091bd,15.7,Low,0.272,repeated_issue,Repeated issue at this location
d3d079a0-12a0-14db-7072-c46c8321953d,15.7,Low,0.272,repeated_issue,Repeated issue at this location
39303148-fb33-05ae-a87c-0e4f44503f2e,15.7,Low,0.272,repeated_issue,Repeated issue at this location
34da8673-bdcf-9b98-1ca2-9f2896b7f74f,15.7,Low,0.272,repeated_issue,Repeated issue at this location
63f97aaf-b20e-8b0a-5d96-7a6350f33a27,15.7,Low,0.272,repeated_issue,Repeated issue at this location
a6ee1147-a3cb-5e19-004b-15055ccb08ce,15.7,Low,0.272,repeated_issue,Repeated issue at this location
f8644a82-b623-fa56-b619-4fc6e2ac5a1c,15.7,Low,0.272,repeated_issue,Repeated issue at this location
cc7736c0-bc35-388d-a03b-af0e444a9570,15.7,Low,0.272,repeated_issue,Repeated issue at this location
067a756e-c2f3-dc7c-4197-e6492313dcd8,15.7,Low,0.272,repeated_issue,Repeated issue at this location
525c5c90-12dd-3ba9-ab53-cf84e532bec4,15.7,Low,0.272,repeated_issue,Repeated issue at this location
dee0cae2-cd15-c3db-131c-74eb0aaa95da,15.7,Low,0.272,repeated_issue,Repeated issue at this location
89e3ef14-fc95-bf03-5a85-798e197ed316,15.7,Low,0.272,repeated_issue,Repeated issue at this location
430d8e3d-cd0e-e4c7-650d-b4030914b6de,15.7,Low,0.272,repeated_issue,Repeated issue at this location
06b68349-389b-2128-2c42-ccd288dc9c55,15.7,Low,0.272,repeated_issue,Repeated issue at this location
f3c02af0-eb73-f73d-2fea-bfe940813ecb,15.7,Low,0.272,repeated_issue,Repeated issue at this location
10c1b27a-bfc6-9920-7298-f5e427cb51e0,15.7,Low,0.272,repeated_issue,Repeated issue at this location
d0bb547e-b1b5-627c-5559-53e6b377e3e4,15.7,Low,0.272,repeated_issue,Repeated issue at this location
ac597c1a-68f7-49a5-8760-11224712adb6,15.7,Low,0.95,,
45c8c911-2871-0e47-599e-c0d08ebbd28c,15.7,Low,0.272,repeated_issue,Repeated issue at this location
74a97d36-3046-4f66-924e-bbb4af23bdb6,15.6,Low,0.943,,
328c45b0-3fca-4e12-a210-b04df5c758e4,15.6,Low,0.945,,
c1a019ae-9535-418f-a544-5a76ab8b9f50,15.6,Low,0.943,,
154c14c7-590e-44b2-bae9-8cc1ec79bdac,15.5,Low,0.939,,
f3f9fb0f-bafa-4449-b1cc-708f927d4d18,15.5,Low,0.939,,
de899f7a-76a9-4f06-bf71-892c57ca7b22,15.5,Low,0.941,,
b9bd090d-cea5-4596-96a5-86bfeb94b132,15.5,Low,0.938,,
6689d353-c81c-120f-019c-b088c521dafb,15.4,Low,0.25,repeated_issue,Repeated issue at this location
b0f62c52-692f-b276-0bbd-50005572c3ef,15.4,Low,0.25,repeated_issue,Repeated issue at this location
b87825e2-0121-09f6-274d-8d5148be80f7,15.4,Low,0.25,repeated_issue,Repeated issue at this location
c7fbe84d-8e28-db31-8a39-da887d69982c,15.4,Low,0.25,repeated_issue,Repeated issue at this location
c817bd3e-161f-a005-b447-e0679be1418c,15.4,Low,0.25,repeated_issue,Repeated issue at this location
b3e1c5b7-dadf-5ebd-3b5e-8e9da2466dc7,15.4,Low,0.25,repeated_issue,Repeated issue at this location
610c6ef8-9e8e-ad7d-53c5-259a0e43c9cb,15.4,Low,0.25,repeated_issue,Repeated issue at this location
760c7838-d6cc-4adc-250b-62e58c4d778b,15.4,Low,0.25,repeated_issue,Repeated issue at this location
6071c6e8-f56c-00d1-94a1-f3a3de65dce0,15.4,Low,0.25,repeated_issue,Repeated issue at this location
be11261f-5493-9e7c-0155-16852657b8b9,15.4,Low,0.25,repeated_issue,Repeated issue at this location
2219302c-fd07-0f43-2d78-9271b8c38dae,15.4,Low,0.25,repeated_issue,Repeated issue at this location
38bca02b-7f1a-39a5-a2f8-619a1d6258e9,15.4,Low,0.25,repeated_issue,Repeated issue at this location
b4b7dc1d-1b9a-63b3-30cb-7aa3d300777f,15.4,Low,0.25,repeated_issue,Repeated issue at this location
6d63af98-5c89-9093-a7b6-d3cfe37dc9c7,15.4,Low,0.25,repeated_issue,Repeated issue at this location
27802b90-02f6-1a32-622f-cecb85f530af,15.4,Low,0.25,repeated_issue,Repeated issue at this location
8a25d154-e210-da76-4518-9865e5e371aa,15.4,Low,0.25,repeated_issue,Repeated issue at this location
cc629fcc-fb15-5872-b444-904e2646d3f3,15.4,Low,0.25,repeated_issue,Repeated issue at this location
e80fac36-7f85-ed6e-9b77-6ebc94fbad08,15.4,Low,0.25,repeated_issue,Repeated issue at this location
6f80f35f-b19a-21b3-8506-ce7c8bc05b65,15.4,Low,0.25,repeated_issue,Repeated issue at this location
3e853e5e-a856-aa19-34e3-dcb41b13f242,15.4,Low,0.25,repeated_issue,Repeated issue at this location
d081735b-45d5-6930-7ecc-9ba290d94909,15.4,Low,0.25,repeated_issue,Repeated issue at this location
63b7cc7b-7577-a332-84d8-3363422b089a,15.4,Low,0.25,repeated_issue,Repeated issue at this location
482b850c-7344-192d-6f61-7c2f30322ece,15.4,Low,0.25,repeated_issue,Repeated issue at this location
f4307019-60f3-9ada-2acd-8969db2d48ae,15.4,Low,0.25,repeated_issue,Repeated issue at this location
5f9e416d-811a-4ecf-1b31-737be7ceb3a4,15.4,Low,0.25,repeated_issue,Repeated issue at this location
09781585-3e29-b7f6-d8df-192b30112013,15.4,Low,0.25,repeated_issue,Repeated issue at this location
a92341f2-7949-9d9a-059c-7ec91da5f73f,15.4,Low,0.25,repeated_issue,Repeated issue at this location
e2680a24-cf4d-bfe8-610c-72cf8f84dbc5,15.4,Low,0.25,repeated_issue,Repeated issue at this location
0c36c099-242f-4649-b3a0-3a16774d674f,15.3,Low,0.929,,
2d713c73-7e76-4895-a544-5c78e46173fb,15.3,Low,0.926,,
846c9340-23b3-47a4-8a54-5953b41f2f7a,15.3,Low,0.93,,
3f4b31f7-20c0-4b8d-a196-07787b68fbfc,15.2,Low,0.924,,
f066b048-d1c1-461f-9f98-1db50a26d591,15.2,Low,0.92,,
062e0c15-1356-1a98-1fe6-dc0c4124900e,15.1,Low,0.918,,
409160f3-8c48-9b1d-923f-ea28f3d96126,15.1,Low,0.916,,
f35dc870-caea-dd38-9828-fb058532796a,15.1,Low,0.916,,
861f306f-1a6c-7c5a-06e9-08a42702b082,15.1,Low,0.918,,
4f685155-35d5-d247-2e3f-2f08f71e94a0,15.0,Low,0.225,repeated_issue,Repeated issue at this location
aaf86792-b98d-1597-72ca-01e51d266008,15.0,Low,0.225,repeated_issue,Repeated issue at this location
3abe357b-e656-064e-0536-bb86c08c657b,15.0,Low,0.225,repeated_issue,Repeated issue at this location
a6ec090b-d381-1f63-6f28-1bb81b6d0ec5,15.0,Low,0.225,repeated_issue,Repeated issue at this location
6ad64ebc-fb2d-1b48-26e8-7981913864c5,15.0,Low,0.225,repeated_issue,Repeated issue at this location
7c1aeccd-02d9-02b2-5f80-e0a8c995bbb4,15.0,Low,0.225,repeated_issue,Repeated issue at this location
6fa48ee2-ff5f-07e0-3dbc-f066854a6260,15.0,Low,0.225,repeated_issue,Repeated issue at this location
cca7e70a-48a3-002d-0e3f-d90608447fd9,15.0,Low,0.225,repeated_issue,Repeated issue at this location
e850b127-0860-cf3a-f986-b59dcb42fb37,15.0,Low,0.225,repeated_issue,Repeated issue at this location
75ff20a3-da1c-37f4-53e2-60d3fcaacc1a,15.0,Low,0.225,repeated_issue,Repeated issue at this location
c50579e1-6a2e-452e-a149-b4be524cb522,15.0,Low,0.909,,
788837e8-e58b-c0e7-3452-69b046dea975,15.0,Low,0.225,repeated_issue,Repeated issue at this location
8a802dd0-9027-63e1-ab3b-e98b9efd86b3,15.0,Low,0.225,repeated_issue,Repeated issue at this location
e4a24fa5-dd00-43f6-b93d-0f314865648a,15.0,Low,0.339,repeated_issue,Repeated issue at this location
480e1668-6e43-9dc4-959d-3963c3e3241d,15.0,Low,0.225,repeated_issue,Repeated issue at this location
a330ffc8-03fa-ec7c-b8c6-1afe0828d04b,15.0,Low,0.225,repeated_issue,Repeated issue at this location
bbd0d8a1-1699-e9ea-a6e1-beaeec60ee1a,15.0,Low,0.225,repeated_issue,Repeated issue at this location
e02ffcaf-5ebc-8c38-d6f8-b784d77ec015,15.0,Low,0.225,repeated_issue,Repeated issue at this location
1edfb329-5f3a-1274-ed2d-d13041a43352,15.0,Low,0.225,repeated_issue,Repeated issue at this location
f528254a-4243-9753-30de-8c8477c18006,15.0,Low,0.225,repeated_issue,Repeated issue at this location
7f70738b-24fd-3b01-e161-6ef52deb0381,15.0,Low,0.225,repeated_issue,Repeated issue at this location
2cea25f0-3677-3f84-58bd-03342209e0c5,15.0,Low,0.225,repeated_issue,Repeated issue at this location
cc255e0c-64bf-46b2-bb50-08ab25d1c967,15.0,Low,0.912,,
b63d6c63-ac9e-04e3-8068-387d8a2604ac,15.0,Low,0.225,repeated_issue,Repeated issue at this location
47460e2a-6de5-9f3c-e85d-26a87e88b9f9,15.0,Low,0.225,repeated_issue,Repeated issue at this location
0572540d-7d3d-cd44-9ef0-84a477a4859b,15.0,Low,0.225,repeated_issue,Repeated issue at this location
13ee6ea9-d5b3-fd62-c035-e9bb1d8e7fe6,15.0,Low,0.225,repeated_issue,Repeated issue at this location
5c70d500-7b97-fbbf-eb5e-989147ffad01,14.9,Low,0.12,repeated_issue,Repeated issue at this location
8ff9e815-22fc-4901-8096-cd2d0ae81176,14.9,Low,0.067,repeated_issue,Repeated issue at this location
b3826991-f8ec-6f00-00dd-fe4a11f6f050,14.9,Low,0.12,repeated_issue,Repeated issue at this location
fa75f127-bf00-d23b-5866-729079c50097,14.9,Low,0.12,repeated_issue,Repeated issue at this location
9c6e430f-4c40-78a6-78d8-801dc576521c,14.7,Low,0.487,,
6dd43e52-c5a9-77f4-c3f8-e4017d761789,14.7,Low,0.89,,
a6d9a817-9434-9ab9-78b4-9738e6e4a9f0,14.7,Low,0.487,,
ce0beafc-5f92-1f89-2d9c-c3b6c75f93ea,14.6,Low,0.202,repeated_issue,Repeated issue at this location
b1a7a150-9173-13da-7bc8-7d3dc0c61f8f,14.6,Low,0.202,repeated_issue,Repeated issue at this location
ea45107c-8117-e94f-238f-5a2a66b9f1ee,14.6,Low,0.202,repeated_issue,Repeated issue at this location
7d53352f-075e-2c36-a351-a7d8062b78bd,14.6,Low,0.202,repeated_issue,Repeated issue at this location
f2b54f8b-c76d-7368-a9f5-1819d1b2525d,14.6,Low,0.202,repeated_issue,Repeated issue at this location
1b25c9db-34f6-afc3-6665-ddafb484f8ef,14.6,Low,0.202,repeated_issue,Repeated issue at this location
6ce14ba3-0273-dec5-c6e8-ce50b7f82458,14.6,Low,0.202,repeated_issue,Repeated issue at this location
f878ae6d-c005-a23a-3984-6e38e2d10ed7,14.6,Low,0.202,repeated_issue,Repeated issue at this location
b76396af-a727-9d31-c000-1a46427976f9,14.6,Low,0.202,repeated_issue,Repeated issue at this location
f8afd35a-1ac4-d36b-eba9-ab802a840469,14.6,Low,0.202,repeated_issue,Repeated issue at this location
69c81b2b-edb9-f6b2-751a-223d282840df,14.6,Low,0.202,repeated_issue,Repeated issue at this location
20dd9eba-2697-f9a5-66fe-67bc7809db5a,14.6,Low,0.202,repeated_issue,Repeated issue at this location
bb4f516b-2c26-4e0d-c9bd-c532b30cffe5,14.6,Low,0.202,repeated_issue,Repeated issue at this location
3e94b85f-789e-6568-b2fa-09c6b9f029fc,14.6,Low,0.202,repeated_issue,Repeated issue at this location
2aaa84fc-cda7-95e1-9e7a-0036868a5b30,14.6,Low,0.202,repeated_issue,Repeated issue at this location
fe24cfe4-0753-749a-0039-82760b6ecc79,14.6,Low,0.202,repeated_issue,Repeated issue at this location
f710248c-036c-4414-8a8b-a05f7158d60b,14.6,Low,0.202,repeated_issue,Repeated issue at this location
75f53352-8d66-6e0b-5432-d0b1f5cdcf5d,14.6,Low,0.202,repeated_issue,Repeated issue at this location
a212b27f-92ed-857a-77b3-a26d9e0f652c,14.6,Low,0.202,repeated_issue,Repeated issue at this location
7381491b-7b44-3ead-7e55-a066248de0a0,14.6,Low,0.202,repeated_issue,Repeated issue at this location
fe135c45-2c5f-ff36-9116-8e946fbcdf6d,14.6,Low,0.202,repeated_issue,Repeated issue at this location
62af6e4b-83dc-31fe-466b-e27a73446760,14.6,Low,0.202,repeated_issue,Repeated issue at this location
b26170bd-87b4-e0c9-43a5-fe6145bfaf38,14.5,Low,0.882,,
1cae60e8-dbb2-ce52-79bd-f0bd7fd3b0e5,14.5,Low,0.882,,
2d04137c-1bbf-4263-b67e-e5d876b7df10,14.5,Low,0.877,,
9f9b8f73-6644-3bed-a6ea-6334e8b89337,14.5,Low,0.882,,
a63e7669-3fd6-4fdc-a961-ad40190c10fa,14.5,Low,0.876,,
f3d254a5-84be-aba0-e9f6-18960051c6e9,14.4,Low,0.067,repeated_issue,Repeated issue at this location
9cc03432-0168-846b-b8af-34f2e82c1304,14.4,Low,0.067,repeated_issue,Repeated issue at this location
563ac94b-7456-4248-8168-c966fdfc62e8,14.4,Low,0.876,,
f908e919-590a-1ae4-6f73-1ddc7b017800,14.4,Low,0.067,repeated_issue,Repeated issue at this location
49454c62-50e8-2d73-503b-70773180abbd,14.4,Low,0.067,repeated_issue,Repeated issue at this location
5b2cc5a3-5b3f-a619-2d5d-7fed31bd05eb,14.4,Low,0.067,repeated_issue,Repeated issue at this location
3e6e0a31-07cc-d3e1-2828-76327d86404f,14.4,Low,0.067,repeated_issue,Repeated issue at this location
335f863d-05ce-f6a9-bfd3-4569834cf6c6,14.4,Low,0.067,repeated_issue,Repeated issue at this location
ff484b1a-5e85-4d57-8f3d-8e514b8f76ac,14.4,Low,0.87,,
01f41bfa-c2f0-c2c6-f86a-f9b8cf2cc167,14.4,Low,0.067,repeated_issue,Repeated issue at this location
8ebfcd5d-e530-732b-7a4b-ea5cb5c43f71,14.3,Low,0.868,,
ddbe9afe-17ac-4cbf-aba7-3713ac3dcd53,14.3,Low,0.87,,
cf513d7d-2a03-f7be-f560-270f77ced0d2,14.3,Low,0.473,,
9e2d3ac5-79ba-434f-ac2a-77579bd93806,14.3,Low,0.868,,
a941c078-343e-4e81-6a4a-755cf6b1f454,14.2,Low,0.177,repeated_issue,Repeated issue at this location
593f2a1e-8225-5619-39ae-88e7f69cf0fa,14.2,Low,0.177,repeated_issue,Repeated issue at this location
1c7f0fd1-69b3-9974-9529-e09acef7dadf,14.2,Low,0.177,repeated_issue,Repeated issue at this location
7222a87d-4346-8de3-8b87-e6008011b06b,14.2,Low,0.177,repeated_issue,Repeated issue at this location
29a64aae-b610-9e01-3a14-34b281ca6642,14.2,Low,0.177,repeated_issue,Repeated issue at this location
b84f5d4f-a5fa-d6ef-41a4-d9d75cdf3503,14.2,Low,0.177,repeated_issue,Repeated issue at this location
399d8292-331b-912a-28bb-50674faae87e,14.2,Low,0.177,repeated_issue,Repeated issue at this location
04962a31-7e9f-26df-9c86-6d787aeb69ad,14.2,Low,0.177,repeated_issue,Repeated issue at this location
1bcce9be-ab68-8fc7-6ddb-b30c01ab984b,14.2,Low,0.177,repeated_issue,Repeated issue at this location
525759ba-bfa8-cafb-f399-0bd166f512e4,14.2,Low,0.177,repeated_issue,Repeated issue at this location
2e133895-32c7-a2e2-8563-ebc8292b174c,14.2,Low,0.177,repeated_issue,Repeated issue at this location
7b4ec106-b4d2-ceaf-4938-59f0fc3b81b4,14.2,Low,0.177,repeated_issue,Repeated issue at this location
389d48cd-cf0b-2c64-9f0a-8a109cdd3827,14.2,Low,0.177,repeated_issue,Repeated issue at this location
d3d64a71-5d62-0674-6fe7-29c2a1605089,14.2,Low,0.177,repeated_issue,Repeated issue at this location
aa1a4e43-abeb-1420-46d8-ee2a7476c868,14.2,Low,0.177,repeated_issue,Repeated issue at this location
7c30dbad-f0d5-c8c1-70cf-fee0b88ce2ec,14.2,Low,0.177,repeated_issue,Repeated issue at this location
5a4b0eb5-ffd2-4be2-aeea-8d02f0ac9d36,14.2,Low,0.861,,
c0b6da96-7cb5-29f7-8ad6-b7c7d9f1982c,14.2,Low,0.177,repeated_issue,Repeated issue at this location
8682c5b6-5f78-fcac-e55c-fefbfe8b2065,14.2,Low,0.177,repeated_issue,Repeated issue at this location
0397b467-57d0-b37d-dfe3-7d8bb951857d,14.2,Low,0.177,repeated_issue,Repeated issue at this location
4cd40f9b-bb6c-13c2-9d3c-c9c28be825f2,14.2,Low,0.177,repeated_issue,Repeated issue at this location
a0b0ed3b-343e-d090-3df8-c7d0c7b25fe0,14.2,Low,0.177,repeated_issue,Repeated issue at this location
d5372a25-6e83-df83-ddec-2223d3361967,14.2,Low,0.177,repeated_issue,Repeated issue at this location
300fa212-08e8-4189-885b-bdc30e7bf240,14.2,Low,0.177,repeated_issue,Repeated issue at this location
760e351d-c2d9-1245-080d-215a8ecd29d3,14.2,Low,0.177,repeated_issue,Repeated issue at this location
3c22fcd8-7379-4ce2-00f6-fd114d84f389,14.2,Low,0.177,repeated_issue,Repeated issue at this location
ae52d7af-c890-08ff-1115-6ddd99ab2582,14.2,Low,0.177,repeated_issue,Repeated issue at this location
3edd585d-7e13-57a4-de13-fd9301cd93fd,14.2,Low,0.177,repeated_issue,Repeated issue at this location
ba238862-0dfd-1ebd-d77d-ba00518ec191,14.2,Low,0.177,repeated_issue,Repeated issue at this location
58218adb-02ff-5b72-2208-7f6ec4d8608f,14.2,Low,0.177,repeated_issue,Repeated issue at this location
b7b58dd6-555a-7a6e-9642-b178021124e3,14.2,Low,0.177,repeated_issue,Repeated issue at this location
76d4e83a-f486-5e8c-e50a-fae0a7740d4b,14.2,Low,0.177,repeated_issue,Repeated issue at this location
03dd5932-a744-d556-f6df-d587ca1d1a8f,14.2,Low,0.177,repeated_issue,Repeated issue at this location
621220cf-d586-225a-2015-4c269cdcce23,14.2,Low,0.177,repeated_issue,Repeated issue at this location
cf40b8a0-c908-ff56-b4d8-4f541a1b2ac6,14.2,Low,0.177,repeated_issue,Repeated issue at this location
07ca5293-2777-3e16-9b23-ea4ecf5b881e,14.2,Low,0.177,repeated_issue,Repeated issue at this location
fb3b774d-c4e5-489d-8094-e94fab7628a7,14.1,Low,0.853,,
b9b6ff6a-a698-42ae-b3b3-76647096971e,14.0,Low,0.847,,
b8e5135d-20e0-3eba-6667-7b6fa69881b9,13.9,Low,0.844,,
dc8d276b-8b37-3602-9510-0bc552a6ce5c,13.9,Low,0.844,,
cb8dda0f-5045-04bf-3219-d58dcf7c019d,13.9,Low,0.844,,
808da367-8dc0-49dd-b070-e86ed899354d,13.8,Low,0.047,repeated_issue,Repeated issue at this location
ccba095f-b24b-4f5b-8598-7c8389259de9,13.8,Low,0.834,,
ff9f72a4-de0c-4964-840e-34556c799035,13.8,Low,0.839,,
72f49c21-8aa8-45bb-a4c7-4954fcb84481,13.8,Low,0.834,,
7239c720-1796-50ef-ae84-dfd071ee0282,13.7,Low,0.149,repeated_issue,Repeated issue at this location
eb28aba7-2121-5158-67cd-31bd0f594c53,13.7,Low,0.149,repeated_issue,Repeated issue at this location
56bf799d-78dc-cf98-7c9c-ae28fd077b67,13.7,Low,0.149,repeated_issue,Repeated issue at this location
23a9dd24-c837-a686-d288-270f0c83192f,13.7,Low,0.149,repeated_issue,Repeated issue at this location
62a23cb9-2c0d-f789-7ca4-2116d1668f48,13.7,Low,0.149,repeated_issue,Repeated issue at this location
819913a6-a5ae-b42e-359d-04f2998be437,13.7,Low,0.149,repeated_issue,Repeated issue at this location
c069f0df-b621-5b4a-e32c-9fabefaf93a6,13.7,Low,0.149,repeated_issue,Repeated issue at this location
a3a3cc43-b411-0144-c92f-314ec2f831e4,13.7,Low,0.149,repeated_issue,Repeated issue at this location
edb1bbfc-9549-4aff-914c-57b360a760b9,13.7,Low,0.149,repeated_issue,Repeated issue at this location
79a4fa68-ffe9-5fc6-32cf-fcbc279047db,13.7,Low,0.149,repeated_issue,Repeated issue at this location
ed5a2d28-0de4-11dd-8456-15c7cff62c2b,13.7,Low,0.149,repeated_issue,Repeated issue at this location
44016b4f-2a9e-1233-731f-304761fcaaf0,13.7,Low,0.149,repeated_issue,Repeated issue at this location
ef6fa04e-6e5c-4a6f-3c27-b0ee051ca71e,13.7,Low,0.149,repeated_issue,Repeated issue at this location
4b313b65-29bc-4a38-9c5c-a7db2daa1745,13.7,Low,0.831,,
3f4db417-d4d8-acce-3be1-0c7922e53e2e,13.7,Low,0.149,repeated_issue,Repeated issue at this location
fc7c612f-84e9-ac8a-17de-f68fb024d3d9,13.7,Low,0.149,repeated_issue,Repeated issue at this location
5df1f489-5450-e236-8313-402f7e12d88a,13.7,Low,0.149,repeated_issue,Repeated issue at this location
6461b6d0-fd1c-df62-937d-770556f3ca78,13.7,Low,0.149,repeated_issue,Repeated issue at this location
197c1909-c115-b48f-c7db-608feb7f6151,13.7,Low,0.149,repeated_issue,Repeated issue at this location
0eb9ee9c-0ec2-8abd-d2ea-67f6a73d7c1f,13.7,Low,0.149,repeated_issue,Repeated issue at this location
996a9c60-67ca-370a-023a-672e0ebf1781,13.7,Low,0.149,repeated_issue,Repeated issue at this location
da09fe1c-7d29-2e41-3605-6daeee02dcf5,13.7,Low,0.149,repeated_issue,Repeated issue at this location
5f1a2e15-b570-0961-2451-abc86328f2ed,13.7,Low,0.149,repeated_issue,Repeated issue at this location
394dcf20-0869-2a1f-4e31-aeaa4352c461,13.7,Low,0.149,repeated_issue,Repeated issue at this location
eb253da6-91b6-dd8a-77bf-8cf5f11a75a3,13.7,Low,0.149,repeated_issue,Repeated issue at this location
150172de-ded5-a8e6-c970-80c80241a2c7,13.7,Low,0.149,repeated_issue,Repeated issue at this location
09cae616-8152-3e63-adc9-7e7a2e6095b0,13.7,Low,0.149,repeated_issue,Repeated issue at this location
294332a5-eef9-a55b-f9e8-0b32b07fa7ec,13.7,Low,0.149,repeated_issue,Repeated issue at this location
3c6d0938-c313-cf05-bf3b-fcba50ad70fe,13.7,Low,0.149,repeated_issue,Repeated issue at this location
08f20369-8c81-9bfe-f8f1-e5b66940a311,13.7,Low,0.149,repeated_issue,Repeated issue at this location
a2826655-ab5f-ab3f-2892-ae07e1505399,13.7,Low,0.149,repeated_issue,Repeated issue at this location
88d9b06e-58e2-d7d0-46f7-a41b77505c6e,13.7,Low,0.149,repeated_issue,Repeated issue at this location
49860e95-d5fa-1ff9-eeca-40a3bf5eba80,13.7,Low,0.149,repeated_issue,Repeated issue at this location
3fc1b9c5-b9e6-293c-afb1-44d40a5b80b9,13.7,Low,0.149,repeated_issue,Repeated issue at this location
cb474fda-3a48-487c-6b19-541717f82457,13.7,Low,0.149,repeated_issue,Repeated issue at this location
71870173-17e9-1be1-9c07-7e81fe929ff3,13.7,Low,0.149,repeated_issue,Repeated issue at this location
f207d573-6afe-b507-8793-1d3c151d84ef,13.7,Low,0.149,repeated_issue,Repeated issue at this location
68bd2885-5f97-208d-4f8a-dc5e09d6afde,13.7,Low,0.149,repeated_issue,Repeated issue at this location
33aba1c2-3617-474c-a622-dc3f9c58140f,13.5,Low,0.817,,
36c3a9da-e0cd-c718-faf0-2ca9506f9483,13.5,Low,0.82,,
96c1cf88-5d0c-4449-a197-7c8bc5fd4dc3,13.5,Low,0.816,,
872eb121-c785-416c-b0f2-20227d911d53,13.4,Low,0.81,,
8b77d984-c02f-4275-97fa-4e5696f7ff85,13.4,Low,0.813,,
a0b9da19-2d75-f36c-381c-cc12226c6796,13.3,Low,0.067,repeated_issue,Repeated issue at this location
bc76ebbc-cb82-bdd7-d9c6-de4748cd0326,13.3,Low,0.067,repeated_issue,Repeated issue at this location
4127a382-8952-99ca-1643-4cdf2ad23be1,13.3,Low,0.067,repeated_issue,Repeated issue at this location
c0b69336-c6f6-d65a-f712-53e612261f9e,13.3,Low,0.067,repeated_issue,Repeated issue at this location
1054b931-6258-e04c-6cbe-223161c1d0be,13.2,Low,0.12,repeated_issue,Repeated issue at this location
99acbcd6-f5e2-3464-257e-6307c5f8240c,13.2,Low,0.12,repeated_issue,Repeated issue at this location
c8f319c5-f656-22c6-d89e-4b26a228daec,13.2,Low,0.12,repeated_issue,Repeated issue at this location
9305429f-7bd9-af86-eb51-38dd47e9db23,13.2,Low,0.12,repeated_issue,Repeated issue at this location
e789a249-4377-8723-2e82-7e0d74c4c214,13.2,Low,0.12,repeated_issue,Repeated issue at this location
23177e98-39bc-a0ed-8a61-e1f8d8d4f79d,13.2,Low,0.12,repeated_issue,Repeated issue at this location
40ee49ea-91ec-0756-6c17-e660f8b67350,13.2,Low,0.12,repeated_issue,Repeated issue at this location
f88b2c3f-8ae0-b291-402a-962c760dfe06,13.2,Low,0.803,,
8880f2fd-e054-2496-7d85-79927381fb7f,13.2,Low,0.12,repeated_issue,Repeated issue at this location
3b755d32-0f1a-6810-0e79-907e3d062ab3,13.2,Low,0.12,repeated_issue,Repeated issue at this location
7e427e2e-e414-cbed-387c-0e94af7907ab,13.2,Low,0.12,repeated_issue,Repeated issue at this location
05e3d7c7-fc5a-f79b-ef5d-864e7e757deb,13.2,Low,0.12,repeated_issue,Repeated issue at this location
74120f49-0b22-3537-b5ec-d3c5572da009,13.2,Low,0.12,repeated_issue,Repeated issue at this location
ccacfcd3-ab18-2e8e-46b6-d1cd9718f4a6,13.2,Low,0.12,repeated_issue,Repeated issue at this location
0f791ac8-3e49-03a5-38a5-52b9f0faf333,13.2,Low,0.12,repeated_issue,Repeated issue at this location
77ee2c36-ef8e-b816-2eae-4f0bbc4ee39d,13.2,Low,0.12,repeated_issue,Repeated issue at this location
9fbf9079-7f2b-f7d0-5bbc-f83da15d958d,13.2,Low,0.12,repeated_issue,Repeated issue at this location
f9ea4ca4-cd17-d171-7335-6b95146b4564,13.2,Low,0.12,repeated_issue,Repeated issue at this location
e6e82b56-81dd-d808-0199-2e8da2bd3838,13.2,Low,0.12,repeated_issue,Repeated issue at this location
59b655fe-f97b-daf6-e89d-fdb0e1945f1d,13.2,Low,0.12,repeated_issue,Repeated issue at this location
ecdc4f67-27c8-d1ea-11dd-e41dcf5dfe6d,13.2,Low,0.12,repeated_issue,Repeated issue at this location
9abc8bec-0de4-9fd0-aef0-aa5803996917,13.2,Low,0.12,repeated_issue,Repeated issue at this location
31dae01f-f799-0430-6c7b-08b070a7a3d8,13.2,Low,0.12,repeated_issue,Repeated issue at this location
a6e758c2-52fe-42aa-3e2d-75eab932be02,13.2,Low,0.12,repeated_issue,Repeated issue at this location
cb539671-0d18-c5e3-fe53-b551999fe747,13.2,Low,0.12,repeated_issue,Repeated issue at this location
44e23c91-04f4-3014-cc4b-7763b87e61da,13.2,Low,0.12,repeated_issue,Repeated issue at this location
6892c421-7fab-6653-4682-fdfca2a906c8,13.2,Low,0.12,repeated_issue,Repeated issue at this location
c08369d1-2076-2c4d-0beb-61c89c02e94a,13.2,Low,0.12,repeated_issue,Repeated issue at this location
59a5749f-8b02-97c4-3172-28242d56af23,13.2,Low,0.12,repeated_issue,Repeated issue at this location
cc4b4376-b317-e31e-1e2b-39351662b6c9,13.2,Low,0.12,repeated_issue,Repeated issue at this location
f547b148-c128-bc17-19fd-6e8757e29acc,13.2,Low,0.12,repeated_issue,Repeated issue at this location
f48522e3-b70e-4caf-95c4-4c64695c632a,12.8,Low,0.096,repeated_issue,Repeated issue at this location
ce9e0d69-ad2b-9a1e-ec3e-87b7af65927b,12.8,Low,0.096,repeated_issue,Repeated issue at this location
d34689b0-33a6-38d1-fc9d-e363063efdc1,12.8,Low,0.096,repeated_issue,Repeated issue at this location
bb3e7bda-ce04-ddbd-c86f-40369ce1b2bc,12.8,Low,0.096,repeated_issue,Repeated issue at this location
32a2c7ab-e977-8bfe-ce83-84f3e827b856,12.8,Low,0.096,repeated_issue,Repeated issue at this location
cf90ed6a-84e2-81f6-e4ad-6cf19d3762c4,12.8,Low,0.096,repeated_issue,Repeated issue at this location
aca386b0-7292-3927-764e-6367f410da06,12.8,Low,0.096,repeated_issue,Repeated issue at this location
49fb3511-b543-29b5-ceb6-f1dfc0c34db1,12.8,Low,0.096,repeated_issue,Repeated issue at this location
9009488b-d503-a539-4b14-a1d0aab75059,12.8,Low,0.096,repeated_issue,Repeated issue at this location
2aff393b-0b59-8da0-9a1c-eaf8ba381c5a,12.8,Low,0.776,,
8d77f862-4d8d-749d-00c2-a8407330ac9e,12.8,Low,0.776,,
60c7dcef-7f3c-313c-1a67-83b7d271cc70,12.8,Low,0.096,repeated_issue,Repeated issue at this location
44316f83-5813-fb8e-d2ab-1343d0fab3f2,12.8,Low,0.096,repeated_issue,Repeated issue at this location
88be3487-8eda-fded-78ec-9b5978d7bbfa,12.8,Low,0.776,,
28f1244e-46a5-772c-2442-a5265b21139d,12.8,Low,0.096,repeated_issue,Repeated issue at this location
db3176fe-965e-03eb-f8ea-f988afe63312,12.8,Low,0.776,,
96fa351d-867a-d4cd-c35b-d9d0ad8b4d99,12.8,Low,0.776,,
1fdfe0db-a50f-8eb9-b0ef-6eb600ad4b20,12.8,Low,0.776,,
f139cab6-9934-dd1c-59fe-ceaa8ccef718,12.8,Low,0.096,repeated_issue,Repeated issue at this location
452da79e-4327-7968-e29e-940bdebd161d,12.8,Low,0.096,repeated_issue,Repeated issue at this location
e0edc13c-3ffc-1e3f-88cc-7a2f9368d7ff,12.8,Low,0.096,repeated_issue,Repeated issue at this location
15930406-d512-7b48-1b75-f8fb87bd1b4e,12.8,Low,0.096,repeated_issue,Repeated issue at this location
a9236a7f-e98b-f82b-31fb-adbe52054ca5,12.8,Low,0.776,,
784240b2-b503-0cee-4a69-b79ff2613149,12.8,Low,0.776,,
18e7d064-3b5d-3fcf-517f-929a24a05a6d,12.8,Low,0.096,repeated_issue,Repeated issue at this location
67508b26-75de-cfc6-9d70-cbd934950149,12.8,Low,0.096,repeated_issue,Repeated issue at this location
1ef09cc6-0ee3-fe30-4482-d7d6428045dd,12.8,Low,0.096,repeated_issue,Repeated issue at this location
af095155-2af0-9260-a357-896fee51935d,12.8,Low,0.776,,
1d8a98e7-646e-9dc0-ba56-3133d755cb9f,12.8,Low,0.776,,
e12b45cd-a36e-03a2-5ec1-d11c49aecab3,12.8,Low,0.096,repeated_issue,Repeated issue at this location
b4b9567f-226d-69c0-ac66-80c7237f2e65,12.8,Low,0.776,,
c9336ea3-3cf8-4337-4133-60731a85ef41,12.8,Low,0.776,,
e8b6876e-8665-cbc6-95b3-2037ef921736,12.8,Low,0.096,repeated_issue,Repeated issue at this location
c8756a49-286a-a3f4-4a90-af32c2bb21b1,12.8,Low,0.096,repeated_issue,Repeated issue at this location
aadff554-5571-6661-3741-dc22842e3252,12.8,Low,0.096,repeated_issue,Repeated issue at this location
14707aae-6ecc-b4d1-f07b-1cbbef577d15,12.8,Low,0.776,,
f700d88b-d513-5f3f-b277-5c4de098b3e5,12.8,Low,0.096,repeated_issue,Repeated issue at this location
c1863a04-127e-cef5-7eff-0a3bd5bca7fc,12.8,Low,0.776,,
298682a6-471a-a4c0-1cc9-4b9dc5ecfaa8,12.8,Low,0.776,,
e63ac7d0-1380-d884-da40-c7f53e906ce3,12.8,Low,0.096,repeated_issue,Repeated issue at this location
160d2e75-955e-a6a7-811e-5e4b01104b1f,12.8,Low,0.776,,
1ef74a90-7dca-6bcb-05da-b385f97420e0,12.8,Low,0.776,,
88a47516-18c5-fc32-41c5-90261c772576,12.8,Low,0.096,repeated_issue,Repeated issue at this location
ed21b145-26a5-65ab-bf2c-ddf190872e8f,12.8,Low,0.096,repeated_issue,Repeated issue at this location
bae7431e-d5df-0eb1-0e2a-8938186ab913,12.8,Low,0.096,repeated_issue,Repeated issue at this location
e4be2723-0b34-4274-a153-d5586ae48053,12.6,Low,0.763,,
6cf73c01-c30c-44e1-bf59-4d95d5c9907c,12.5,Low,0.023,repeated_issue,Repeated issue at this location
4258bc18-25be-8242-126d-124cf1ef33dc,12.4,Low,0.753,,
90c31ba1-869a-fdc8-be8e-965549b7287d,12.4,Low,0.067,repeated_issue,Repeated issue at this location
3214e117-49c9-552b-6e9c-cbcfa2d83bf4,12.4,Low,0.067,repeated_issue,Repeated issue at this location
bfbf4ee4-3dd6-8946-090f-0356ae9756b7,12.4,Low,0.067,repeated_issue,Repeated issue at this location
8e5d4904-2f0d-9258-d8be-15f59b27f94a,12.4,Low,0.067,repeated_issue,Repeated issue at this location
8d4494ef-d16a-9039-7a5e-cc1338af9606,12.4,Low,0.753,,
9b36f5bb-4887-7918-dc4b-b4041df81d47,12.4,Low,0.067,repeated_issue,Repeated issue at this location
e8dfd260-1b1b-e834-8658-a1d4f3cddfa0,12.4,Low,0.067,repeated_issue,Repeated issue at this location
edcbce8c-d7d2-09d1-1868-996d77f21166,12.4,Low,0.067,repeated_issue,Repeated issue at this location
179deaaf-c984-bd65-bf3e-4134fe900e21,12.4,Low,0.067,repeated_issue,Repeated issue at this location
ef838539-3c16-7e36-2740-32a4668ae4f0,12.4,Low,0.067,repeated_issue,Repeated issue at this location
ba7461ee-0857-d716-3a54-bf089620c88c,12.4,Low,0.753,,
779bd59b-2cc4-3104-a645-5f4a72d218a6,12.4,Low,0.067,repeated_issue,Repeated issue at this location
7aa3d23d-49cc-3e4b-1540-ad55db32c87e,12.4,Low,0.753,,
caa1c9b3-3c45-4470-f1b3-515b2aea1edc,12.4,Low,0.067,repeated_issue,Repeated issue at this location
e62170fd-2a8f-147c-f99a-7f35f5948a80,12.4,Low,0.067,repeated_issue,Repeated issue at this location
c872d60e-c5fb-ab8f-cb8e-a2d141f5e637,12.4,Low,0.067,repeated_issue,Repeated issue at this location
23404ee7-bf50-01a4-3fac-ca1189241380,12.4,Low,0.067,repeated_issue,Repeated issue at this location
e3104f55-5184-c89b-8fdd-b79b306522b5,12.4,Low,0.067,repeated_issue,Repeated issue at this location
447d278c-ec24-ea0d-d97e-612c035047aa,12.4,Low,0.067,repeated_issue,Repeated issue at this location
0a4cd8f2-2db8-9935-1b30-54c32fcbc537,12.4,Low,0.067,repeated_issue,Repeated issue at this location
5f906ac8-ea94-7bf1-6ab4-04c17cf1240c,12.4,Low,0.067,repeated_issue,Repeated issue at this location
6c82af21-3118-bc00-d7d7-b17d04a03d84,12.4,Low,0.067,repeated_issue,Repeated issue at this location
f786ac47-d29a-9f0b-acd2-c179e0d5c49e,12.4,Low,0.067,repeated_issue,Repeated issue at this location
1092389b-0072-6ff5-1052-ebd37ceed780,12.4,Low,0.067,repeated_issue,Repeated issue at this location
4a900ffa-6511-3296-e676-cbb41bc6c6b5,12.4,Low,0.067,repeated_issue,Repeated issue at this location
8a8311f9-e077-c1eb-9d82-bf29c1cb8760,12.4,Low,0.067,repeated_issue,Repeated issue at this location
dad411af-d52f-f78c-9f02-9e68d034ff23,12.4,Low,0.067,repeated_issue,Repeated issue at this location
e3380041-43a8-3990-0d7e-afbde37b3059,12.4,Low,0.067,repeated_issue,Repeated issue at this location
5fc50886-f490-6b51-28df-166c5383b6f2,12.4,Low,0.067,repeated_issue,Repeated issue at this location
426fd85d-0eae-4e36-2d0a-74ee0148d9b4,12.4,Low,0.067,repeated_issue,Repeated issue at this location
e4cac291-f415-0324-2de7-52b987aafabc,12.4,Low,0.067,repeated_issue,Repeated issue at this location
cd9cb94d-c5fc-5a9e-ca80-fc2c96baa9fb,12.4,Low,0.067,repeated_issue,Repeated issue at this location
07dd8741-471c-8d37-22cc-cf68a4376187,12.4,Low,0.067,repeated_issue,Repeated issue at this location
e20883ba-5965-1056-585e-bfb2d50f7cb5,12.4,Low,0.067,repeated_issue,Repeated issue at this location
94355d74-84df-42fc-f229-efe047e1f490,12.4,Low,0.067,repeated_issue,Repeated issue at this location
fbebc0bd-1769-1c5d-3878-6f2be50d1b26,12.4,Low,0.067,repeated_issue,Repeated issue at this location
a965778b-1704-86cc-cb17-5d919a86ca02,12.4,Low,0.067,repeated_issue,Repeated issue at this location
f1896899-dd41-7875-5842-26a63376833a,12.4,Low,0.067,repeated_issue,Repeated issue at this location
d0e4e252-ae00-938e-4ae4-ed68efe64f90,12.4,Low,0.067,repeated_issue,Repeated issue at this location
c2082173-cb4b-b938-20ca-c03b57ac106c,12.4,Low,0.067,repeated_issue,Repeated issue at this location
32d45079-d9b0-5d5c-175f-21583ec19e59,12.4,Low,0.067,repeated_issue,Repeated issue at this location
1d8df4cc-1924-d9c9-5d61-79eea0a3a2a2,12.4,Low,0.067,repeated_issue,Repeated issue at this location
78fa54cb-492c-4f7e-a1fc-dc5973d0fab7,12.4,Low,0.067,repeated_issue,Repeated issue at this location
e49ff129-587a-a108-850f-4c8afbe08afe,12.4,Low,0.067,repeated_issue,Repeated issue at this location
3b3e98f3-d959-e46f-5af4-d528bb4d5d17,12.4,Low,0.067,repeated_issue,Repeated issue at this location
17548ff8-6ece-9208-3526-7668872174ca,12.4,Low,0.067,repeated_issue,Repeated issue at this location
4e9d33a9-b6bd-5f22-d5f4-07a5af55c30c,12.4,Low,0.753,,
1b3d336b-b145-5392-6446-db743197dacb,12.4,Low,0.067,repeated_issue,Repeated issue at this location
65cada80-da95-693b-58dd-f609d026c2a1,12.4,Low,0.067,repeated_issue,Repeated issue at this location
912e14a6-6b54-baf4-5eaf-c485f59e5529,12.4,Low,0.067,repeated_issue,Repeated issue at this location
1dc17326-126e-c888-59c5-f65ba7f151b3,12.4,Low,0.067,repeated_issue,Repeated issue at this location
74049431-1314-fb4a-0d41-7894a6035d00,12.4,Low,0.753,,
9201790b-de85-739c-a3bd-a8185eb484fc,12.4,Low,0.753,,
1ee62743-770b-5234-e263-41dc6fe2d655,12.3,Low,0.023,repeated_issue,Repeated issue at this location
b6942741-3835-40eb-9c00-66dd29bc7170,12.3,Low,0.747,,
981261d4-3c5b-8adc-db69-ae84bcc1dba3,12.3,Low,0.023,repeated_issue,Repeated issue at this location
fb51ea4d-9db5-2145-4d51-c0cc488c77cc,12.3,Low,0.023,repeated_issue,Repeated issue at this location
b0f23ed9-93bd-d3c3-c28b-b68a176da951,12.3,Low,0.023,repeated_issue,Repeated issue at this location
1d7b9442-855e-49fc-fe9d-5936a5e94053,12.3,Low,0.023,repeated_issue,Repeated issue at this location
eead3b6a-d489-649b-4c95-5a676786a5ad,12.3,Low,0.023,repeated_issue,Repeated issue at this location
cc29e194-f2c7-a160-4f8a-1054aea369c7,12.3,Low,0.023,repeated_issue,Repeated issue at this location
ceaf797f-d3ee-4198-0e34-827df4c659ff,12.3,Low,0.023,repeated_issue,Repeated issue at this location
bf3282aa-4a76-3cd6-e2e2-9a991cbf09b0,12.3,Low,0.023,repeated_issue,Repeated issue at this location
1a1395c3-f76b-19bf-1d27-c52cc4711aa6,12.3,Low,0.023,repeated_issue,Repeated issue at this location
34bf23b2-e00f-44e4-892d-93409d666322,12.3,Low,0.743,,
a0fd9654-eb9e-da53-7b73-6db617b432e2,12.3,Low,0.023,repeated_issue,Repeated issue at this location
53a8bb41-b03a-6d85-efe4-aed7c835660c,12.3,Low,0.023,repeated_issue,Repeated issue at this location
edaecf35-2fb4-ab87-98c7-c676fa361e5a,12.3,Low,0.023,repeated_issue,Repeated issue at this location
7ed612c2-7263-7df0-fef7-ca70e2346fba,12.3,Low,0.023,repeated_issue,Repeated issue at this location
0a18b8da-f50d-17cf-cfc6-fbf63a5b2cd5,12.3,Low,0.023,repeated_issue,Repeated issue at this location
ae693564-6289-cfb1-cead-e6d8e4e9ba2c,12.3,Low,0.023,repeated_issue,Repeated issue at this location
17328753-a5c5-1f60-e28a-9b49fa7d88b5,12.3,Low,0.023,repeated_issue,Repeated issue at this location
637093ef-09b8-483f-4f8b-b67af18f2353,12.3,Low,0.023,repeated_issue,Repeated issue at this location
cb0122d3-b3f1-a15b-dd3b-5dd6a106344b,12.3,Low,0.023,repeated_issue,Repeated issue at this location
1a7ff493-ce01-4c1a-b20d-7b9d7aa55994,12.2,Low,0.74,,
51267f15-61c6-4af6-8c24-cd0ff614464d,12.0,Low,0.725,,
9f554f6d-697f-0963-d5c1-2d14d15be9ce,12.0,Low,0.725,,
cc3ee2f8-0614-a044-0e49-2ff157a1b355,12.0,Low,0.725,,
1493d90e-ab4a-15f0-9f8b-2547f4e3d840,11.9,Low,0.023,repeated_issue,Repeated issue at this location
d9460800-359b-4052-f607-37cbccea4f3e,11.9,Low,0.023,repeated_issue,Repeated issue at this location
51eaca41-c28a-29b0-99c6-ab86a1ece54b,11.9,Low,0.023,repeated_issue,Repeated issue at this location
32ef6d67-4209-24af-0f24-e3525cec4dd8,11.9,Low,0.023,repeated_issue,Repeated issue at this location
b5d43f4c-a666-ff29-d326-42d925349ecd,11.7,Low,0.709,,
7f38453a-97e7-d781-41c6-ae3e648a45c7,11.7,Low,0.709,,
4f80da01-041a-0f8f-e169-1f258d5f4cfa,11.7,Low,0.709,,
16a68c05-d6f0-5226-4818-eb0fb78a93bd,11.7,Low,0.709,,
5f7c06e9-d4b0-231a-54ec-e7a4dd2315e6,11.7,Low,0.709,,
fafbbe54-c3ff-f3c5-595a-a06cdb43c848,11.7,Low,0.709,,
f76bea3c-a024-2745-4b06-c1021739cddf,11.7,Low,0.709,,
9f98f5b0-6de0-cf7a-b77c-cd4fa5b650cf,11.7,Low,0.709,,
c6a52beb-9c1d-109f-437a-839b10c7765c,11.7,Low,0.709,,
da4cec39-3df3-80ee-0175-f57aa45ec24f,11.7,Low,0.709,,
29dce7bb-ef09-c925-a158-d03b5f365d3a,11.7,Low,0.709,,
ec1414fb-cf85-4da2-c91b-435bcbe0bedf,11.7,Low,0.709,,
f061e3f1-87fc-7754-0f2f-84162a953251,11.7,Low,0.709,,
614e6ff4-beb4-bf82-cda2-ad9fd855eaf4,11.7,Low,0.709,,
77ef5f13-86e2-f97a-bba5-83cb8e39d1d3,11.6,Low,0.023,repeated_issue,Repeated issue at this location
9738811f-d089-6792-654e-c69bdc0c73a1,11.6,Low,0.023,repeated_issue,Repeated issue at this location
e006c98b-0400-0c75-92f3-8786777496cb,11.6,Low,0.023,repeated_issue,Repeated issue at this location
42aecabe-fbf4-d28d-d450-269841d649ef,11.6,Low,0.023,repeated_issue,Repeated issue at this location
25e9589e-699d-5219-577f-b0c37e301a54,11.6,Low,0.023,repeated_issue,Repeated issue at this location
2929ba91-1c18-f7cd-13b4-5829e19924d8,11.6,Low,0.023,repeated_issue,Repeated issue at this location
4cc5dd3d-04d1-7f06-9ae3-afc57770ff48,11.6,Low,0.023,repeated_issue,Repeated issue at this location
4fbbf771-e794-340d-5bff-7eeb3173c838,11.6,Low,0.023,repeated_issue,Repeated issue at this location
093c0a7a-c19c-81e7-72ca-31bc9601eb7d,11.6,Low,0.023,repeated_issue,Repeated issue at this location
b6192ba9-f4c2-080e-2cac-5c0a8a33d47d,11.6,Low,0.023,repeated_issue,Repeated issue at this location
77ac97b6-db0c-f7ed-82b2-d93e60dd841b,11.6,Low,0.023,repeated_issue,Repeated issue at this location
e0e96049-7aab-68ce-ff57-adba7d041458,11.6,Low,0.023,repeated_issue,Repeated issue at this location
9cfd931c-a7b5-be34-3f5b-62ba7660e4cf,11.6,Low,0.023,repeated_issue,Repeated issue at this location
205c95ab-a46b-242c-fc10-d55c91470309,11.6,Low,0.023,repeated_issue,Repeated issue at this location
e59b8693-c216-f7a0-2b8d-e0f32303ee18,11.6,Low,0.023,repeated_issue,Repeated issue at this location
1c4cc71e-ae66-c800-6a15-4c1b2615bce2,11.6,Low,0.023,repeated_issue,Repeated issue at this location
dae281ca-87b8-d0d1-9832-fa5fe445c4dc,11.6,Low,0.023,repeated_issue,Repeated issue at this location
a735d8a3-de99-acf1-d943-33a386ad48cf,11.6,Low,0.023,repeated_issue,Repeated issue at this location
1948f55b-f4aa-e1b7-6c49-db9dbac439a9,11.6,Low,0.023,repeated_issue,Repeated issue at this location
571c40ae-7caa-7a6b-e687-aecf298761ec,11.6,Low,0.023,repeated_issue,Repeated issue at this location
d5bf54c4-687e-3a14-6652-f9ef56f411cf,11.6,Low,0.023,repeated_issue,Repeated issue at this location
2a81ca66-0a1e-c394-4274-a520ddc66590,11.6,Low,0.023,repeated_issue,Repeated issue at this location
a977ff65-0de9-5c26-06b6-a4cc56b18734,11.6,Low,0.023,repeated_issue,Repeated issue at this location
3018c82b-f528-61af-214b-15ca0ef8c47a,11.6,Low,0.023,repeated_issue,Repeated issue at this location
1061922a-6df4-4740-b754-7677e856b7b9,11.6,Low,0.702,,
fa14fd02-b868-e37a-92b7-c20d6f0a5c10,11.6,Low,0.023,repeated_issue,Repeated issue at this location
2326e405-37ae-3906-152a-102bb782de8b,11.6,Low,0.023,repeated_issue,Repeated issue at this location
a953844f-7a56-1195-4b84-ed1481c2e445,11.6,Low,0.023,repeated_issue,Repeated issue at this location
25b9c0a6-1e32-92a8-1131-ad8a0ca431fc,11.6,Low,0.023,repeated_issue,Repeated issue at this location
0286eca6-c356-4481-081f-29a964923811,11.6,Low,0.023,repeated_issue,Repeated issue at this location
4c3f7bae-781c-1224-0222-ad3f94ce381d,11.6,Low,0.023,repeated_issue,Repeated issue at this location
99fe47c3-efb6-79b4-7aa0-502f0e1d9cab,11.6,Low,0.023,repeated_issue,Repeated issue at this location
f9430b56-5626-d5b9-c2c7-4960976ad3fc,11.6,Low,0.023,repeated_issue,Repeated issue at this location
51807d31-16f9-9a56-70b6-59405dae842e,11.6,Low,0.023,repeated_issue,Repeated issue at this location
698de39f-636f-e304-6e78-4dbe603da9ad,11.6,Low,0.023,repeated_issue,Repeated issue at this location
8718b796-91e6-9c0c-92d2-c6d81c681770,11.6,Low,0.023,repeated_issue,Repeated issue at this location
3a78ee76-a177-acee-e030-45852a756f14,11.6,Low,0.023,repeated_issue,Repeated issue at this location
5b15bd91-c25b-f47b-070d-e092172bce46,11.6,Low,0.023,repeated_issue,Repeated issue at this location
630d09d3-0e15-6eb7-dacf-f273fc551fdc,11.6,Low,0.023,repeated_issue,Repeated issue at this location
fb3a63f4-4ce1-1a20-fb92-7f45be05dbfb,11.6,Low,0.023,repeated_issue,Repeated issue at this location
d6082536-b155-c9ed-c884-34e47cfb5fd1,11.6,Low,0.023,repeated_issue,Repeated issue at this location
2f805829-2fb8-7a88-3d1c-2e6f3078d664,11.6,Low,0.023,repeated_issue,Repeated issue at this location
426a131a-c589-9ad6-e71c-7850a464b002,11.6,Low,0.023,repeated_issue,Repeated issue at this location
1343d3e0-662a-f1f6-4efa-dbdac1db41b9,11.6,Low,0.023,repeated_issue,Repeated issue at this location
46a341b3-6984-6efc-f4b9-af7acc22228e,11.6,Low,0.023,repeated_issue,Repeated issue at this location
5fef2cd7-c5d2-41ce-c610-e92463d0cd20,11.6,Low,0.023,repeated_issue,Repeated issue at this location
c5196469-736b-1fc9-c88f-03d0369cfc1b,11.6,Low,0.023,repeated_issue,Repeated issue at this location
f0f69534-94b0-a650-d80d-135356da12fb,11.5,Low,0.694,,
7115c973-7e6f-e003-5c75-3b4fb2e807e2,11.5,Low,0.694,,
35f03b5e-ed32-9da7-723d-c55a6e237448,11.5,Low,0.694,,
4b7163fa-28ee-607d-ae0c-3a9224e1122a,11.5,Low,0.694,,
b54d4bb6-3b47-d0c3-f106-327c79e129d6,11.5,Low,0.694,,
a3c545a1-0dc6-685a-c0cc-0f35b3c125a5,11.5,Low,0.694,,
9a5cacfe-adec-0b39-19f3-fff80dd71bce,11.5,Low,0.694,,
4e65b997-6dbd-5e6a-2790-5433ef5a8664,11.5,Low,0.694,,
8a18f425-865d-42c4-7493-379274c5d5fa,11.5,Low,0.694,,
d8ac9d4d-262c-01ac-c1f9-4436162b2e95,11.5,Low,0.694,,
c38f19a3-aee5-951e-eed6-d03a0e5f1269,11.5,Low,0.694,,
4ede64d0-95f2-9856-d368-90d7dac5e7f4,11.5,Low,0.694,,
d667ecae-ad30-7f56-4353-ac60328b5e2a,11.5,Low,0.694,,
c7d320ae-173d-0678-125c-952d6d2e27b3,11.5,Low,0.694,,
cd746238-e268-40f5-950a-46720e40182d,11.5,Low,0.694,,
dc849f5b-a5bb-60fc-84b4-b2f4a25f0ea2,11.2,Low,0.681,,
811495b9-9031-6fab-2798-6f6be148fb5f,11.2,Low,0.681,,
001a2e9c-a316-5366-433e-c260965f6311,11.2,Low,0.681,,
4d723aeb-5e07-1412-05d5-b19e242c249b,11.2,Low,0.681,,
c8b00cc6-4aff-bf85-ca89-888be9e8fe41,11.2,Low,0.681,,
6676bf1d-4385-3d3d-34e4-6d793f58e3db,11.2,Low,0.681,,
6d726407-9326-f5d9-2b31-8ea0a3b6fd5a,11.2,Low,0.681,,
13f0b7b6-665a-39f3-8097-ceeefb6a3b10,11.0,Low,0.666,,
4e0f6b2d-05e5-4010-aff3-66ad287fe7fd,11.0,Low,0.669,,
dcd80133-2740-94f2-c089-3086a6eabf56,11.0,Low,0.666,,
a23925d3-7c20-2966-b16a-0a16d0d973bf,11.0,Low,0.666,,
094ec329-57a6-4e2d-8f07-52e271c7ba66,11.0,Low,0.666,,
332a0b92-f032-da4b-e51c-31a35375db98,11.0,Low,0.666,,
7c159bf0-6ac6-4788-984f-258e0cd2aa6f,10.9,Low,0.992,,
32eeede6-e4e3-40c2-9aab-c6ec2fe74563,10.9,Low,0.662,,
a57be028-429e-3af4-38c8-28d8da1fa085,10.7,Low,0.649,,
1de66398-8625-62e6-ef81-b42c674601be,10.7,Low,0.649,,
42dc85fe-a356-9222-0525-2ca60fcc8e2d,10.7,Low,0.649,,
484c2aa6-749c-3b2d-a16d-9a72c367d8ab,10.7,Low,0.649,,
9e565e88-284e-3695-913b-23d2b5ba38dd,10.7,Low,0.649,,
2253a749-6272-7393-199c-9d01bf989aaa,10.7,Low,0.649,,
0a213065-021d-087d-4cd0-6c6b6161e442,10.7,Low,0.649,,
70315a1d-017d-534e-f9bb-ea32e750971a,10.7,Low,0.649,,
9b519d24-38bf-9a73-c7bc-13a86452cfc9,10.7,Low,0.649,,
05c1d1d2-acff-3956-0c2a-366d5c690a8b,10.7,Low,0.649,,
aa23d1f8-2684-c45c-6946-8d2d89b63e2d,10.7,Low,0.649,,
40746a5e-55d4-43cb-ae82-27d92f2ed6fa,10.7,Low,0.649,,
4303e9ad-9862-b3ac-4a96-aa8a8807780b,10.7,Low,0.649,,
57873b90-a7d4-ae83-d657-4bc0d57f6ee0,10.7,Low,0.649,,
e2d05f99-3315-2702-b694-9981599b8ba9,10.7,Low,0.649,,
54e11d47-087a-301c-2e07-65fe0ff60f46,10.7,Low,0.649,,
807cd978-b74c-c028-1930-847256523211,10.7,Low,0.649,,
87dbab50-1e1c-9e21-022a-1d4a580386d3,10.7,Low,0.649,,
1e804873-1f01-2439-a1b2-e24dface96d9,10.7,Low,0.649,,
a110dcd6-57ff-f65e-a9f4-ad68d52f5ed7,10.7,Low,0.649,,
a5ec4e65-3b89-709f-a548-7a4e84fdae41,10.7,Low,0.649,,
a559bcc2-1a4a-cd0d-c2c0-0c3690a471e0,10.5,Low,0.636,,
e30e43e2-9262-49e8-b618-095bf27ff69b,10.5,Low,0.634,,
f9463b05-6e61-4f9c-9648-7d2b439ecee1,10.3,Low,0.627,,
0690df6b-fc27-bed5-34e4-3c81e02f44fd,10.3,Low,0.627,,
81a80b7e-da29-4044-be0e-fcccd3afe7fd,10.3,Low,0.937,,
70ae761f-808e-7c4b-f576-6287eb0ce294,10.3,Low,0.627,,
c68f70b7-035a-44ab-345c-11982a0dc096,10.3,Low,0.627,,
6d16f9b1-debb-9ee4-d988-b757a0350cf7,10.3,Low,0.627,,
e11108e5-6b8a-d0d5-672b-2d31712fea6a,10.3,Low,0.627,,
434ca6ed-8fc5-cbb9-8ff2-999b535f94b7,10.3,Low,0.627,,
38e5fe3c-4ec9-4649-bf1a-efd37e8651e2,10.3,Low,0.937,,
9ef8dcc4-03ec-4ce8-82ed-9048516978d0,10.3,Low,0.937,,
72ad442b-df33-2fab-8499-1df42b7c85c2,10.3,Low,0.627,,
71f582cc-7db3-4fbb-f6ee-121469b7f04e,10.3,Low,0.627,,
2d8e2b32-4f15-7ddc-adb1-75d6eee40b2c,10.3,Low,0.627,,
f34e58b0-bc29-5a39-5d75-5e5fa487809f,10.3,Low,0.627,,
498461fa-8dd5-2b1e-cda5-8f1433301f13,10.3,Low,0.627,,
5cc93020-db45-07cf-0258-6b2b0fc054e8,10.3,Low,0.627,,
b251a63a-cfc3-adbc-edd9-8cd1e968f45c,10.1,Low,0.613,,
d419c1b5-a37d-e94a-993d-dcfe97f22719,10.1,Low,0.613,,
75e91e3f-6144-f9cb-f594-d28327caa217,10.1,Low,0.613,,
a1de284e-db54-8a2f-d14c-b689d377ebd0,10.1,Low,0.613,,
4831aa4a-92b3-41f6-9693-765438f95119,10.1,Low,0.613,,
09963920-afc7-8fcd-7829-b30987557b55,10.1,Low,0.613,,
1c5f7abc-2c5c-2539-629e-2cd16a08ab09,10.1,Low,0.613,,
cb88e974-53e8-cb0b-72fb-1e8409b7b2fd,10.1,Low,0.613,,
7fd5bc9b-4cb3-8e7b-e296-aacc70fe390e,10.1,Low,0.613,,
2afbc190-ef89-547a-a712-5a1baf55e2c0,10.1,Low,0.613,,
c39b8002-c7ea-36ec-acba-ca6b76bd84be,10.1,Low,0.613,,
ca91bbb6-9955-0fe7-68d5-c332b6b33b8f,10.1,Low,0.613,,
8d9f1e78-0f45-e5f7-7960-4240ab34b5c4,10.1,Low,0.613,,
796569b1-7443-bfd0-78a5-08912f5e38af,10.1,Low,0.613,,
53509283-e332-a848-f033-f156ba9bd243,10.1,Low,0.613,,
6e1a547c-552f-d6bb-f8fc-bf69d3e7fdda,10.1,Low,0.613,,
0663a0d4-f2cc-0202-976b-8181ff7dd772,10.1,Low,0.613,,
24e69fce-725c-f859-23d2-09810c7e72d4,10.1,Low,0.613,,
79e5bb21-22c6-8b79-43b3-505f455eb348,10.1,Low,0.613,,
39be7a6d-dc55-7d43-7ebc-b1224b409f99,9.4,Low,0.568,,
05d64e3b-69dd-31cc-8145-43d4e66a50f4,9.4,Low,0.568,,
da7b9309-d948-ccad-e28e-28896693e56e,9.4,Low,0.568,,
b1e60750-e4dc-770a-caa7-e31ddf5c7625,9.4,Low,0.568,,
a6bf74c0-61b5-353f-aa2e-4740e153d3b4,9.4,Low,0.568,,
014cb7c7-f017-ac40-2dae-689e423794d2,9.4,Low,0.568,,
f9dad515-1c6b-4b4f-4de5-8520cd2993b5,9.4,Low,0.568,,
fbda59df-22f8-673b-b07b-95492ef1337b,9.4,Low,0.568,,
6a9b6d23-6feb-e775-0c8e-83fe76169010,9.4,Low,0.568,,
69453db7-f136-69bd-39c5-07984f03f0ad,9.4,Low,0.568,,
ab512c3f-da9f-2cf3-0a27-98f2af55e3e9,9.4,Low,0.568,,
52445982-44fc-84c3-2471-6c1bf4093856,9.4,Low,0.568,,
da7414fa-6c44-4570-ab9e-7a4d39ccda5d,8.9,Low,0.54,,
58afb6b4-58c2-bb78-8401-0d840281812e,8.6,Low,0.521,,
4847fed3-1b82-6638-f5a1-7a9693648c96,8.6,Low,0.521,,
1260f99f-80fb-7d54-d159-1b325bbe157a,8.6,Low,0.521,,
6383a047-73e9-0049-6be1-ad420bb426d6,8.6,Low,0.521,,
b5e44530-52eb-195c-23ce-0901df0f2811,8.6,Low,0.521,,
e7dd5af9-f2be-5172-d5b6-8253d88014ac,8.6,Low,0.521,,
b784ebad-ba4a-a89b-f48b-765c27359637,8.6,Low,0.521,,
cfa2d054-c1d3-89ad-2e1b-cc4421339451,8.6,Low,0.521,,
6bb1bd0e-5231-060f-ceb1-904e1c8db58c,8.6,Low,0.521,,
c1157f92-8766-d7f6-ca9d-6497b7ece3bc,8.6,Low,0.521,,
80eb03c0-513c-da92-e47b-dd2f93a5f84b,8.6,Low,0.521,,
43229c71-8720-0406-37e1-14a5a64c2fe1,8.6,Low,0.521,,
1dbdc9f9-607f-b4cc-0686-3b37b5ff8e2f,8.6,Low,0.521,,
431bc1ba-f8e4-400c-63f9-9b161468c725,8.6,Low,0.521,,
c7bb8bbc-f4a4-05c6-4355-f1ce3bed257d,8.6,Low,0.521,,
9065ed47-28c5-ddb8-a33c-4b971bea31d9,8.6,Low,0.521,,
ebd37461-93f5-9c36-a2fb-878d4d81fd60,8.6,Low,0.521,,
77e65fde-9cf0-48bf-88ea-b73d492d7402,8.6,Low,0.521,,
0f5e0109-0dcb-65ff-6100-bc19889ff88b,8.6,Low,0.521,,
fe9ab246-7529-4e14-b17d-18d0309e4131,8.0,Low,0.487,,
203ce1fb-f4ef-1b37-08de-ac71a6646312,8.0,Low,0.487,,
d59bee09-a26f-d2c5-bd2f-0bb7c904cb90,8.0,Low,0.487,,
ac3b2089-fd17-8405-c0da-36694478e99a,8.0,Low,0.487,,
0e58e701-d08d-a59c-2ad8-3f1a8c69219c,8.0,Low,0.487,,
a6ec186d-73a9-1f62-04cf-cc99bb49e59b,8.0,Low,0.487,,
5eca8d51-c2b6-ec11-b6e6-89dd2897b075,8.0,Low,0.487,,
ba2f26ba-8f9a-c2e9-9611-c96add20458b,8.0,Low,0.487,,
dd33fcf4-3cb2-8881-37e6-6fc22a12e3db,8.0,Low,0.487,,
961ae242-f5aa-8ba5-a134-338cee740c13,8.0,Low,0.487,,
f07c107b-1e23-b654-2ba7-81e6d9650bd7,8.0,Low,0.487,,
d52d4cfc-f3f8-b4b9-7d22-51aed9524b61,8.0,Low,0.487,,
f30105ad-0686-e5c3-9260-847b452c3f09,8.0,Low,0.487,,
d0f52d78-20c3-3dc7-4639-7e9991625ac3,8.0,Low,0.487,,
433f81b9-f881-984f-d61d-0b4ecb251f7b,8.0,Low,0.487,,
af5bb683-0bb1-484c-812a-6c365e52ad8a,8.0,Low,0.487,,
fad548cb-59ec-7aa4-3d5e-3ac417ffd350,8.0,Low,0.487,,
f6d40f5d-6f58-2716-7b95-5068e4ef3ded,7.8,Low,0.473,,
a32f3f1d-4037-9d92-536a-bab43993385f,7.8,Low,0.473,,
1eae2b63-2af5-bd4b-7f4a-57394ae9cb75,7.8,Low,0.473,,
4ffdcd63-b570-acda-f773-7073709ae98f,7.8,Low,0.473,,
ad3474ad-6bd6-40ba-42f7-b62a14f0cb6e,7.8,Low,0.473,,
3cb8d4ac-5716-7e0e-cb7f-6ade786edbff,7.8,Low,0.473,,
7571d8e8-af13-bd15-9bb8-855a9e93f163,7.8,Low,0.473,,
b9f94071-f23d-e472-7c81-2debe5c2461c,7.8,Low,0.473,,
111e348f-68e6-7d8c-8c09-5e38605a53dd,7.8,Low,0.473,,
6a2bec8f-cf3f-bcb6-2628-0a65c6101104,7.8,Low,0.473,,
78c963c5-baa9-1759-2f33-ee3cfab9a695,7.8,Low,0.473,,
9bb84a51-aad1-34e8-c0ce-27ce36e92c88,7.8,Low,0.473,,
b4b139c4-5f07-df8d-4dde-e0de3838a827,7.8,Low,0.473,,
f94be875-b53d-855e-3154-8cd7462d6682,7.8,Low,0.473,,
d16c55ca-5726-898b-d70a-868dd7c1c3e9,7.8,Low,0.473,,
a1737b82-8efb-1c81-fd17-e3e4925e34d2,7.8,Low,0.473,,
8227d1f8-5ed9-4eb2-b9fd-d6fc0c9423f4,7.5,Low,0.681,,
