ticket_id,ticket_number,asset_id,asset_id_source,asset_code,issue_type,current_repair_date,current_resolution_hours,mapping_confidence,verification_decision,asset_historical_baseline_hours,baseline_source,baseline_confidence,baseline_history_type,baseline_sample_size,faster_percentage,recent_repeat_count_90d,days_since_previous_repair,explanation,baseline_method,baseline_version,evaluated_at
e87fdb6a-0f93-4b63-8bf2-5f346cb9f10d,VIST-26-07-00059,c7044986-1955-41ac-a051-7ba5f4d56833,direct,VH-WH-D21-0002,Heater Issues,,,Verified,Normal,,,,,0,,0,,No recorded resolution time; ticket not evaluated.,median,,2026-08-06T14:42:36
d83795d2-c76c-1f57-b4f1-a157fb9a1f9e,VISH-26-02-0857,,,,Washing machine Issue,2026-02-14 10:01:00.000,,Low,Normal,,,,,0,,0,,No recorded resolution time; ticket not evaluated.,median,,2026-08-06T14:42:36
c9cb7236-8e59-4d71-4640-b5bd5d92fc3c,VISH-25-07-0858,,,,AC Issues,2025-07-18 14:30:00.000,,Medium,Normal,,,,,0,,0,,No recorded resolution time; ticket not evaluated.,median,,2026-08-06T14:42:36
9b519d24-38bf-9a73-c7bc-13a86452cfc9,VISH-25-08-0859,,,,Electrical Issues,2025-08-12 18:57:00.000,,Low,Normal,,,,,0,,0,,No recorded resolution time; ticket not evaluated.,median,,2026-08-06T14:42:36
9e565e88-284e-3695-913b-23d2b5ba38dd,VISH-25-09-0860,,,,RO Water Issues,2025-09-06 15:50:00.000,,Low,Normal,,,,,0,,0,,No recorded resolution time; ticket not evaluated.,median,,2026-08-06T14:42:36
2253a749-6272-7393-199c-9d01bf989aaa,VISH-25-09-0861,,,,Plumbing,2025-09-27 15:02:00.000,,Low,Normal,,,,,0,,0,,No recorded resolution time; ticket not evaluated.,median,,2026-08-06T14:42:36
e3d3b08e-1168-24d9-88db-6d8af6ed10da,VISH-25-09-0862,c3e4cf3b-765c-4e09-8c22-383bff808a3b,mapped,VH-FN-C12-0002,Electrical Issues,2025-09-05 20:57:00.000,,High,Normal,,,,,0,,0,,No recorded resolution time; ticket not evaluated.,median,,2026-08-06T14:42:36
54e11d47-087a-301c-2e07-65fe0ff60f46,VISH-25-10-0863,,,,Washing machine Issue,2025-10-05 17:34:00.000,,Low,Normal,,,,,0,,0,,No recorded resolution time; ticket not evaluated.,median,,2026-08-06T14:42:36
57873b90-a7d4-ae83-d657-4bc0d57f6ee0,VISH-26-01-0864,,,,Plumbing,2026-01-04 08:47:00.000,,Low,Normal,,,,,0,,0,,No recorded resolution time; ticket not evaluated.,median,,2026-08-06T14:42:36
1ef74a90-7dca-6bcb-05da-b385f97420e0,VISH-25-07-0865,,,,AC Issues,2025-07-31 15:30:00.000,,Low,Normal,,,,,0,,0,,No recorded resolution time; ticket not evaluated.,median,,2026-08-06T14:42:36
37c4d587-a13a-a523-828b-8c1c3f47c6e5,VISH-25-10-0866,,,,AC Issues,2025-10-30 09:51:00.000,,Low,Normal,,,,,0,,0,,No recorded resolution time; ticket not evaluated.,median,,2026-08-06T14:42:36
b5e44530-52eb-195c-23ce-0901df0f2811,VISH-25-10-0867,,,,Other,2025-10-31 00:34:00.000,,Low,Normal,,,,,0,,0,,No recorded resolution time; ticket not evaluated.,median,,2026-08-06T14:42:36
58afb6b4-58c2-bb78-8401-0d840281812e,VISH-25-11-0868,,,,Furniture,2025-11-03 10:22:00.000,,Low,Normal,,,,,0,,0,,No recorded resolution time; ticket not evaluated.,median,,2026-08-06T14:42:36
50c923c5-a984-3119-6443-cfa0e8805482,VISH-25-11-0869,,,,AC Issues,2025-11-06 17:55:00.000,,Low,Normal,,,,,0,,0,,No recorded resolution time; ticket not evaluated.,median,,2026-08-06T14:42:36
cb8c9894-64d9-69dd-3677-6f430d882b79,VISH-25-09-0870,,,,RO Water Issues,2025-09-12 10:47:00.000,,Low,Normal,,,,,0,,0,,No recorded resolution time; ticket not evaluated.,median,,2026-08-06T14:42:36
752c8d81-bc98-42db-d215-788d17dba6eb,VISH-25-09-0871,,,,Other,2025-09-17 17:43:00.000,,Low,Normal,,,,,0,,0,,No recorded resolution time; ticket not evaluated.,median,,2026-08-06T14:42:36
7db38434-5d5c-80cd-e524-00e52d3546e6,VISH-25-11-0872,,,,Other,2025-11-22 12:19:00.000,,Low,Normal,,,,,0,,0,,No recorded resolution time; ticket not evaluated.,median,,2026-08-06T14:42:36
96c1cf88-5d0c-4449-a197-7c8bc5fd4dc3,VIST-26-06-00012,,,,Toilet Issues,2026-06-04 10:14:24.909,21.26,Low,Normal,,,,,0,,0,,"No manager-verified repair history for this asset, asset type, or issue type yet; no verified baseline available, so this ticket is not evaluated.",median,,2026-08-06T14:42:36
846c9340-23b3-47a4-8a54-5953b41f2f7a,VIST-26-07-00081,,,,Kitchen Equipment,,,Low,Normal,,,,,0,,0,,No recorded resolution time; ticket not evaluated.,median,,2026-08-06T14:42:36
f0de0900-6a45-49e5-87a7-f90468c0021f,VISH-2026-1110,9d364a68-c955-4fe7-8a91-9ed05f2a64a8,direct,VH-AC-B14-0003,AC Issues,2026-04-21 19:35:38.230,84.67,Verified,Normal,,,,,0,,0,,"No manager-verified repair history for this asset, asset type, or issue type yet; no verified baseline available, so this ticket is not evaluated.",median,,2026-08-06T14:42:36
8940a72b-e97b-c430-fe80-dd5f703d2b2c,VISH-26-02-0873,,,,RO Water Issues,2026-02-16 21:17:00.000,,Low,Normal,,,,,0,,0,,No recorded resolution time; ticket not evaluated.,median,,2026-08-06T14:42:36
9cc03432-0168-846b-b8af-34f2e82c1304,VISH-25-07-0874,1ac33845-439e-4379-ba39-8f2c952e8873,mapped,VH-AC-C44-0003,AC Issues,2025-07-30 18:59:00.000,,High,Normal,,,,,0,,0,,No recorded resolution time; ticket not evaluated.,median,,2026-08-06T14:42:36
3214e117-49c9-552b-6e9c-cbcfa2d83bf4,VISH-25-09-0875,,,,Furniture,2025-09-07 11:15:00.000,,Low,Normal,,,,,0,,0,,No recorded resolution time; ticket not evaluated.,median,,2026-08-06T14:42:36
bfbf4ee4-3dd6-8946-090f-0356ae9756b7,VISH-25-09-0876,,,,Furniture,2025-09-07 11:16:00.000,,Low,Normal,,,,,0,,0,,No recorded resolution time; ticket not evaluated.,median,,2026-08-06T14:42:36
01f41bfa-c2f0-c2c6-f86a-f9b8cf2cc167,VISH-25-09-0877,1ac33845-439e-4379-ba39-8f2c952e8873,mapped,VH-AC-C44-0003,AC Issues,2025-09-07 11:19:00.000,,High,Normal,,,,,0,,0,,No recorded resolution time; ticket not evaluated.,median,,2026-08-06T14:42:36
e62170fd-2a8f-147c-f99a-7f35f5948a80,VISH-25-12-0878,,,,Washing machine Issue,2025-12-13 14:45:00.000,,Low,Normal,,,,,0,,0,,No recorded resolution time; ticket not evaluated.,median,,2026-08-06T14:42:36
caa1c9b3-3c45-4470-f1b3-515b2aea1edc,VISH-25-12-0879,,,,Furniture,2025-12-13 14:46:00.000,,Low,Normal,,,,,0,,0,,No recorded resolution time; ticket not evaluated.,median,,2026-08-06T14:42:36
1b3d336b-b145-5392-6446-db743197dacb,VISH-26-01-0880,,,,Washing machine Issue,2026-01-13 08:05:00.000,,Low,Normal,,,,,0,,0,,No recorded resolution time; ticket not evaluated.,median,,2026-08-06T14:42:36
65cada80-da95-693b-58dd-f609d026c2a1,VISH-26-01-0881,,,,Furniture,2026-01-15 08:11:00.000,,Low,Normal,,,,,0,,0,,No recorded resolution time; ticket not evaluated.,median,,2026-08-06T14:42:36
f48522e3-b70e-4caf-95c4-4c64695c632a,VIST-26-07-00100,,,,Internet Issues,,,Low,Normal,,,,,0,,0,,No recorded resolution time; ticket not evaluated.,median,,2026-08-06T14:42:36
e61d2cb9-3140-4ef0-b62a-d73a1c750756,VIST-26-05-00075,f1d60ec1-4a13-41fa-8c6b-945fd688704c,direct,VH-MA-C12-0005,Furniture,2026-05-22 10:37:03.060,239.19,Verified,Normal,,,,,0,,0,,"No manager-verified repair history for this asset, asset type, or issue type yet; no verified baseline available, so this ticket is not evaluated.",median,,2026-08-06T14:42:36
76d61ead-a174-4c32-b826-99c5a6277e1f,VISH-2026-PENDING,c79df700-6e0b-4d5e-b431-d855a7d266d1,direct,VH-FN-B34-0001,Electrical Issues,2026-04-21 19:36:16.410,66.29,Verified,Normal,,,,,0,,0,,"No manager-verified repair history for this asset, asset type, or issue type yet; no verified baseline available, so this ticket is not evaluated.",median,,2026-08-06T14:42:36
6383a047-73e9-0049-6be1-ad420bb426d6,VISH-26-03-0882,,,,RO Water Issues,2026-03-09 10:27:00.000,,Low,Normal,,,,,0,,0,,No recorded resolution time; ticket not evaluated.,median,,2026-08-06T14:42:36
298682a6-471a-a4c0-1cc9-4b9dc5ecfaa8,VISH-25-08-0883,,,,RO Water Issues,2025-08-13 20:56:00.000,,Low,Normal,,,,,0,,0,,No recorded resolution time; ticket not evaluated.,median,,2026-08-06T14:42:36
998c2e22-122e-bbe3-865b-e1ff25394044,VISH-25-11-0884,,,,Other,2025-11-05 22:15:00.000,,Low,Normal,,,,,0,,0,,No recorded resolution time; ticket not evaluated.,median,,2026-08-06T14:42:36
a4884c74-2b30-25a0-62a9-6c621ae380fe,VISH-25-11-0885,,,,Other,2025-11-06 09:39:00.000,,Low,Normal,,,,,0,,0,,No recorded resolution time; ticket not evaluated.,median,,2026-08-06T14:42:36
72405ca5-e55a-4349-9fdd-ca700389fd6b,VISH-2026-1111,980ff08f-01bb-4ec8-846e-87474b79285d,direct,VH-ST-C11-0001,Furniture,2026-04-18 12:29:51.892,1.05,Verified,Normal,,,,,0,,0,,"No manager-verified repair history for this asset, asset type, or issue type yet; no verified baseline available, so this ticket is not evaluated.",median,,2026-08-06T14:42:36
c1863a04-127e-cef5-7eff-0a3bd5bca7fc,VISH-25-11-0886,,,,Other,2025-11-05 21:53:00.000,,Low,Normal,,,,,0,,0,,No recorded resolution time; ticket not evaluated.,median,,2026-08-06T14:42:36
cfa2d054-c1d3-89ad-2e1b-cc4421339451,VISH-26-03-0887,,,,Plumbing,2026-03-19 22:48:00.000,,Low,Normal,,,,,0,,0,,No recorded resolution time; ticket not evaluated.,median,,2026-08-06T14:42:36
ed21b145-26a5-65ab-bf2c-ddf190872e8f,VISH-26-02-0888,,,,Furniture,2026-02-13 07:37:00.000,,Low,Normal,,,,,0,,0,,No recorded resolution time; ticket not evaluated.,median,,2026-08-06T14:42:36
44316f83-5813-fb8e-d2ab-1343d0fab3f2,VISH-26-02-0889,,,,Plumbing,2026-02-13 07:38:00.000,,Low,Normal,,,,,0,,0,,No recorded resolution time; ticket not evaluated.,median,,2026-08-06T14:42:36
88a47516-18c5-fc32-41c5-90261c772576,VISH-26-02-0890,,,,Plumbing,2026-02-28 11:01:00.000,,Low,Normal,,,,,0,,0,,No recorded resolution time; ticket not evaluated.,median,,2026-08-06T14:42:36
dd4fdec3-f242-30e5-f5e1-aa357590564d,VISH-26-03-0891,,,,Furniture,2026-03-14 14:21:00.000,,Medium,Normal,,,,,0,,0,,No recorded resolution time; ticket not evaluated.,median,,2026-08-06T14:42:36
2a9075fb-d301-bbad-581c-adcd1678f49e,VISH-25-10-0892,,,,AC Issues,2025-10-28 12:03:00.000,,Medium,Normal,,,,,0,,0,,No recorded resolution time; ticket not evaluated.,median,,2026-08-06T14:42:36
34da8673-bdcf-9b98-1ca2-9f2896b7f74f,VISH-25-10-0893,,,,RO Water Issues,2025-10-29 21:44:00.000,,Low,Normal,,,,,0,,0,,No recorded resolution time; ticket not evaluated.,median,,2026-08-06T14:42:36
63f97aaf-b20e-8b0a-5d96-7a6350f33a27,VISH-25-11-0894,,,,RO Water Issues,2025-11-02 21:06:00.000,,Low,Normal,,,,,0,,0,,No recorded resolution time; ticket not evaluated.,median,,2026-08-06T14:42:36
a6ee1147-a3cb-5e19-004b-15055ccb08ce,VISH-25-11-0895,,,,Other,2025-11-02 21:06:00.000,,Low,Normal,,,,,0,,0,,No recorded resolution time; ticket not evaluated.,median,,2026-08-06T14:42:36
dee0cae2-cd15-c3db-131c-74eb0aaa95da,VISH-25-11-0896,,,,Other,2025-11-21 10:25:00.000,,Low,Normal,,,,,0,,0,,No recorded resolution time; ticket not evaluated.,median,,2026-08-06T14:42:36
10c1b27a-bfc6-9920-7298-f5e427cb51e0,VISH-25-12-0897,,,,Other,2025-12-06 13:18:00.000,,Low,Normal,,,,,0,,0,,No recorded resolution time; ticket not evaluated.,median,,2026-08-06T14:42:36
1b7a9324-3f5b-bd8a-c773-49a8f0277d78,VISH-25-09-0898,,,,AC Issues,2025-09-15 10:52:00.000,,Medium,Normal,,,,,0,,0,,No recorded resolution time; ticket not evaluated.,median,,2026-08-06T14:42:36
2132b30e-45a1-4021-801e-c0772c7fcc4d,VISH-2026-0008,7a14979e-6e89-4006-9aa2-8705a2f07dfe,direct,VH-CO-C12-0006,Other,2026-04-03 10:32:19.327,4.33,Verified,Normal,,,,,0,,0,,"No manager-verified repair history for this asset, asset type, or issue type yet; no verified baseline available, so this ticket is not evaluated.",median,,2026-08-06T14:42:36
41bdac72-19c0-5a9b-a35f-efc615ffa556,VISH-25-09-0899,,,,AC Issues,2025-09-20 11:16:00.000,,Low,Normal,,,,,0,,0,,No recorded resolution time; ticket not evaluated.,median,,2026-08-06T14:42:36
2d0426ce-4364-67e9-68d1-143468bc86b1,VISH-25-08-0900,,,,Furniture,2025-08-09 10:39:00.000,,Low,Normal,,,,,0,,0,,No recorded resolution time; ticket not evaluated.,median,,2026-08-06T14:42:36
4e4b885f-7557-9cf8-c749-6b24d2c0b86b,VISH-25-08-0901,,,,Furniture,2025-08-09 10:40:00.000,,Low,Normal,,,,,0,,0,,No recorded resolution time; ticket not evaluated.,median,,2026-08-06T14:42:36
807cd978-b74c-c028-1930-847256523211,VISH-26-03-0902,,,,Furniture,2026-03-12 18:00:00.000,,Low,Normal,,,,,0,,0,,No recorded resolution time; ticket not evaluated.,median,,2026-08-06T14:42:36
19f805a8-9b26-2b32-379c-99affa8e1f6b,VISH-25-08-0903,,,,Furniture,2025-08-07 09:03:00.000,,Low,Normal,,,,,0,,0,,No recorded resolution time; ticket not evaluated.,median,,2026-08-06T14:42:36
1d6c1d1e-c163-a3ed-f124-0be3e1ea6a82,VISH-25-10-0904,,,,Furniture,2025-10-12 22:52:00.000,,Medium,Normal,,,,,0,,0,,No recorded resolution time; ticket not evaluated.,median,,2026-08-06T14:42:36
09781585-3e29-b7f6-d8df-192b30112013,VISH-25-10-0905,,,,Cleaning Issues,2025-10-12 22:53:00.000,,Low,Normal,,,,,0,,0,,No recorded resolution time; ticket not evaluated.,median,,2026-08-06T14:42:36
5f9e416d-811a-4ecf-1b31-737be7ceb3a4,VISH-25-11-0906,,,,Other,2025-11-19 21:02:00.000,,Low,Normal,,,,,0,,0,,No recorded resolution time; ticket not evaluated.,median,,2026-08-06T14:42:36
a92341f2-7949-9d9a-059c-7ec91da5f73f,VISH-25-12-0907,,,,Other,2025-12-06 21:16:00.000,,Low,Normal,,,,,0,,0,,No recorded resolution time; ticket not evaluated.,median,,2026-08-06T14:42:36
7aa3d23d-49cc-3e4b-1540-ad55db32c87e,VISH-26-01-0908,,,,Washing machine Issue,2026-01-12 22:45:00.000,,Low,Normal,,,,,0,,0,,No recorded resolution time; ticket not evaluated.,median,,2026-08-06T14:42:36
e2680a24-cf4d-bfe8-610c-72cf8f84dbc5,VISH-26-02-0909,,,,Cleaning Issues,2026-02-22 12:41:00.000,,Low,Normal,,,,,0,,0,,No recorded resolution time; ticket not evaluated.,median,,2026-08-06T14:42:36
cfb7fc5d-8ab2-8bd5-49d0-64c8429e447d,VISH-26-02-0910,b0d336ac-179e-4a18-b540-685c52821a1f,mapped,VH-FN-B41-0003,Electrical Issues,2026-02-22 12:41:00.000,,High,Normal,,,,,0,,0,,No recorded resolution time; ticket not evaluated.,median,,2026-08-06T14:42:36
f4307019-60f3-9ada-2acd-8969db2d48ae,VISH-26-02-0911,,,,Cleaning Issues,2026-02-22 12:43:00.000,,Low,Normal,,,,,0,,0,,No recorded resolution time; ticket not evaluated.,median,,2026-08-06T14:42:36
2c8244de-5eb7-4650-b53e-707875513366,VIST-26-05-00094,c79df700-6e0b-4d5e-b431-d855a7d266d1,direct,VH-FN-B34-0001,Electrical Issues,2026-05-19 07:19:03.899,14.35,Verified,Normal,,,,,0,,1,27.5,"No manager-verified repair history for this asset, asset type, or issue type yet; no verified baseline available, so this ticket is not evaluated.",median,,2026-08-06T14:42:36
2500da24-9030-4a35-bdca-c1175df4b2ff,VIST-26-04-00038,,,,Furniture,2026-04-25 13:58:41.215,6.48,Low,Normal,,,,,0,,0,,"No manager-verified repair history for this asset, asset type, or issue type yet; no verified baseline available, so this ticket is not evaluated.",median,,2026-08-06T14:42:36
8d4494ef-d16a-9039-7a5e-cc1338af9606,VISH-26-02-0912,,,,AC Issues,2026-02-22 12:43:00.000,,Low,Normal,,,,,0,,0,,No recorded resolution time; ticket not evaluated.,median,,2026-08-06T14:42:36
4a510ded-bb90-41ad-8dc6-15bfa3346839,VISH-2026-0002,,,,Plumbing,2026-04-01 06:19:35.136,11.02,Low,Normal,,,,,0,,0,,"No manager-verified repair history for this asset, asset type, or issue type yet; no verified baseline available, so this ticket is not evaluated.",median,,2026-08-06T14:42:36
dc2e91e2-69aa-4915-a6dd-b84ead36f658,VIST-26-05-00070,,,,AC Issues,2026-05-12 08:22:18.869,2.55,Medium,Normal,,,,,0,,0,,"No manager-verified repair history for this asset, asset type, or issue type yet; no verified baseline available, so this ticket is not evaluated.",median,,2026-08-06T14:42:36
97349eec-eeab-59cb-1c58-c48d49f27bb3,VISH-26-02-0913,,,,Furniture,2026-02-22 12:44:00.000,,Medium,Normal,,,,,0,,0,,No recorded resolution time; ticket not evaluated.,median,,2026-08-06T14:42:36
4dc2e07a-34a8-484e-af81-8347df1d0aef,VISH-2026-0004,dc0331d7-c01e-4d7f-b191-15466d6712c9,direct,VH-CO-C21-0004,Furniture,2026-04-03 09:58:08.964,5.06,Verified,Normal,,,,,0,,0,,"No manager-verified repair history for this asset, asset type, or issue type yet; no verified baseline available, so this ticket is not evaluated.",median,,2026-08-06T14:42:36
55cdcc01-d85e-4ef7-86a5-c4ff8547afd3,VISH-2026-0001,35ec240d-87ee-4bcc-b912-3116c4209142,direct,VH-AC-A23-0001,AC Issues,2026-04-07 06:02:57.101,159.36,Verified,Normal,,,,,0,,0,,"No manager-verified repair history for this asset, asset type, or issue type yet; no verified baseline available, so this ticket is not evaluated.",median,,2026-08-06T14:42:36
074ea4b3-1a2f-4ee8-a73c-6e16276f6bff,VIST-26-06-00088,3cd43d6f-933d-4917-9b7d-296ae90d9d4f,direct,VH-FN-C34-0002,Electrical Issues,2026-06-26 10:28:04.719,50.03,Verified,Normal,,,,,0,,1,37.9,"No manager-verified repair history for this asset, asset type, or issue type yet; no verified baseline available, so this ticket is not evaluated.",median,,2026-08-06T14:42:36
3370a9f2-c854-4e94-b39e-d811d2844bbc,VISH-2026-0017,bc7caf2c-ad7b-403a-9681-01e3c22c291f,direct,VH-AC-B11-0004,AC Issues,2026-04-07 05:58:44.510,44.55,Verified,Normal,,,,,0,,0,,"No manager-verified repair history for this asset, asset type, or issue type yet; no verified baseline available, so this ticket is not evaluated.",median,,2026-08-06T14:42:36
5c0cde5c-e20b-40e4-8cb8-3d20e69f2841,VISH-2026-0011,,,,Furniture,2026-04-07 04:35:47.144,89.12,Low,Normal,,,,,0,,0,,"No manager-verified repair history for this asset, asset type, or issue type yet; no verified baseline available, so this ticket is not evaluated.",median,,2026-08-06T14:42:36
57812506-96c7-7960-deb3-8f03aed7e43a,VISH-26-02-0914,,,,Furniture,2026-02-22 12:45:00.000,,Medium,Normal,,,,,0,,0,,No recorded resolution time; ticket not evaluated.,median,,2026-08-06T14:42:36
bef235f1-9a2e-a1e0-0eb4-8e61181e8a58,VISH-26-02-0915,,,,Furniture,2026-02-22 12:46:00.000,,Medium,Normal,,,,,0,,0,,No recorded resolution time; ticket not evaluated.,median,,2026-08-06T14:42:36
59383f60-80a3-45ae-8e89-537056666a9a,VISH-2026-0013,e046c6d8-397c-4586-8fdf-c88e78da3ec5,direct,VH-CB-B34-0001,Furniture,2026-04-04 11:42:27.482,6.41,Verified,Normal,,,,,0,,0,,"No manager-verified repair history for this asset, asset type, or issue type yet; no verified baseline available, so this ticket is not evaluated.",median,,2026-08-06T14:42:36
38bca02b-7f1a-39a5-a2f8-619a1d6258e9,VISH-26-02-0916,,,,Cleaning Issues,2026-02-22 12:47:00.000,,Low,Normal,,,,,0,,0,,No recorded resolution time; ticket not evaluated.,median,,2026-08-06T14:42:36
7a434025-9978-430b-aad6-27f67465bd9f,VISH-2026-0014,,,,Other,2026-04-04 11:38:09.470,6.31,Low,Normal,,,,,0,,0,,"No manager-verified repair history for this asset, asset type, or issue type yet; no verified baseline available, so this ticket is not evaluated.",median,,2026-08-06T14:42:36
4258bc18-25be-8242-126d-124cf1ef33dc,VISH-26-02-0917,,,,RO Water Issues,2026-02-22 12:48:00.000,,Low,Normal,,,,,0,,0,,No recorded resolution time; ticket not evaluated.,median,,2026-08-06T14:42:36
ef2570d4-44d4-3f78-f1f0-6c23a57fb96b,VISH-26-02-0918,,,,Furniture,2026-02-22 12:50:00.000,,Medium,Normal,,,,,0,,0,,No recorded resolution time; ticket not evaluated.,median,,2026-08-06T14:42:36
b01c08e7-1a87-232a-ae60-8ff001d24f41,VISH-25-11-0919,37597e49-c4ae-4637-83cb-f43ea7ef8d35,mapped,VH-FN-A11-0003,Electrical Issues,2025-11-05 22:16:00.000,,High,Normal,,,,,0,,0,,No recorded resolution time; ticket not evaluated.,median,,2026-08-06T14:42:36
aa23d1f8-2684-c45c-6946-8d2d89b63e2d,VISH-25-11-0920,,,,Plumbing,2025-11-05 22:20:00.000,,Low,Normal,,,,,0,,0,,No recorded resolution time; ticket not evaluated.,median,,2026-08-06T14:42:36
cd746238-e268-40f5-950a-46720e40182d,VIST-26-07-00091,,,,Internet Issues,,,Low,Normal,,,,,0,,0,,No recorded resolution time; ticket not evaluated.,median,,2026-08-06T14:42:36
23895d1d-2d76-4fb4-9dbd-d0ff1b8eedff,VIST-26-05-00102,,,,Other,2026-05-26 07:25:16.616,142.58,Low,Normal,,,,,0,,0,,"No manager-verified repair history for this asset, asset type, or issue type yet; no verified baseline available, so this ticket is not evaluated.",median,,2026-08-06T14:42:36
87dbab50-1e1c-9e21-022a-1d4a580386d3,VISH-26-03-0921,,,,RO Water Issues,2026-03-09 21:22:00.000,,Low,Normal,,,,,0,,0,,No recorded resolution time; ticket not evaluated.,median,,2026-08-06T14:42:36
2aff393b-0b59-8da0-9a1c-eaf8ba381c5a,VISH-25-09-0922,,,,Plumbing,2025-09-06 14:35:00.000,,Low,Normal,,,,,0,,0,,No recorded resolution time; ticket not evaluated.,median,,2026-08-06T14:42:36
73999906-6bab-4a7b-bb02-ee5f45f086a2,VISH-2026-0009,258d48fb-9fcd-4500-8724-3d5f900e042a,direct,VH-CB-B11-0006,Furniture,2026-04-03 10:37:38.274,1.01,Verified,Normal,,,,,0,,0,,"No manager-verified repair history for this asset, asset type, or issue type yet; no verified baseline available, so this ticket is not evaluated.",median,,2026-08-06T14:42:36
93875bf1-b143-40b3-b27a-84bb5f57ef44,VISH-2026-0022,656467e0-85ba-45b6-ac40-6fa5e71d0af6,direct,VH-CB-C43-0005,Cleaning Issues,2026-04-07 11:45:56.910,7.18,Verified,Normal,,,,,0,,0,,"No manager-verified repair history for this asset, asset type, or issue type yet; no verified baseline available, so this ticket is not evaluated.",median,,2026-08-06T14:42:36
f1d005e9-820f-3db6-3e1d-cf90adf2cca7,VISH-25-09-0923,,,,RO Water Issues,2025-09-13 12:00:00.000,,Low,Normal,,,,,0,,0,,No recorded resolution time; ticket not evaluated.,median,,2026-08-06T14:42:36
b9bd090d-cea5-4596-96a5-86bfeb94b132,VISH-2026-0007,,,,Other,2026-04-04 11:46:39.699,29.64,Low,Normal,,,,,0,,0,,"No manager-verified repair history for this asset, asset type, or issue type yet; no verified baseline available, so this ticket is not evaluated.",median,,2026-08-06T14:42:36
b230c8d4-47ac-4fca-bcfd-25076d66ebe0,VISH-2026-0003,0861776d-2243-4e50-815b-7d79e5acdd51,direct,VH-AC-B12-0002,AC Issues,2026-04-03 09:36:50.383,23.45,Verified,Normal,,,,,0,,0,,"No manager-verified repair history for this asset, asset type, or issue type yet; no verified baseline available, so this ticket is not evaluated.",median,,2026-08-06T14:42:36
8d172be0-ab43-cb22-e839-bf58a94564bf,VISH-25-10-0924,c6d65f33-8882-4758-a18f-9660657339e8,mapped,VH-FN-C41-0002,Electrical Issues,2025-10-11 12:07:00.000,,High,Normal,,,,,0,,0,,No recorded resolution time; ticket not evaluated.,median,,2026-08-06T14:42:36
42dc85fe-a356-9222-0525-2ca60fcc8e2d,VISH-25-11-0925,,,,RO Water Issues,2025-11-29 12:12:00.000,,Low,Normal,,,,,0,,0,,No recorded resolution time; ticket not evaluated.,median,,2026-08-06T14:42:36
05c1d1d2-acff-3956-0c2a-366d5c690a8b,VISH-25-12-0926,,,,Other,2025-12-09 19:14:00.000,,Low,Normal,,,,,0,,0,,No recorded resolution time; ticket not evaluated.,median,,2026-08-06T14:42:36
61d72347-fcd7-4363-94c2-e82a2a80912c,VIST-26-06-00009,dccbf35d-537d-48ac-92d9-d1d792755a15,direct,VH-WH-A23-0003,Cleaning Issues,2026-06-04 10:21:04.758,27.52,Verified,Normal,,,,,0,,0,,"No manager-verified repair history for this asset, asset type, or issue type yet; no verified baseline available, so this ticket is not evaluated.",median,,2026-08-06T14:42:36
4178cce0-302c-c26e-34ef-5f46a77abc1a,VISH-25-09-0588,dccbf35d-537d-48ac-92d9-d1d792755a15,direct,VH-WH-A23-0003,RO Water Issues,2025-09-04 10:37:00.000,,Verified,Normal,,,,,0,,0,,No recorded resolution time; ticket not evaluated.,median,,2026-08-06T14:42:36
5fc50886-f490-6b51-28df-166c5383b6f2,VISH-26-02-0927,,,,AC Issues,2026-02-28 22:24:00.000,,Low,Normal,,,,,0,,0,,No recorded resolution time; ticket not evaluated.,median,,2026-08-06T14:42:36
f4f01648-706d-45b9-95cc-6b116b5a749b,VISH-2026-0006,,,,Furniture,2026-04-03 10:06:28.906,4.01,Low,Normal,,,,,0,,0,,"No manager-verified repair history for this asset, asset type, or issue type yet; no verified baseline available, so this ticket is not evaluated.",median,,2026-08-06T14:42:36
36e7ab35-4d46-f2af-6003-ff1c720d7703,VISH-25-10-0928,,,,Furniture,2025-10-18 12:04:00.000,,Medium,Normal,,,,,0,,0,,No recorded resolution time; ticket not evaluated.,median,,2026-08-06T14:42:36
0663a0d4-f2cc-0202-976b-8181ff7dd772,VISH-25-10-0929,,,,RO Water Issues,2025-10-18 12:06:00.000,,Low,Normal,,,,,0,,0,,No recorded resolution time; ticket not evaluated.,median,,2026-08-06T14:42:36
d6f54fbb-2bd4-dcc0-5a49-e29867b4754a,VISH-26-02-0930,,,,Furniture,2026-02-01 00:37:00.000,,Medium,Normal,,,,,0,,0,,No recorded resolution time; ticket not evaluated.,median,,2026-08-06T14:42:36
2191b23d-eeba-66fc-7983-f3ce989917ce,VISH-26-02-0931,40273ebc-52da-4130-82f8-a28b466d4adc,mapped,VH-AC-B11-0003,AC Issues,2026-02-21 10:48:00.000,,High,Normal,,,,,0,,0,,No recorded resolution time; ticket not evaluated.,median,,2026-08-06T14:42:36
2d2f4aaa-e9db-12ef-bb50-f74383e74434,VISH-26-02-0932,40273ebc-52da-4130-82f8-a28b466d4adc,mapped,VH-AC-B11-0003,AC Issues,2026-02-22 17:05:00.000,,High,Normal,,,,,0,,0,,No recorded resolution time; ticket not evaluated.,median,,2026-08-06T14:42:36
31dbf808-b397-8ee5-d368-3cac57b8507c,VISH-25-10-0933,69cb270b-e8f3-410e-9142-2752016b44f9,mapped,VH-FN-A23-0001,Electrical Issues,2025-10-01 16:38:00.000,,High,Normal,,,,,0,,0,,No recorded resolution time; ticket not evaluated.,median,,2026-08-06T14:42:36
adf1259b-d291-fb77-ec80-a0ac71781819,VISH-25-10-0934,,,,Furniture,2025-10-01 16:40:00.000,,Low,Normal,,,,,0,,0,,No recorded resolution time; ticket not evaluated.,median,,2026-08-06T14:42:36
44d8d40e-1945-d69f-fba6-b0836b9d2ac8,VISH-25-10-0935,,,,Cleaning Issues,2025-10-02 15:22:00.000,,Low,Normal,,,,,0,,0,,No recorded resolution time; ticket not evaluated.,median,,2026-08-06T14:42:36
8ebfcd5d-e530-732b-7a4b-ea5cb5c43f71,VISH-25-10-0936,,,,RO Water Issues,2025-10-22 11:37:00.000,,Low,Normal,,,,,0,,0,,No recorded resolution time; ticket not evaluated.,median,,2026-08-06T14:42:36
b5a9d8e5-7aff-3007-8a07-0cae008936bb,VISH-25-12-0937,,,,Washing machine Issue,2025-12-23 13:57:00.000,,Low,Normal,,,,,0,,0,,No recorded resolution time; ticket not evaluated.,median,,2026-08-06T14:42:36
7f308902-292b-d2d1-bb4b-76c5bf00aa54,VISH-26-01-0938,,,,Furniture,2026-01-10 09:47:00.000,,Low,Normal,,,,,0,,0,,No recorded resolution time; ticket not evaluated.,median,,2026-08-06T14:42:36
8aa5cc61-6d57-4c38-ac7a-f4ac6c478ff1,VIST-26-05-00008,,,,Other,2026-05-02 06:13:14.035,0.15,Low,Normal,,,,,0,,0,,"No manager-verified repair history for this asset, asset type, or issue type yet; no verified baseline available, so this ticket is not evaluated.",median,,2026-08-06T14:42:36
195b33de-b770-4b0e-bd94-babf652a0704,VISH-2026-000191,,,,Cleaning Issues,2026-05-07 10:53:58.554,25.45,Low,Normal,,,,,0,,0,,"No manager-verified repair history for this asset, asset type, or issue type yet; no verified baseline available, so this ticket is not evaluated.",median,,2026-08-06T14:42:36
a02e92b4-4619-4b7b-87f5-d1fd8f77c22a,VISH-2026-0027,cdaaab49-8984-492d-811b-4fcb93508155,direct,VH-CB-D12-0002,Other,2026-04-09 12:20:26.340,43.0,Verified,Normal,,,,,0,,0,,"No manager-verified repair history for this asset, asset type, or issue type yet; no verified baseline available, so this ticket is not evaluated.",median,,2026-08-06T14:42:36
358e878a-d9f2-cb1c-06a6-cbe99a7af07c,VISH-25-03-0579,98885f45-4010-403c-8884-8649d4cdd02a,direct,VH-RO-A23-0001,RO Water Issues,2025-03-31 02:11:00.000,,Verified,Normal,,,,,0,,0,,No recorded resolution time; ticket not evaluated.,median,,2026-08-06T14:42:36
fb30b031-d325-23a7-1bee-a92b3483fb9e,VISH-26-01-0939,,,,Washing machine Issue,2026-01-28 19:21:00.000,,Low,Normal,,,,,0,,0,,No recorded resolution time; ticket not evaluated.,median,,2026-08-06T14:42:36
441c340c-01f0-bc40-79bb-5f4ae5242cfc,VISH-26-02-0940,,,,Washing machine Issue,2026-02-02 17:10:00.000,,Low,Normal,,,,,0,,0,,No recorded resolution time; ticket not evaluated.,median,,2026-08-06T14:42:36
b82b0ffd-2e21-2699-d0b5-28465ae7b470,VISH-26-02-0941,,,,Cleaning Issues,2026-02-22 19:27:00.000,,Low,Normal,,,,,0,,0,,No recorded resolution time; ticket not evaluated.,median,,2026-08-06T14:42:36
da4b522e-88ea-8369-3cab-234db640ae87,VISH-26-03-0942,,,,Cleaning Issues,2026-03-06 21:52:00.000,,Low,Normal,,,,,0,,0,,No recorded resolution time; ticket not evaluated.,median,,2026-08-06T14:42:36
73e91292-d62f-e4de-8f61-4991e760bf42,VISH-26-03-0943,,,,Washing machine Issue,2026-03-07 03:33:00.000,,Low,Normal,,,,,0,,0,,No recorded resolution time; ticket not evaluated.,median,,2026-08-06T14:42:36
14707aae-6ecc-b4d1-f07b-1cbbef577d15,VISH-25-10-0944,,,,Washing machine Issue,2025-10-04 12:40:00.000,,Low,Normal,,,,,0,,0,,No recorded resolution time; ticket not evaluated.,median,,2026-08-06T14:42:36
f36a3de9-8f2a-8d34-9b71-173e85d0d430,VISH-26-03-0945,3f41cc65-e037-4c1e-863a-cc49813984d6,mapped,VH-AC-B11-0001,AC Issues,2026-03-11 12:30:00.000,,High,Normal,,,,,0,,0,,No recorded resolution time; ticket not evaluated.,median,,2026-08-06T14:42:36
ca767982-0311-9ec4-0efb-66d254fe43ea,VISH-26-03-0946,3f41cc65-e037-4c1e-863a-cc49813984d6,mapped,VH-AC-B11-0001,AC Issues,2026-03-12 23:43:00.000,,High,Normal,,,,,0,,0,,No recorded resolution time; ticket not evaluated.,median,,2026-08-06T14:42:36
ec2ccc9a-c9fb-d6dc-1c0c-8b5431541f70,VISH-26-03-0947,3f41cc65-e037-4c1e-863a-cc49813984d6,mapped,VH-AC-B11-0001,AC Issues,2026-03-13 21:32:00.000,,High,Normal,,,,,0,,0,,No recorded resolution time; ticket not evaluated.,median,,2026-08-06T14:42:36
66ec0fed-ffa4-0ad9-019d-2c639998a9d9,VISH-25-09-0948,,,,AC Issues,2025-09-06 19:23:00.000,,Medium,Normal,,,,,0,,0,,No recorded resolution time; ticket not evaluated.,median,,2026-08-06T14:42:36
d30b22b5-0ac7-75a6-e420-6b0a5b9f5fcd,VISH-26-03-0949,,,,Other,2026-03-03 19:57:00.000,,Low,Normal,,,,,0,,0,,No recorded resolution time; ticket not evaluated.,median,,2026-08-06T14:42:36
ca339a54-3c9f-62d9-dfda-fc897926f7f2,VISH-26-03-0950,,,,AC Issues,2026-03-03 20:00:00.000,,Medium,Normal,,,,,0,,0,,No recorded resolution time; ticket not evaluated.,median,,2026-08-06T14:42:36
e81e2e0c-2011-bd98-1c48-b355cc939fd1,VISH-26-03-0951,,,,Plumbing,2026-03-03 20:05:00.000,,Low,Normal,,,,,0,,0,,No recorded resolution time; ticket not evaluated.,median,,2026-08-06T14:42:36
f3d254a5-84be-aba0-e9f6-18960051c6e9,VISH-25-10-0952,3466151e-b985-4928-a03b-037084dcf9ae,mapped,VH-FN-D12-0002,Electrical Issues,2025-10-27 19:51:00.000,,High,Normal,,,,,0,,0,,No recorded resolution time; ticket not evaluated.,median,,2026-08-06T14:42:36
3e6e0a31-07cc-d3e1-2828-76327d86404f,VISH-25-11-0953,3466151e-b985-4928-a03b-037084dcf9ae,mapped,VH-FN-D12-0002,Electrical Issues,2025-11-08 10:02:00.000,,High,Normal,,,,,0,,0,,No recorded resolution time; ticket not evaluated.,median,,2026-08-06T14:42:36
42c3224a-e332-3f39-2a9e-dd50aa7623b6,VISH-25-12-0954,01358eaa-06be-455c-b086-9d9ced1d02c9,mapped,VH-AC-D12-0002,AC Issues,2025-12-20 09:32:00.000,,High,Normal,,,,,0,,0,,No recorded resolution time; ticket not evaluated.,median,,2026-08-06T14:42:36
a6d9a817-9434-9ab9-78b4-9738e6e4a9f0,VISH-25-12-0955,,,,Furniture,2025-12-20 09:33:00.000,,Medium,Normal,,,,,0,,0,,No recorded resolution time; ticket not evaluated.,median,,2026-08-06T14:42:36
8e5d4904-2f0d-9258-d8be-15f59b27f94a,VISH-25-12-0956,,,,RO Water Issues,2025-12-20 09:37:00.000,,Low,Normal,,,,,0,,0,,No recorded resolution time; ticket not evaluated.,median,,2026-08-06T14:42:36
d3846174-ddb9-2777-dc63-a9e6bf1aed4c,VISH-26-01-0957,bb236be0-2a55-43fa-b798-b41eb5132d2d,mapped,VH-AC-B43-0003,AC Issues,2026-01-27 11:09:00.000,,High,Normal,,,,,0,,0,,No recorded resolution time; ticket not evaluated.,median,,2026-08-06T14:42:36
16712bef-057a-b054-b0df-fad8102616f9,VISH-26-01-0958,bb236be0-2a55-43fa-b798-b41eb5132d2d,mapped,VH-AC-B43-0003,AC Issues,2026-01-30 09:13:00.000,,High,Normal,,,,,0,,0,,No recorded resolution time; ticket not evaluated.,median,,2026-08-06T14:42:36
79e3e2e1-77a4-48ba-c2df-77280c9b9a2a,VISH-26-02-0959,bb236be0-2a55-43fa-b798-b41eb5132d2d,mapped,VH-AC-B43-0003,AC Issues,2026-02-06 10:04:00.000,,High,Normal,,,,,0,,0,,No recorded resolution time; ticket not evaluated.,median,,2026-08-06T14:42:36
53509283-e332-a848-f033-f156ba9bd243,VISH-26-03-0960,,,,RO Water Issues,2026-03-19 12:44:00.000,,Low,Normal,,,,,0,,0,,No recorded resolution time; ticket not evaluated.,median,,2026-08-06T14:42:36
ca95c03f-1dae-5565-d8ef-6fd6180b77ce,VISH-25-10-0961,,,,Electrical Issues,2025-10-31 10:44:00.000,,Low,Normal,,,,,0,,0,,No recorded resolution time; ticket not evaluated.,median,,2026-08-06T14:42:36
392a0c6e-211c-42ad-e5fa-a33537d5df26,VISH-25-10-0962,,,,Electrical Issues,2025-10-31 11:05:00.000,,Low,Normal,,,,,0,,0,,No recorded resolution time; ticket not evaluated.,median,,2026-08-06T14:42:36
6a0a6c7a-96ad-4250-bb4e-b959e0104b63,VISH-25-10-0963,,,,AC Issues,2025-10-31 11:06:00.000,,Medium,Normal,,,,,0,,0,,No recorded resolution time; ticket not evaluated.,median,,2026-08-06T14:42:36
84508b32-6d5e-64fe-b469-9bdf32f62409,VISH-25-10-0964,,,,Electrical Issues,2025-10-31 11:07:00.000,,Low,Normal,,,,,0,,0,,No recorded resolution time; ticket not evaluated.,median,,2026-08-06T14:42:36
b251a63a-cfc3-adbc-edd9-8cd1e968f45c,VISH-25-11-0965,,,,Internet Issues,2025-11-23 18:22:00.000,,Low,Normal,,,,,0,,0,,No recorded resolution time; ticket not evaluated.,median,,2026-08-06T14:42:36
ba05cf16-9e6f-fea7-8a18-d319411a2aad,VISH-25-11-0966,,,,Other,2025-11-27 00:23:00.000,,Low,Normal,,,,,0,,0,,No recorded resolution time; ticket not evaluated.,median,,2026-08-06T14:42:36
16a68c05-d6f0-5226-4818-eb0fb78a93bd,VISH-25-10-0967,,,,Cleaning Issues,2025-10-26 12:28:00.000,,Low,Normal,,,,,0,,0,,No recorded resolution time; ticket not evaluated.,median,,2026-08-06T14:42:36
6650481d-5a62-3022-687f-6542f0a05b3a,VISH-25-10-0968,,,,Other,2025-10-29 17:36:00.000,,Low,Normal,,,,,0,,0,,No recorded resolution time; ticket not evaluated.,median,,2026-08-06T14:42:36
821cbec5-596a-7f0e-6daa-f71788c6f3dc,VISH-25-10-0969,,,,Furniture,2025-10-18 14:59:00.000,,Medium,Normal,,,,,0,,0,,No recorded resolution time; ticket not evaluated.,median,,2026-08-06T14:42:36
0805c9b9-4ad2-eee5-4d20-2e2b186860bc,VISH-25-10-0970,,,,Furniture,2025-10-18 15:00:00.000,,Medium,Normal,,,,,0,,0,,No recorded resolution time; ticket not evaluated.,median,,2026-08-06T14:42:36
a719dcef-1785-485c-64ae-61d1a0ff249b,VISH-25-12-0971,,,,AC Issues,2025-12-14 20:07:00.000,,Low,Normal,,,,,0,,0,,No recorded resolution time; ticket not evaluated.,median,,2026-08-06T14:42:36
57973195-46ef-4872-a4bc-28f3eab8fd71,VIST-26-04-00006,9d1e311a-cb0a-4ed0-a1a5-54bafa0ca837,mapped,VH-FN-A41-0003,Electrical Issues,2026-04-20 12:13:44.104,7.26,High,Normal,,,,,0,,0,,"No manager-verified repair history for this asset, asset type, or issue type yet; no verified baseline available, so this ticket is not evaluated.",median,,2026-08-06T14:42:36
93e4010d-b202-4327-4291-8608090b4249,VISH-26-02-1033,84fadbc1-0050-4330-a93c-81d5666058b8,direct,VH-AC-A24-0001,AC Issues,2026-02-16 23:08:00.000,,Verified,Normal,,,,,0,,0,,No recorded resolution time; ticket not evaluated.,median,,2026-08-06T14:42:36
ab512c3f-da9f-2cf3-0a27-98f2af55e3e9,VISH-25-10-0972,,,,Internet Issues,2025-10-18 21:38:00.000,,Low,Normal,,,,,0,,0,,No recorded resolution time; ticket not evaluated.,median,,2026-08-06T14:42:36
b6192ba9-f4c2-080e-2cac-5c0a8a33d47d,VISH-25-10-0973,,,,Washing machine Issue,2025-10-25 09:37:00.000,,Low,Normal,,,,,0,,0,,No recorded resolution time; ticket not evaluated.,median,,2026-08-06T14:42:36
1493d90e-ab4a-15f0-9f8b-2547f4e3d840,VISH-25-10-0974,,,,Furniture,2025-10-25 19:59:00.000,,Medium,Normal,,,,,0,,0,,No recorded resolution time; ticket not evaluated.,median,,2026-08-06T14:42:36
77ac97b6-db0c-f7ed-82b2-d93e60dd841b,VISH-25-11-0975,,,,Washing machine Issue,2025-11-01 08:55:00.000,,Low,Normal,,,,,0,,0,,No recorded resolution time; ticket not evaluated.,median,,2026-08-06T14:42:36
4cc5dd3d-04d1-7f06-9ae3-afc57770ff48,VISH-25-11-0976,,,,Washing machine Issue,2025-11-11 23:04:00.000,,Low,Normal,,,,,0,,0,,No recorded resolution time; ticket not evaluated.,median,,2026-08-06T14:42:36
e0e96049-7aab-68ce-ff57-adba7d041458,VISH-25-11-0977,,,,Washing machine Issue,2025-11-16 11:19:00.000,,Low,Normal,,,,,0,,0,,No recorded resolution time; ticket not evaluated.,median,,2026-08-06T14:42:36
da7b9309-d948-ccad-e28e-28896693e56e,VISH-25-11-0978,,,,Cleaning Issues,2025-11-16 11:21:00.000,,Low,Normal,,,,,0,,0,,No recorded resolution time; ticket not evaluated.,median,,2026-08-06T14:42:36
0a18b8da-f50d-17cf-cfc6-fbf63a5b2cd5,VISH-25-11-0979,c7d66935-49df-474a-af4e-5db892413e2e,mapped,VH-FN-B33-0003,Electrical Issues,2025-11-16 11:22:00.000,,High,Normal,,,,,0,,0,,No recorded resolution time; ticket not evaluated.,median,,2026-08-06T14:42:36
e59b8693-c216-f7a0-2b8d-e0f32303ee18,VISH-25-12-0980,,,,Other,2025-12-10 02:29:00.000,,Low,Normal,,,,,0,,0,,No recorded resolution time; ticket not evaluated.,median,,2026-08-06T14:42:36
17328753-a5c5-1f60-e28a-9b49fa7d88b5,VISH-26-01-0981,999d799d-ddf8-4e3e-9913-bf8a20411d21,mapped,VH-AC-B33-0003,AC Issues,2026-01-29 21:27:00.000,,High,Normal,,,,,0,,0,,No recorded resolution time; ticket not evaluated.,median,,2026-08-06T14:42:36
5a2444ea-07e6-ed92-4e88-8ce8c301eabb,VISH-25-11-0982,,,,Furniture,2025-11-20 21:49:00.000,,Low,Normal,,,,,0,,0,,No recorded resolution time; ticket not evaluated.,median,,2026-08-06T14:42:36
9065ed47-28c5-ddb8-a33c-4b971bea31d9,VISH-25-11-0983,,,,Plumbing,2025-11-20 21:53:00.000,,Low,Normal,,,,,0,,0,,No recorded resolution time; ticket not evaluated.,median,,2026-08-06T14:42:36
af5bb683-0bb1-484c-812a-6c365e52ad8a,VISH-25-10-0984,,,,RO Water Issues,2025-10-18 18:31:00.000,,Low,Normal,,,,,0,,0,,No recorded resolution time; ticket not evaluated.,median,,2026-08-06T14:42:36
e4cac291-f415-0324-2de7-52b987aafabc,VISH-25-12-0985,,,,Plumbing,2025-12-05 22:12:00.000,,Low,Normal,,,,,0,,0,,No recorded resolution time; ticket not evaluated.,median,,2026-08-06T14:42:36
90c31ba1-869a-fdc8-be8e-965549b7287d,VISH-25-12-0986,,,,Plumbing,2025-12-05 22:13:00.000,,Low,Normal,,,,,0,,0,,No recorded resolution time; ticket not evaluated.,median,,2026-08-06T14:42:36
f07c107b-1e23-b654-2ba7-81e6d9650bd7,VISH-26-02-0987,,,,Washing machine Issue,2026-02-08 13:42:00.000,,Low,Normal,,,,,0,,0,,No recorded resolution time; ticket not evaluated.,median,,2026-08-06T14:42:36
f30105ad-0686-e5c3-9260-847b452c3f09,VISH-26-02-0988,,,,Other,2026-02-08 13:43:00.000,,Low,Normal,,,,,0,,0,,No recorded resolution time; ticket not evaluated.,median,,2026-08-06T14:42:36
f786ac47-d29a-9f0b-acd2-c179e0d5c49e,VISH-26-02-0989,,,,AC Issues,2026-02-17 12:21:00.000,,Low,Normal,,,,,0,,0,,No recorded resolution time; ticket not evaluated.,median,,2026-08-06T14:42:36
6c82af21-3118-bc00-d7d7-b17d04a03d84,VISH-26-03-0990,,,,AC Issues,2026-03-10 14:40:00.000,,Low,Normal,,,,,0,,0,,No recorded resolution time; ticket not evaluated.,median,,2026-08-06T14:42:36
0a89b554-b3fb-a037-300d-b6700f9ea741,VISH-26-02-0997,98885f45-4010-403c-8884-8649d4cdd02a,direct,VH-RO-A23-0001,RO Water Issues,2026-02-27 22:12:00.000,,Verified,Normal,,,,,0,,0,,No recorded resolution time; ticket not evaluated.,median,,2026-08-06T14:42:36
1fdfe0db-a50f-8eb9-b0ef-6eb600ad4b20,VISH-25-12-0991,,,,Other,2025-12-16 15:25:00.000,,Low,Normal,,,,,0,,0,,No recorded resolution time; ticket not evaluated.,median,,2026-08-06T14:42:36
ec1414fb-cf85-4da2-c91b-435bcbe0bedf,VISH-26-03-0992,,,,RO Water Issues,2026-03-07 09:53:00.000,,Low,Normal,,,,,0,,0,,No recorded resolution time; ticket not evaluated.,median,,2026-08-06T14:42:36
f76bea3c-a024-2745-4b06-c1021739cddf,VISH-26-03-0993,,,,Washing machine Issue,2026-03-07 09:54:00.000,,Low,Normal,,,,,0,,0,,No recorded resolution time; ticket not evaluated.,median,,2026-08-06T14:42:36
7fb63f92-3d08-f01c-d3bb-36d5a14e53a1,VISH-26-03-0994,affc59e1-4e50-4b39-9026-c4adbf601fdb,mapped,VH-FN-B14-0002,Electrical Issues,2026-03-05 17:24:00.000,,High,Normal,,,,,0,,0,,No recorded resolution time; ticket not evaluated.,median,,2026-08-06T14:42:36
b784ebad-ba4a-a89b-f48b-765c27359637,VISH-26-03-0995,,,,Furniture,2026-03-05 17:26:00.000,,Low,Normal,,,,,0,,0,,No recorded resolution time; ticket not evaluated.,median,,2026-08-06T14:42:36
f48d3aa0-e5e8-3cfe-115b-f5106cf97e9f,VISH-26-02-0996,bb6e04f9-78bd-4e10-921f-10a2f48b185f,mapped,VH-AC-A23-0002,AC Issues,2026-02-06 00:27:00.000,,High,Normal,,,,,0,,0,,No recorded resolution time; ticket not evaluated.,median,,2026-08-06T14:42:36
aaf86792-b98d-1597-72ca-01e51d266008,VISH-26-01-0998,,,,Cleaning Issues,2026-01-16 22:08:00.000,,Low,Normal,,,,,0,,0,,No recorded resolution time; ticket not evaluated.,median,,2026-08-06T14:42:36
a6ec090b-d381-1f63-6f28-1bb81b6d0ec5,VISH-26-02-0999,,,,Internet Issues,2026-02-08 13:46:00.000,,Low,Normal,,,,,0,,0,,No recorded resolution time; ticket not evaluated.,median,,2026-08-06T14:42:36
0572540d-7d3d-cd44-9ef0-84a477a4859b,VISH-26-02-1000,,,,Internet Issues,2026-02-14 01:41:00.000,,Low,Normal,,,,,0,,0,,No recorded resolution time; ticket not evaluated.,median,,2026-08-06T14:42:36
13ee6ea9-d5b3-fd62-c035-e9bb1d8e7fe6,VISH-26-02-1001,,,,Internet Issues,2026-02-14 14:03:00.000,,Low,Normal,,,,,0,,0,,No recorded resolution time; ticket not evaluated.,median,,2026-08-06T14:42:36
480e1668-6e43-9dc4-959d-3963c3e3241d,VISH-26-03-1002,,,,Internet Issues,2026-03-17 19:25:00.000,,Low,Normal,,,,,0,,0,,No recorded resolution time; ticket not evaluated.,median,,2026-08-06T14:42:36
14d0b195-1ffe-975f-40ea-5fe1145df246,VISH-26-02-1003,,,,Washing machine Issue,2026-02-01 13:22:00.000,,Low,Normal,,,,,0,,0,,No recorded resolution time; ticket not evaluated.,median,,2026-08-06T14:42:36
5cb7e17e-1c68-3dd4-1d87-b0da116c9bff,VISH-26-02-1004,9a617a18-45e3-4139-8e9b-4babbc1c20eb,mapped,VH-AC-A23-0003,AC Issues,2026-02-13 01:50:00.000,,High,Normal,,,,,0,,0,,No recorded resolution time; ticket not evaluated.,median,,2026-08-06T14:42:36
08f019f5-aa34-6393-259c-8e382deecf44,VISH-26-02-1005,,,,Other,2026-02-13 01:50:00.000,,Low,Normal,,,,,0,,0,,No recorded resolution time; ticket not evaluated.,median,,2026-08-06T14:42:36
5ffb0b10-ca2c-0d93-3b99-c455861c885c,VISH-26-02-1006,,,,Plumbing,2026-02-13 01:51:00.000,,Low,Normal,,,,,0,,0,,No recorded resolution time; ticket not evaluated.,median,,2026-08-06T14:42:36
89cf9415-cb4b-a9d1-bb61-ecb5e2aaa387,VISH-26-03-1007,,,,Plumbing,2026-03-02 21:38:00.000,,Low,Normal,,,,,0,,0,,No recorded resolution time; ticket not evaluated.,median,,2026-08-06T14:42:36
4e65b997-6dbd-5e6a-2790-5433ef5a8664,VISH-26-02-1008,,,,RO Water Issues,2026-02-08 22:53:00.000,,Low,Normal,,,,,0,,0,,No recorded resolution time; ticket not evaluated.,median,,2026-08-06T14:42:36
1aba1441-2df9-79da-5819-d950afda374e,VISH-26-02-1009,1f66dc02-27aa-4363-bd97-2df70371ebb0,mapped,VH-AC-B24-0001,AC Issues,2026-02-08 22:54:00.000,,High,Normal,,,,,0,,0,,No recorded resolution time; ticket not evaluated.,median,,2026-08-06T14:42:36
1297c3c4-025b-4f26-c633-718fc36ed0ee,VISH-26-02-1010,,,,Furniture,2026-02-16 00:08:00.000,,Medium,Normal,,,,,0,,0,,No recorded resolution time; ticket not evaluated.,median,,2026-08-06T14:42:36
8d69ff83-3b77-b53e-15d6-cb22c193e5a1,VISH-26-02-1011,1f66dc02-27aa-4363-bd97-2df70371ebb0,mapped,VH-AC-B24-0001,AC Issues,2026-02-16 00:08:00.000,,High,Normal,,,,,0,,0,,No recorded resolution time; ticket not evaluated.,median,,2026-08-06T14:42:36
ea45107c-8117-e94f-238f-5a2a66b9f1ee,VISH-26-03-1012,,,,Other,2026-03-12 00:19:00.000,,Low,Normal,,,,,0,,0,,No recorded resolution time; ticket not evaluated.,median,,2026-08-06T14:42:36
d8ac9d4d-262c-01ac-c1f9-4436162b2e95,VISH-26-03-1013,,,,Internet Issues,2026-03-14 20:59:00.000,,Low,Normal,,,,,0,,0,,No recorded resolution time; ticket not evaluated.,median,,2026-08-06T14:42:36
27f8d0e4-1105-9ba5-cbdf-1b73d5c8f7fa,VISH-26-03-1014,1f66dc02-27aa-4363-bd97-2df70371ebb0,mapped,VH-AC-B24-0001,AC Issues,2026-03-18 23:52:00.000,,High,Normal,,,,,0,,0,,No recorded resolution time; ticket not evaluated.,median,,2026-08-06T14:42:36
69c81b2b-edb9-f6b2-751a-223d282840df,VISH-26-03-1015,,,,Other,2026-03-18 23:54:00.000,,Low,Normal,,,,,0,,0,,No recorded resolution time; ticket not evaluated.,median,,2026-08-06T14:42:36
621220cf-d586-225a-2015-4c269cdcce23,VISH-26-02-1016,,,,AC Issues,2026-02-08 22:49:00.000,,Low,Normal,,,,,0,,0,,No recorded resolution time; ticket not evaluated.,median,,2026-08-06T14:42:36
d5372a25-6e83-df83-ddec-2223d3361967,VISH-26-02-1017,,,,RO Water Issues,2026-02-08 22:55:00.000,,Low,Normal,,,,,0,,0,,No recorded resolution time; ticket not evaluated.,median,,2026-08-06T14:42:36
76d4e83a-f486-5e8c-e50a-fae0a7740d4b,VISH-26-02-1018,,,,AC Issues,2026-02-15 22:40:00.000,,Low,Normal,,,,,0,,0,,No recorded resolution time; ticket not evaluated.,median,,2026-08-06T14:42:36
03dd5932-a744-d556-f6df-d587ca1d1a8f,VISH-26-03-1019,,,,AC Issues,2026-03-14 20:53:00.000,,Low,Normal,,,,,0,,0,,No recorded resolution time; ticket not evaluated.,median,,2026-08-06T14:42:36
7f38453a-97e7-d781-41c6-ae3e648a45c7,VISH-26-03-1020,,,,Fridge Issues,2026-03-02 22:05:00.000,,Low,Normal,,,,,0,,0,,No recorded resolution time; ticket not evaluated.,median,,2026-08-06T14:42:36
614e6ff4-beb4-bf82-cda2-ad9fd855eaf4,VISH-26-03-1021,,,,Furniture,2026-03-02 22:08:00.000,,Low,Normal,,,,,0,,0,,No recorded resolution time; ticket not evaluated.,median,,2026-08-06T14:42:36
9f554f6d-697f-0963-d5c1-2d14d15be9ce,VISH-26-01-1022,,,,RO Water Issues,2026-01-29 22:01:00.000,,Low,Normal,,,,,0,,0,,No recorded resolution time; ticket not evaluated.,median,,2026-08-06T14:42:36
1edfb329-5f3a-1274-ed2d-d13041a43352,VISH-26-02-1023,,,,AC Issues,2026-02-02 11:12:00.000,,Low,Normal,,,,,0,,0,,No recorded resolution time; ticket not evaluated.,median,,2026-08-06T14:42:36
e02ffcaf-5ebc-8c38-d6f8-b784d77ec015,VISH-26-02-1024,,,,Cleaning Issues,2026-02-19 11:29:00.000,,Low,Normal,,,,,0,,0,,No recorded resolution time; ticket not evaluated.,median,,2026-08-06T14:42:36
b63d6c63-ac9e-04e3-8068-387d8a2604ac,VISH-26-02-1025,,,,Cleaning Issues,2026-02-19 11:33:00.000,,Low,Normal,,,,,0,,0,,No recorded resolution time; ticket not evaluated.,median,,2026-08-06T14:42:36
47460e2a-6de5-9f3c-e85d-26a87e88b9f9,VISH-26-02-1026,,,,Cleaning Issues,2026-02-19 11:39:00.000,,Low,Normal,,,,,0,,0,,No recorded resolution time; ticket not evaluated.,median,,2026-08-06T14:42:36
91b192c9-411f-105d-d6ec-927d7c2dee6b,VISH-26-02-1027,,,,Furniture,2026-02-25 23:36:00.000,,Medium,Normal,,,,,0,,0,,No recorded resolution time; ticket not evaluated.,median,,2026-08-06T14:42:36
356c677e-db70-f33b-f02f-ce37c899ca6e,VISH-26-03-1028,,,,Furniture,2026-03-13 20:58:00.000,,Medium,Normal,,,,,0,,0,,No recorded resolution time; ticket not evaluated.,median,,2026-08-06T14:42:36
6ad64ebc-fb2d-1b48-26e8-7981913864c5,VISH-26-03-1029,,,,Plumbing,2026-03-18 22:32:00.000,,Low,Normal,,,,,0,,0,,No recorded resolution time; ticket not evaluated.,median,,2026-08-06T14:42:36
e78bc5cf-1343-a638-4a87-8217095ae1d3,VISH-26-03-1030,ab789334-fbcd-43c7-bee0-ff6a046cfaab,mapped,VH-FN-C12-0003,Electrical Issues,2026-03-18 22:40:00.000,,High,Normal,,,,,0,,0,,No recorded resolution time; ticket not evaluated.,median,,2026-08-06T14:42:36
80eb03c0-513c-da92-e47b-dd2f93a5f84b,VISH-26-01-1031,,,,Plumbing,2026-01-20 13:01:00.000,,Low,Normal,,,,,0,,0,,No recorded resolution time; ticket not evaluated.,median,,2026-08-06T14:42:36
ebd37461-93f5-9c36-a2fb-878d4d81fd60,VISH-26-02-1032,,,,Other,2026-02-16 15:01:00.000,,Low,Normal,,,,,0,,0,,No recorded resolution time; ticket not evaluated.,median,,2026-08-06T14:42:36
6467266a-fc62-74a4-2746-da4c889a1cb8,VISH-26-02-1034,,,,RO Water Issues,2026-02-05 19:15:00.000,,Medium,Normal,,,,,0,,0,,No recorded resolution time; ticket not evaluated.,median,,2026-08-06T14:42:36
1e804873-1f01-2439-a1b2-e24dface96d9,VISH-26-02-1035,,,,Other,2026-02-12 17:52:00.000,,Low,Normal,,,,,0,,0,,No recorded resolution time; ticket not evaluated.,median,,2026-08-06T14:42:36
57584f0a-35f3-99af-bc46-f728d7ce662b,VISH-26-02-1036,38024f17-c961-4963-a0ed-d681e192a3f6,mapped,VH-AC-C42-0001,AC Issues,2026-02-25 21:31:00.000,,High,Normal,,,,,0,,0,,No recorded resolution time; ticket not evaluated.,median,,2026-08-06T14:42:36
a110dcd6-57ff-f65e-a9f4-ad68d52f5ed7,VISH-26-03-1037,,,,Internet Issues,2026-03-14 08:20:00.000,,Low,Normal,,,,,0,,0,,No recorded resolution time; ticket not evaluated.,median,,2026-08-06T14:42:36
a0fd9654-eb9e-da53-7b73-6db617b432e2,VISH-26-01-1038,d9a2ce08-6abd-43c3-bbf2-33b0c187a3b5,mapped,VH-AC-C31-0003,AC Issues,2026-01-31 15:15:00.000,,High,Normal,,,,,0,,0,,No recorded resolution time; ticket not evaluated.,median,,2026-08-06T14:42:36
53a8bb41-b03a-6d85-efe4-aed7c835660c,VISH-26-03-1039,d9a2ce08-6abd-43c3-bbf2-33b0c187a3b5,mapped,VH-AC-C31-0003,AC Issues,2026-03-08 19:23:00.000,,High,Normal,,,,,0,,0,,No recorded resolution time; ticket not evaluated.,median,,2026-08-06T14:42:36
014cb7c7-f017-ac40-2dae-689e423794d2,VISH-26-03-1040,,,,Cleaning Issues,2026-03-10 18:55:00.000,,Low,Normal,,,,,0,,0,,No recorded resolution time; ticket not evaluated.,median,,2026-08-06T14:42:36
ae693564-6289-cfb1-cead-e6d8e4e9ba2c,VISH-26-03-1041,d9a2ce08-6abd-43c3-bbf2-33b0c187a3b5,mapped,VH-AC-C31-0003,AC Issues,2026-03-24 22:55:00.000,,High,Normal,,,,,0,,0,,No recorded resolution time; ticket not evaluated.,median,,2026-08-06T14:42:36
97beeab7-5ad1-8122-7784-1c690ab3e70b,VISH-26-03-1042,7a8faef7-aab4-43c5-bf03-b4a1561577db,mapped,VH-FN-C31-0004,Electrical Issues,2026-03-20 12:41:00.000,,High,Normal,,,,,0,,0,,No recorded resolution time; ticket not evaluated.,median,,2026-08-06T14:42:36
f7eef293-0543-ae3f-98e3-6366264442e5,VISH-26-03-1043,7a8faef7-aab4-43c5-bf03-b4a1561577db,mapped,VH-FN-C31-0004,Electrical Issues,2026-03-20 12:45:00.000,,High,Normal,,,,,0,,0,,No recorded resolution time; ticket not evaluated.,median,,2026-08-06T14:42:36
e1b17952-5bbe-3339-31a2-20244c2c0f99,VISH-26-02-1044,,,,Furniture,2026-02-18 19:29:00.000,,Low,Normal,,,,,0,,0,,No recorded resolution time; ticket not evaluated.,median,,2026-08-06T14:42:36
9110e092-c877-fb73-70df-be1c73151790,VISH-26-03-1045,,,,AC Issues,2026-03-25 05:22:00.000,,Low,Normal,,,,,0,,0,,No recorded resolution time; ticket not evaluated.,median,,2026-08-06T14:42:36
47b2b55c-b767-6e9a-26cb-5622dc4edd18,VISH-26-02-1046,,,,Furniture,2026-02-28 08:58:00.000,,Medium,Normal,,,,,0,,0,,No recorded resolution time; ticket not evaluated.,median,,2026-08-06T14:42:36
49b58c99-5f2f-43ea-aa8e-87a305d018af,VIST-26-05-00131,f43c6f19-35a1-4330-9869-01dc2d4d62ef,direct,VH-BS-C12-0002,Furniture,2026-05-28 04:50:01.977,20.34,Verified,Normal,,,,,0,,0,,"No manager-verified repair history for this asset, asset type, or issue type yet; no verified baseline available, so this ticket is not evaluated.",median,,2026-08-06T14:42:36
524eeb41-a60a-79da-43ac-8bc88c3c896d,VISH-26-02-1047,,,,Other,2026-02-28 09:01:00.000,,Low,Normal,,,,,0,,0,,No recorded resolution time; ticket not evaluated.,median,,2026-08-06T14:42:36
1df9b841-b039-6bcd-9e05-d24b1c3734f6,VISH-26-03-1048,690f675a-c094-4d91-98ac-96d339f5ef64,mapped,VH-AC-C42-0002,AC Issues,2026-03-01 14:32:00.000,,High,Normal,,,,,0,,0,,No recorded resolution time; ticket not evaluated.,median,,2026-08-06T14:42:36
e54040bc-7aed-d0df-3aa7-bed6b9f9f947,VISH-26-03-1049,,,,Other,2026-03-05 11:05:00.000,,Low,Normal,,,,,0,,0,,No recorded resolution time; ticket not evaluated.,median,,2026-08-06T14:42:36
498461fa-8dd5-2b1e-cda5-8f1433301f13,VISH-26-02-1050,,,,Other,2026-02-24 15:17:00.000,,Low,Normal,,,,,0,,0,,No recorded resolution time; ticket not evaluated.,median,,2026-08-06T14:42:36
f207d573-6afe-b507-8793-1d3c151d84ef,VISH-26-02-1051,,,,Cleaning Issues,2026-02-24 15:18:00.000,,Low,Normal,,,,,0,,0,,No recorded resolution time; ticket not evaluated.,median,,2026-08-06T14:42:36
68bd2885-5f97-208d-4f8a-dc5e09d6afde,VISH-26-02-1052,,,,Furniture,2026-02-24 15:19:00.000,,Low,Normal,,,,,0,,0,,No recorded resolution time; ticket not evaluated.,median,,2026-08-06T14:42:36
09cae616-8152-3e63-adc9-7e7a2e6095b0,VISH-26-02-1053,,,,Cleaning Issues,2026-02-24 15:21:00.000,,Low,Normal,,,,,0,,0,,No recorded resolution time; ticket not evaluated.,median,,2026-08-06T14:42:36
784240b2-b503-0cee-4a69-b79ff2613149,VISH-26-03-1054,,,,Other,2026-03-18 23:00:00.000,,Low,Normal,,,,,0,,0,,No recorded resolution time; ticket not evaluated.,median,,2026-08-06T14:42:36
afb8cf37-0927-b4d3-8281-30726617bf6a,VISH-26-03-1055,ad75c377-9acf-491b-a138-6bf57009111c,mapped,VH-AC-B42-0001,AC Issues,2026-03-24 12:18:00.000,,High,Normal,,,,,0,,0,,No recorded resolution time; ticket not evaluated.,median,,2026-08-06T14:42:36
fb1f6a8e-4b6d-2eb3-ed71-10704003ca93,VISH-26-03-1056,,,,Other,2026-03-14 11:49:00.000,,Low,Normal,,,,,0,,0,,No recorded resolution time; ticket not evaluated.,median,,2026-08-06T14:42:36
9a513701-4c62-424e-9aa7-c38eff6c017b,VISH-26-03-1057,,,,Other,2026-03-14 11:56:00.000,,Low,Normal,,,,,0,,0,,No recorded resolution time; ticket not evaluated.,median,,2026-08-06T14:42:36
cc8dabc0-557f-445d-9bf0-6297ded41835,VIST-26-05-00068,,,,Electrical Issues,2026-05-12 07:47:09.055,15.94,Unmapped,Normal,,,,,0,,0,,"No manager-verified repair history for this asset, asset type, or issue type yet; no verified baseline available, so this ticket is not evaluated.",median,,2026-08-06T14:42:36
0a249101-dd5f-4a12-9c3a-07a92226137a,VIST-26-04-00013,,,,Cleaning Issues,2026-04-22 07:50:46.088,17.82,Low,Normal,,,,,0,,0,,"No manager-verified repair history for this asset, asset type, or issue type yet; no verified baseline available, so this ticket is not evaluated.",median,,2026-08-06T14:42:36
c1b52572-c0ee-4d6f-8b4b-19e97105217b,VIST-26-04-00049,6bb4484a-8055-40b3-8309-ba92c7a3fb62,direct,VH-WM-C21-0001,Washing machine Issue,2026-04-28 04:38:00.194,19.58,Verified,Normal,,,,,0,,0,,"No manager-verified repair history for this asset, asset type, or issue type yet; no verified baseline available, so this ticket is not evaluated.",median,,2026-08-06T14:42:36
ad083df7-9c0d-12d8-d880-224050e43b60,VISH-25-04-0001,,,,Furniture,2025-04-09 18:10:00.000,,Low,Normal,,,,,0,,0,,No recorded resolution time; ticket not evaluated.,median,,2026-08-06T14:42:36
e80fac36-7f85-ed6e-9b77-6ebc94fbad08,VISH-25-04-0002,,,,Furniture,2025-04-20 18:12:00.000,,Low,Normal,,,,,0,,0,,No recorded resolution time; ticket not evaluated.,median,,2026-08-06T14:42:36
482b850c-7344-192d-6f61-7c2f30322ece,VISH-25-04-0003,,,,RO Water Issues,2025-04-15 20:14:00.000,,Low,Normal,,,,,0,,0,,No recorded resolution time; ticket not evaluated.,median,,2026-08-06T14:42:36
d081735b-45d5-6930-7ecc-9ba290d94909,VISH-25-04-0004,,,,RO Water Issues,2025-04-15 20:14:00.000,,Low,Normal,,,,,0,,0,,No recorded resolution time; ticket not evaluated.,median,,2026-08-06T14:42:36
63b7cc7b-7577-a332-84d8-3363422b089a,VISH-25-07-0005,,,,Internet Issues,2025-07-15 13:25:00.000,,Low,Normal,,,,,0,,0,,No recorded resolution time; ticket not evaluated.,median,,2026-08-06T14:42:36
b3e1c5b7-dadf-5ebd-3b5e-8e9da2466dc7,VISH-25-07-0006,,,,RO Water Issues,2025-07-15 15:53:00.000,,Low,Normal,,,,,0,,0,,No recorded resolution time; ticket not evaluated.,median,,2026-08-06T14:42:36
610c6ef8-9e8e-ad7d-53c5-259a0e43c9cb,VISH-25-09-0007,,,,Other,2025-09-29 16:29:00.000,,Low,Normal,,,,,0,,0,,No recorded resolution time; ticket not evaluated.,median,,2026-08-06T14:42:36
c7fbe84d-8e28-db31-8a39-da887d69982c,VISH-25-09-0008,,,,Other,2025-09-29 16:35:00.000,,Low,Normal,,,,,0,,0,,No recorded resolution time; ticket not evaluated.,median,,2026-08-06T14:42:36
c817bd3e-161f-a005-b447-e0679be1418c,VISH-25-09-0009,,,,Other,2025-09-29 16:55:00.000,,Low,Normal,,,,,0,,0,,No recorded resolution time; ticket not evaluated.,median,,2026-08-06T14:42:36
b0f62c52-692f-b276-0bbd-50005572c3ef,VISH-25-12-0010,,,,Other,2025-12-11 11:32:00.000,,Low,Normal,,,,,0,,0,,No recorded resolution time; ticket not evaluated.,median,,2026-08-06T14:42:36
6689d353-c81c-120f-019c-b088c521dafb,VISH-25-12-0011,,,,Furniture,2025-12-27 13:24:00.000,,Low,Normal,,,,,0,,0,,No recorded resolution time; ticket not evaluated.,median,,2026-08-06T14:42:36
b87825e2-0121-09f6-274d-8d5148be80f7,VISH-26-03-0012,,,,Internet Issues,2026-03-02 12:48:00.000,,Low,Normal,,,,,0,,0,,No recorded resolution time; ticket not evaluated.,median,,2026-08-06T14:42:36
2219302c-fd07-0f43-2d78-9271b8c38dae,VISH-26-03-0013,,,,Internet Issues,2026-03-02 14:37:00.000,,Low,Normal,,,,,0,,0,,No recorded resolution time; ticket not evaluated.,median,,2026-08-06T14:42:36
9201790b-de85-739c-a3bd-a8185eb484fc,VISH-26-03-0014,,,,Billing Issues,2026-03-02 14:41:00.000,,Low,Normal,,,,,0,,0,,No recorded resolution time; ticket not evaluated.,median,,2026-08-06T14:42:36
be11261f-5493-9e7c-0155-16852657b8b9,VISH-26-03-0015,,,,Internet Issues,2026-03-12 18:16:00.000,,Low,Normal,,,,,0,,0,,No recorded resolution time; ticket not evaluated.,median,,2026-08-06T14:42:36
6d63af98-5c89-9093-a7b6-d3cfe37dc9c7,VISH-26-03-0016,,,,Internet Issues,2026-03-12 18:31:00.000,,Low,Normal,,,,,0,,0,,No recorded resolution time; ticket not evaluated.,median,,2026-08-06T14:42:36
434ca6ed-8fc5-cbb9-8ff2-999b535f94b7,VISH-25-03-0017,,,,Plumbing,2025-03-04 19:02:00.000,,Low,Normal,,,,,0,,0,,No recorded resolution time; ticket not evaluated.,median,,2026-08-06T14:42:36
08f20369-8c81-9bfe-f8f1-e5b66940a311,VISH-25-03-0018,,,,Internet Issues,2025-03-16 12:37:00.000,,Low,Normal,,,,,0,,0,,No recorded resolution time; ticket not evaluated.,median,,2026-08-06T14:42:36
197c1909-c115-b48f-c7db-608feb7f6151,VISH-25-04-0019,,,,Furniture,2025-04-12 13:17:00.000,,Low,Normal,,,,,0,,0,,No recorded resolution time; ticket not evaluated.,median,,2026-08-06T14:42:36
d0567dac-8c86-d7cb-d1ea-30f478982a88,VISH-25-05-0020,64446452-f9e9-42d6-98d4-dc9aab5f2985,mapped,VH-AC-D12-0001,AC Issues,2025-05-26 01:35:00.000,,High,Normal,,,,,0,,0,,No recorded resolution time; ticket not evaluated.,median,,2026-08-06T14:42:36
fc7c612f-84e9-ac8a-17de-f68fb024d3d9,VISH-25-05-0021,,,,Internet Issues,2025-05-27 14:49:00.000,,Low,Normal,,,,,0,,0,,No recorded resolution time; ticket not evaluated.,median,,2026-08-06T14:42:36
6461b6d0-fd1c-df62-937d-770556f3ca78,VISH-25-05-0022,,,,Internet Issues,2025-05-27 14:49:00.000,,Low,Normal,,,,,0,,0,,No recorded resolution time; ticket not evaluated.,median,,2026-08-06T14:42:36
5df1f489-5450-e236-8313-402f7e12d88a,VISH-25-05-0023,,,,Internet Issues,2025-05-27 14:49:00.000,,Low,Normal,,,,,0,,0,,No recorded resolution time; ticket not evaluated.,median,,2026-08-06T14:42:36
3f4db417-d4d8-acce-3be1-0c7922e53e2e,VISH-25-05-0024,,,,Internet Issues,2025-05-27 14:49:00.000,,Low,Normal,,,,,0,,0,,No recorded resolution time; ticket not evaluated.,median,,2026-08-06T14:42:36
70ae761f-808e-7c4b-f576-6287eb0ce294,VISH-25-06-0025,,,,Other,2025-06-30 19:42:00.000,,Low,Normal,,,,,0,,0,,No recorded resolution time; ticket not evaluated.,median,,2026-08-06T14:42:36
b6178ef3-4c72-e931-f379-1822fc371017,VISH-25-03-0026,,,,Other,2025-03-10 21:21:00.000,,Low,Normal,,,,,0,,0,,No recorded resolution time; ticket not evaluated.,median,,2026-08-06T14:42:36
5c308b09-2750-c596-2408-e88621129da4,VISH-25-03-0027,,,,Other,2025-03-10 21:21:00.000,,Low,Normal,,,,,0,,0,,No recorded resolution time; ticket not evaluated.,median,,2026-08-06T14:42:36
4df5928b-5c95-6cd9-d960-33626578ae6c,VISH-25-11-0028,5255813b-afa8-4222-9151-d1b9ecbf3f06,mapped,VH-FN-B42-0003,Electrical Issues,2025-11-29 12:09:00.000,,High,Normal,,,,,0,,0,,No recorded resolution time; ticket not evaluated.,median,,2026-08-06T14:42:36
a5ec4e65-3b89-709f-a548-7a4e84fdae41,VISH-25-05-0029,,,,Furniture,2025-05-10 12:18:00.000,,Low,Normal,,,,,0,,0,,No recorded resolution time; ticket not evaluated.,median,,2026-08-06T14:42:36
77ba3295-631e-26cd-3785-48da40448148,VISH-25-07-0030,,,,Washing machine Issue,2025-07-30 17:08:00.000,,Low,Normal,,,,,0,,0,,No recorded resolution time; ticket not evaluated.,median,,2026-08-06T14:42:36
4133b508-ad94-d651-c631-effeae31b33d,VISH-25-08-0031,,,,Washing machine Issue,2025-08-19 20:53:00.000,,Low,Normal,,,,,0,,0,,No recorded resolution time; ticket not evaluated.,median,,2026-08-06T14:42:36
d7e7be03-0135-651d-000d-837d6b3fa476,VISH-25-05-0032,,,,Other,2025-05-15 07:07:00.000,,Low,Normal,,,,,0,,0,,No recorded resolution time; ticket not evaluated.,median,,2026-08-06T14:42:36
5e0ecf89-2b66-8ad0-7146-430737109586,VISH-25-06-0033,,,,Other,2025-06-07 13:37:00.000,,Low,Normal,,,,,0,,0,,No recorded resolution time; ticket not evaluated.,median,,2026-08-06T14:42:36
e75be53b-546d-2a9e-7f23-8f298c88ad5c,VISH-25-08-0034,,,,Other,2025-08-05 04:39:00.000,,Low,Normal,,,,,0,,0,,No recorded resolution time; ticket not evaluated.,median,,2026-08-06T14:42:36
1c5f7abc-2c5c-2539-629e-2cd16a08ab09,VISH-25-04-0035,,,,Internet Issues,2025-04-01 21:33:00.000,,Low,Normal,,,,,0,,0,,No recorded resolution time; ticket not evaluated.,median,,2026-08-06T14:42:36
4d3d7725-09ab-e4fa-d5ae-3ec2f9008155,VISH-25-04-0036,,,,Cleaning Issues,2025-04-01 21:34:00.000,,Low,Normal,,,,,0,,0,,No recorded resolution time; ticket not evaluated.,median,,2026-08-06T14:42:36
3ed32b48-c463-50fb-814c-3de0afc29a2e,VISH-25-04-0037,,,,Cleaning Issues,2025-04-01 22:55:00.000,,Low,Normal,,,,,0,,0,,No recorded resolution time; ticket not evaluated.,median,,2026-08-06T14:42:36
0df78abe-895d-6b2d-2c0e-d08c2cc09528,VISH-25-04-0038,,,,Plumbing,2025-04-01 22:58:00.000,,Low,Normal,,,,,0,,0,,No recorded resolution time; ticket not evaluated.,median,,2026-08-06T14:42:36
2afbc190-ef89-547a-a712-5a1baf55e2c0,VISH-25-05-0039,,,,Washing machine Issue,2025-05-30 21:28:00.000,,Low,Normal,,,,,0,,0,,No recorded resolution time; ticket not evaluated.,median,,2026-08-06T14:42:36
cb88e974-53e8-cb0b-72fb-1e8409b7b2fd,VISH-25-05-0040,,,,Plumbing,2025-05-19 11:56:00.000,,Low,Normal,,,,,0,,0,,No recorded resolution time; ticket not evaluated.,median,,2026-08-06T14:42:36
7fd5bc9b-4cb3-8e7b-e296-aacc70fe390e,VISH-25-05-0041,,,,AC Issues,2025-05-19 12:00:00.000,,Low,Normal,,,,,0,,0,,No recorded resolution time; ticket not evaluated.,median,,2026-08-06T14:42:36
79e5bb21-22c6-8b79-43b3-505f455eb348,VISH-25-05-0042,,,,Electrical Issues,2025-05-25 15:59:00.000,,Low,Normal,,,,,0,,0,,No recorded resolution time; ticket not evaluated.,median,,2026-08-06T14:42:36
24e69fce-725c-f859-23d2-09810c7e72d4,VISH-25-09-0043,,,,Other,2025-09-10 21:18:00.000,,Low,Normal,,,,,0,,0,,No recorded resolution time; ticket not evaluated.,median,,2026-08-06T14:42:36
09963920-afc7-8fcd-7829-b30987557b55,VISH-25-10-0044,,,,Billing Issues,2025-10-31 16:51:00.000,,Low,Normal,,,,,0,,0,,No recorded resolution time; ticket not evaluated.,median,,2026-08-06T14:42:36
c571eabe-749c-29ef-9207-0956a6800bb5,VISH-25-09-0045,9ed56090-544a-4a8e-942c-109b962ba12b,mapped,VH-FN-C42-0003,Electrical Issues,2025-09-23 17:26:00.000,,High,Normal,,,,,0,,0,,No recorded resolution time; ticket not evaluated.,median,,2026-08-06T14:42:36
ddf94358-0ea9-0871-0ed0-f48cc421d721,VISH-25-08-0046,,,,RO Water Issues,2025-08-26 20:02:00.000,,Low,Normal,,,,,0,,0,,No recorded resolution time; ticket not evaluated.,median,,2026-08-06T14:42:36
ce6db03e-7f9f-4564-73e7-e9d29ff78ab4,VISH-25-08-0047,9d1e311a-cb0a-4ed0-a1a5-54bafa0ca837,mapped,VH-FN-A41-0003,Electrical Issues,2025-08-26 20:02:00.000,,High,Normal,,,,,0,,0,,No recorded resolution time; ticket not evaluated.,median,,2026-08-06T14:42:36
aea3d88b-c517-2783-3d05-48f0546c4c57,VISH-25-09-0048,9d1e311a-cb0a-4ed0-a1a5-54bafa0ca837,mapped,VH-FN-A41-0003,Electrical Issues,2025-09-06 09:55:00.000,,High,Normal,,,,,0,,0,,No recorded resolution time; ticket not evaluated.,median,,2026-08-06T14:42:36
1142fbaa-dcc7-de1b-7bd8-be142ffa15cc,VISH-25-09-0049,,,,Internet Issues,2025-09-11 20:03:00.000,,Low,Normal,,,,,0,,0,,No recorded resolution time; ticket not evaluated.,median,,2026-08-06T14:42:36
09f81b2c-72e7-709d-5ba1-360f8646c884,VISH-25-09-0050,,,,Fridge Issues,2025-09-16 18:08:00.000,,Low,Normal,,,,,0,,0,,No recorded resolution time; ticket not evaluated.,median,,2026-08-06T14:42:36
1656ff84-c36f-d856-7314-b0a25a415913,VISH-25-09-0051,,,,Plumbing,2025-09-23 19:30:00.000,,Low,Normal,,,,,0,,0,,No recorded resolution time; ticket not evaluated.,median,,2026-08-06T14:42:36
0c08f06f-7a08-3220-ee9c-6522b0b93825,VISH-25-09-0052,9d1e311a-cb0a-4ed0-a1a5-54bafa0ca837,mapped,VH-FN-A41-0003,Electrical Issues,2025-09-28 12:30:00.000,,High,Normal,,,,,0,,0,,No recorded resolution time; ticket not evaluated.,median,,2026-08-06T14:42:36
e81d0e92-c8ae-73c9-50de-586fcc1cbdf3,VISH-25-09-0053,9d1e311a-cb0a-4ed0-a1a5-54bafa0ca837,mapped,VH-FN-A41-0003,Electrical Issues,2025-09-28 12:30:00.000,,High,Normal,,,,,0,,0,,No recorded resolution time; ticket not evaluated.,median,,2026-08-06T14:42:36
2a3327d0-872c-007c-4a67-2a0a9b03c93b,VISH-25-09-0054,9d1e311a-cb0a-4ed0-a1a5-54bafa0ca837,mapped,VH-FN-A41-0003,Electrical Issues,2025-09-28 12:30:00.000,,High,Normal,,,,,0,,0,,No recorded resolution time; ticket not evaluated.,median,,2026-08-06T14:42:36
e61cc2bb-931d-59e6-1e2e-316293ff05e4,VISH-25-09-0055,9d1e311a-cb0a-4ed0-a1a5-54bafa0ca837,mapped,VH-FN-A41-0003,Electrical Issues,2025-09-28 12:31:00.000,,High,Normal,,,,,0,,0,,No recorded resolution time; ticket not evaluated.,median,,2026-08-06T14:42:36
10811cf6-6fa4-5c54-010e-863a8da4067e,VISH-25-10-0056,,,,Plumbing,2025-10-04 17:20:00.000,,Low,Normal,,,,,0,,0,,No recorded resolution time; ticket not evaluated.,median,,2026-08-06T14:42:36
85bd1fef-51ab-3b14-6151-74d7fb0d6b7c,VISH-25-10-0057,71701352-6d07-4b20-b6f7-7b70117dd5a3,mapped,VH-AC-A41-0003,AC Issues,2025-10-11 11:43:00.000,,High,Normal,,,,,0,,0,,No recorded resolution time; ticket not evaluated.,median,,2026-08-06T14:42:36
abf38d2d-6fbf-d102-0915-ad1fa7488dca,VISH-25-10-0058,,,,Washing machine Issue,2025-10-30 18:48:00.000,,Low,Normal,,,,,0,,0,,No recorded resolution time; ticket not evaluated.,median,,2026-08-06T14:42:36
e61d9b86-53e5-4ae3-755d-e8cb399dac7d,VISH-25-10-0059,,,,RO Water Issues,2025-10-30 18:48:00.000,,Low,Normal,,,,,0,,0,,No recorded resolution time; ticket not evaluated.,median,,2026-08-06T14:42:36
bfe6d0a1-db47-03ef-da0c-0b770d03b44b,VISH-25-11-0060,,,,RO Water Issues,2025-11-04 18:53:00.000,,Low,Normal,,,,,0,,0,,No recorded resolution time; ticket not evaluated.,median,,2026-08-06T14:42:36
8507f042-7a29-c3b6-3408-e31b541a76c2,VISH-25-11-0061,,,,Plumbing,2025-11-26 18:16:00.000,,Low,Normal,,,,,0,,0,,No recorded resolution time; ticket not evaluated.,median,,2026-08-06T14:42:36
68f2b79b-99a7-fd31-c664-933f4296a50d,VISH-25-11-0062,9d1e311a-cb0a-4ed0-a1a5-54bafa0ca837,mapped,VH-FN-A41-0003,Electrical Issues,2025-11-29 12:16:00.000,,High,Normal,,,,,0,,0,,No recorded resolution time; ticket not evaluated.,median,,2026-08-06T14:42:36
fd95aa3b-dc52-7809-ca1e-c3a77c98640a,VISH-26-02-0063,71701352-6d07-4b20-b6f7-7b70117dd5a3,mapped,VH-AC-A41-0003,AC Issues,2026-02-14 09:25:00.000,,High,Normal,,,,,0,,0,,No recorded resolution time; ticket not evaluated.,median,,2026-08-06T14:42:36
247a627c-f744-8179-498c-0e2e95528e61,VISH-26-02-0064,,,,Washing machine Issue,2026-02-14 09:30:00.000,,Low,Normal,,,,,0,,0,,No recorded resolution time; ticket not evaluated.,median,,2026-08-06T14:42:36
cc6809fa-9153-7415-8aae-5e6e06e85431,VISH-26-02-0065,71701352-6d07-4b20-b6f7-7b70117dd5a3,mapped,VH-AC-A41-0003,AC Issues,2026-02-15 13:58:00.000,,High,Normal,,,,,0,,0,,No recorded resolution time; ticket not evaluated.,median,,2026-08-06T14:42:36
d452baaa-641a-24de-db04-0e27f16ba62c,VISH-26-02-0066,,,,RO Water Issues,2026-02-23 08:36:00.000,,Low,Normal,,,,,0,,0,,No recorded resolution time; ticket not evaluated.,median,,2026-08-06T14:42:36
85ca321f-ffd0-7ab3-e1f7-8924bcc14eef,VISH-26-02-0067,,,,Fridge Issues,2026-02-23 08:37:00.000,,Low,Normal,,,,,0,,0,,No recorded resolution time; ticket not evaluated.,median,,2026-08-06T14:42:36
28ec0694-a088-19c4-4323-cd4553956079,VISH-26-03-0068,71701352-6d07-4b20-b6f7-7b70117dd5a3,mapped,VH-AC-A41-0003,AC Issues,2026-03-03 09:05:00.000,,High,Normal,,,,,0,,0,,No recorded resolution time; ticket not evaluated.,median,,2026-08-06T14:42:36
1e57c28b-1320-4b79-cf80-804c62ce33b0,VISH-26-03-0069,,,,Plumbing,2026-03-05 10:15:00.000,,Low,Normal,,,,,0,,0,,No recorded resolution time; ticket not evaluated.,median,,2026-08-06T14:42:36
03531a0e-3965-ab08-3d56-2dd34942f46c,VISH-26-03-0070,,,,Plumbing,2026-03-11 21:23:00.000,,Low,Normal,,,,,0,,0,,No recorded resolution time; ticket not evaluated.,median,,2026-08-06T14:42:36
9f53b279-80bb-d6c2-ac64-4a431b95bc5b,VISH-26-03-0071,71701352-6d07-4b20-b6f7-7b70117dd5a3,mapped,VH-AC-A41-0003,AC Issues,2026-03-13 23:20:00.000,,High,Normal,,,,,0,,0,,No recorded resolution time; ticket not evaluated.,median,,2026-08-06T14:42:36
df177e35-34fa-282b-99e3-d357ab89c159,VISH-25-06-0072,,,,Other,2025-06-03 21:20:00.000,,Low,Normal,,,,,0,,0,,No recorded resolution time; ticket not evaluated.,median,,2026-08-06T14:42:36
62d4d454-72a1-4a9c-bf74-5e76d38d73a1,VISH-25-06-0073,,,,Other,2025-06-22 07:38:00.000,,Low,Normal,,,,,0,,0,,No recorded resolution time; ticket not evaluated.,median,,2026-08-06T14:42:36
1dbdc9f9-607f-b4cc-0686-3b37b5ff8e2f,VISH-26-01-0074,,,,RO Water Issues,2026-01-20 16:06:00.000,,Low,Normal,,,,,0,,0,,No recorded resolution time; ticket not evaluated.,median,,2026-08-06T14:42:36
2e931b7a-d306-ca07-b025-a6de8424a0ef,VISH-26-01-0075,,,,Other,2026-01-20 16:09:00.000,,Low,Normal,,,,,0,,0,,No recorded resolution time; ticket not evaluated.,median,,2026-08-06T14:42:36
4847fed3-1b82-6638-f5a1-7a9693648c96,VISH-26-01-0076,,,,Plumbing,2026-01-20 19:55:00.000,,Low,Normal,,,,,0,,0,,No recorded resolution time; ticket not evaluated.,median,,2026-08-06T14:42:36
5a925b9c-d1f8-0566-47d4-8ed4dd46dbb8,VISH-26-02-0077,,,,Other,2026-02-17 18:15:00.000,,Low,Normal,,,,,0,,0,,No recorded resolution time; ticket not evaluated.,median,,2026-08-06T14:42:36
24b7914b-5e48-2a00-b1ea-b8902ec62020,VISH-26-02-0079,df1d62da-3735-4274-b898-260ef96db619,mapped,VH-FN-A24-0003,Electrical Issues,2026-02-17 18:19:00.000,,High,Normal,,,,,0,,0,,No recorded resolution time; ticket not evaluated.,median,,2026-08-06T14:42:36
0a4cd8f2-2db8-9935-1b30-54c32fcbc537,VISH-25-02-0080,,,,AC Issues,2025-02-25 19:36:00.000,,Low,Normal,,,,,0,,0,,No recorded resolution time; ticket not evaluated.,median,,2026-08-06T14:42:36
203ce1fb-f4ef-1b37-08de-ac71a6646312,VISH-25-02-0081,,,,Electrical Issues,2025-02-25 19:38:00.000,,Low,Normal,,,,,0,,0,,No recorded resolution time; ticket not evaluated.,median,,2026-08-06T14:42:36
0e58e701-d08d-a59c-2ad8-3f1a8c69219c,VISH-25-03-0082,,,,Plumbing,2025-03-30 11:57:00.000,,Low,Normal,,,,,0,,0,,No recorded resolution time; ticket not evaluated.,median,,2026-08-06T14:42:36
23404ee7-bf50-01a4-3fac-ca1189241380,VISH-25-04-0083,,,,AC Issues,2025-04-17 02:50:00.000,,Low,Normal,,,,,0,,0,,No recorded resolution time; ticket not evaluated.,median,,2026-08-06T14:42:36
e3104f55-5184-c89b-8fdd-b79b306522b5,VISH-25-05-0084,,,,AC Issues,2025-05-13 00:56:00.000,,Low,Normal,,,,,0,,0,,No recorded resolution time; ticket not evaluated.,median,,2026-08-06T14:42:36
447d278c-ec24-ea0d-d97e-612c035047aa,VISH-25-05-0085,,,,AC Issues,2025-05-25 17:39:00.000,,Low,Normal,,,,,0,,0,,No recorded resolution time; ticket not evaluated.,median,,2026-08-06T14:42:36
a6ec186d-73a9-1f62-04cf-cc99bb49e59b,VISH-25-11-0086,,,,Electrical Issues,2025-11-29 12:08:00.000,,Low,Normal,,,,,0,,0,,No recorded resolution time; ticket not evaluated.,median,,2026-08-06T14:42:36
a0b9da19-2d75-f36c-381c-cc12226c6796,VISH-26-03-0087,,,,RO Water Issues,2026-03-21 13:52:00.000,,Medium,Normal,,,,,0,,0,,No recorded resolution time; ticket not evaluated.,median,,2026-08-06T14:42:36
8a8311f9-e077-c1eb-9d82-bf29c1cb8760,VISH-25-03-0088,,,,RO Water Issues,2025-03-01 20:27:00.000,,Low,Normal,,,,,0,,0,,No recorded resolution time; ticket not evaluated.,median,,2026-08-06T14:42:36
dad411af-d52f-f78c-9f02-9e68d034ff23,VISH-25-03-0089,,,,RO Water Issues,2025-03-01 20:43:00.000,,Low,Normal,,,,,0,,0,,No recorded resolution time; ticket not evaluated.,median,,2026-08-06T14:42:36
ac3b2089-fd17-8405-c0da-36694478e99a,VISH-25-09-0090,,,,Plumbing,2025-09-02 13:47:00.000,,Low,Normal,,,,,0,,0,,No recorded resolution time; ticket not evaluated.,median,,2026-08-06T14:42:36
e3380041-43a8-3990-0d7e-afbde37b3059,VISH-25-10-0091,,,,Internet Issues,2025-10-09 12:59:00.000,,Low,Normal,,,,,0,,0,,No recorded resolution time; ticket not evaluated.,median,,2026-08-06T14:42:36
4127a382-8952-99ca-1643-4cdf2ad23be1,VISH-26-02-0092,,,,Furniture,2026-02-10 21:50:00.000,,Medium,Normal,,,,,0,,0,,No recorded resolution time; ticket not evaluated.,median,,2026-08-06T14:42:36
c0b69336-c6f6-d65a-f712-53e612261f9e,VISH-26-02-0093,,,,Furniture,2026-02-10 21:51:00.000,,Medium,Normal,,,,,0,,0,,No recorded resolution time; ticket not evaluated.,median,,2026-08-06T14:42:36
5eca8d51-c2b6-ec11-b6e6-89dd2897b075,VISH-26-02-0094,,,,Washing machine Issue,2026-02-16 22:56:00.000,,Low,Normal,,,,,0,,0,,No recorded resolution time; ticket not evaluated.,median,,2026-08-06T14:42:36
bc76ebbc-cb82-bdd7-d9c6-de4748cd0326,VISH-26-02-0095,,,,Furniture,2026-02-17 20:36:00.000,,Medium,Normal,,,,,0,,0,,No recorded resolution time; ticket not evaluated.,median,,2026-08-06T14:42:36
981261d4-3c5b-8adc-db69-ae84bcc1dba3,VISH-25-04-0096,b40ecc8b-216d-40e6-93a8-ca852ecd0b88,mapped,VH-AC-B12-0003,AC Issues,2025-04-07 21:08:00.000,,High,Normal,,,,,0,,0,,No recorded resolution time; ticket not evaluated.,median,,2026-08-06T14:42:36
1a1395c3-f76b-19bf-1d27-c52cc4711aa6,VISH-25-04-0097,b40ecc8b-216d-40e6-93a8-ca852ecd0b88,mapped,VH-AC-B12-0003,AC Issues,2025-04-07 21:08:00.000,,High,Normal,,,,,0,,0,,No recorded resolution time; ticket not evaluated.,median,,2026-08-06T14:42:36
05d64e3b-69dd-31cc-8145-43d4e66a50f4,VISH-25-04-0098,,,,Internet Issues,2025-04-17 21:52:00.000,,Low,Normal,,,,,0,,0,,No recorded resolution time; ticket not evaluated.,median,,2026-08-06T14:42:36
d9460800-359b-4052-f607-37cbccea4f3e,VISH-25-04-0099,,,,Furniture,2025-04-20 13:05:00.000,,Medium,Normal,,,,,0,,0,,No recorded resolution time; ticket not evaluated.,median,,2026-08-06T14:42:36
f9dad515-1c6b-4b4f-4de5-8520cd2993b5,VISH-25-04-0100,,,,Plumbing,2025-04-30 09:58:00.000,,Low,Normal,,,,,0,,0,,No recorded resolution time; ticket not evaluated.,median,,2026-08-06T14:42:36
fb51ea4d-9db5-2145-4d51-c0cc488c77cc,VISH-25-06-0101,b40ecc8b-216d-40e6-93a8-ca852ecd0b88,mapped,VH-AC-B12-0003,AC Issues,2025-06-05 18:40:00.000,,High,Normal,,,,,0,,0,,No recorded resolution time; ticket not evaluated.,median,,2026-08-06T14:42:36
51eaca41-c28a-29b0-99c6-ab86a1ece54b,VISH-25-06-0102,,,,Furniture,2025-06-05 18:41:00.000,,Medium,Normal,,,,,0,,0,,No recorded resolution time; ticket not evaluated.,median,,2026-08-06T14:42:36
39be7a6d-dc55-7d43-7ebc-b1224b409f99,VISH-25-06-0103,,,,Washing machine Issue,2025-06-23 12:06:00.000,,Low,Normal,,,,,0,,0,,No recorded resolution time; ticket not evaluated.,median,,2026-08-06T14:42:36
426a131a-c589-9ad6-e71c-7850a464b002,VISH-25-07-0104,,,,Other,2025-07-02 01:11:00.000,,Low,Normal,,,,,0,,0,,No recorded resolution time; ticket not evaluated.,median,,2026-08-06T14:42:36
2f805829-2fb8-7a88-3d1c-2e6f3078d664,VISH-25-07-0105,,,,Other,2025-07-02 01:12:00.000,,Low,Normal,,,,,0,,0,,No recorded resolution time; ticket not evaluated.,median,,2026-08-06T14:42:36
426fd85d-0eae-4e36-2d0a-74ee0148d9b4,VISH-25-05-0106,,,,Other,2025-05-31 13:19:00.000,,Low,Normal,,,,,0,,0,,No recorded resolution time; ticket not evaluated.,median,,2026-08-06T14:42:36
912e14a6-6b54-baf4-5eaf-c485f59e5529,VISH-25-05-0107,,,,Other,2025-05-31 13:19:00.000,,Low,Normal,,,,,0,,0,,No recorded resolution time; ticket not evaluated.,median,,2026-08-06T14:42:36
1dc17326-126e-c888-59c5-f65ba7f151b3,VISH-25-05-0108,,,,Other,2025-05-31 13:21:00.000,,Low,Normal,,,,,0,,0,,No recorded resolution time; ticket not evaluated.,median,,2026-08-06T14:42:36
f3acbb18-9cf1-6150-3522-83ecf16cc409,VISH-25-08-0109,,,,Furniture,2025-08-06 15:51:00.000,,Medium,Normal,,,,,0,,0,,No recorded resolution time; ticket not evaluated.,median,,2026-08-06T14:42:36
ea46b250-7c89-56bc-6da1-73cddb149d51,VISH-25-02-0110,,,,AC Issues,2025-02-18 13:57:00.000,,Low,Normal,,,,,0,,0,,No recorded resolution time; ticket not evaluated.,median,,2026-08-06T14:42:36
16824e25-1f75-89a0-9bc8-1d0749eccfa8,VISH-25-04-0111,,,,AC Issues,2025-04-21 18:25:00.000,,Low,Normal,,,,,0,,0,,No recorded resolution time; ticket not evaluated.,median,,2026-08-06T14:42:36
3bc479ca-6d81-09b6-6ecb-30ec2cf68781,VISH-25-04-0112,,,,Electrical Issues,2025-04-22 13:45:00.000,,Low,Normal,,,,,0,,0,,No recorded resolution time; ticket not evaluated.,median,,2026-08-06T14:42:36
0ccf2132-aaa6-a3d2-640d-87700fd8d69c,VISH-25-04-0113,,,,Plumbing,2025-04-22 13:46:00.000,,Low,Normal,,,,,0,,0,,No recorded resolution time; ticket not evaluated.,median,,2026-08-06T14:42:36
61d44faa-d7f1-67a8-b8fe-8dda77dcc66c,VISH-25-04-0114,,,,Washing machine Issue,2025-04-22 13:47:00.000,,Low,Normal,,,,,0,,0,,No recorded resolution time; ticket not evaluated.,median,,2026-08-06T14:42:36
fb2a8321-828e-f0b6-2f8e-4edc9a9f8bc0,VISH-25-04-0115,,,,Washing machine Issue,2025-04-22 13:48:00.000,,Low,Normal,,,,,0,,0,,No recorded resolution time; ticket not evaluated.,median,,2026-08-06T14:42:36
41b155ae-0f70-9866-7ebd-1596f05e95c4,VISH-25-04-0116,,,,AC Issues,2025-04-22 13:49:00.000,,Low,Normal,,,,,0,,0,,No recorded resolution time; ticket not evaluated.,median,,2026-08-06T14:42:36
645aeafa-c16f-4cfc-0e99-6cf755a10311,VISH-25-04-0117,,,,AC Issues,2025-04-28 22:48:00.000,,Low,Normal,,,,,0,,0,,No recorded resolution time; ticket not evaluated.,median,,2026-08-06T14:42:36
8e402122-6b6b-6fc7-cace-ed00f0853c59,VISH-25-05-0118,,,,AC Issues,2025-05-17 02:25:00.000,,Low,Normal,,,,,0,,0,,No recorded resolution time; ticket not evaluated.,median,,2026-08-06T14:42:36
41d3cf70-f318-b786-4010-902e3fd05280,VISH-25-08-0119,,,,AC Issues,2025-08-02 16:40:00.000,,Low,Normal,,,,,0,,0,,No recorded resolution time; ticket not evaluated.,median,,2026-08-06T14:42:36
46bb75e7-11af-198c-0abf-9e1bffda7010,VISH-25-08-0120,,,,Furniture,2025-08-02 16:42:00.000,,Medium,Normal,,,,,0,,0,,No recorded resolution time; ticket not evaluated.,median,,2026-08-06T14:42:36
f88b2c3f-8ae0-b291-402a-962c760dfe06,VISH-25-08-0121,,,,Cleaning Issues,2025-08-09 05:25:00.000,,Low,Normal,,,,,0,,0,,No recorded resolution time; ticket not evaluated.,median,,2026-08-06T14:42:36
09c5b0a5-24b7-28fb-288c-8469809c38fe,VISH-25-09-0122,,,,Plumbing,2025-09-23 06:57:00.000,,Low,Normal,,,,,0,,0,,No recorded resolution time; ticket not evaluated.,median,,2026-08-06T14:42:36
54541597-831f-7957-88dd-62cedd74b747,VISH-25-10-0123,,,,Electrical Issues,2025-10-26 23:34:00.000,,Low,Normal,,,,,0,,0,,No recorded resolution time; ticket not evaluated.,median,,2026-08-06T14:42:36
117f9f22-b73f-e9dd-8f22-c26ca7f4570d,VISH-25-11-0124,,,,Washing machine Issue,2025-11-06 16:07:00.000,,Low,Normal,,,,,0,,0,,No recorded resolution time; ticket not evaluated.,median,,2026-08-06T14:42:36
b6d17344-d2da-e8d7-812e-f76c7a390e58,VISH-26-01-0125,,,,Electrical Issues,2026-01-12 21:10:00.000,,Low,Normal,,,,,0,,0,,No recorded resolution time; ticket not evaluated.,median,,2026-08-06T14:42:36
3ab4faa5-abf5-31b8-fdbf-8ffb543cdbb0,VISH-25-08-0126,,,,AC Issues,2025-08-02 10:37:00.000,,Medium,Normal,,,,,0,,0,,No recorded resolution time; ticket not evaluated.,median,,2026-08-06T14:42:36
74049431-1314-fb4a-0d41-7894a6035d00,VISH-25-09-0127,,,,Plumbing,2025-09-01 07:34:00.000,,Low,Normal,,,,,0,,0,,No recorded resolution time; ticket not evaluated.,median,,2026-08-06T14:42:36
2cb9a7fb-76a2-068b-b739-041830b3edd7,VISH-25-09-0128,,,,RO Water Issues,2025-09-01 07:41:00.000,,Medium,Normal,,,,,0,,0,,No recorded resolution time; ticket not evaluated.,median,,2026-08-06T14:42:36
cc629fcc-fb15-5872-b444-904e2646d3f3,VISH-25-09-0129,,,,Internet Issues,2025-09-15 09:19:00.000,,Low,Normal,,,,,0,,0,,No recorded resolution time; ticket not evaluated.,median,,2026-08-06T14:42:36
6071c6e8-f56c-00d1-94a1-f3a3de65dce0,VISH-25-10-0130,,,,Other,2025-10-07 20:52:00.000,,Low,Normal,,,,,0,,0,,No recorded resolution time; ticket not evaluated.,median,,2026-08-06T14:42:36
760c7838-d6cc-4adc-250b-62e58c4d778b,VISH-25-10-0131,,,,Furniture,2025-10-28 14:30:00.000,,Low,Normal,,,,,0,,0,,No recorded resolution time; ticket not evaluated.,median,,2026-08-06T14:42:36
3e853e5e-a856-aa19-34e3-dcb41b13f242,VISH-25-10-0132,,,,Other,2025-10-28 14:32:00.000,,Low,Normal,,,,,0,,0,,No recorded resolution time; ticket not evaluated.,median,,2026-08-06T14:42:36
4536fcf1-5efd-28ec-bb95-8f03c474f0e8,VISH-26-03-0133,,,,AC Issues,2026-03-14 13:35:00.000,,Medium,Normal,,,,,0,,0,,No recorded resolution time; ticket not evaluated.,median,,2026-08-06T14:42:36
8a25d154-e210-da76-4518-9865e5e371aa,VISH-26-03-0134,,,,Furniture,2026-03-14 13:38:00.000,,Low,Normal,,,,,0,,0,,No recorded resolution time; ticket not evaluated.,median,,2026-08-06T14:42:36
b4b7dc1d-1b9a-63b3-30cb-7aa3d300777f,VISH-26-03-0135,,,,Other,2026-03-14 13:42:00.000,,Low,Normal,,,,,0,,0,,No recorded resolution time; ticket not evaluated.,median,,2026-08-06T14:42:36
fb578592-2baf-dd51-b8b9-02d1693c76bf,VISH-26-03-0136,,,,AC Issues,2026-03-14 13:44:00.000,,Medium,Normal,,,,,0,,0,,No recorded resolution time; ticket not evaluated.,median,,2026-08-06T14:42:36
6f80f35f-b19a-21b3-8506-ce7c8bc05b65,VISH-26-03-0137,,,,Other,2026-03-14 13:47:00.000,,Low,Normal,,,,,0,,0,,No recorded resolution time; ticket not evaluated.,median,,2026-08-06T14:42:36
97309cb0-0ca8-b857-156e-e16a7dc4efd2,VISH-25-04-0138,,,,Plumbing,2025-04-25 10:29:00.000,,Low,Normal,,,,,0,,0,,No recorded resolution time; ticket not evaluated.,median,,2026-08-06T14:42:36
070592e9-2623-5baa-060d-4ec50c858f8a,VISH-25-04-0139,,,,AC Issues,2025-04-25 10:30:00.000,,Low,Normal,,,,,0,,0,,No recorded resolution time; ticket not evaluated.,median,,2026-08-06T14:42:36
ad41337b-a0e9-0cf0-1699-b242bd846869,VISH-25-09-0140,,,,Plumbing,2025-09-20 11:43:00.000,,Low,Normal,,,,,0,,0,,No recorded resolution time; ticket not evaluated.,median,,2026-08-06T14:42:36
f5439bfe-94e3-9824-71c6-0421874bdb74,VISH-25-09-0141,ab789334-fbcd-43c7-bee0-ff6a046cfaab,mapped,VH-FN-C12-0003,Electrical Issues,2025-09-20 11:44:00.000,,High,Normal,,,,,0,,0,,No recorded resolution time; ticket not evaluated.,median,,2026-08-06T14:42:36
e8b6876e-8665-cbc6-95b3-2037ef921736,VISH-25-02-0142,,,,Other,2025-02-25 11:29:00.000,,Low,Normal,,,,,0,,0,,No recorded resolution time; ticket not evaluated.,median,,2026-08-06T14:42:36
c8756a49-286a-a3f4-4a90-af32c2bb21b1,VISH-25-06-0143,,,,Other,2025-06-21 14:14:00.000,,Low,Normal,,,,,0,,0,,No recorded resolution time; ticket not evaluated.,median,,2026-08-06T14:42:36
a23925d3-7c20-2966-b16a-0a16d0d973bf,VISH-25-06-0144,,,,Furniture,2025-06-28 17:47:00.000,,Low,Normal,,,,,0,,0,,No recorded resolution time; ticket not evaluated.,median,,2026-08-06T14:42:36
332a0b92-f032-da4b-e51c-31a35375db98,VISH-25-08-0145,,,,Plumbing,2025-08-30 13:33:00.000,,Low,Normal,,,,,0,,0,,No recorded resolution time; ticket not evaluated.,median,,2026-08-06T14:42:36
aadff554-5571-6661-3741-dc22842e3252,VISH-26-02-0146,,,,Electrical Issues,2026-02-25 10:44:00.000,,Low,Normal,,,,,0,,0,,No recorded resolution time; ticket not evaluated.,median,,2026-08-06T14:42:36
326e574d-22b2-1849-ac5c-b2677b7cf820,VISH-25-02-0147,03f8aa98-9864-42fd-921e-06eddab47e98,mapped,VH-AC-C34-0002,AC Issues,2025-02-26 21:47:00.000,,High,Normal,,,,,0,,0,,No recorded resolution time; ticket not evaluated.,median,,2026-08-06T14:42:36
79a4fa68-ffe9-5fc6-32cf-fcbc279047db,VISH-25-06-0148,,,,Cleaning Issues,2025-06-06 13:18:00.000,,Low,Normal,,,,,0,,0,,No recorded resolution time; ticket not evaluated.,median,,2026-08-06T14:42:36
7239c720-1796-50ef-ae84-dfd071ee0282,VISH-25-06-0149,,,,Furniture,2025-06-06 13:23:00.000,,Low,Normal,,,,,0,,0,,No recorded resolution time; ticket not evaluated.,median,,2026-08-06T14:42:36
1dd2c106-4258-400a-1a32-7d97685a4147,VISH-25-02-0150,03f8aa98-9864-42fd-921e-06eddab47e98,mapped,VH-AC-C34-0002,AC Issues,2025-02-26 21:47:00.000,,High,Normal,,,,,0,,0,,No recorded resolution time; ticket not evaluated.,median,,2026-08-06T14:42:36
eb28aba7-2121-5158-67cd-31bd0f594c53,VISH-25-06-0151,,,,Cleaning Issues,2025-06-06 13:18:00.000,,Low,Normal,,,,,0,,0,,No recorded resolution time; ticket not evaluated.,median,,2026-08-06T14:42:36
56bf799d-78dc-cf98-7c9c-ae28fd077b67,VISH-25-06-0152,,,,Furniture,2025-06-06 13:23:00.000,,Low,Normal,,,,,0,,0,,No recorded resolution time; ticket not evaluated.,median,,2026-08-06T14:42:36
23a9dd24-c837-a686-d288-270f0c83192f,VISH-25-08-0153,,,,Cleaning Issues,2025-08-09 11:09:00.000,,Low,Normal,,,,,0,,0,,No recorded resolution time; ticket not evaluated.,median,,2026-08-06T14:42:36
62a23cb9-2c0d-f789-7ca4-2116d1668f48,VISH-25-08-0154,,,,Cleaning Issues,2025-08-09 11:54:00.000,,Low,Normal,,,,,0,,0,,No recorded resolution time; ticket not evaluated.,median,,2026-08-06T14:42:36
a845ff25-034e-46d8-1eb7-bb5369cb3262,VISH-25-10-0155,3cd43d6f-933d-4917-9b7d-296ae90d9d4f,mapped,VH-FN-C34-0002,Electrical Issues,2025-10-27 07:09:00.000,,High,Normal,,,,,0,,0,,No recorded resolution time; ticket not evaluated.,median,,2026-08-06T14:42:36
66204206-a7b6-515d-6da6-70b6ff4e2312,VISH-25-04-0156,,,,Other,2025-04-04 23:09:00.000,,Low,Normal,,,,,0,,0,,No recorded resolution time; ticket not evaluated.,median,,2026-08-06T14:42:36
252031ca-0ef5-8c6b-d2ff-1a00ca847936,VISH-25-04-0157,,,,Other,2025-04-04 23:09:00.000,,Low,Normal,,,,,0,,0,,No recorded resolution time; ticket not evaluated.,median,,2026-08-06T14:42:36
807d886e-74a3-8db1-e062-0491b7e0026f,VISH-25-04-0158,,,,Other,2025-04-04 23:09:00.000,,Low,Normal,,,,,0,,0,,No recorded resolution time; ticket not evaluated.,median,,2026-08-06T14:42:36
29997340-f115-502b-0d6c-7637b887e4dc,VISH-25-04-0159,,,,Other,2025-04-28 13:46:00.000,,Low,Normal,,,,,0,,0,,No recorded resolution time; ticket not evaluated.,median,,2026-08-06T14:42:36
23177e98-39bc-a0ed-8a61-e1f8d8d4f79d,VISH-25-02-0160,,,,Other,2025-02-17 19:01:00.000,,Low,Normal,,,,,0,,0,,No recorded resolution time; ticket not evaluated.,median,,2026-08-06T14:42:36
40ee49ea-91ec-0756-6c17-e660f8b67350,VISH-25-02-0161,,,,Other,2025-02-23 10:21:00.000,,Low,Normal,,,,,0,,0,,No recorded resolution time; ticket not evaluated.,median,,2026-08-06T14:42:36
7e427e2e-e414-cbed-387c-0e94af7907ab,VISH-25-02-0162,,,,Other,2025-02-23 10:21:00.000,,Low,Normal,,,,,0,,0,,No recorded resolution time; ticket not evaluated.,median,,2026-08-06T14:42:36
05e3d7c7-fc5a-f79b-ef5d-864e7e757deb,VISH-25-02-0163,,,,Other,2025-02-23 10:21:00.000,,Low,Normal,,,,,0,,0,,No recorded resolution time; ticket not evaluated.,median,,2026-08-06T14:42:36
dc6209b1-1df4-0207-754d-0d66d1a873d7,VISH-25-03-0164,f1f8b383-aa8d-4f9d-b51d-b4e8816bf9db,mapped,VH-FN-B12-0002,Electrical Issues,2025-03-17 05:41:00.000,,High,Normal,,,,,0,,0,,No recorded resolution time; ticket not evaluated.,median,,2026-08-06T14:42:36
9305429f-7bd9-af86-eb51-38dd47e9db23,VISH-25-04-0165,,,,AC Issues,2025-04-15 10:35:00.000,,Low,Normal,,,,,0,,0,,No recorded resolution time; ticket not evaluated.,median,,2026-08-06T14:42:36
dc849f5b-a5bb-60fc-84b4-b2f4a25f0ea2,VISH-25-04-0166,,,,Internet Issues,2025-04-15 18:05:00.000,,Low,Normal,,,,,0,,0,,No recorded resolution time; ticket not evaluated.,median,,2026-08-06T14:42:36
74120f49-0b22-3537-b5ec-d3c5572da009,VISH-25-09-0167,,,,AC Issues,2025-09-29 06:05:00.000,,Low,Normal,,,,,0,,0,,No recorded resolution time; ticket not evaluated.,median,,2026-08-06T14:42:36
ecdc4f67-27c8-d1ea-11dd-e41dcf5dfe6d,VISH-25-10-0168,,,,Other,2025-10-08 18:17:00.000,,Low,Normal,,,,,0,,0,,No recorded resolution time; ticket not evaluated.,median,,2026-08-06T14:42:36
59b655fe-f97b-daf6-e89d-fdb0e1945f1d,VISH-25-10-0169,,,,Other,2025-10-29 06:12:00.000,,Low,Normal,,,,,0,,0,,No recorded resolution time; ticket not evaluated.,median,,2026-08-06T14:42:36
e6e82b56-81dd-d808-0199-2e8da2bd3838,VISH-25-11-0170,,,,Other,2025-11-29 15:58:00.000,,Low,Normal,,,,,0,,0,,No recorded resolution time; ticket not evaluated.,median,,2026-08-06T14:42:36
f061e3f1-87fc-7754-0f2f-84162a953251,VISH-25-02-0171,,,,Washing machine Issue,2025-02-14 12:11:00.000,,Low,Normal,,,,,0,,0,,No recorded resolution time; ticket not evaluated.,median,,2026-08-06T14:42:36
fafbbe54-c3ff-f3c5-595a-a06cdb43c848,VISH-25-05-0172,,,,AC Issues,2025-05-13 13:40:00.000,,Low,Normal,,,,,0,,0,,No recorded resolution time; ticket not evaluated.,median,,2026-08-06T14:42:36
4c3f7bae-781c-1224-0222-ad3f94ce381d,VISH-25-02-0173,,,,Washing machine Issue,2025-02-22 17:21:00.000,,Low,Normal,,,,,0,,0,,No recorded resolution time; ticket not evaluated.,median,,2026-08-06T14:42:36
0286eca6-c356-4481-081f-29a964923811,VISH-25-02-0174,,,,Washing machine Issue,2025-02-22 17:21:00.000,,Low,Normal,,,,,0,,0,,No recorded resolution time; ticket not evaluated.,median,,2026-08-06T14:42:36
f40e33ee-142d-488a-db13-058960c1e4af,VISH-25-04-0175,,,,Furniture,2025-04-01 11:52:00.000,,Medium,Normal,,,,,0,,0,,No recorded resolution time; ticket not evaluated.,median,,2026-08-06T14:42:36
a2c8ff46-ac0a-424a-bcae-582dfd6db28e,VISH-2026-0024,15055f35-2f83-4054-97be-d4a5ebe1f0c4,direct,VH-CO-A23-0002,Furniture,2026-04-21 19:31:33.107,341.86,Verified,Normal,,,,,0,,0,,"No manager-verified repair history for this asset, asset type, or issue type yet; no verified baseline available, so this ticket is not evaluated.",median,,2026-08-06T14:42:36
c21ada41-f39e-4dc2-a692-e977fc9d3772,VIST-26-06-00101,1ecc31a0-bd06-47cd-97d6-08a6fc66b684,direct,VH-AC-C21-0004,Toilet Issues,,,Verified,Normal,,,,,0,,0,,No recorded resolution time; ticket not evaluated.,median,,2026-08-06T14:42:36
8acb89e3-ea87-4013-8fdf-7f56b6d7f6b2,VIST-26-05-00132,40273ebc-52da-4130-82f8-a28b466d4adc,direct,VH-AC-B11-0003,AC Issues,2026-05-28 10:21:16.693,19.78,Verified,Normal,,,,,0,,2,7.9,"No manager-verified repair history for this asset, asset type, or issue type yet; no verified baseline available, so this ticket is not evaluated.",median,,2026-08-06T14:42:36
6a9b6d23-6feb-e775-0c8e-83fe76169010,VISH-25-04-0176,,,,Fridge Issues,2025-04-01 14:23:00.000,,Low,Normal,,,,,0,,0,,No recorded resolution time; ticket not evaluated.,median,,2026-08-06T14:42:36
fa14fd02-b868-e37a-92b7-c20d6f0a5c10,VISH-25-08-0177,,,,Other,2025-08-06 16:34:00.000,,Low,Normal,,,,,0,,0,,No recorded resolution time; ticket not evaluated.,median,,2026-08-06T14:42:36
51807d31-16f9-9a56-70b6-59405dae842e,VISH-25-10-0178,,,,Washing machine Issue,2025-10-30 19:14:00.000,,Low,Normal,,,,,0,,0,,No recorded resolution time; ticket not evaluated.,median,,2026-08-06T14:42:36
8718b796-91e6-9c0c-92d2-c6d81c681770,VISH-25-10-0179,,,,Other,2025-10-30 19:15:00.000,,Low,Normal,,,,,0,,0,,No recorded resolution time; ticket not evaluated.,median,,2026-08-06T14:42:36
e8ed3a95-48e4-c823-b90e-b0e406766bf4,VISH-25-05-0180,,,,Electrical Issues,2025-05-24 19:36:00.000,,Low,Normal,,,,,0,,0,,No recorded resolution time; ticket not evaluated.,median,,2026-08-06T14:42:36
fa5cda43-b643-29b8-8e7b-2cdf427a67e3,VISH-25-05-0181,,,,Cleaning Issues,2025-05-29 20:29:00.000,,Low,Normal,,,,,0,,0,,No recorded resolution time; ticket not evaluated.,median,,2026-08-06T14:42:36
f064a275-3ae8-940a-4616-4aa677a8a5d6,VISH-25-07-0182,,,,Plumbing,2025-07-17 15:06:00.000,,Low,Normal,,,,,0,,0,,No recorded resolution time; ticket not evaluated.,median,,2026-08-06T14:42:36
aa5246b5-42ec-df14-577c-9ae981cb4ff6,VISH-25-07-0183,,,,Cleaning Issues,2025-07-17 16:22:00.000,,Low,Normal,,,,,0,,0,,No recorded resolution time; ticket not evaluated.,median,,2026-08-06T14:42:36
f4273f95-362a-d869-093c-d42cd4d9de4f,VISH-25-07-0184,,,,Plumbing,2025-07-22 13:35:00.000,,Low,Normal,,,,,0,,0,,No recorded resolution time; ticket not evaluated.,median,,2026-08-06T14:42:36
fa7d7055-c9d0-ff03-059c-9735424dc6bd,VISH-25-09-0185,,,,Cleaning Issues,2025-09-21 16:02:00.000,,Low,Normal,,,,,0,,0,,No recorded resolution time; ticket not evaluated.,median,,2026-08-06T14:42:36
c7648a8a-650a-798f-c536-b41de048c7dd,VISH-25-09-0186,,,,Other,2025-09-21 16:03:00.000,,Low,Normal,,,,,0,,0,,No recorded resolution time; ticket not evaluated.,median,,2026-08-06T14:42:36
0403bcc2-8ef7-44ec-1da3-00dd82ed1fab,VISH-25-11-0187,,,,Plumbing,2025-11-30 10:47:00.000,,Low,Normal,,,,,0,,0,,No recorded resolution time; ticket not evaluated.,median,,2026-08-06T14:42:36
651e134c-2a52-efdf-1276-13543df66fd4,VISH-25-11-0188,,,,Plumbing,2025-11-30 10:48:00.000,,Low,Normal,,,,,0,,0,,No recorded resolution time; ticket not evaluated.,median,,2026-08-06T14:42:36
0724df23-fa13-e288-2a8f-17e148ea51fb,VISH-25-12-0189,,,,Other,2025-12-07 16:52:00.000,,Low,Normal,,,,,0,,0,,No recorded resolution time; ticket not evaluated.,median,,2026-08-06T14:42:36
ae224d05-9645-7216-1523-43113a40dbbe,VISH-26-02-0190,,,,Electrical Issues,2026-02-20 10:30:00.000,,Low,Normal,,,,,0,,0,,No recorded resolution time; ticket not evaluated.,median,,2026-08-06T14:42:36
3f10393c-cd77-74ab-4261-2a3eeafd8217,VISH-26-02-0191,,,,Electrical Issues,2026-02-20 10:55:00.000,,Low,Normal,,,,,0,,0,,No recorded resolution time; ticket not evaluated.,median,,2026-08-06T14:42:36
902b2478-df95-2995-4a94-9c6a45f500f7,VISH-26-02-0192,,,,Plumbing,2026-02-20 10:56:00.000,,Low,Normal,,,,,0,,0,,No recorded resolution time; ticket not evaluated.,median,,2026-08-06T14:42:36
066cfbbc-b43a-c487-b9ca-a3e19c3bd308,VISH-26-02-0193,,,,Cleaning Issues,2026-02-20 10:56:00.000,,Low,Normal,,,,,0,,0,,No recorded resolution time; ticket not evaluated.,median,,2026-08-06T14:42:36
668fbf0a-6179-f053-0294-57280ffe5cb5,VISH-26-02-0194,,,,Cleaning Issues,2026-02-20 10:57:00.000,,Low,Normal,,,,,0,,0,,No recorded resolution time; ticket not evaluated.,median,,2026-08-06T14:42:36
7ad00c6e-9014-bbe1-8b23-68a6e4b22ad7,VISH-26-02-0195,,,,Furniture,2026-02-20 10:58:00.000,,Medium,Normal,,,,,0,,0,,No recorded resolution time; ticket not evaluated.,median,,2026-08-06T14:42:36
9f9b8f73-6644-3bed-a6ea-6334e8b89337,VISH-26-02-0196,,,,RO Water Issues,2026-02-24 12:07:00.000,,Low,Normal,,,,,0,,0,,No recorded resolution time; ticket not evaluated.,median,,2026-08-06T14:42:36
8bbc5f47-0b85-27d2-d660-bb4bbeb005ec,VISH-26-02-0197,,,,Cleaning Issues,2026-02-24 12:08:00.000,,Low,Normal,,,,,0,,0,,No recorded resolution time; ticket not evaluated.,median,,2026-08-06T14:42:36
e106bcdc-78ba-02cf-9589-368dc10bb2dc,VISH-25-03-0198,3005c67a-dd3b-4a53-a457-4b155602758d,mapped,VH-FN-B43-0001,Electrical Issues,2025-03-11 19:08:00.000,,High,Normal,,,,,0,,0,,No recorded resolution time; ticket not evaluated.,median,,2026-08-06T14:42:36
144a737a-98cb-64f8-3ec4-0406d92af671,VISH-25-03-0199,3005c67a-dd3b-4a53-a457-4b155602758d,mapped,VH-FN-B43-0001,Electrical Issues,2025-03-11 19:08:00.000,,High,Normal,,,,,0,,0,,No recorded resolution time; ticket not evaluated.,median,,2026-08-06T14:42:36
3c22fcd8-7379-4ce2-00f6-fd114d84f389,VISH-25-07-0200,,,,Internet Issues,2025-07-30 12:17:00.000,,Low,Normal,,,,,0,,0,,No recorded resolution time; ticket not evaluated.,median,,2026-08-06T14:42:36
4ffdcd63-b570-acda-f773-7073709ae98f,VISH-26-03-0201,,,,Fridge Issues,2026-03-07 09:00:00.000,,Low,Normal,,,,,0,,0,,No recorded resolution time; ticket not evaluated.,median,,2026-08-06T14:42:36
ad3474ad-6bd6-40ba-42f7-b62a14f0cb6e,VISH-26-03-0202,,,,Washing machine Issue,2026-03-07 09:01:00.000,,Low,Normal,,,,,0,,0,,No recorded resolution time; ticket not evaluated.,median,,2026-08-06T14:42:36
1eae2b63-2af5-bd4b-7f4a-57394ae9cb75,VISH-26-03-0203,,,,Other,2026-03-08 09:17:00.000,,Low,Normal,,,,,0,,0,,No recorded resolution time; ticket not evaluated.,median,,2026-08-06T14:42:36
c0a5fa74-cdcd-c23e-2d58-e3b1b502fa1b,VISH-25-02-0204,572c3a43-35ae-48cc-941e-77484386f1bd,mapped,VH-AC-C12-0004,AC Issues,2025-02-16 12:52:00.000,,High,Normal,,,,,0,,0,,No recorded resolution time; ticket not evaluated.,median,,2026-08-06T14:42:36
8c944ff6-cd23-6076-4cf5-20fdde397111,VISH-25-02-0205,572c3a43-35ae-48cc-941e-77484386f1bd,mapped,VH-AC-C12-0004,AC Issues,2025-02-16 12:52:00.000,,High,Normal,,,,,0,,0,,No recorded resolution time; ticket not evaluated.,median,,2026-08-06T14:42:36
78d47d55-37ad-f2cc-c16c-bb5f3647ccc0,VISH-25-02-0206,,,,RO Water Issues,2025-02-20 10:19:00.000,,Low,Normal,,,,,0,,0,,No recorded resolution time; ticket not evaluated.,median,,2026-08-06T14:42:36
0e2940ea-1484-9537-8245-126de31ead97,VISH-25-02-0207,,,,RO Water Issues,2025-02-20 10:19:00.000,,Low,Normal,,,,,0,,0,,No recorded resolution time; ticket not evaluated.,median,,2026-08-06T14:42:36
9d8efa81-f0ba-b4ba-ed77-a34da3d41735,VISH-25-02-0208,,,,RO Water Issues,2025-02-20 10:19:00.000,,Low,Normal,,,,,0,,0,,No recorded resolution time; ticket not evaluated.,median,,2026-08-06T14:42:36
201b5206-df00-626c-98ad-e448bdb1551d,VISH-25-02-0209,,,,RO Water Issues,2025-02-20 10:19:00.000,,Low,Normal,,,,,0,,0,,No recorded resolution time; ticket not evaluated.,median,,2026-08-06T14:42:36
386d9101-8d34-b85e-4c35-5567e05fc0e3,VISH-25-02-0210,,,,RO Water Issues,2025-02-20 10:19:00.000,,Low,Normal,,,,,0,,0,,No recorded resolution time; ticket not evaluated.,median,,2026-08-06T14:42:36
33c4fcea-1fab-9705-5e7a-49ead1f1a919,VISH-25-02-0211,,,,RO Water Issues,2025-02-20 10:19:00.000,,Low,Normal,,,,,0,,0,,No recorded resolution time; ticket not evaluated.,median,,2026-08-06T14:42:36
f880a3de-eff2-2145-29f1-5664ee9c6984,VISH-25-03-0212,572c3a43-35ae-48cc-941e-77484386f1bd,mapped,VH-AC-C12-0004,AC Issues,2025-03-11 11:46:00.000,,High,Normal,,,,,0,,0,,No recorded resolution time; ticket not evaluated.,median,,2026-08-06T14:42:36
de81cb45-76db-b939-c204-b73655735f8c,VISH-25-03-0213,,,,Electrical Issues,2025-03-16 12:27:00.000,,Low,Normal,,,,,0,,0,,No recorded resolution time; ticket not evaluated.,median,,2026-08-06T14:42:36
409160f3-8c48-9b1d-923f-ea28f3d96126,VISH-25-04-0214,,,,Plumbing,2025-04-05 11:59:00.000,,Low,Normal,,,,,0,,0,,No recorded resolution time; ticket not evaluated.,median,,2026-08-06T14:42:36
352a7be8-13bb-a32f-579c-73f8dc725e5c,VISH-25-04-0215,572c3a43-35ae-48cc-941e-77484386f1bd,mapped,VH-AC-C12-0004,AC Issues,2025-04-21 23:39:00.000,,High,Normal,,,,,0,,0,,No recorded resolution time; ticket not evaluated.,median,,2026-08-06T14:42:36
6efda9c4-a92a-a6b4-5580-c8d804c8a8ea,VISH-25-06-0216,572c3a43-35ae-48cc-941e-77484386f1bd,mapped,VH-AC-C12-0004,AC Issues,2025-06-01 11:03:00.000,,High,Normal,,,,,0,,0,,No recorded resolution time; ticket not evaluated.,median,,2026-08-06T14:42:36
aa9b998c-8efc-80b2-88d8-761f59792a85,VISH-25-06-0217,,,,RO Water Issues,2025-06-01 18:29:00.000,,Low,Normal,,,,,0,,0,,No recorded resolution time; ticket not evaluated.,median,,2026-08-06T14:42:36
b20da449-07a7-3597-12d9-d3ef305fd475,VISH-25-06-0218,,,,RO Water Issues,2025-06-01 18:29:00.000,,Low,Normal,,,,,0,,0,,No recorded resolution time; ticket not evaluated.,median,,2026-08-06T14:42:36
6cf515d2-ca6f-3da8-6801-8d62a1fc00d9,VISH-25-06-0219,572c3a43-35ae-48cc-941e-77484386f1bd,mapped,VH-AC-C12-0004,AC Issues,2025-06-04 19:57:00.000,,High,Normal,,,,,0,,0,,No recorded resolution time; ticket not evaluated.,median,,2026-08-06T14:42:36
f4d00892-b71c-2af8-dabd-11e1be17f340,VISH-25-06-0220,572c3a43-35ae-48cc-941e-77484386f1bd,mapped,VH-AC-C12-0004,AC Issues,2025-06-23 22:36:00.000,,High,Normal,,,,,0,,0,,No recorded resolution time; ticket not evaluated.,median,,2026-08-06T14:42:36
adeaf389-d252-4d24-c3ab-0e50e8a2fbed,VISH-25-07-0221,572c3a43-35ae-48cc-941e-77484386f1bd,mapped,VH-AC-C12-0004,AC Issues,2025-07-07 22:18:00.000,,High,Normal,,,,,0,,0,,No recorded resolution time; ticket not evaluated.,median,,2026-08-06T14:42:36
ae6da258-9c81-624d-2934-34953f25defb,VISH-25-07-0222,,,,Electrical Issues,2025-07-29 04:36:00.000,,Low,Normal,,,,,0,,0,,No recorded resolution time; ticket not evaluated.,median,,2026-08-06T14:42:36
a6f40061-a4af-80b8-51a0-add777415e10,VISH-25-08-0223,,,,Electrical Issues,2025-08-02 05:55:00.000,,Low,Normal,,,,,0,,0,,No recorded resolution time; ticket not evaluated.,median,,2026-08-06T14:42:36
740813a9-6573-e8d0-b8c4-6adbbab8dd17,VISH-26-02-0224,572c3a43-35ae-48cc-941e-77484386f1bd,mapped,VH-AC-C12-0004,AC Issues,2026-02-25 19:05:00.000,,High,Normal,,,,,0,,0,,No recorded resolution time; ticket not evaluated.,median,,2026-08-06T14:42:36
a2b3733c-b903-2965-c49d-16bd14e93f9d,VISH-26-03-0225,,,,Other,2026-03-05 10:32:00.000,,Low,Normal,,,,,0,,0,,No recorded resolution time; ticket not evaluated.,median,,2026-08-06T14:42:36
15cd3e09-fb20-9a8f-2e8d-f91350af41ea,VISH-26-03-0226,,,,Other,2026-03-13 09:51:00.000,,Low,Normal,,,,,0,,0,,No recorded resolution time; ticket not evaluated.,median,,2026-08-06T14:42:36
6ceff8a6-da56-9ccc-ea8c-8698a0c1845c,VISH-26-03-0227,,,,Other,2026-03-13 09:52:00.000,,Low,Normal,,,,,0,,0,,No recorded resolution time; ticket not evaluated.,median,,2026-08-06T14:42:36
af1012ed-deed-ab6e-1e17-a21d716ef235,VISH-26-03-0228,,,,Other,2026-03-13 09:52:00.000,,Low,Normal,,,,,0,,0,,No recorded resolution time; ticket not evaluated.,median,,2026-08-06T14:42:36
78aca685-0f96-6e02-9ab4-69d619fb88ae,VISH-26-03-0229,,,,Other,2026-03-13 09:53:00.000,,Low,Normal,,,,,0,,0,,No recorded resolution time; ticket not evaluated.,median,,2026-08-06T14:42:36
b529d44c-b728-aa47-0506-a4f4c85bfff1,VISH-26-03-0230,,,,Other,2026-03-13 09:53:00.000,,Low,Normal,,,,,0,,0,,No recorded resolution time; ticket not evaluated.,median,,2026-08-06T14:42:36
9e288426-3f88-8f59-6175-0669bba6e4cf,VISH-26-03-0231,,,,Other,2026-03-13 09:54:00.000,,Low,Normal,,,,,0,,0,,No recorded resolution time; ticket not evaluated.,median,,2026-08-06T14:42:36
e850b127-0860-cf3a-f986-b59dcb42fb37,VISH-25-03-0232,,,,AC Issues,2025-03-02 11:24:00.000,,Low,Normal,,,,,0,,0,,No recorded resolution time; ticket not evaluated.,median,,2026-08-06T14:42:36
c3dcca55-b6b6-d12c-4b0c-e07a1ccdd1ef,VISH-25-03-0233,,,,RO Water Issues,2025-03-14 16:10:00.000,,Medium,Normal,,,,,0,,0,,No recorded resolution time; ticket not evaluated.,median,,2026-08-06T14:42:36
788837e8-e58b-c0e7-3452-69b046dea975,VISH-25-08-0234,,,,Other,2025-08-11 09:13:00.000,,Low,Normal,,,,,0,,0,,No recorded resolution time; ticket not evaluated.,median,,2026-08-06T14:42:36
92f2ed4a-b852-4e6b-4bb3-497b0a50ef0d,VISH-25-08-0235,,,,Electrical Issues,2025-08-11 20:37:00.000,,Medium,Normal,,,,,0,,0,,No recorded resolution time; ticket not evaluated.,median,,2026-08-06T14:42:36
5da92ddf-bf0f-b6b3-1723-91cc27df4de4,VISH-25-09-0236,,,,Electrical Issues,2025-09-18 17:47:00.000,,Medium,Normal,,,,,0,,0,,No recorded resolution time; ticket not evaluated.,median,,2026-08-06T14:42:36
83cb1e0e-e87b-ef82-d677-edb30f541e33,VISH-25-09-0237,,,,RO Water Issues,2025-09-18 23:19:00.000,,Medium,Normal,,,,,0,,0,,No recorded resolution time; ticket not evaluated.,median,,2026-08-06T14:42:36
75ff20a3-da1c-37f4-53e2-60d3fcaacc1a,VISH-25-09-0238,,,,Other,2025-09-25 17:21:00.000,,Low,Normal,,,,,0,,0,,No recorded resolution time; ticket not evaluated.,median,,2026-08-06T14:42:36
cca7e70a-48a3-002d-0e3f-d90608447fd9,VISH-25-09-0239,,,,AC Issues,2025-09-26 09:35:00.000,,Low,Normal,,,,,0,,0,,No recorded resolution time; ticket not evaluated.,median,,2026-08-06T14:42:36
2cea25f0-3677-3f84-58bd-03342209e0c5,VISH-25-10-0240,,,,AC Issues,2025-10-07 15:16:00.000,,Low,Normal,,,,,0,,0,,No recorded resolution time; ticket not evaluated.,median,,2026-08-06T14:42:36
b347e660-2ad1-0ea5-d0cd-f352f7a075d2,VISH-25-10-0241,,,,RO Water Issues,2025-10-08 16:56:00.000,,Medium,Normal,,,,,0,,0,,No recorded resolution time; ticket not evaluated.,median,,2026-08-06T14:42:36
576979ef-7d9e-dc4a-e304-e55db3134e9c,VISH-25-10-0242,,,,Electrical Issues,2025-10-08 18:12:00.000,,Medium,Normal,,,,,0,,0,,No recorded resolution time; ticket not evaluated.,median,,2026-08-06T14:42:36
18132a2d-a10a-9c1c-adfe-d20dbd81998c,VISH-25-02-0243,a53f936a-4736-41c6-9315-d946a3c071d0,mapped,VH-FN-B24-0001,Electrical Issues,2025-02-27 13:33:00.000,,High,Normal,,,,,0,,0,,No recorded resolution time; ticket not evaluated.,median,,2026-08-06T14:42:36
802ef082-7491-427a-4efd-63fbdc8a985a,VISH-25-07-0244,32c898f1-bb0e-4759-ae8b-a79021d7b7e1,mapped,VH-AC-B42-0003,AC Issues,2025-07-20 12:54:00.000,,High,Normal,,,,,0,,0,,No recorded resolution time; ticket not evaluated.,median,,2026-08-06T14:42:36
70315a1d-017d-534e-f9bb-ea32e750971a,VISH-25-08-0245,,,,Plumbing,2025-08-23 15:39:00.000,,Low,Normal,,,,,0,,0,,No recorded resolution time; ticket not evaluated.,median,,2026-08-06T14:42:36
de1d21af-d109-809c-3d33-14b4fded184e,VISH-25-08-0246,,,,Washing machine Issue,2025-08-31 20:18:00.000,,Low,Normal,,,,,0,,0,,No recorded resolution time; ticket not evaluated.,median,,2026-08-06T14:42:36
9f1260cf-ea83-34dc-2480-97fd1c8d60d1,VISH-25-10-0247,1d23efda-47c5-4f25-a9a9-fb25f27f1555,mapped,VH-AC-C43-0001,AC Issues,2025-10-04 13:37:00.000,,High,Normal,,,,,0,,0,,No recorded resolution time; ticket not evaluated.,median,,2026-08-06T14:42:36
beb4698e-dd6c-2ed1-0fb3-6ce50bba12db,VISH-25-11-0248,,,,Washing machine Issue,2025-11-29 15:19:00.000,,Low,Normal,,,,,0,,0,,No recorded resolution time; ticket not evaluated.,median,,2026-08-06T14:42:36
e20883ba-5965-1056-585e-bfb2d50f7cb5,VISH-25-03-0249,,,,AC Issues,2025-03-11 00:58:00.000,,Low,Normal,,,,,0,,0,,No recorded resolution time; ticket not evaluated.,median,,2026-08-06T14:42:36
e49ff129-587a-a108-850f-4c8afbe08afe,VISH-25-03-0250,,,,Other,2025-03-11 00:59:00.000,,Low,Normal,,,,,0,,0,,No recorded resolution time; ticket not evaluated.,median,,2026-08-06T14:42:36
fbebc0bd-1769-1c5d-3878-6f2be50d1b26,VISH-25-03-0251,,,,Other,2025-03-11 01:00:00.000,,Low,Normal,,,,,0,,0,,No recorded resolution time; ticket not evaluated.,median,,2026-08-06T14:42:36
a965778b-1704-86cc-cb17-5d919a86ca02,VISH-25-12-0252,,,,Other,2025-12-13 15:30:00.000,,Low,Normal,,,,,0,,0,,No recorded resolution time; ticket not evaluated.,median,,2026-08-06T14:42:36
ba2f26ba-8f9a-c2e9-9611-c96add20458b,VISH-26-03-0253,,,,Electrical Issues,2026-03-04 11:29:00.000,,Low,Normal,,,,,0,,0,,No recorded resolution time; ticket not evaluated.,median,,2026-08-06T14:42:36
78fa54cb-492c-4f7e-a1fc-dc5973d0fab7,VISH-26-03-0254,,,,Other,2026-03-04 11:31:00.000,,Low,Normal,,,,,0,,0,,No recorded resolution time; ticket not evaluated.,median,,2026-08-06T14:42:36
ecad523b-e901-dd1a-de6c-3bb757fc543d,VISH-26-02-0255,376d7336-cbff-4759-ac43-c1781e99e148,mapped,VH-AC-C42-0003,AC Issues,2026-02-01 21:15:00.000,,High,Normal,,,,,0,,0,,No recorded resolution time; ticket not evaluated.,median,,2026-08-06T14:42:36
0397b467-57d0-b37d-dfe3-7d8bb951857d,VISH-26-02-0256,,,,Plumbing,2026-02-19 09:55:00.000,,Low,Normal,,,,,0,,0,,No recorded resolution time; ticket not evaluated.,median,,2026-08-06T14:42:36
58218adb-02ff-5b72-2208-7f6ec4d8608f,VISH-26-02-0257,,,,Plumbing,2026-02-19 09:56:00.000,,Low,Normal,,,,,0,,0,,No recorded resolution time; ticket not evaluated.,median,,2026-08-06T14:42:36
7571d8e8-af13-bd15-9bb8-855a9e93f163,VISH-26-02-0258,,,,RO Water Issues,2026-02-19 09:57:00.000,,Low,Normal,,,,,0,,0,,No recorded resolution time; ticket not evaluated.,median,,2026-08-06T14:42:36
3cb8d4ac-5716-7e0e-cb7f-6ade786edbff,VISH-26-02-0259,,,,Furniture,2026-02-19 10:00:00.000,,Low,Normal,,,,,0,,0,,No recorded resolution time; ticket not evaluated.,median,,2026-08-06T14:42:36
ba238862-0dfd-1ebd-d77d-ba00518ec191,VISH-26-03-0260,,,,Internet Issues,2026-03-03 09:09:00.000,,Low,Normal,,,,,0,,0,,No recorded resolution time; ticket not evaluated.,median,,2026-08-06T14:42:36
b7b58dd6-555a-7a6e-9642-b178021124e3,VISH-26-03-0261,,,,Internet Issues,2026-03-03 09:10:00.000,,Low,Normal,,,,,0,,0,,No recorded resolution time; ticket not evaluated.,median,,2026-08-06T14:42:36
817ac95b-3731-26b7-a06a-fca260f98dbf,VISH-25-04-0262,3f41cc65-e037-4c1e-863a-cc49813984d6,mapped,VH-AC-B11-0001,AC Issues,2025-04-07 19:10:00.000,,High,Normal,,,,,0,,0,,No recorded resolution time; ticket not evaluated.,median,,2026-08-06T14:42:36
07fb873e-dafe-8564-9e3b-1f4d0a454b70,VISH-25-02-0263,,,,Furniture,2025-02-28 08:43:00.000,,Low,Normal,,,,,0,,0,,No recorded resolution time; ticket not evaluated.,median,,2026-08-06T14:42:36
4b006b0d-44ab-79c3-f2b5-3dddee58d837,VISH-25-03-0264,,,,Furniture,2025-03-18 11:16:00.000,,Low,Normal,,,,,0,,0,,No recorded resolution time; ticket not evaluated.,median,,2026-08-06T14:42:36
2070934b-bd8c-4500-1b23-affc5cf07912,VISH-25-03-0265,d6b0afc8-bfb7-42fb-8a6f-f026ee1a26e1,mapped,VH-AC-B42-0002,AC Issues,2025-03-18 11:17:00.000,,High,Normal,,,,,0,,0,,No recorded resolution time; ticket not evaluated.,median,,2026-08-06T14:42:36
fc6b7111-6e0c-71da-3de2-dc02748de68a,VISH-25-03-0266,,,,Plumbing,2025-03-18 11:18:00.000,,Low,Normal,,,,,0,,0,,No recorded resolution time; ticket not evaluated.,median,,2026-08-06T14:42:36
08efd0fa-d081-c5c1-1566-e7d3972f7055,VISH-25-07-0267,,,,Washing machine Issue,2025-07-01 09:34:00.000,,Low,Normal,,,,,0,,0,,No recorded resolution time; ticket not evaluated.,median,,2026-08-06T14:42:36
ef67ad06-86bc-9e25-520a-15e911742c77,VISH-25-07-0268,,,,Furniture,2025-07-06 10:48:00.000,,Low,Normal,,,,,0,,0,,No recorded resolution time; ticket not evaluated.,median,,2026-08-06T14:42:36
a3fbff99-ca37-6bdc-b0e8-710adfef4145,VISH-25-07-0269,d6b0afc8-bfb7-42fb-8a6f-f026ee1a26e1,mapped,VH-AC-B42-0002,AC Issues,2025-07-06 10:50:00.000,,High,Normal,,,,,0,,0,,No recorded resolution time; ticket not evaluated.,median,,2026-08-06T14:42:36
861f306f-1a6c-7c5a-06e9-08a42702b082,VISH-25-07-0270,,,,Internet Issues,2025-07-15 13:37:00.000,,Low,Normal,,,,,0,,0,,No recorded resolution time; ticket not evaluated.,median,,2026-08-06T14:42:36
f556a7f0-1d8b-9856-85eb-81deb402c084,VISH-25-08-0271,,,,RO Water Issues,2025-08-25 10:13:00.000,,Low,Normal,,,,,0,,0,,No recorded resolution time; ticket not evaluated.,median,,2026-08-06T14:42:36
287b88f6-8a4d-af36-efcf-607de8d6a938,VISH-25-08-0272,,,,Cleaning Issues,2025-08-25 10:14:00.000,,Low,Normal,,,,,0,,0,,No recorded resolution time; ticket not evaluated.,median,,2026-08-06T14:42:36
bc3e63d8-eeb8-75a9-cd14-ac2398d366b6,VISH-25-09-0273,,,,Washing machine Issue,2025-09-01 06:54:00.000,,Low,Normal,,,,,0,,0,,No recorded resolution time; ticket not evaluated.,median,,2026-08-06T14:42:36
3c60087f-1aa0-429f-1396-d28a4a92510b,VISH-25-09-0274,,,,RO Water Issues,2025-09-04 16:14:00.000,,Low,Normal,,,,,0,,0,,No recorded resolution time; ticket not evaluated.,median,,2026-08-06T14:42:36
78b4112e-81f8-8ed5-b7a6-2500532aeac0,VISH-25-09-0275,,,,Washing machine Issue,2025-09-04 16:16:00.000,,Low,Normal,,,,,0,,0,,No recorded resolution time; ticket not evaluated.,median,,2026-08-06T14:42:36
6b50bea0-a7ab-e535-3602-269f6ff51a72,VISH-25-10-0276,d6b0afc8-bfb7-42fb-8a6f-f026ee1a26e1,mapped,VH-AC-B42-0002,AC Issues,2025-10-05 10:33:00.000,,High,Normal,,,,,0,,0,,No recorded resolution time; ticket not evaluated.,median,,2026-08-06T14:42:36
36a40325-baf0-48bd-2f2f-a612a265adc3,VISH-25-10-0277,63478105-cb45-42c7-a539-896abd5618d4,mapped,VH-FN-B42-0002,Electrical Issues,2025-10-05 21:47:00.000,,High,Normal,,,,,0,,0,,No recorded resolution time; ticket not evaluated.,median,,2026-08-06T14:42:36
4f665432-00ea-bd48-1e0d-5295a8d5143c,VISH-25-10-0278,,,,Cleaning Issues,2025-10-05 21:48:00.000,,Low,Normal,,,,,0,,0,,No recorded resolution time; ticket not evaluated.,median,,2026-08-06T14:42:36
7611c5ad-a10a-6498-8240-5dd57102a83a,VISH-25-10-0279,,,,RO Water Issues,2025-10-05 21:49:00.000,,Low,Normal,,,,,0,,0,,No recorded resolution time; ticket not evaluated.,median,,2026-08-06T14:42:36
238c890d-5faa-10e2-b209-0bc3e6b4e85c,VISH-25-10-0280,,,,Washing machine Issue,2025-10-07 05:38:00.000,,Low,Normal,,,,,0,,0,,No recorded resolution time; ticket not evaluated.,median,,2026-08-06T14:42:36
65a008e5-41ea-54a8-5942-f4ddae4ca21a,VISH-25-10-0281,,,,Furniture,2025-10-08 02:21:00.000,,Low,Normal,,,,,0,,0,,No recorded resolution time; ticket not evaluated.,median,,2026-08-06T14:42:36
207d4f79-ca3b-81d7-a278-ccadd9a91e9e,VISH-25-10-0282,,,,Washing machine Issue,2025-10-15 09:56:00.000,,Low,Normal,,,,,0,,0,,No recorded resolution time; ticket not evaluated.,median,,2026-08-06T14:42:36
582213a7-6b49-1557-034d-3a32966dd4cb,VISH-25-10-0283,,,,RO Water Issues,2025-10-25 10:57:00.000,,Low,Normal,,,,,0,,0,,No recorded resolution time; ticket not evaluated.,median,,2026-08-06T14:42:36
47d3316d-9540-1d59-ba29-32ee477f1e8a,VISH-26-02-0284,,,,Cleaning Issues,2026-02-17 22:42:00.000,,Low,Normal,,,,,0,,0,,No recorded resolution time; ticket not evaluated.,median,,2026-08-06T14:42:36
ffc10678-e45d-21f8-0d52-0e877f6f9077,VISH-26-02-0285,,,,Other,2026-02-24 01:29:00.000,,Low,Normal,,,,,0,,0,,No recorded resolution time; ticket not evaluated.,median,,2026-08-06T14:42:36
37a08cad-31d2-3601-42de-28737d8758e3,VISH-26-03-0286,,,,Other,2026-03-05 05:47:00.000,,Low,Normal,,,,,0,,0,,No recorded resolution time; ticket not evaluated.,median,,2026-08-06T14:42:36
4e7ca839-263d-d5ae-62e2-4d0501932052,VISH-26-03-0287,63478105-cb45-42c7-a539-896abd5618d4,mapped,VH-FN-B42-0002,Electrical Issues,2026-03-10 19:56:00.000,,High,Normal,,,,,0,,0,,No recorded resolution time; ticket not evaluated.,median,,2026-08-06T14:42:36
8ae5df29-ab68-511e-a2a7-bd1ea02aa7b0,VISH-26-03-0288,,,,Plumbing,2026-03-10 19:57:00.000,,Low,Normal,,,,,0,,0,,No recorded resolution time; ticket not evaluated.,median,,2026-08-06T14:42:36
62b61c4a-7479-1cc3-c45d-23f16ea6618e,VISH-26-03-0289,,,,Cleaning Issues,2026-03-10 19:58:00.000,,Low,Normal,,,,,0,,0,,No recorded resolution time; ticket not evaluated.,median,,2026-08-06T14:42:36
59a5749f-8b02-97c4-3172-28242d56af23,VISH-25-02-0290,,,,RO Water Issues,2025-02-12 02:15:00.000,,Low,Normal,,,,,0,,0,,No recorded resolution time; ticket not evaluated.,median,,2026-08-06T14:42:36
cc4b4376-b317-e31e-1e2b-39351662b6c9,VISH-25-02-0291,,,,RO Water Issues,2025-02-12 02:15:00.000,,Low,Normal,,,,,0,,0,,No recorded resolution time; ticket not evaluated.,median,,2026-08-06T14:42:36
f547b148-c128-bc17-19fd-6e8757e29acc,VISH-25-02-0292,,,,Other,2025-02-13 16:16:00.000,,Low,Normal,,,,,0,,0,,No recorded resolution time; ticket not evaluated.,median,,2026-08-06T14:42:36
811495b9-9031-6fab-2798-6f6be148fb5f,VISH-25-02-0293,,,,AC Issues,2025-02-12 01:17:00.000,,Low,Normal,,,,,0,,0,,No recorded resolution time; ticket not evaluated.,median,,2026-08-06T14:42:36
c08369d1-2076-2c4d-0beb-61c89c02e94a,VISH-25-02-0294,,,,RO Water Issues,2025-02-12 02:18:00.000,,Low,Normal,,,,,0,,0,,No recorded resolution time; ticket not evaluated.,median,,2026-08-06T14:42:36
f9ea4ca4-cd17-d171-7335-6b95146b4564,VISH-25-02-0295,,,,Other,2025-02-13 06:19:00.000,,Low,Normal,,,,,0,,0,,No recorded resolution time; ticket not evaluated.,median,,2026-08-06T14:42:36
9fbf9079-7f2b-f7d0-5bbc-f83da15d958d,VISH-25-02-0296,,,,Other,2025-02-13 06:19:00.000,,Low,Normal,,,,,0,,0,,No recorded resolution time; ticket not evaluated.,median,,2026-08-06T14:42:36
77ee2c36-ef8e-b816-2eae-4f0bbc4ee39d,VISH-25-02-0297,,,,Other,2025-02-13 16:21:00.000,,Low,Normal,,,,,0,,0,,No recorded resolution time; ticket not evaluated.,median,,2026-08-06T14:42:36
6892c421-7fab-6653-4682-fdfca2a906c8,VISH-25-02-0298,,,,Electrical Issues,2025-02-18 00:48:00.000,,Low,Normal,,,,,0,,0,,No recorded resolution time; ticket not evaluated.,median,,2026-08-06T14:42:36
44e23c91-04f4-3014-cc4b-7763b87e61da,VISH-25-02-0299,,,,Electrical Issues,2025-02-22 10:40:00.000,,Low,Normal,,,,,0,,0,,No recorded resolution time; ticket not evaluated.,median,,2026-08-06T14:42:36
cb539671-0d18-c5e3-fe53-b551999fe747,VISH-25-02-0300,,,,Electrical Issues,2025-02-22 10:40:00.000,,Low,Normal,,,,,0,,0,,No recorded resolution time; ticket not evaluated.,median,,2026-08-06T14:42:36
9abc8bec-0de4-9fd0-aef0-aa5803996917,VISH-25-02-0301,,,,Electrical Issues,2025-02-22 10:40:00.000,,Low,Normal,,,,,0,,0,,No recorded resolution time; ticket not evaluated.,median,,2026-08-06T14:42:36
2929ba91-1c18-f7cd-13b4-5829e19924d8,VISH-25-05-0302,,,,Other,2025-05-04 22:28:00.000,,Low,Normal,,,,,0,,0,,No recorded resolution time; ticket not evaluated.,median,,2026-08-06T14:42:36
205c95ab-a46b-242c-fc10-d55c91470309,VISH-25-06-0303,,,,Other,2025-06-28 11:16:00.000,,Low,Normal,,,,,0,,0,,No recorded resolution time; ticket not evaluated.,median,,2026-08-06T14:42:36
9cfd931c-a7b5-be34-3f5b-62ba7660e4cf,VISH-25-07-0304,,,,Other,2025-07-02 23:48:00.000,,Low,Normal,,,,,0,,0,,No recorded resolution time; ticket not evaluated.,median,,2026-08-06T14:42:36
e006c98b-0400-0c75-92f3-8786777496cb,VISH-25-05-0305,,,,Other,2025-05-04 22:28:00.000,,Low,Normal,,,,,0,,0,,No recorded resolution time; ticket not evaluated.,median,,2026-08-06T14:42:36
77ef5f13-86e2-f97a-bba5-83cb8e39d1d3,VISH-25-06-0306,,,,Other,2025-06-28 11:16:00.000,,Low,Normal,,,,,0,,0,,No recorded resolution time; ticket not evaluated.,median,,2026-08-06T14:42:36
4fbbf771-e794-340d-5bff-7eeb3173c838,VISH-25-07-0307,,,,Other,2025-07-02 23:48:00.000,,Low,Normal,,,,,0,,0,,No recorded resolution time; ticket not evaluated.,median,,2026-08-06T14:42:36
edaecf35-2fb4-ab87-98c7-c676fa361e5a,VISH-25-08-0308,19232b9f-c4c0-41b7-a655-830705dd9c3b,mapped,VH-AC-B41-0003,AC Issues,2025-08-02 05:08:00.000,,High,Normal,,,,,0,,0,,No recorded resolution time; ticket not evaluated.,median,,2026-08-06T14:42:36
093c0a7a-c19c-81e7-72ca-31bc9601eb7d,VISH-25-10-0309,,,,Electrical Issues,2025-10-04 14:18:00.000,,Low,Normal,,,,,0,,0,,No recorded resolution time; ticket not evaluated.,median,,2026-08-06T14:42:36
637093ef-09b8-483f-4f8b-b67af18f2353,VISH-25-10-0310,19232b9f-c4c0-41b7-a655-830705dd9c3b,mapped,VH-AC-B41-0003,AC Issues,2025-10-19 12:08:00.000,,High,Normal,,,,,0,,0,,No recorded resolution time; ticket not evaluated.,median,,2026-08-06T14:42:36
42aecabe-fbf4-d28d-d450-269841d649ef,VISH-25-10-0311,,,,Other,2025-10-19 12:10:00.000,,Low,Normal,,,,,0,,0,,No recorded resolution time; ticket not evaluated.,median,,2026-08-06T14:42:36
760e351d-c2d9-1245-080d-215a8ecd29d3,VISH-25-02-0312,,,,AC Issues,2025-02-13 15:49:00.000,,Low,Normal,,,,,0,,0,,No recorded resolution time; ticket not evaluated.,median,,2026-08-06T14:42:36
300fa212-08e8-4189-885b-bdc30e7bf240,VISH-25-02-0313,,,,Washing machine Issue,2025-02-13 15:51:00.000,,Low,Normal,,,,,0,,0,,No recorded resolution time; ticket not evaluated.,median,,2026-08-06T14:42:36
cf40b8a0-c908-ff56-b4d8-4f541a1b2ac6,VISH-25-02-0314,,,,Washing machine Issue,2025-02-13 15:52:00.000,,Low,Normal,,,,,0,,0,,No recorded resolution time; ticket not evaluated.,median,,2026-08-06T14:42:36
111e348f-68e6-7d8c-8c09-5e38605a53dd,VISH-25-02-0315,,,,Electrical Issues,2025-02-16 20:06:00.000,,Low,Normal,,,,,0,,0,,No recorded resolution time; ticket not evaluated.,median,,2026-08-06T14:42:36
b9f94071-f23d-e472-7c81-2debe5c2461c,VISH-25-02-0316,,,,Other,2025-02-23 20:28:00.000,,Low,Normal,,,,,0,,0,,No recorded resolution time; ticket not evaluated.,median,,2026-08-06T14:42:36
3edd585d-7e13-57a4-de13-fd9301cd93fd,VISH-25-03-0317,,,,AC Issues,2025-03-09 14:44:00.000,,Low,Normal,,,,,0,,0,,No recorded resolution time; ticket not evaluated.,median,,2026-08-06T14:42:36
a0b0ed3b-343e-d090-3df8-c7d0c7b25fe0,VISH-25-06-0318,,,,AC Issues,2025-06-21 14:54:00.000,,Low,Normal,,,,,0,,0,,No recorded resolution time; ticket not evaluated.,median,,2026-08-06T14:42:36
d59bee09-a26f-d2c5-bd2f-0bb7c904cb90,VISH-25-09-0319,,,,Plumbing,2025-09-19 00:47:00.000,,Low,Normal,,,,,0,,0,,No recorded resolution time; ticket not evaluated.,median,,2026-08-06T14:42:36
fad548cb-59ec-7aa4-3d5e-3ac417ffd350,VISH-25-09-0320,,,,Electrical Issues,2025-09-23 00:23:00.000,,Low,Normal,,,,,0,,0,,No recorded resolution time; ticket not evaluated.,median,,2026-08-06T14:42:36
49454c62-50e8-2d73-503b-70773180abbd,VISH-26-03-0321,0861776d-2243-4e50-815b-7d79e5acdd51,mapped,VH-AC-B12-0002,AC Issues,2026-03-03 11:06:00.000,,High,Normal,,,,,0,,0,,No recorded resolution time; ticket not evaluated.,median,,2026-08-06T14:42:36
5b2cc5a3-5b3f-a619-2d5d-7fed31bd05eb,VISH-26-03-0322,0861776d-2243-4e50-815b-7d79e5acdd51,mapped,VH-AC-B12-0002,AC Issues,2026-03-05 01:08:00.000,,High,Normal,,,,,0,,0,,No recorded resolution time; ticket not evaluated.,median,,2026-08-06T14:42:36
335f863d-05ce-f6a9-bfd3-4569834cf6c6,VISH-26-03-0323,0861776d-2243-4e50-815b-7d79e5acdd51,mapped,VH-AC-B12-0002,AC Issues,2026-03-08 23:34:00.000,,High,Normal,,,,,0,,0,,No recorded resolution time; ticket not evaluated.,median,,2026-08-06T14:42:36
72f6c638-6f52-cada-9b0e-04aef9433883,VISH-25-03-0324,,,,Furniture,2025-03-03 14:16:00.000,,Medium,Normal,,,,,0,,0,,No recorded resolution time; ticket not evaluated.,median,,2026-08-06T14:42:36
e11108e5-6b8a-d0d5-672b-2d31712fea6a,VISH-25-05-0325,,,,AC Issues,2025-05-13 13:03:00.000,,Low,Normal,,,,,0,,0,,No recorded resolution time; ticket not evaluated.,median,,2026-08-06T14:42:36
819913a6-a5ae-b42e-359d-04f2998be437,VISH-25-06-0326,,,,Electrical Issues,2025-06-26 10:18:00.000,,Low,Normal,,,,,0,,0,,No recorded resolution time; ticket not evaluated.,median,,2026-08-06T14:42:36
72ad442b-df33-2fab-8499-1df42b7c85c2,VISH-25-08-0327,,,,Washing machine Issue,2025-08-09 05:39:00.000,,Low,Normal,,,,,0,,0,,No recorded resolution time; ticket not evaluated.,median,,2026-08-06T14:42:36
c069f0df-b621-5b4a-e32c-9fabefaf93a6,VISH-25-08-0328,,,,Cleaning Issues,2025-08-09 05:40:00.000,,Low,Normal,,,,,0,,0,,No recorded resolution time; ticket not evaluated.,median,,2026-08-06T14:42:36
ed5a2d28-0de4-11dd-8456-15c7cff62c2b,VISH-25-08-0329,,,,Cleaning Issues,2025-08-13 20:28:00.000,,Low,Normal,,,,,0,,0,,No recorded resolution time; ticket not evaluated.,median,,2026-08-06T14:42:36
71870173-17e9-1be1-9c07-7e81fe929ff3,VISH-25-11-0330,,,,Electrical Issues,2025-11-15 10:34:00.000,,Low,Normal,,,,,0,,0,,No recorded resolution time; ticket not evaluated.,median,,2026-08-06T14:42:36
f34e58b0-bc29-5a39-5d75-5e5fa487809f,VISH-26-02-0331,,,,Other,2026-02-08 13:35:00.000,,Low,Normal,,,,,0,,0,,No recorded resolution time; ticket not evaluated.,median,,2026-08-06T14:42:36
60c7dcef-7f3c-313c-1a67-83b7d271cc70,VISH-25-03-0332,,,,Other,2025-03-03 14:11:00.000,,Low,Normal,,,,,0,,0,,No recorded resolution time; ticket not evaluated.,median,,2026-08-06T14:42:36
18e7d064-3b5d-3fcf-517f-929a24a05a6d,VISH-25-06-0333,,,,AC Issues,2025-06-03 14:16:00.000,,Low,Normal,,,,,0,,0,,No recorded resolution time; ticket not evaluated.,median,,2026-08-06T14:42:36
67508b26-75de-cfc6-9d70-cbd934950149,VISH-25-11-0334,,,,Washing machine Issue,2025-11-17 11:48:00.000,,Low,Normal,,,,,0,,0,,No recorded resolution time; ticket not evaluated.,median,,2026-08-06T14:42:36
15930406-d512-7b48-1b75-f8fb87bd1b4e,VISH-26-01-0335,,,,Other,2026-01-14 14:59:00.000,,Low,Normal,,,,,0,,0,,No recorded resolution time; ticket not evaluated.,median,,2026-08-06T14:42:36
13f0b7b6-665a-39f3-8097-ceeefb6a3b10,VISH-26-03-0336,,,,Electrical Issues,2026-03-20 10:10:00.000,,Low,Normal,,,,,0,,0,,No recorded resolution time; ticket not evaluated.,median,,2026-08-06T14:42:36
431bc1ba-f8e4-400c-63f9-9b161468c725,VISH-25-07-0337,,,,Electrical Issues,2025-07-31 09:00:00.000,,Low,Normal,,,,,0,,0,,No recorded resolution time; ticket not evaluated.,median,,2026-08-06T14:42:36
8d934583-ba12-2b81-3728-458a50b91869,VISH-25-08-0338,,,,Other,2025-08-21 21:45:00.000,,Low,Normal,,,,,0,,0,,No recorded resolution time; ticket not evaluated.,median,,2026-08-06T14:42:36
513b0a80-8b3f-6e60-d948-878480a5051a,VISH-26-01-0339,,,,Washing machine Issue,2026-01-07 22:43:00.000,,Medium,Normal,,,,,0,,0,,No recorded resolution time; ticket not evaluated.,median,,2026-08-06T14:42:36
063a131e-3dc4-f0a1-9bda-8a0664bd5e94,VISH-25-03-0340,b7d12596-f392-485c-8766-94f3519ee625,mapped,VH-FN-C42-0001,Electrical Issues,2025-03-17 10:07:00.000,,High,Normal,,,,,0,,0,,No recorded resolution time; ticket not evaluated.,median,,2026-08-06T14:42:36
06424d86-1df8-0db3-8464-939cc3dfdb1c,VISH-25-04-0341,,,,Furniture,2025-04-16 09:20:00.000,,Low,Normal,,,,,0,,0,,No recorded resolution time; ticket not evaluated.,median,,2026-08-06T14:42:36
fce09a0d-c068-3de8-0a06-0a027eba81a9,VISH-25-08-0342,38024f17-c961-4963-a0ed-d681e192a3f6,mapped,VH-AC-C42-0001,AC Issues,2025-08-01 05:28:00.000,,High,Normal,,,,,0,,0,,No recorded resolution time; ticket not evaluated.,median,,2026-08-06T14:42:36
554ce09f-109a-ffdd-cdb7-69fa72f2f483,VISH-25-09-0343,,,,Furniture,2025-09-12 22:25:00.000,,Low,Normal,,,,,0,,0,,No recorded resolution time; ticket not evaluated.,median,,2026-08-06T14:42:36
20a82a52-d6ce-ee9f-29a2-31b4981cf48c,VISH-25-09-0344,38024f17-c961-4963-a0ed-d681e192a3f6,mapped,VH-AC-C42-0001,AC Issues,2025-09-13 12:24:00.000,,High,Normal,,,,,0,,0,,No recorded resolution time; ticket not evaluated.,median,,2026-08-06T14:42:36
750de943-50cf-721e-6420-3ed5e6471663,VISH-25-02-0345,63583664-7699-4bd5-892d-2123c5cc534b,mapped,VH-WM-B32-0001,Washing machine Issue,2025-02-17 13:13:00.000,,High,Normal,,,,,0,,0,,No recorded resolution time; ticket not evaluated.,median,,2026-08-06T14:42:36
f150df87-1be6-8900-b126-dcf57a1ab2ca,VISH-25-07-0346,,,,Other,2025-07-16 06:04:00.000,,Low,Normal,,,,,0,,0,,No recorded resolution time; ticket not evaluated.,median,,2026-08-06T14:42:36
235d7e98-6c9b-f842-7ba7-65747ae09ffb,VISH-25-07-0347,,,,Other,2025-07-16 06:06:00.000,,Low,Normal,,,,,0,,0,,No recorded resolution time; ticket not evaluated.,median,,2026-08-06T14:42:36
7a60f3ab-01f4-e9dd-3fca-c31a408f63c7,VISH-25-07-0348,,,,Other,2025-07-20 19:30:00.000,,Low,Normal,,,,,0,,0,,No recorded resolution time; ticket not evaluated.,median,,2026-08-06T14:42:36
d837105e-eb7b-8fcf-c460-f1dee25a26ac,VISH-25-11-0349,14d27fc6-b43f-420e-9cc7-29bec3989775,mapped,VH-FN-B13-0001,Electrical Issues,2025-11-13 21:37:00.000,,High,Normal,,,,,0,,0,,No recorded resolution time; ticket not evaluated.,median,,2026-08-06T14:42:36
9b4230ca-e197-7b61-ca55-fd9dec1487ee,VISH-25-11-0350,d4f2ff34-b56c-4fa6-bdb2-fabb4d39c447,mapped,VH-AC-B13-0001,AC Issues,2025-11-26 20:33:00.000,,High,Normal,,,,,0,,0,,No recorded resolution time; ticket not evaluated.,median,,2026-08-06T14:42:36
b26170bd-87b4-e0c9-43a5-fe6145bfaf38,VISH-25-11-0351,,,,Cleaning Issues,2025-11-29 10:32:00.000,,Low,Normal,,,,,0,,0,,No recorded resolution time; ticket not evaluated.,median,,2026-08-06T14:42:36
c14621d3-04fb-2b28-a9d3-92da337965e1,VISH-25-12-0352,d4f2ff34-b56c-4fa6-bdb2-fabb4d39c447,mapped,VH-AC-B13-0001,AC Issues,2025-12-07 14:48:00.000,,High,Normal,,,,,0,,0,,No recorded resolution time; ticket not evaluated.,median,,2026-08-06T14:42:36
912ad16c-a1c2-48c6-b445-1685778c106f,VIST-26-04-00015,61507e8e-6567-48b7-b838-3e16c2397da7,direct,VH-AC-B22-0001,AC Issues,2026-06-09 05:54:54.498,1152.63,Verified,Normal,,,,,0,,0,,"No manager-verified repair history for this asset, asset type, or issue type yet; no verified baseline available, so this ticket is not evaluated.",median,,2026-08-06T14:42:36
7556746e-5ab5-45c5-9a9d-bb283b5604dc,VIST-26-07-00088,3cbd4e3f-c83a-4694-901c-adab177847a6,direct,VH-FN-B12-0003,Electrical Issues,,,Verified,Normal,,,,,0,,0,,No recorded resolution time; ticket not evaluated.,median,,2026-08-06T14:42:36
1b95553d-b7c7-4d17-8765-8d13ca401084,VIST-26-04-00023,,,,Other,2026-04-23 06:48:54.394,2.36,Unmapped,Normal,,,,,0,,0,,"No manager-verified repair history for this asset, asset type, or issue type yet; no verified baseline available, so this ticket is not evaluated.",median,,2026-08-06T14:42:36
d2b0a261-7b0d-4472-8f2d-41c343d828a4,VIST-26-04-00010,,,,RO Water Issues,2026-04-20 09:40:38.473,2.47,Low,Normal,,,,,0,,0,,"No manager-verified repair history for this asset, asset type, or issue type yet; no verified baseline available, so this ticket is not evaluated.",median,,2026-08-06T14:42:36
45229435-1d2b-cd17-9b38-1c75b7ac682c,VISH-25-12-0353,d4f2ff34-b56c-4fa6-bdb2-fabb4d39c447,mapped,VH-AC-B13-0001,AC Issues,2025-12-17 03:26:00.000,,High,Normal,,,,,0,,0,,No recorded resolution time; ticket not evaluated.,median,,2026-08-06T14:42:36
44d079ab-8347-7a60-ed11-b5967b8d489a,VISH-25-12-0354,,,,Internet Issues,2025-12-29 23:37:00.000,,Low,Normal,,,,,0,,0,,No recorded resolution time; ticket not evaluated.,median,,2026-08-06T14:42:36
c17b5ee9-a510-1ded-1ae6-b1fcb3925cc9,VISH-25-12-0355,,,,Other,2025-12-31 13:23:00.000,,Low,Normal,,,,,0,,0,,No recorded resolution time; ticket not evaluated.,median,,2026-08-06T14:42:36
d2d01942-cf89-b5d4-75e4-19bdcca8ef18,VISH-26-01-0356,d4f2ff34-b56c-4fa6-bdb2-fabb4d39c447,mapped,VH-AC-B13-0001,AC Issues,2026-01-20 03:31:00.000,,High,Normal,,,,,0,,0,,No recorded resolution time; ticket not evaluated.,median,,2026-08-06T14:42:36
ee7cb224-1299-32b7-23c8-09fb54e4ba5e,VISH-26-02-0357,d4f2ff34-b56c-4fa6-bdb2-fabb4d39c447,mapped,VH-AC-B13-0001,AC Issues,2026-02-13 13:38:00.000,,High,Normal,,,,,0,,0,,No recorded resolution time; ticket not evaluated.,median,,2026-08-06T14:42:36
4679e1a8-24a3-c557-b0a7-8eca63fda0e3,VISH-26-02-0358,,,,Internet Issues,2026-02-26 00:46:00.000,,Low,Normal,,,,,0,,0,,No recorded resolution time; ticket not evaluated.,median,,2026-08-06T14:42:36
476bdbe3-9fee-cfc9-eb42-8aa89f0d0bc7,VISH-26-03-0359,,,,Internet Issues,2026-03-27 19:13:00.000,,Low,Normal,,,,,0,,0,,No recorded resolution time; ticket not evaluated.,median,,2026-08-06T14:42:36
6309f690-26bb-b9a2-0fcb-bc6b6d679b18,VISH-25-02-0360,aa6f4ce6-e2ac-44f0-917b-0f04f9a1896f,mapped,VH-AC-C41-0002,AC Issues,2025-02-17 12:58:00.000,,High,Normal,,,,,0,,0,,No recorded resolution time; ticket not evaluated.,median,,2026-08-06T14:42:36
d4c81ebd-d2f4-430a-df0c-156da4e4af1e,VISH-25-03-0361,aa6f4ce6-e2ac-44f0-917b-0f04f9a1896f,mapped,VH-AC-C41-0002,AC Issues,2025-03-27 20:29:00.000,,High,Normal,,,,,0,,0,,No recorded resolution time; ticket not evaluated.,median,,2026-08-06T14:42:36
43229c71-8720-0406-37e1-14a5a64c2fe1,VISH-25-03-0362,,,,Washing machine Issue,2025-03-27 20:30:00.000,,Low,Normal,,,,,0,,0,,No recorded resolution time; ticket not evaluated.,median,,2026-08-06T14:42:36
45bc3de8-d595-eb4e-1cbd-037ad2fb587f,VISH-25-08-0363,,,,Furniture,2025-08-03 07:27:00.000,,Low,Normal,,,,,0,,0,,No recorded resolution time; ticket not evaluated.,median,,2026-08-06T14:42:36
9f98f5b0-6de0-cf7a-b77c-cd4fa5b650cf,VISH-25-03-0364,,,,Electrical Issues,2025-03-26 20:15:00.000,,Low,Normal,,,,,0,,0,,No recorded resolution time; ticket not evaluated.,median,,2026-08-06T14:42:36
c6a52beb-9c1d-109f-437a-839b10c7765c,VISH-25-07-0365,,,,Furniture,2025-07-19 10:49:00.000,,Low,Normal,,,,,0,,0,,No recorded resolution time; ticket not evaluated.,median,,2026-08-06T14:42:36
61184fb5-8061-5ece-528b-7e5c6ca4787b,VISH-25-03-0366,,,,Furniture,2025-03-01 13:35:00.000,,Medium,Normal,,,,,0,,0,,No recorded resolution time; ticket not evaluated.,median,,2026-08-06T14:42:36
389d48cd-cf0b-2c64-9f0a-8a109cdd3827,VISH-25-02-0367,,,,Washing machine Issue,2025-02-12 15:38:00.000,,Low,Normal,,,,,0,,0,,No recorded resolution time; ticket not evaluated.,median,,2026-08-06T14:42:36
7c30dbad-f0d5-c8c1-70cf-fee0b88ce2ec,VISH-25-02-0368,,,,Washing machine Issue,2025-02-12 15:38:00.000,,Low,Normal,,,,,0,,0,,No recorded resolution time; ticket not evaluated.,median,,2026-08-06T14:42:36
8682c5b6-5f78-fcac-e55c-fefbfe8b2065,VISH-25-02-0369,,,,Washing machine Issue,2025-02-12 15:38:00.000,,Low,Normal,,,,,0,,0,,No recorded resolution time; ticket not evaluated.,median,,2026-08-06T14:42:36
c0b6da96-7cb5-29f7-8ad6-b7c7d9f1982c,VISH-25-02-0370,,,,Washing machine Issue,2025-02-12 15:38:00.000,,Low,Normal,,,,,0,,0,,No recorded resolution time; ticket not evaluated.,median,,2026-08-06T14:42:36
b84f5d4f-a5fa-d6ef-41a4-d9d75cdf3503,VISH-25-02-0371,,,,Washing machine Issue,2025-02-12 15:38:00.000,,Low,Normal,,,,,0,,0,,No recorded resolution time; ticket not evaluated.,median,,2026-08-06T14:42:36
7222a87d-4346-8de3-8b87-e6008011b06b,VISH-25-02-0372,,,,Washing machine Issue,2025-02-12 15:38:00.000,,Low,Normal,,,,,0,,0,,No recorded resolution time; ticket not evaluated.,median,,2026-08-06T14:42:36
29a64aae-b610-9e01-3a14-34b281ca6642,VISH-25-02-0373,,,,Washing machine Issue,2025-02-13 12:38:00.000,,Low,Normal,,,,,0,,0,,No recorded resolution time; ticket not evaluated.,median,,2026-08-06T14:42:36
ef6fa04e-6e5c-4a6f-3c27-b0ee051ca71e,VISH-25-02-0374,,,,Electrical Issues,2025-02-17 15:26:00.000,,Low,Normal,,,,,0,,0,,No recorded resolution time; ticket not evaluated.,median,,2026-08-06T14:42:36
a3a3cc43-b411-0144-c92f-314ec2f831e4,VISH-25-02-0375,,,,Electrical Issues,2025-02-17 15:26:00.000,,Low,Normal,,,,,0,,0,,No recorded resolution time; ticket not evaluated.,median,,2026-08-06T14:42:36
3fc1b9c5-b9e6-293c-afb1-44d40a5b80b9,VISH-25-02-0376,,,,Electrical Issues,2025-02-17 15:26:00.000,,Low,Normal,,,,,0,,0,,No recorded resolution time; ticket not evaluated.,median,,2026-08-06T14:42:36
edb1bbfc-9549-4aff-914c-57b360a760b9,VISH-25-05-0377,,,,Other,2025-05-06 19:43:00.000,,Low,Normal,,,,,0,,0,,No recorded resolution time; ticket not evaluated.,median,,2026-08-06T14:42:36
cb474fda-3a48-487c-6b19-541717f82457,VISH-25-05-0378,,,,Other,2025-05-20 20:05:00.000,,Low,Normal,,,,,0,,0,,No recorded resolution time; ticket not evaluated.,median,,2026-08-06T14:42:36
44016b4f-2a9e-1233-731f-304761fcaaf0,VISH-25-05-0379,,,,Other,2025-05-20 20:06:00.000,,Low,Normal,,,,,0,,0,,No recorded resolution time; ticket not evaluated.,median,,2026-08-06T14:42:36
2d8e2b32-4f15-7ddc-adb1-75d6eee40b2c,VISH-25-05-0380,,,,Fridge Issues,2025-05-30 01:56:00.000,,Low,Normal,,,,,0,,0,,No recorded resolution time; ticket not evaluated.,median,,2026-08-06T14:42:36
f9463b05-6e61-4f9c-9648-7d2b439ecee1,VISH-25-06-0381,,,,Washing machine Issue,2025-06-21 14:19:00.000,,Low,Normal,,,,,0,,0,,No recorded resolution time; ticket not evaluated.,median,,2026-08-06T14:42:36
1d8a98e7-646e-9dc0-ba56-3133d755cb9f,VISH-25-10-0382,,,,Plumbing,2025-10-28 09:24:00.000,,Low,Normal,,,,,0,,0,,No recorded resolution time; ticket not evaluated.,median,,2026-08-06T14:42:36
89ee9b87-c86b-7163-be89-5a967e802f18,VISH-25-03-0383,1ac33845-439e-4379-ba39-8f2c952e8873,mapped,VH-AC-C44-0003,AC Issues,2025-03-21 20:18:00.000,,High,Normal,,,,,0,,0,,No recorded resolution time; ticket not evaluated.,median,,2026-08-06T14:42:36
af095155-2af0-9260-a357-896fee51935d,VISH-25-01-0384,,,,Washing machine Issue,2025-01-29 13:20:00.000,,Low,Normal,,,,,0,,0,,No recorded resolution time; ticket not evaluated.,median,,2026-08-06T14:42:36
d6aef305-a43f-390c-0a4e-948a5bcbaf5d,VISH-25-06-0385,,,,AC Issues,2025-06-29 10:32:00.000,,Low,Normal,,,,,0,,0,,No recorded resolution time; ticket not evaluated.,median,,2026-08-06T14:42:36
4303e9ad-9862-b3ac-4a96-aa8a8807780b,VISH-25-06-0386,,,,Other,2025-06-29 10:35:00.000,,Low,Normal,,,,,0,,0,,No recorded resolution time; ticket not evaluated.,median,,2026-08-06T14:42:36
333b6033-e488-dae1-4c12-638c961cb2fa,VISH-25-09-0387,,,,AC Issues,2025-09-12 10:01:00.000,,Low,Normal,,,,,0,,0,,No recorded resolution time; ticket not evaluated.,median,,2026-08-06T14:42:36
1ef09cc6-0ee3-fe30-4482-d7d6428045dd,VISH-25-02-0388,,,,RO Water Issues,2025-02-22 10:43:00.000,,Low,Normal,,,,,0,,0,,No recorded resolution time; ticket not evaluated.,median,,2026-08-06T14:42:36
f139cab6-9934-dd1c-59fe-ceaa8ccef718,VISH-25-02-0389,,,,RO Water Issues,2025-02-22 10:43:00.000,,Low,Normal,,,,,0,,0,,No recorded resolution time; ticket not evaluated.,median,,2026-08-06T14:42:36
e0edc13c-3ffc-1e3f-88cc-7a2f9368d7ff,VISH-25-02-0390,,,,RO Water Issues,2025-02-22 10:43:00.000,,Low,Normal,,,,,0,,0,,No recorded resolution time; ticket not evaluated.,median,,2026-08-06T14:42:36
452da79e-4327-7968-e29e-940bdebd161d,VISH-25-03-0391,,,,Other,2025-03-03 14:07:00.000,,Low,Normal,,,,,0,,0,,No recorded resolution time; ticket not evaluated.,median,,2026-08-06T14:42:36
c5f174fc-8408-5c89-b61a-c7f7df2bb9f3,VISH-25-05-0392,b5edcf4e-54dc-432a-a6bd-f1b36e2e0813,mapped,VH-AC-C43-0002,AC Issues,2025-05-13 13:03:00.000,,High,Normal,,,,,0,,0,,No recorded resolution time; ticket not evaluated.,median,,2026-08-06T14:42:36
bae7431e-d5df-0eb1-0e2a-8938186ab913,VISH-25-08-0393,,,,Other,2025-08-09 05:49:00.000,,Low,Normal,,,,,0,,0,,No recorded resolution time; ticket not evaluated.,median,,2026-08-06T14:42:36
e12b45cd-a36e-03a2-5ec1-d11c49aecab3,VISH-25-08-0394,,,,Other,2025-08-09 05:49:00.000,,Low,Normal,,,,,0,,0,,No recorded resolution time; ticket not evaluated.,median,,2026-08-06T14:42:36
dcd80133-2740-94f2-c089-3086a6eabf56,VISH-25-08-0395,,,,Cleaning Issues,2025-08-13 20:29:00.000,,Low,Normal,,,,,0,,0,,No recorded resolution time; ticket not evaluated.,median,,2026-08-06T14:42:36
743c41c0-cdc2-1538-1214-55334b04c359,VISH-25-11-0396,30d9dbfc-a9d3-49fb-bc99-c78196773658,mapped,VH-FN-C43-0002,Electrical Issues,2025-11-15 10:30:00.000,,High,Normal,,,,,0,,0,,No recorded resolution time; ticket not evaluated.,median,,2026-08-06T14:42:36
b1e60750-e4dc-770a-caa7-e31ddf5c7625,VISH-25-03-0397,,,,Washing machine Issue,2025-03-03 09:20:00.000,,Low,Normal,,,,,0,,0,,No recorded resolution time; ticket not evaluated.,median,,2026-08-06T14:42:36
25b9c0a6-1e32-92a8-1131-ad8a0ca431fc,VISH-25-05-0398,,,,Other,2025-05-15 23:47:00.000,,Low,Normal,,,,,0,,0,,No recorded resolution time; ticket not evaluated.,median,,2026-08-06T14:42:36
f9430b56-5626-d5b9-c2c7-4960976ad3fc,VISH-25-05-0399,,,,AC Issues,2025-05-25 11:11:00.000,,Low,Normal,,,,,0,,0,,No recorded resolution time; ticket not evaluated.,median,,2026-08-06T14:42:36
99fe47c3-efb6-79b4-7aa0-502f0e1d9cab,VISH-25-09-0400,,,,AC Issues,2025-09-08 23:47:00.000,,Low,Normal,,,,,0,,0,,No recorded resolution time; ticket not evaluated.,median,,2026-08-06T14:42:36
698de39f-636f-e304-6e78-4dbe603da9ad,VISH-25-10-0401,,,,Electrical Issues,2025-10-06 10:55:00.000,,Low,Normal,,,,,0,,0,,No recorded resolution time; ticket not evaluated.,median,,2026-08-06T14:42:36
9738811f-d089-6792-654e-c69bdc0c73a1,VISH-25-10-0402,,,,Electrical Issues,2025-10-22 01:48:00.000,,Low,Normal,,,,,0,,0,,No recorded resolution time; ticket not evaluated.,median,,2026-08-06T14:42:36
69453db7-f136-69bd-39c5-07984f03f0ad,VISH-25-10-0403,,,,Furniture,2025-10-22 01:51:00.000,,Low,Normal,,,,,0,,0,,No recorded resolution time; ticket not evaluated.,median,,2026-08-06T14:42:36
52445982-44fc-84c3-2471-6c1bf4093856,VISH-25-10-0404,,,,RO Water Issues,2025-10-22 01:52:00.000,,Low,Normal,,,,,0,,0,,No recorded resolution time; ticket not evaluated.,median,,2026-08-06T14:42:36
1c4cc71e-ae66-c800-6a15-4c1b2615bce2,VISH-25-10-0405,,,,AC Issues,2025-10-29 00:51:00.000,,Low,Normal,,,,,0,,0,,No recorded resolution time; ticket not evaluated.,median,,2026-08-06T14:42:36
dae281ca-87b8-d0d1-9832-fa5fe445c4dc,VISH-26-03-0406,,,,Other,2026-03-09 19:36:00.000,,Low,Normal,,,,,0,,0,,No recorded resolution time; ticket not evaluated.,median,,2026-08-06T14:42:36
9a08726f-03c5-3110-ef60-e94e2b21fbbd,VISH-25-03-0407,8e4a1a7b-c87d-40fc-b80c-181f621c7e4a,mapped,VH-FN-A44-0002,Electrical Issues,2025-03-05 23:03:00.000,,High,Normal,,,,,0,,0,,No recorded resolution time; ticket not evaluated.,median,,2026-08-06T14:42:36
992714f0-c404-f19c-c055-3df3913fe345,VISH-25-03-0408,,,,AC Issues,2025-03-18 17:38:00.000,,Low,Normal,,,,,0,,0,,No recorded resolution time; ticket not evaluated.,median,,2026-08-06T14:42:36
feabad01-7299-601b-b0da-efa518fe2dd3,VISH-25-04-0409,,,,AC Issues,2025-04-29 01:29:00.000,,Low,Normal,,,,,0,,0,,No recorded resolution time; ticket not evaluated.,median,,2026-08-06T14:42:36
1c437840-4910-cc17-b362-8b03ad9d3196,VISH-25-05-0410,,,,AC Issues,2025-05-15 23:11:00.000,,Low,Normal,,,,,0,,0,,No recorded resolution time; ticket not evaluated.,median,,2026-08-06T14:42:36
a1de284e-db54-8a2f-d14c-b689d377ebd0,VISH-25-05-0411,,,,Plumbing,2025-05-17 11:16:00.000,,Low,Normal,,,,,0,,0,,No recorded resolution time; ticket not evaluated.,median,,2026-08-06T14:42:36
ba40bb47-d80f-d60d-aaf9-5fd0db3a2409,VISH-25-05-0412,563f1f66-9d2f-4054-b25b-775b06211ce1,mapped,VH-FN-A44-0004,Electrical Issues,2025-05-26 19:24:00.000,,High,Normal,,,,,0,,0,,No recorded resolution time; ticket not evaluated.,median,,2026-08-06T14:42:36
ca91bbb6-9955-0fe7-68d5-c332b6b33b8f,VISH-25-09-0413,,,,Washing machine Issue,2025-09-02 19:44:00.000,,Low,Normal,,,,,0,,0,,No recorded resolution time; ticket not evaluated.,median,,2026-08-06T14:42:36
6e1a547c-552f-d6bb-f8fc-bf69d3e7fdda,VISH-26-02-0414,,,,RO Water Issues,2026-02-16 11:55:00.000,,Low,Normal,,,,,0,,0,,No recorded resolution time; ticket not evaluated.,median,,2026-08-06T14:42:36
3b3e98f3-d959-e46f-5af4-d528bb4d5d17,VISH-25-02-0415,,,,Washing machine Issue,2025-02-14 18:39:00.000,,Low,Normal,,,,,0,,0,,No recorded resolution time; ticket not evaluated.,median,,2026-08-06T14:42:36
edcbce8c-d7d2-09d1-1868-996d77f21166,VISH-25-02-0416,,,,AC Issues,2025-02-14 18:40:00.000,,Low,Normal,,,,,0,,0,,No recorded resolution time; ticket not evaluated.,median,,2026-08-06T14:42:36
779bd59b-2cc4-3104-a645-5f4a72d218a6,VISH-25-02-0417,,,,AC Issues,2025-02-14 18:40:00.000,,Low,Normal,,,,,0,,0,,No recorded resolution time; ticket not evaluated.,median,,2026-08-06T14:42:36
9b36f5bb-4887-7918-dc4b-b4041df81d47,VISH-25-03-0418,,,,Washing machine Issue,2025-03-27 20:32:00.000,,Low,Normal,,,,,0,,0,,No recorded resolution time; ticket not evaluated.,median,,2026-08-06T14:42:36
e8dfd260-1b1b-e834-8658-a1d4f3cddfa0,VISH-25-03-0419,,,,AC Issues,2025-03-27 20:33:00.000,,Low,Normal,,,,,0,,0,,No recorded resolution time; ticket not evaluated.,median,,2026-08-06T14:42:36
ef838539-3c16-7e36-2740-32a4668ae4f0,VISH-25-07-0420,,,,Other,2025-07-29 11:01:00.000,,Low,Normal,,,,,0,,0,,No recorded resolution time; ticket not evaluated.,median,,2026-08-06T14:42:36
179deaaf-c984-bd65-bf3e-4134fe900e21,VISH-25-08-0421,,,,Furniture,2025-08-24 18:47:00.000,,Low,Normal,,,,,0,,0,,No recorded resolution time; ticket not evaluated.,median,,2026-08-06T14:42:36
dd33fcf4-3cb2-8881-37e6-6fc22a12e3db,VISH-25-08-0422,,,,RO Water Issues,2025-08-31 21:32:00.000,,Low,Normal,,,,,0,,0,,No recorded resolution time; ticket not evaluated.,median,,2026-08-06T14:42:36
70474ca3-d011-8286-5192-a17d91082a34,VISH-25-05-0423,,,,RO Water Issues,2025-05-30 13:10:00.000,,Medium,Normal,,,,,0,,0,,No recorded resolution time; ticket not evaluated.,median,,2026-08-06T14:42:36
f9c80776-51ad-cff3-6384-83e85e2a892e,VISH-25-06-0424,,,,Furniture,2025-06-21 16:44:00.000,,Low,Normal,,,,,0,,0,,No recorded resolution time; ticket not evaluated.,median,,2026-08-06T14:42:36
bb4f516b-2c26-4e0d-c9bd-c532b30cffe5,VISH-25-02-0425,,,,Plumbing,2025-02-25 12:41:00.000,,Low,Normal,,,,,0,,0,,No recorded resolution time; ticket not evaluated.,median,,2026-08-06T14:42:36
cbb86a8c-ebfa-7c9c-7bb7-c636ccab17d3,VISH-25-02-0426,625b07e7-083b-4c9d-b00b-203844544ea3,mapped,VH-AC-B41-0004,AC Issues,2025-02-25 12:44:00.000,,High,Normal,,,,,0,,0,,No recorded resolution time; ticket not evaluated.,median,,2026-08-06T14:42:36
f8afd35a-1ac4-d36b-eba9-ab802a840469,VISH-25-04-0427,,,,Other,2025-04-14 13:09:00.000,,Low,Normal,,,,,0,,0,,No recorded resolution time; ticket not evaluated.,median,,2026-08-06T14:42:36
e59af8ce-c359-87da-eda3-a1014252600b,VISH-25-04-0428,625b07e7-083b-4c9d-b00b-203844544ea3,mapped,VH-AC-B41-0004,AC Issues,2025-04-14 13:11:00.000,,High,Normal,,,,,0,,0,,No recorded resolution time; ticket not evaluated.,median,,2026-08-06T14:42:36
df67f97f-b60c-9f57-a4e3-592bd6e49873,VISH-25-05-0429,a70eb2c3-706c-45d7-9af3-c0be7a59c764,mapped,VH-FN-B41-0004,Electrical Issues,2025-05-12 13:19:00.000,,High,Normal,,,,,0,,0,,No recorded resolution time; ticket not evaluated.,median,,2026-08-06T14:42:36
4b7163fa-28ee-607d-ae0c-3a9224e1122a,VISH-25-06-0430,,,,Internet Issues,2025-06-02 14:16:00.000,,Low,Normal,,,,,0,,0,,No recorded resolution time; ticket not evaluated.,median,,2026-08-06T14:42:36
b1a7a150-9173-13da-7bc8-7d3dc0c61f8f,VISH-25-06-0431,,,,Other,2025-06-02 14:18:00.000,,Low,Normal,,,,,0,,0,,No recorded resolution time; ticket not evaluated.,median,,2026-08-06T14:42:36
b54d4bb6-3b47-d0c3-f106-327c79e129d6,VISH-25-06-0432,,,,Cleaning Issues,2025-06-02 14:20:00.000,,Low,Normal,,,,,0,,0,,No recorded resolution time; ticket not evaluated.,median,,2026-08-06T14:42:36
f2b54f8b-c76d-7368-a9f5-1819d1b2525d,VISH-25-09-0433,,,,Other,2025-09-03 13:11:00.000,,Low,Normal,,,,,0,,0,,No recorded resolution time; ticket not evaluated.,median,,2026-08-06T14:42:36
047c1201-ada6-deb9-3a98-cffaed2cbcac,VISH-25-10-0434,cb1b3f5f-347b-4a3b-adee-1924192848d1,mapped,VH-CO-B41-0001,Furniture,2025-10-06 14:03:00.000,,High,Normal,,,,,0,,0,,No recorded resolution time; ticket not evaluated.,median,,2026-08-06T14:42:36
f710248c-036c-4414-8a8b-a05f7158d60b,VISH-25-10-0435,,,,Other,2025-10-06 14:06:00.000,,Low,Normal,,,,,0,,0,,No recorded resolution time; ticket not evaluated.,median,,2026-08-06T14:42:36
4ede64d0-95f2-9856-d368-90d7dac5e7f4,VISH-26-01-0436,,,,Washing machine Issue,2026-01-06 11:59:00.000,,Low,Normal,,,,,0,,0,,No recorded resolution time; ticket not evaluated.,median,,2026-08-06T14:42:36
71d77401-e8a7-e5a5-7d79-d5e087e26af8,VISH-25-04-0437,f1b25cdd-e630-44ef-a054-2f57d7add09c,mapped,VH-AC-A44-0001,AC Issues,2025-04-06 22:33:00.000,,High,Normal,,,,,0,,0,,No recorded resolution time; ticket not evaluated.,median,,2026-08-06T14:42:36
6f8c20ff-35c0-c965-ce46-52a00b5644ca,VISH-25-05-0438,,,,Washing machine Issue,2025-05-03 22:05:00.000,,Low,Normal,,,,,0,,0,,No recorded resolution time; ticket not evaluated.,median,,2026-08-06T14:42:36
4c4f2a1e-7fa7-ea18-0f2d-add3bb9fccac,VISH-25-05-0439,,,,Washing machine Issue,2025-05-03 22:06:00.000,,Low,Normal,,,,,0,,0,,No recorded resolution time; ticket not evaluated.,median,,2026-08-06T14:42:36
a83295bf-61fa-e0b1-ea7c-e02e56fa6d9b,VISH-25-05-0440,,,,Washing machine Issue,2025-05-03 22:08:00.000,,Low,Normal,,,,,0,,0,,No recorded resolution time; ticket not evaluated.,median,,2026-08-06T14:42:36
690ced8f-1267-4d45-b938-e08f24469ebf,VIST-26-07-00089,317172ac-c2bb-40a2-bf74-b4770912b83a,direct,VH-CB-B12-0007,Furniture,,,Verified,Normal,,,,,0,,0,,No recorded resolution time; ticket not evaluated.,median,,2026-08-06T14:42:36
0faa0e6f-3fbf-0984-2517-86149f652eee,VISH-25-05-0441,86cfe969-a250-4233-ae88-b25e85bfd41e,mapped,VH-FN-A44-0001,Electrical Issues,2025-05-03 22:10:00.000,,High,Normal,,,,,0,,0,,No recorded resolution time; ticket not evaluated.,median,,2026-08-06T14:42:36
96fa351d-867a-d4cd-c35b-d9d0ad8b4d99,VISH-25-05-0442,,,,Washing machine Issue,2025-05-19 11:45:00.000,,Low,Normal,,,,,0,,0,,No recorded resolution time; ticket not evaluated.,median,,2026-08-06T14:42:36
170bf74f-28d9-a03a-4e83-cd00440d2111,VISH-25-03-0443,,,,Washing machine Issue,2025-03-08 17:58:00.000,,Low,Normal,,,,,0,,0,,No recorded resolution time; ticket not evaluated.,median,,2026-08-06T14:42:36
1de66398-8625-62e6-ef81-b42c674601be,VISH-25-03-0444,,,,Other,2025-03-08 17:58:00.000,,Low,Normal,,,,,0,,0,,No recorded resolution time; ticket not evaluated.,median,,2026-08-06T14:42:36
2764d230-6756-458e-51f3-c2c97e551db0,VISH-25-10-0445,,,,Washing machine Issue,2025-10-04 20:28:00.000,,Low,Normal,,,,,0,,0,,No recorded resolution time; ticket not evaluated.,median,,2026-08-06T14:42:36
bf96c44b-df48-3507-79e8-49f5ddcc3813,VISH-25-04-0446,,,,Plumbing,2025-04-28 10:41:00.000,,Low,Normal,,,,,0,,0,,No recorded resolution time; ticket not evaluated.,median,,2026-08-06T14:42:36
cf43d7f2-22dc-b187-4375-5c5269dc4db4,VISH-25-05-0447,,,,Furniture,2025-05-05 08:41:00.000,,Low,Normal,,,,,0,,0,,No recorded resolution time; ticket not evaluated.,median,,2026-08-06T14:42:36
93892541-f9a7-723c-1ad9-d648fa30de17,VISH-25-06-0448,,,,Electrical Issues,2025-06-13 08:36:00.000,,Low,Normal,,,,,0,,0,,No recorded resolution time; ticket not evaluated.,median,,2026-08-06T14:42:36
192ce7f9-44e6-f1ea-f2ce-9f7ad7f7c7eb,VISH-25-06-0449,,,,Furniture,2025-06-13 08:37:00.000,,Low,Normal,,,,,0,,0,,No recorded resolution time; ticket not evaluated.,median,,2026-08-06T14:42:36
741b147a-3947-8220-ec44-7f739ac46466,VISH-25-06-0450,,,,Other,2025-06-13 08:39:00.000,,Low,Normal,,,,,0,,0,,No recorded resolution time; ticket not evaluated.,median,,2026-08-06T14:42:36
e8afdd8c-baf4-969e-c31a-0706b3eca8e1,VISH-25-06-0451,,,,Cleaning Issues,2025-06-13 08:40:00.000,,Low,Normal,,,,,0,,0,,No recorded resolution time; ticket not evaluated.,median,,2026-08-06T14:42:36
0c0f9589-f77b-5e2a-c631-d2b8560b317e,VISH-25-06-0452,,,,Other,2025-06-13 08:42:00.000,,Low,Normal,,,,,0,,0,,No recorded resolution time; ticket not evaluated.,median,,2026-08-06T14:42:36
062e0c15-1356-1a98-1fe6-dc0c4124900e,VISH-25-06-0453,,,,Fridge Issues,2025-06-13 08:43:00.000,,Low,Normal,,,,,0,,0,,No recorded resolution time; ticket not evaluated.,median,,2026-08-06T14:42:36
6ff44eb2-b46c-41ab-e416-1214df2f0d93,VISH-25-06-0454,,,,Electrical Issues,2025-06-13 08:57:00.000,,Low,Normal,,,,,0,,0,,No recorded resolution time; ticket not evaluated.,median,,2026-08-06T14:42:36
50486ccc-afa8-8777-4574-e3022ce76fde,VISH-25-07-0455,,,,Cleaning Issues,2025-07-27 08:56:00.000,,Low,Normal,,,,,0,,0,,No recorded resolution time; ticket not evaluated.,median,,2026-08-06T14:42:36
df853a74-7063-6b51-612e-43e3c51100dc,VISH-25-08-0456,,,,Plumbing,2025-08-22 12:44:00.000,,Low,Normal,,,,,0,,0,,No recorded resolution time; ticket not evaluated.,median,,2026-08-06T14:42:36
74bfe4c4-80fa-9b99-091c-b5e760c3fb9e,VISH-25-08-0457,,,,Furniture,2025-08-22 12:45:00.000,,Low,Normal,,,,,0,,0,,No recorded resolution time; ticket not evaluated.,median,,2026-08-06T14:42:36
44202a80-84f2-45c8-ad8e-b69c6599ba32,VISH-2026-0032,656467e0-85ba-45b6-ac40-6fa5e71d0af6,direct,VH-CB-C43-0005,Furniture,2026-04-09 09:59:05.657,23.06,Verified,Normal,,,,,0,,1,1.9,"No manager-verified repair history for this asset, asset type, or issue type yet; no verified baseline available, so this ticket is not evaluated.",median,,2026-08-06T14:42:36
676634f4-5f63-4dd0-a41a-aa84ace516b2,VISH-2026-0035,97248d4f-b62a-4315-9915-18dee0224ade,direct,VH-FN-B14-0004,Electrical Issues,2026-04-09 09:34:11.754,4.99,Verified,Normal,,,,,0,,0,,"No manager-verified repair history for this asset, asset type, or issue type yet; no verified baseline available, so this ticket is not evaluated.",median,,2026-08-06T14:42:36
9e8951d5-3a5a-777e-884c-eaef821393c0,VISH-25-08-0458,,,,Cleaning Issues,2025-08-23 12:48:00.000,,Low,Normal,,,,,0,,0,,No recorded resolution time; ticket not evaluated.,median,,2026-08-06T14:42:36
8c25f955-0b01-4421-a445-3effd1208a77,VISH-2026-0033,,,,RO Water Issues,2026-04-08 11:53:45.841,0.71,Unmapped,Normal,,,,,0,,0,,"No manager-verified repair history for this asset, asset type, or issue type yet; no verified baseline available, so this ticket is not evaluated.",median,,2026-08-06T14:42:36
000b5172-04c6-835a-0a87-b16ddb38b1b6,VISH-25-09-0459,,,,Cleaning Issues,2025-09-19 12:07:00.000,,Low,Normal,,,,,0,,0,,No recorded resolution time; ticket not evaluated.,median,,2026-08-06T14:42:36
6ee7e61a-b10e-4a6d-95c2-02b365bb774e,VIST-26-07-00053,572c3a43-35ae-48cc-941e-77484386f1bd,direct,VH-AC-C12-0004,AC Issues,2026-07-18 11:14:37.019,3.84,Verified,Normal,,,,,0,,0,,"No manager-verified repair history for this asset, asset type, or issue type yet; no verified baseline available, so this ticket is not evaluated.",median,,2026-08-06T14:42:36
70c64b62-6db0-be33-5fff-bdb78c1d6151,VISH-25-09-0460,,,,AC Issues,2025-09-19 12:08:00.000,,Low,Normal,,,,,0,,0,,No recorded resolution time; ticket not evaluated.,median,,2026-08-06T14:42:36
74736744-0a87-d445-027f-a284f49b5ac9,VISH-25-10-0461,,,,Cleaning Issues,2025-10-08 18:20:00.000,,Low,Normal,,,,,0,,0,,No recorded resolution time; ticket not evaluated.,median,,2026-08-06T14:42:36
c09765e4-f4ca-a4a4-a536-4aaf58169b63,VISH-25-10-0462,,,,Cleaning Issues,2025-10-08 18:23:00.000,,Low,Normal,,,,,0,,0,,No recorded resolution time; ticket not evaluated.,median,,2026-08-06T14:42:36
6c244d62-cf5b-1874-531a-3fff17373038,VISH-25-11-0463,,,,Electrical Issues,2025-11-11 17:41:00.000,,Low,Normal,,,,,0,,0,,No recorded resolution time; ticket not evaluated.,median,,2026-08-06T14:42:36
c57e93d9-055a-f5e9-dd2e-42950e9758ea,VISH-25-11-0464,,,,Cleaning Issues,2025-11-12 18:39:00.000,,Low,Normal,,,,,0,,0,,No recorded resolution time; ticket not evaluated.,median,,2026-08-06T14:42:36
96ac38f2-88f0-4bad-b91f-7e63474cbd8a,VIST-26-05-00092,f2d29075-ee7d-4af7-afd3-3f1d7775d2e6,direct,VH-CB-B12-0001,Furniture,2026-05-19 07:12:10.366,14.26,Verified,Normal,,,,,0,,0,,"No manager-verified repair history for this asset, asset type, or issue type yet; no verified baseline available, so this ticket is not evaluated.",median,,2026-08-06T14:42:36
7afb353a-c390-43a8-a04f-a07954bcecf6,VISH-2026-0010,ee5277cb-c0b4-4d6c-9594-89021f5d24b3,direct,VH-MW-C21-0001,Kitchen Equipment,,,Verified,Normal,,,,,0,,0,,No recorded resolution time; ticket not evaluated.,median,,2026-08-06T14:42:36
6c91a465-4e6a-4e33-a064-54bbec48228c,VISH-2026-0021,79b14f2a-439d-42a3-973b-c0c8b17d190f,direct,VH-DT-D21-0001,Furniture,2026-04-10 05:45:16.612,75.62,Verified,Normal,,,,,0,,0,,"No manager-verified repair history for this asset, asset type, or issue type yet; no verified baseline available, so this ticket is not evaluated.",median,,2026-08-06T14:42:36
9a4115ff-94dc-47eb-5c92-1e4c30dadfe3,VISH-25-11-0465,,,,Cleaning Issues,2025-11-12 18:41:00.000,,Low,Normal,,,,,0,,0,,No recorded resolution time; ticket not evaluated.,median,,2026-08-06T14:42:36
4f80da01-041a-0f8f-e169-1f258d5f4cfa,VISH-25-03-0466,,,,Other,2025-03-09 17:40:00.000,,Low,Normal,,,,,0,,0,,No recorded resolution time; ticket not evaluated.,median,,2026-08-06T14:42:36
da4cec39-3df3-80ee-0175-f57aa45ec24f,VISH-25-03-0467,,,,Billing Issues,2025-03-13 08:52:00.000,,Low,Normal,,,,,0,,0,,No recorded resolution time; ticket not evaluated.,median,,2026-08-06T14:42:36
f700d88b-d513-5f3f-b277-5c4de098b3e5,VISH-25-03-0468,,,,Plumbing,2025-03-02 13:53:00.000,,Low,Normal,,,,,0,,0,,No recorded resolution time; ticket not evaluated.,median,,2026-08-06T14:42:36
28f1244e-46a5-772c-2442-a5265b21139d,VISH-25-03-0469,,,,Washing machine Issue,2025-03-30 13:41:00.000,,Low,Normal,,,,,0,,0,,No recorded resolution time; ticket not evaluated.,median,,2026-08-06T14:42:36
9009488b-d503-a539-4b14-a1d0aab75059,VISH-25-04-0470,,,,Other,2025-04-01 20:53:00.000,,Low,Normal,,,,,0,,0,,No recorded resolution time; ticket not evaluated.,median,,2026-08-06T14:42:36
49fb3511-b543-29b5-ceb6-f1dfc0c34db1,VISH-25-04-0471,,,,Other,2025-04-02 23:50:00.000,,Low,Normal,,,,,0,,0,,No recorded resolution time; ticket not evaluated.,median,,2026-08-06T14:42:36
d34689b0-33a6-38d1-fc9d-e363063efdc1,VISH-25-04-0472,,,,Plumbing,2025-04-29 07:29:00.000,,Low,Normal,,,,,0,,0,,No recorded resolution time; ticket not evaluated.,median,,2026-08-06T14:42:36
ce9e0d69-ad2b-9a1e-ec3e-87b7af65927b,VISH-25-04-0473,,,,Electrical Issues,2025-04-29 07:31:00.000,,Low,Normal,,,,,0,,0,,No recorded resolution time; ticket not evaluated.,median,,2026-08-06T14:42:36
bb3e7bda-ce04-ddbd-c86f-40369ce1b2bc,VISH-25-04-0474,,,,Washing machine Issue,2025-04-30 08:28:00.000,,Low,Normal,,,,,0,,0,,No recorded resolution time; ticket not evaluated.,median,,2026-08-06T14:42:36
32a2c7ab-e977-8bfe-ce83-84f3e827b856,VISH-25-05-0475,,,,Plumbing,2025-05-14 07:53:00.000,,Low,Normal,,,,,0,,0,,No recorded resolution time; ticket not evaluated.,median,,2026-08-06T14:42:36
cf90ed6a-84e2-81f6-e4ad-6cf19d3762c4,VISH-25-05-0476,,,,Washing machine Issue,2025-05-14 07:55:00.000,,Low,Normal,,,,,0,,0,,No recorded resolution time; ticket not evaluated.,median,,2026-08-06T14:42:36
aca386b0-7292-3927-764e-6367f410da06,VISH-25-06-0477,,,,Washing machine Issue,2025-06-01 19:42:00.000,,Low,Normal,,,,,0,,0,,No recorded resolution time; ticket not evaluated.,median,,2026-08-06T14:42:36
74d1e3cf-ee76-4d50-8896-05503b3b9e0f,VISH-2026-0020,b057aedf-024a-4f78-bcdf-db0b296060de,direct,VH-CB-D21-0004,Other,2026-04-10 04:20:15.017,74.23,Verified,Normal,,,,,0,,0,,"No manager-verified repair history for this asset, asset type, or issue type yet; no verified baseline available, so this ticket is not evaluated.",median,,2026-08-06T14:42:36
e63ac7d0-1380-d884-da40-c7f53e906ce3,VISH-25-06-0478,,,,Washing machine Issue,2025-06-01 19:46:00.000,,Low,Normal,,,,,0,,0,,No recorded resolution time; ticket not evaluated.,median,,2026-08-06T14:42:36
160d2e75-955e-a6a7-811e-5e4b01104b1f,VISH-25-02-0479,,,,Other,2025-02-22 20:13:00.000,,Low,Normal,,,,,0,,0,,No recorded resolution time; ticket not evaluated.,median,,2026-08-06T14:42:36
2c6d1260-ed14-4d39-8728-59d2af490a65,VISH-25-09-0480,1b6c25dd-0b0e-42c8-bcbe-4db643f93f0c,mapped,VH-AC-C41-0004,AC Issues,2025-09-03 10:06:00.000,,High,Normal,,,,,0,,0,,No recorded resolution time; ticket not evaluated.,median,,2026-08-06T14:42:36
8c637cf9-d7b1-4183-4b29-eb5d08c1eaca,VISH-25-09-0481,,,,Plumbing,2025-09-26 18:30:00.000,,Low,Normal,,,,,0,,0,,No recorded resolution time; ticket not evaluated.,median,,2026-08-06T14:42:36
633c9c62-52a8-6252-ebe4-e07c4157da6e,VISH-25-09-0482,,,,Cleaning Issues,2025-09-28 03:02:00.000,,Low,Normal,,,,,0,,0,,No recorded resolution time; ticket not evaluated.,median,,2026-08-06T14:42:36
10a7e9c6-a89d-2ded-8da9-bfd9677184fd,VISH-25-09-0483,,,,Cleaning Issues,2025-09-28 03:02:00.000,,Low,Normal,,,,,0,,0,,No recorded resolution time; ticket not evaluated.,median,,2026-08-06T14:42:36
d1e7f60a-9d05-726a-a8b0-538f18fede55,VISH-25-09-0484,,,,Cleaning Issues,2025-09-28 03:02:00.000,,Low,Normal,,,,,0,,0,,No recorded resolution time; ticket not evaluated.,median,,2026-08-06T14:42:36
981845c3-de7f-01af-fbd2-1d8f8eaaaf12,VISH-25-09-0485,,,,Other,2025-09-28 03:02:00.000,,Low,Normal,,,,,0,,0,,No recorded resolution time; ticket not evaluated.,median,,2026-08-06T14:42:36
1a7d2c07-ed92-50de-9fd4-a47975486039,VISH-25-09-0486,,,,Cleaning Issues,2025-09-28 03:03:00.000,,Low,Normal,,,,,0,,0,,No recorded resolution time; ticket not evaluated.,median,,2026-08-06T14:42:36
5a806119-bcc5-dd17-0b34-2c6d43730967,VISH-25-09-0487,,,,Cleaning Issues,2025-09-28 03:03:00.000,,Low,Normal,,,,,0,,0,,No recorded resolution time; ticket not evaluated.,median,,2026-08-06T14:42:36
1061922a-6df4-4740-b754-7677e856b7b9,VIST-26-06-00105,,,,Toilet Issues,2026-06-30 08:41:58.145,38.94,Low,Normal,,,,,0,,0,,"No manager-verified repair history for this asset, asset type, or issue type yet; no verified baseline available, so this ticket is not evaluated.",median,,2026-08-06T14:42:36
b78672bf-3a6d-43b0-a988-51a5ab493f3e,VISH-2026-0029,f15d0ff8-209b-4934-92c8-1900afec3fa5,direct,VH-FN-A24-0001,Electrical Issues,2026-04-09 12:21:04.293,28.79,Verified,Normal,,,,,0,,0,,"No manager-verified repair history for this asset, asset type, or issue type yet; no verified baseline available, so this ticket is not evaluated.",median,,2026-08-06T14:42:36
33aba1c2-3617-474c-a622-dc3f9c58140f,VIST-26-04-00019,,,,Toilet Issues,2026-04-23 06:46:48.992,17.14,Low,Normal,,,,,0,,0,,"No manager-verified repair history for this asset, asset type, or issue type yet; no verified baseline available, so this ticket is not evaluated.",median,,2026-08-06T14:42:36
736faf3e-7bf6-46af-9b45-541ac5062166,VISH-2026-0012,9e43da1d-fd6f-4da2-bde3-6fb9eb6169f4,direct,VH-IS-B34-0001,Kitchen Equipment,2026-04-09 12:28:34.975,127.19,Verified,Normal,,,,,0,,0,,"No manager-verified repair history for this asset, asset type, or issue type yet; no verified baseline available, so this ticket is not evaluated.",median,,2026-08-06T14:42:36
a9138e2c-ea04-8bab-0d93-2eb03f39b99f,VISH-25-09-0488,,,,Other,2025-09-28 03:05:00.000,,Low,Normal,,,,,0,,0,,No recorded resolution time; ticket not evaluated.,median,,2026-08-06T14:42:36
88d0ee33-24c8-7df3-99f7-e0ebe4944d5a,VISH-25-11-0489,,,,Cleaning Issues,2025-11-01 13:13:00.000,,Low,Normal,,,,,0,,0,,No recorded resolution time; ticket not evaluated.,median,,2026-08-06T14:42:36
4a7cba5b-f7b2-5372-cd73-0e5495f0a9b6,VISH-25-11-0490,,,,Plumbing,2025-11-16 12:36:00.000,,Low,Normal,,,,,0,,0,,No recorded resolution time; ticket not evaluated.,median,,2026-08-06T14:42:36
badc7044-7f80-d9df-7839-fa0827ce90fc,VISH-25-11-0491,,,,Other,2025-11-18 23:41:00.000,,Low,Normal,,,,,0,,0,,No recorded resolution time; ticket not evaluated.,median,,2026-08-06T14:42:36
b8e5135d-20e0-3eba-6667-7b6fa69881b9,VISH-26-01-0492,,,,Furniture,2026-01-12 09:53:00.000,,Low,Normal,,,,,0,,0,,No recorded resolution time; ticket not evaluated.,median,,2026-08-06T14:42:36
1f565fcf-6704-cd24-9d04-ce41596e686b,VISH-26-01-0493,,,,Plumbing,2026-01-12 09:55:00.000,,Low,Normal,,,,,0,,0,,No recorded resolution time; ticket not evaluated.,median,,2026-08-06T14:42:36
e4a9a8e6-63c6-3864-1a81-c1212159b45e,VISH-26-01-0494,1c2b1ca8-c7d4-4c53-94c8-62837e542238,mapped,VH-FN-C41-0004,Electrical Issues,2026-01-12 09:56:00.000,,High,Normal,,,,,0,,0,,No recorded resolution time; ticket not evaluated.,median,,2026-08-06T14:42:36
e91ac47d-4cbe-de7c-f430-80c2266996ea,VISH-26-01-0495,,,,Other,2026-01-12 09:57:00.000,,Low,Normal,,,,,0,,0,,No recorded resolution time; ticket not evaluated.,median,,2026-08-06T14:42:36
659960b4-5804-4736-8e20-c646a5ef5c4b,VIST-26-06-00067,cb8ee2ea-5294-4841-b841-769cb00f5e9a,direct,VH-WH-D41-0002,Toilet Issues,2026-06-19 04:57:07.851,38.0,Verified,Normal,,,,,0,,1,23.9,"No manager-verified repair history for this asset, asset type, or issue type yet; no verified baseline available, so this ticket is not evaluated.",median,,2026-08-06T14:42:36
c5a466e9-f41a-4436-8a4d-58621227a138,VISH-2026-0028,3466151e-b985-4928-a03b-037084dcf9ae,direct,VH-FN-D12-0002,Electrical Issues,2026-04-08 10:19:10.447,16.95,Verified,Normal,,,,,0,,0,,"No manager-verified repair history for this asset, asset type, or issue type yet; no verified baseline available, so this ticket is not evaluated.",median,,2026-08-06T14:42:36
2c7741ed-97b5-0165-0f07-2e10816d9a48,VISH-26-01-0496,,,,Other,2026-01-12 09:59:00.000,,Low,Normal,,,,,0,,0,,No recorded resolution time; ticket not evaluated.,median,,2026-08-06T14:42:36
62ec3e07-d588-4248-a406-54abbe7097eb,VISH-2026-1100,1d23efda-47c5-4f25-a9a9-fb25f27f1555,direct,VH-AC-C43-0001,AC Issues,2026-04-10 08:05:38.344,0.59,Verified,Normal,,,,,0,,0,,"No manager-verified repair history for this asset, asset type, or issue type yet; no verified baseline available, so this ticket is not evaluated.",median,,2026-08-06T14:42:36
dc8d276b-8b37-3602-9510-0bc552a6ce5c,VISH-26-01-0497,,,,RO Water Issues,2026-01-17 10:23:00.000,,Low,Normal,,,,,0,,0,,No recorded resolution time; ticket not evaluated.,median,,2026-08-06T14:42:36
88be3487-8eda-fded-78ec-9b5978d7bbfa,VISH-25-02-0498,,,,Other,2025-02-12 21:56:00.000,,Low,Normal,,,,,0,,0,,No recorded resolution time; ticket not evaluated.,median,,2026-08-06T14:42:36
6fa48ee2-ff5f-07e0-3dbc-f066854a6260,VISH-25-05-0499,,,,Electrical Issues,2025-05-15 18:14:00.000,,Low,Normal,,,,,0,,0,,No recorded resolution time; ticket not evaluated.,median,,2026-08-06T14:42:36
7c1aeccd-02d9-02b2-5f80-e0a8c995bbb4,VISH-25-05-0500,,,,RO Water Issues,2025-05-31 22:06:00.000,,Low,Normal,,,,,0,,0,,No recorded resolution time; ticket not evaluated.,median,,2026-08-06T14:42:36
4f685155-35d5-d247-2e3f-2f08f71e94a0,VISH-25-05-0501,,,,RO Water Issues,2025-05-31 22:06:00.000,,Low,Normal,,,,,0,,0,,No recorded resolution time; ticket not evaluated.,median,,2026-08-06T14:42:36
51267f15-61c6-4af6-8c24-cd0ff614464d,VISH-25-05-0502,,,,Cleaning Issues,2025-05-31 22:11:00.000,,Low,Normal,,,,,0,,0,,No recorded resolution time; ticket not evaluated.,median,,2026-08-06T14:42:36
7f70738b-24fd-3b01-e161-6ef52deb0381,VISH-25-09-0503,,,,Furniture,2025-09-08 22:30:00.000,,Low,Normal,,,,,0,,0,,No recorded resolution time; ticket not evaluated.,median,,2026-08-06T14:42:36
f528254a-4243-9753-30de-8c8477c18006,VISH-25-09-0504,,,,Electrical Issues,2025-09-17 23:07:00.000,,Low,Normal,,,,,0,,0,,No recorded resolution time; ticket not evaluated.,median,,2026-08-06T14:42:36
bbd0d8a1-1699-e9ea-a6e1-beaeec60ee1a,VISH-25-09-0505,,,,Other,2025-09-27 11:22:00.000,,Low,Normal,,,,,0,,0,,No recorded resolution time; ticket not evaluated.,median,,2026-08-06T14:42:36
a330ffc8-03fa-ec7c-b8c6-1afe0828d04b,VISH-25-10-0506,,,,Furniture,2025-10-22 15:52:00.000,,Low,Normal,,,,,0,,0,,No recorded resolution time; ticket not evaluated.,median,,2026-08-06T14:42:36
c50579e1-6a2e-452e-a149-b4be524cb522,VIST-26-06-00015,,,,Other,2026-06-09 06:00:51.379,120.88,Low,Normal,,,,,0,,0,,"No manager-verified repair history for this asset, asset type, or issue type yet; no verified baseline available, so this ticket is not evaluated.",median,,2026-08-06T14:42:36
8a802dd0-9027-63e1-ab3b-e98b9efd86b3,VISH-25-10-0507,,,,RO Water Issues,2025-10-22 20:31:00.000,,Low,Normal,,,,,0,,0,,No recorded resolution time; ticket not evaluated.,median,,2026-08-06T14:42:36
cc3ee2f8-0614-a044-0e49-2ff157a1b355,VISH-26-03-0508,,,,Internet Issues,2026-03-17 10:20:00.000,,Low,Normal,,,,,0,,0,,No recorded resolution time; ticket not evaluated.,median,,2026-08-06T14:42:36
3abe357b-e656-064e-0536-bb86c08c657b,VISH-26-03-0509,,,,Washing machine Issue,2026-03-17 10:29:00.000,,Low,Normal,,,,,0,,0,,No recorded resolution time; ticket not evaluated.,median,,2026-08-06T14:42:36
4a3c32c4-7485-8604-2524-762c54aa246c,VISH-25-04-0510,6964752d-3abb-4921-9c1b-d1b668a1ce85,mapped,VH-AC-B33-0001,AC Issues,2025-04-04 09:44:00.000,,High,Normal,,,,,0,,0,,No recorded resolution time; ticket not evaluated.,median,,2026-08-06T14:42:36
44db321f-5e76-e65a-fd8e-343be344266b,VISH-25-09-0511,23613fa4-ac57-4a26-9de3-658c3f2c4b4d,mapped,VH-FN-B33-0001,Electrical Issues,2025-09-06 12:21:00.000,,High,Normal,,,,,0,,0,,No recorded resolution time; ticket not evaluated.,median,,2026-08-06T14:42:36
1260f99f-80fb-7d54-d159-1b325bbe157a,VISH-25-09-0512,,,,Furniture,2025-09-06 12:23:00.000,,Low,Normal,,,,,0,,0,,No recorded resolution time; ticket not evaluated.,median,,2026-08-06T14:42:36
7349071f-e4b0-b3c4-3725-6bc4b923b93b,VISH-25-09-0513,23613fa4-ac57-4a26-9de3-658c3f2c4b4d,mapped,VH-FN-B33-0001,Electrical Issues,2025-09-06 12:36:00.000,,High,Normal,,,,,0,,0,,No recorded resolution time; ticket not evaluated.,median,,2026-08-06T14:42:36
9fbe6091-0a0b-66fa-3ee8-675bfc9f31f7,VISH-25-03-0514,99d778f7-c033-4e7f-b205-35213a9877d6,mapped,VH-AC-B44-0003,AC Issues,2025-03-08 17:30:00.000,,High,Normal,,,,,0,,0,,No recorded resolution time; ticket not evaluated.,median,,2026-08-06T14:42:36
7c76880a-5502-6704-3e46-176b90129218,VISH-25-03-0515,99d778f7-c033-4e7f-b205-35213a9877d6,mapped,VH-AC-B44-0003,AC Issues,2025-03-12 17:06:00.000,,High,Normal,,,,,0,,0,,No recorded resolution time; ticket not evaluated.,median,,2026-08-06T14:42:36
bc3bceba-aa02-73f3-4b19-d40f046033ed,VISH-25-05-0516,99d778f7-c033-4e7f-b205-35213a9877d6,mapped,VH-AC-B44-0003,AC Issues,2025-05-01 13:54:00.000,,High,Normal,,,,,0,,0,,No recorded resolution time; ticket not evaluated.,median,,2026-08-06T14:42:36
78746781-67e6-6007-e70f-7ba79e45cc51,VISH-25-05-0517,99d778f7-c033-4e7f-b205-35213a9877d6,mapped,VH-AC-B44-0003,AC Issues,2025-05-01 13:54:00.000,,High,Normal,,,,,0,,0,,No recorded resolution time; ticket not evaluated.,median,,2026-08-06T14:42:36
0c5337c9-164e-21cf-81f8-202342521e37,VISH-25-05-0518,99d778f7-c033-4e7f-b205-35213a9877d6,mapped,VH-AC-B44-0003,AC Issues,2025-05-20 15:08:00.000,,High,Normal,,,,,0,,0,,No recorded resolution time; ticket not evaluated.,median,,2026-08-06T14:42:36
b406781b-bb3d-b4d9-2151-762f561bc3ae,VISH-25-05-0519,99d778f7-c033-4e7f-b205-35213a9877d6,mapped,VH-AC-B44-0003,AC Issues,2025-05-26 21:56:00.000,,High,Normal,,,,,0,,0,,No recorded resolution time; ticket not evaluated.,median,,2026-08-06T14:42:36
fd823c3e-804b-7a88-c6b4-51593d82b7b0,VISH-25-07-0520,,,,RO Water Issues,2025-07-19 06:32:00.000,,Low,Normal,,,,,0,,0,,No recorded resolution time; ticket not evaluated.,median,,2026-08-06T14:42:36
2935d7db-7d58-825a-bfec-a0b93ff63808,VISH-25-08-0521,,,,Other,2025-08-17 14:43:00.000,,Low,Normal,,,,,0,,0,,No recorded resolution time; ticket not evaluated.,median,,2026-08-06T14:42:36
2008a447-537c-97dd-76c3-728d01af7ce0,VISH-25-08-0522,,,,Other,2025-08-24 19:54:00.000,,Low,Normal,,,,,0,,0,,No recorded resolution time; ticket not evaluated.,median,,2026-08-06T14:42:36
5ad350b1-43d9-ac0f-dd39-728313359724,VISH-25-11-0523,,,,Washing machine Issue,2025-11-06 03:52:00.000,,Low,Normal,,,,,0,,0,,No recorded resolution time; ticket not evaluated.,median,,2026-08-06T14:42:36
9863f959-61f4-677e-1720-a0c5cbe621d5,VISH-25-11-0524,e9b3ee0b-2542-4494-bbec-af30b46f14d4,mapped,VH-FN-B44-0003,Electrical Issues,2025-11-25 14:04:00.000,,High,Normal,,,,,0,,0,,No recorded resolution time; ticket not evaluated.,median,,2026-08-06T14:42:36
7545e4b6-686a-973a-8b96-a070810bcf6c,VISH-25-11-0525,,,,Other,2025-11-25 15:14:00.000,,Low,Normal,,,,,0,,0,,No recorded resolution time; ticket not evaluated.,median,,2026-08-06T14:42:36
b1787bae-d6e8-4586-8858-0cb87ce35efc,VIST-26-04-00008,892dee30-f709-4a03-84bf-21b682baa295,direct,VH-CB-C12-0006,Furniture,2026-04-24 11:40:36.822,101.16,Verified,Normal,,,,,0,,0,,"No manager-verified repair history for this asset, asset type, or issue type yet; no verified baseline available, so this ticket is not evaluated.",median,,2026-08-06T14:42:36
cb8dda0f-5045-04bf-3219-d58dcf7c019d,VISH-26-02-0526,,,,Plumbing,2026-02-08 17:43:00.000,,Low,Normal,,,,,0,,0,,No recorded resolution time; ticket not evaluated.,median,,2026-08-06T14:42:36
ca550b88-899a-0e4f-ae42-fdab678d02ff,VISH-25-02-0527,,,,AC Issues,2025-02-14 01:50:00.000,,Low,Normal,,,,,0,,0,,No recorded resolution time; ticket not evaluated.,median,,2026-08-06T14:42:36
484c2aa6-749c-3b2d-a16d-9a72c367d8ab,VISH-25-03-0528,,,,Other,2025-03-16 11:51:00.000,,Low,Normal,,,,,0,,0,,No recorded resolution time; ticket not evaluated.,median,,2026-08-06T14:42:36
e2d05f99-3315-2702-b694-9981599b8ba9,VISH-25-06-0529,,,,Washing machine Issue,2025-06-18 09:29:00.000,,Low,Normal,,,,,0,,0,,No recorded resolution time; ticket not evaluated.,median,,2026-08-06T14:42:36
b4b9567f-226d-69c0-ac66-80c7237f2e65,VISH-25-04-0530,,,,AC Issues,2025-04-24 13:32:00.000,,Low,Normal,,,,,0,,0,,No recorded resolution time; ticket not evaluated.,median,,2026-08-06T14:42:36
2174b8b1-3e92-f759-bd00-afaa660091bd,VISH-25-02-0531,,,,Plumbing,2025-02-28 21:58:00.000,,Low,Normal,,,,,0,,0,,No recorded resolution time; ticket not evaluated.,median,,2026-08-06T14:42:36
e9700c8e-553c-4ec3-0fee-24bcd992e599,VISH-25-03-0532,,,,Internet Issues,2025-03-16 17:33:00.000,,Low,Normal,,,,,0,,0,,No recorded resolution time; ticket not evaluated.,median,,2026-08-06T14:42:36
c54e7167-c417-43db-6d97-e6f62797743d,VISH-25-03-0533,,,,Washing machine Issue,2025-03-27 18:48:00.000,,Low,Normal,,,,,0,,0,,No recorded resolution time; ticket not evaluated.,median,,2026-08-06T14:42:36
d3d079a0-12a0-14db-7072-c46c8321953d,VISH-25-06-0534,,,,Plumbing,2025-06-30 20:01:00.000,,Low,Normal,,,,,0,,0,,No recorded resolution time; ticket not evaluated.,median,,2026-08-06T14:42:36
d0bb547e-b1b5-627c-5559-53e6b377e3e4,VISH-25-08-0535,,,,Plumbing,2025-08-04 04:02:00.000,,Low,Normal,,,,,0,,0,,No recorded resolution time; ticket not evaluated.,median,,2026-08-06T14:42:36
39303148-fb33-05ae-a87c-0e4f44503f2e,VISH-25-08-0536,,,,Plumbing,2025-08-04 04:03:00.000,,Low,Normal,,,,,0,,0,,No recorded resolution time; ticket not evaluated.,median,,2026-08-06T14:42:36
1343d3e0-662a-f1f6-4efa-dbdac1db41b9,VISH-25-02-0537,,,,RO Water Issues,2025-02-28 21:25:00.000,,Low,Normal,,,,,0,,0,,No recorded resolution time; ticket not evaluated.,median,,2026-08-06T14:42:36
46a341b3-6984-6efc-f4b9-af7acc22228e,VISH-25-07-0538,,,,Plumbing,2025-07-01 14:52:00.000,,Low,Normal,,,,,0,,0,,No recorded resolution time; ticket not evaluated.,median,,2026-08-06T14:42:36
ceaf797f-d3ee-4198-0e34-827df4c659ff,VISH-25-10-0539,3efce5d2-b6c1-424a-9491-52000cca55c5,mapped,VH-AC-C21-0003,AC Issues,2025-10-22 19:16:00.000,,High,Normal,,,,,0,,0,,No recorded resolution time; ticket not evaluated.,median,,2026-08-06T14:42:36
5fef2cd7-c5d2-41ce-c610-e92463d0cd20,VISH-25-12-0540,,,,Plumbing,2025-12-05 11:31:00.000,,Low,Normal,,,,,0,,0,,No recorded resolution time; ticket not evaluated.,median,,2026-08-06T14:42:36
cc29e194-f2c7-a160-4f8a-1054aea369c7,VISH-26-03-0541,3efce5d2-b6c1-424a-9491-52000cca55c5,mapped,VH-AC-C21-0003,AC Issues,2026-03-09 20:03:00.000,,High,Normal,,,,,0,,0,,No recorded resolution time; ticket not evaluated.,median,,2026-08-06T14:42:36
07ca5293-2777-3e16-9b23-ea4ecf5b881e,VISH-25-05-0542,,,,Electrical Issues,2025-05-28 21:17:00.000,,Low,Normal,,,,,0,,0,,No recorded resolution time; ticket not evaluated.,median,,2026-08-06T14:42:36
4cd40f9b-bb6c-13c2-9d3c-c9c28be825f2,VISH-25-06-0543,,,,Other,2025-06-21 10:52:00.000,,Low,Normal,,,,,0,,0,,No recorded resolution time; ticket not evaluated.,median,,2026-08-06T14:42:36
04962a31-7e9f-26df-9c86-6d787aeb69ad,VISH-25-06-0544,,,,Electrical Issues,2025-06-21 10:54:00.000,,Low,Normal,,,,,0,,0,,No recorded resolution time; ticket not evaluated.,median,,2026-08-06T14:42:36
1bcce9be-ab68-8fc7-6ddb-b30c01ab984b,VISH-25-07-0545,,,,AC Issues,2025-07-15 17:26:00.000,,Low,Normal,,,,,0,,0,,No recorded resolution time; ticket not evaluated.,median,,2026-08-06T14:42:36
7b4ec106-b4d2-ceaf-4938-59f0fc3b81b4,VISH-25-10-0546,,,,Other,2025-10-14 17:06:00.000,,Low,Normal,,,,,0,,0,,No recorded resolution time; ticket not evaluated.,median,,2026-08-06T14:42:36
399d8292-331b-912a-28bb-50674faae87e,VISH-25-10-0547,,,,AC Issues,2025-10-26 19:27:00.000,,Low,Normal,,,,,0,,0,,No recorded resolution time; ticket not evaluated.,median,,2026-08-06T14:42:36
d3d64a71-5d62-0674-6fe7-29c2a1605089,VISH-25-10-0548,,,,Other,2025-10-29 00:23:00.000,,Low,Normal,,,,,0,,0,,No recorded resolution time; ticket not evaluated.,median,,2026-08-06T14:42:36
d667ecae-ad30-7f56-4353-ac60328b5e2a,VISH-25-04-0549,,,,Internet Issues,2025-04-21 19:39:00.000,,Low,Normal,,,,,0,,0,,No recorded resolution time; ticket not evaluated.,median,,2026-08-06T14:42:36
2aaa84fc-cda7-95e1-9e7a-0036868a5b30,VISH-25-04-0550,,,,Other,2025-04-27 17:41:00.000,,Low,Normal,,,,,0,,0,,No recorded resolution time; ticket not evaluated.,median,,2026-08-06T14:42:36
c38f19a3-aee5-951e-eed6-d03a0e5f1269,VISH-25-04-0551,,,,RO Water Issues,2025-04-27 17:41:00.000,,Low,Normal,,,,,0,,0,,No recorded resolution time; ticket not evaluated.,median,,2026-08-06T14:42:36
7115c973-7e6f-e003-5c75-3b4fb2e807e2,VISH-25-04-0552,,,,Plumbing,2025-04-27 17:42:00.000,,Low,Normal,,,,,0,,0,,No recorded resolution time; ticket not evaluated.,median,,2026-08-06T14:42:36
f0f69534-94b0-a650-d80d-135356da12fb,VISH-25-05-0553,,,,Fridge Issues,2025-05-12 14:56:00.000,,Low,Normal,,,,,0,,0,,No recorded resolution time; ticket not evaluated.,median,,2026-08-06T14:42:36
fe24cfe4-0753-749a-0039-82760b6ecc79,VISH-25-05-0554,,,,AC Issues,2025-05-12 14:57:00.000,,Low,Normal,,,,,0,,0,,No recorded resolution time; ticket not evaluated.,median,,2026-08-06T14:42:36
a212b27f-92ed-857a-77b3-a26d9e0f652c,VISH-25-05-0555,,,,Other,2025-05-12 15:00:00.000,,Low,Normal,,,,,0,,0,,No recorded resolution time; ticket not evaluated.,median,,2026-08-06T14:42:36
75f53352-8d66-6e0b-5432-d0b1f5cdcf5d,VISH-25-05-0556,,,,AC Issues,2025-05-13 17:59:00.000,,Low,Normal,,,,,0,,0,,No recorded resolution time; ticket not evaluated.,median,,2026-08-06T14:42:36
20dd9eba-2697-f9a5-66fe-67bc7809db5a,VISH-25-10-0557,,,,Billing Issues,2025-10-04 12:40:00.000,,Low,Normal,,,,,0,,0,,No recorded resolution time; ticket not evaluated.,median,,2026-08-06T14:42:36
3e94b85f-789e-6568-b2fa-09c6b9f029fc,VISH-25-10-0558,,,,Billing Issues,2025-10-04 12:43:00.000,,Low,Normal,,,,,0,,0,,No recorded resolution time; ticket not evaluated.,median,,2026-08-06T14:42:36
c7d320ae-173d-0678-125c-952d6d2e27b3,VISH-25-10-0559,,,,Plumbing,2025-10-10 18:32:00.000,,Low,Normal,,,,,0,,0,,No recorded resolution time; ticket not evaluated.,median,,2026-08-06T14:42:36
35f03b5e-ed32-9da7-723d-c55a6e237448,VISH-25-10-0560,,,,Cleaning Issues,2025-10-10 18:37:00.000,,Low,Normal,,,,,0,,0,,No recorded resolution time; ticket not evaluated.,median,,2026-08-06T14:42:36
a3c545a1-0dc6-685a-c0cc-0f35b3c125a5,VISH-25-10-0561,,,,Other,2025-10-10 18:43:00.000,,Low,Normal,,,,,0,,0,,No recorded resolution time; ticket not evaluated.,median,,2026-08-06T14:42:36
c9336ea3-3cf8-4337-4133-60731a85ef41,VISH-25-05-0562,,,,Electrical Issues,2025-05-28 21:18:00.000,,Low,Normal,,,,,0,,0,,No recorded resolution time; ticket not evaluated.,median,,2026-08-06T14:42:36
272f0d92-688b-090a-9859-a3de84de0135,VISH-25-05-0563,,,,RO Water Issues,2025-05-29 11:42:00.000,,Low,Normal,,,,,0,,0,,No recorded resolution time; ticket not evaluated.,median,,2026-08-06T14:42:36
5a4e7d25-05b9-6a79-7ddc-7b359e089390,VISH-25-06-0564,,,,RO Water Issues,2025-06-19 13:37:00.000,,Low,Normal,,,,,0,,0,,No recorded resolution time; ticket not evaluated.,median,,2026-08-06T14:42:36
fa7f2f86-209a-b3e7-1c29-8c2351e2d432,VISH-25-05-0565,,,,Other,2025-05-26 00:14:00.000,,Low,Normal,,,,,0,,0,,No recorded resolution time; ticket not evaluated.,median,,2026-08-06T14:42:36
000ecd4e-efeb-8b6a-1011-b861a148ab95,VISH-25-06-0566,,,,Other,2025-06-04 23:09:00.000,,Low,Normal,,,,,0,,0,,No recorded resolution time; ticket not evaluated.,median,,2026-08-06T14:42:36
525759ba-bfa8-cafb-f399-0bd166f512e4,VISH-25-04-0567,,,,Other,2025-04-19 13:44:00.000,,Low,Normal,,,,,0,,0,,No recorded resolution time; ticket not evaluated.,median,,2026-08-06T14:42:36
a834794b-c55c-955a-d7ed-17c88725bea0,VISH-25-04-0568,690f675a-c094-4d91-98ac-96d339f5ef64,mapped,VH-AC-C42-0002,AC Issues,2025-04-19 13:45:00.000,,High,Normal,,,,,0,,0,,No recorded resolution time; ticket not evaluated.,median,,2026-08-06T14:42:36
710e45cb-8cc5-3423-494f-45d44e23a495,VISH-25-05-0569,,,,Furniture,2025-05-05 13:28:00.000,,Medium,Normal,,,,,0,,0,,No recorded resolution time; ticket not evaluated.,median,,2026-08-06T14:42:36
aa1a4e43-abeb-1420-46d8-ee2a7476c868,VISH-25-05-0570,,,,Other,2025-05-05 13:30:00.000,,Low,Normal,,,,,0,,0,,No recorded resolution time; ticket not evaluated.,median,,2026-08-06T14:42:36
3514fadd-6adf-e82d-b42f-5b5b1cfee140,VISH-25-08-0571,690f675a-c094-4d91-98ac-96d339f5ef64,mapped,VH-AC-C42-0002,AC Issues,2025-08-02 16:39:00.000,,High,Normal,,,,,0,,0,,No recorded resolution time; ticket not evaluated.,median,,2026-08-06T14:42:36
d87fb98a-2c29-3aa7-b73f-6e66c6816daa,VISH-25-08-0572,,,,Furniture,2025-08-02 16:40:00.000,,Medium,Normal,,,,,0,,0,,No recorded resolution time; ticket not evaluated.,median,,2026-08-06T14:42:36
d16c55ca-5726-898b-d70a-868dd7c1c3e9,VISH-25-08-0573,,,,Plumbing,2025-08-02 16:41:00.000,,Low,Normal,,,,,0,,0,,No recorded resolution time; ticket not evaluated.,median,,2026-08-06T14:42:36
6a2bec8f-cf3f-bcb6-2628-0a65c6101104,VISH-25-06-0574,,,,AC Issues,2025-06-18 12:07:00.000,,Low,Normal,,,,,0,,0,,No recorded resolution time; ticket not evaluated.,median,,2026-08-06T14:42:36
a1737b82-8efb-1c81-fd17-e3e4925e34d2,VISH-25-06-0575,,,,Other,2025-06-21 12:54:00.000,,Low,Normal,,,,,0,,0,,No recorded resolution time; ticket not evaluated.,median,,2026-08-06T14:42:36
f94be875-b53d-855e-3154-8cd7462d6682,VISH-25-07-0576,,,,RO Water Issues,2025-07-10 19:57:00.000,,Low,Normal,,,,,0,,0,,No recorded resolution time; ticket not evaluated.,median,,2026-08-06T14:42:36
cf513d7d-2a03-f7be-f560-270f77ced0d2,VISH-25-11-0577,,,,Furniture,2025-11-02 17:32:00.000,,Medium,Normal,,,,,0,,0,,No recorded resolution time; ticket not evaluated.,median,,2026-08-06T14:42:36
37b44064-8cea-80be-279a-6cf16d20c97c,VISH-25-03-0578,b0bccede-ab77-4d9a-8dc5-2bdcaf8624f4,mapped,VH-FN-A23-0003,Electrical Issues,2025-03-21 21:35:00.000,,High,Normal,,,,,0,,0,,No recorded resolution time; ticket not evaluated.,median,,2026-08-06T14:42:36
1054b931-6258-e04c-6cbe-223161c1d0be,VISH-25-03-0580,,,,Plumbing,2025-03-31 02:12:00.000,,Low,Normal,,,,,0,,0,,No recorded resolution time; ticket not evaluated.,median,,2026-08-06T14:42:36
67c6eb85-b7d3-687e-b269-33e78554a2fe,VISH-25-03-0581,b0bccede-ab77-4d9a-8dc5-2bdcaf8624f4,mapped,VH-FN-A23-0003,Electrical Issues,2025-03-31 02:14:00.000,,High,Normal,,,,,0,,0,,No recorded resolution time; ticket not evaluated.,median,,2026-08-06T14:42:36
473cffe2-6679-00f5-c199-450fca59dda6,VISH-25-03-0582,b0bccede-ab77-4d9a-8dc5-2bdcaf8624f4,mapped,VH-FN-A23-0003,Electrical Issues,2025-03-31 02:15:00.000,,High,Normal,,,,,0,,0,,No recorded resolution time; ticket not evaluated.,median,,2026-08-06T14:42:36
e789a249-4377-8723-2e82-7e0d74c4c214,VISH-25-04-0583,,,,Other,2025-04-25 02:17:00.000,,Low,Normal,,,,,0,,0,,No recorded resolution time; ticket not evaluated.,median,,2026-08-06T14:42:36
95f8cf49-fc82-79cb-a2e0-c4fb2da6992f,VISH-25-05-0584,9a617a18-45e3-4139-8e9b-4babbc1c20eb,mapped,VH-AC-A23-0003,AC Issues,2025-05-18 21:12:00.000,,High,Normal,,,,,0,,0,,No recorded resolution time; ticket not evaluated.,median,,2026-08-06T14:42:36
3b755d32-0f1a-6810-0e79-907e3d062ab3,VISH-25-05-0585,,,,Other,2025-05-31 13:17:00.000,,Low,Normal,,,,,0,,0,,No recorded resolution time; ticket not evaluated.,median,,2026-08-06T14:42:36
4d723aeb-5e07-1412-05d5-b19e242c249b,VISH-25-07-0586,,,,Furniture,2025-07-06 21:55:00.000,,Low,Normal,,,,,0,,0,,No recorded resolution time; ticket not evaluated.,median,,2026-08-06T14:42:36
14f23ec9-b24c-6439-37b3-f63e288a2e83,VISH-25-08-0587,9a617a18-45e3-4139-8e9b-4babbc1c20eb,mapped,VH-AC-A23-0003,AC Issues,2025-08-04 18:22:00.000,,High,Normal,,,,,0,,0,,No recorded resolution time; ticket not evaluated.,median,,2026-08-06T14:42:36
8880f2fd-e054-2496-7d85-79927381fb7f,VISH-25-09-0589,,,,Washing machine Issue,2025-09-07 18:22:00.000,,Low,Normal,,,,,0,,0,,No recorded resolution time; ticket not evaluated.,median,,2026-08-06T14:42:36
a3132746-bf03-fe3a-93a2-aeb762ecfcf2,VISH-25-02-0590,,,,Furniture,2025-02-27 10:02:00.000,,Medium,Normal,,,,,0,,0,,No recorded resolution time; ticket not evaluated.,median,,2026-08-06T14:42:36
8c8d2825-6b75-cb1c-1b01-99a5cc58e3b6,VISH-25-05-0591,,,,Plumbing,2025-05-23 08:21:00.000,,Low,Normal,,,,,0,,0,,No recorded resolution time; ticket not evaluated.,median,,2026-08-06T14:42:36
becea167-181c-ea20-98a5-e457e3fc2077,VISH-25-08-0592,,,,RO Water Issues,2025-08-21 14:04:00.000,,Low,Normal,,,,,0,,0,,No recorded resolution time; ticket not evaluated.,median,,2026-08-06T14:42:36
99709500-2777-735a-b86f-11644a31d6b3,VISH-25-08-0593,,,,Washing machine Issue,2025-08-25 08:40:00.000,,Low,Normal,,,,,0,,0,,No recorded resolution time; ticket not evaluated.,median,,2026-08-06T14:42:36
86d13ed1-e5d1-ddae-17c2-f840db540052,VISH-25-09-0594,,,,Plumbing,2025-09-01 08:06:00.000,,Low,Normal,,,,,0,,0,,No recorded resolution time; ticket not evaluated.,median,,2026-08-06T14:42:36
b558cf98-8867-7e04-f928-35170d57165f,VISH-25-09-0595,,,,Plumbing,2025-09-04 18:09:00.000,,Low,Normal,,,,,0,,0,,No recorded resolution time; ticket not evaluated.,median,,2026-08-06T14:42:36
6af2a08f-b861-2815-6c81-3e37eb606bd7,VISH-25-09-0596,,,,Washing machine Issue,2025-09-07 10:54:00.000,,Low,Normal,,,,,0,,0,,No recorded resolution time; ticket not evaluated.,median,,2026-08-06T14:42:36
8474a0ad-d852-096f-e93b-550654ed63ee,VISH-25-09-0597,,,,Plumbing,2025-09-07 10:55:00.000,,Low,Normal,,,,,0,,0,,No recorded resolution time; ticket not evaluated.,median,,2026-08-06T14:42:36
5fb582ea-e39e-7894-bad2-0690b24e5372,VISH-25-09-0598,,,,AC Issues,2025-09-19 20:17:00.000,,Low,Normal,,,,,0,,0,,No recorded resolution time; ticket not evaluated.,median,,2026-08-06T14:42:36
09f891e4-800a-9466-9d6d-901b91280d4b,VISH-25-09-0599,,,,RO Water Issues,2025-09-23 07:40:00.000,,Low,Normal,,,,,0,,0,,No recorded resolution time; ticket not evaluated.,median,,2026-08-06T14:42:36
f68ef872-15fe-196e-0870-d005777d5740,VISH-25-10-0600,,,,RO Water Issues,2025-10-16 18:19:00.000,,Low,Normal,,,,,0,,0,,No recorded resolution time; ticket not evaluated.,median,,2026-08-06T14:42:36
8a767531-6242-8f65-d47b-13865f23a709,VISH-26-02-0601,,,,Plumbing,2026-02-04 19:13:00.000,,Low,Normal,,,,,0,,0,,No recorded resolution time; ticket not evaluated.,median,,2026-08-06T14:42:36
36c3a9da-e0cd-c718-faf0-2ca9506f9483,VISH-26-03-0602,,,,Electrical Issues,2026-03-23 22:13:00.000,,Low,Normal,,,,,0,,0,,No recorded resolution time; ticket not evaluated.,median,,2026-08-06T14:42:36
5f906ac8-ea94-7bf1-6ab4-04c17cf1240c,VISH-25-06-0603,,,,Washing machine Issue,2025-06-11 12:47:00.000,,Low,Normal,,,,,0,,0,,No recorded resolution time; ticket not evaluated.,median,,2026-08-06T14:42:36
4a900ffa-6511-3296-e676-cbb41bc6c6b5,VISH-25-06-0604,,,,Washing machine Issue,2025-06-11 12:47:00.000,,Low,Normal,,,,,0,,0,,No recorded resolution time; ticket not evaluated.,median,,2026-08-06T14:42:36
cd9cb94d-c5fc-5a9e-ca80-fc2c96baa9fb,VISH-25-06-0605,,,,Washing machine Issue,2025-06-15 12:41:00.000,,Low,Normal,,,,,0,,0,,No recorded resolution time; ticket not evaluated.,median,,2026-08-06T14:42:36
07dd8741-471c-8d37-22cc-cf68a4376187,VISH-25-07-0606,,,,Other,2025-07-07 17:35:00.000,,Low,Normal,,,,,0,,0,,No recorded resolution time; ticket not evaluated.,median,,2026-08-06T14:42:36
1092389b-0072-6ff5-1052-ebd37ceed780,VISH-25-07-0607,,,,AC Issues,2025-07-29 17:14:00.000,,Low,Normal,,,,,0,,0,,No recorded resolution time; ticket not evaluated.,median,,2026-08-06T14:42:36
c872d60e-c5fb-ab8f-cb8e-a2d141f5e637,VISH-25-07-0608,,,,AC Issues,2025-07-29 17:16:00.000,,Low,Normal,,,,,0,,0,,No recorded resolution time; ticket not evaluated.,median,,2026-08-06T14:42:36
17548ff8-6ece-9208-3526-7668872174ca,VISH-25-09-0609,,,,Electrical Issues,2025-09-29 17:53:00.000,,Low,Normal,,,,,0,,0,,No recorded resolution time; ticket not evaluated.,median,,2026-08-06T14:42:36
961ae242-f5aa-8ba5-a134-338cee740c13,VISH-25-10-0610,,,,Plumbing,2025-10-04 14:09:00.000,,Low,Normal,,,,,0,,0,,No recorded resolution time; ticket not evaluated.,median,,2026-08-06T14:42:36
ea5bad9b-b2b8-ec88-b92d-0e7b1a618a6e,VISH-25-03-0611,,,,Other,2025-03-01 22:15:00.000,,Low,Normal,,,,,0,,0,,No recorded resolution time; ticket not evaluated.,median,,2026-08-06T14:42:36
3a1a56fb-b17e-4ff6-96dc-19b7cb2d6331,VISH-25-03-0612,,,,Other,2025-03-07 19:13:00.000,,Low,Normal,,,,,0,,0,,No recorded resolution time; ticket not evaluated.,median,,2026-08-06T14:42:36
e1b5db30-a002-7185-934a-a9366d36ab0a,VISH-25-07-0613,,,,RO Water Issues,2025-07-30 09:49:00.000,,Low,Normal,,,,,0,,0,,No recorded resolution time; ticket not evaluated.,median,,2026-08-06T14:42:36
b5d43f4c-a666-ff29-d326-42d925349ecd,VISH-25-05-0614,,,,Electrical Issues,2025-05-26 09:21:00.000,,Low,Normal,,,,,0,,0,,No recorded resolution time; ticket not evaluated.,median,,2026-08-06T14:42:36
e63d37e6-72be-e63c-e866-c720d54f45c3,VISH-25-06-0615,,,,AC Issues,2025-06-01 21:35:00.000,,Low,Normal,,,,,0,,0,,No recorded resolution time; ticket not evaluated.,median,,2026-08-06T14:42:36
bf3282aa-4a76-3cd6-e2e2-9a991cbf09b0,VISH-25-05-0616,58cb2e24-2d02-4c94-acad-fe4c2afaa878,mapped,VH-FN-B13-0002,Electrical Issues,2025-05-21 17:23:00.000,,High,Normal,,,,,0,,0,,No recorded resolution time; ticket not evaluated.,median,,2026-08-06T14:42:36
b0f23ed9-93bd-d3c3-c28b-b68a176da951,VISH-25-07-0617,58cb2e24-2d02-4c94-acad-fe4c2afaa878,mapped,VH-FN-B13-0002,Electrical Issues,2025-07-16 12:21:00.000,,High,Normal,,,,,0,,0,,No recorded resolution time; ticket not evaluated.,median,,2026-08-06T14:42:36
c5196469-736b-1fc9-c88f-03d0369cfc1b,VISH-25-09-0618,,,,Plumbing,2025-09-29 12:24:00.000,,Low,Normal,,,,,0,,0,,No recorded resolution time; ticket not evaluated.,median,,2026-08-06T14:42:36
d6082536-b155-c9ed-c884-34e47cfb5fd1,VISH-25-09-0619,,,,Plumbing,2025-09-29 12:24:00.000,,Low,Normal,,,,,0,,0,,No recorded resolution time; ticket not evaluated.,median,,2026-08-06T14:42:36
5b15bd91-c25b-f47b-070d-e092172bce46,VISH-25-09-0620,,,,Plumbing,2025-09-29 12:24:00.000,,Low,Normal,,,,,0,,0,,No recorded resolution time; ticket not evaluated.,median,,2026-08-06T14:42:36
eead3b6a-d489-649b-4c95-5a676786a5ad,VISH-25-09-0621,58cb2e24-2d02-4c94-acad-fe4c2afaa878,mapped,VH-FN-B13-0002,Electrical Issues,2025-09-29 12:26:00.000,,High,Normal,,,,,0,,0,,No recorded resolution time; ticket not evaluated.,median,,2026-08-06T14:42:36
1d7b9442-855e-49fc-fe9d-5936a5e94053,VISH-25-09-0622,58cb2e24-2d02-4c94-acad-fe4c2afaa878,mapped,VH-FN-B13-0002,Electrical Issues,2025-09-29 12:28:00.000,,High,Normal,,,,,0,,0,,No recorded resolution time; ticket not evaluated.,median,,2026-08-06T14:42:36
cb0122d3-b3f1-a15b-dd3b-5dd6a106344b,VISH-25-09-0623,58cb2e24-2d02-4c94-acad-fe4c2afaa878,mapped,VH-FN-B13-0002,Electrical Issues,2025-09-29 12:28:00.000,,High,Normal,,,,,0,,0,,No recorded resolution time; ticket not evaluated.,median,,2026-08-06T14:42:36
7ed612c2-7263-7df0-fef7-ca70e2346fba,VISH-25-09-0624,58cb2e24-2d02-4c94-acad-fe4c2afaa878,mapped,VH-FN-B13-0002,Electrical Issues,2025-09-29 12:28:00.000,,High,Normal,,,,,0,,0,,No recorded resolution time; ticket not evaluated.,median,,2026-08-06T14:42:36
b4b139c4-5f07-df8d-4dde-e0de3838a827,VISH-25-04-0625,,,,RO Water Issues,2025-04-22 09:17:00.000,,Low,Normal,,,,,0,,0,,No recorded resolution time; ticket not evaluated.,median,,2026-08-06T14:42:36
9bb84a51-aad1-34e8-c0ce-27ce36e92c88,VISH-25-08-0626,,,,Internet Issues,2025-08-26 06:41:00.000,,Low,Normal,,,,,0,,0,,No recorded resolution time; ticket not evaluated.,median,,2026-08-06T14:42:36
a32f3f1d-4037-9d92-536a-bab43993385f,VISH-25-09-0627,,,,Other,2025-09-20 19:31:00.000,,Low,Normal,,,,,0,,0,,No recorded resolution time; ticket not evaluated.,median,,2026-08-06T14:42:36
1c7f0fd1-69b3-9974-9529-e09acef7dadf,VISH-25-11-0628,,,,Plumbing,2025-11-07 01:21:00.000,,Low,Normal,,,,,0,,0,,No recorded resolution time; ticket not evaluated.,median,,2026-08-06T14:42:36
ae52d7af-c890-08ff-1115-6ddd99ab2582,VISH-25-11-0629,,,,Plumbing,2025-11-17 21:35:00.000,,Low,Normal,,,,,0,,0,,No recorded resolution time; ticket not evaluated.,median,,2026-08-06T14:42:36
25821fed-d2cb-bc55-d48c-15dc576c0b0a,VISH-26-03-0630,8f5d7ba9-389f-4c66-9724-0e54abeb3076,mapped,VH-AC-C31-0002,AC Issues,2026-03-16 23:02:00.000,,High,Normal,,,,,0,,0,,No recorded resolution time; ticket not evaluated.,median,,2026-08-06T14:42:36
9f4f582e-815e-fc9e-9c2b-1ec7aab9b567,VISH-25-06-0631,,,,AC Issues,2025-06-12 19:32:00.000,,Low,Normal,,,,,0,,0,,No recorded resolution time; ticket not evaluated.,median,,2026-08-06T14:42:36
145d4767-32c5-5c11-a36b-154c53174cac,VISH-25-06-0632,,,,Plumbing,2025-06-12 19:34:00.000,,Low,Normal,,,,,0,,0,,No recorded resolution time; ticket not evaluated.,median,,2026-08-06T14:42:36
a57be028-429e-3af4-38c8-28d8da1fa085,VISH-25-06-0633,,,,Cleaning Issues,2025-06-12 19:36:00.000,,Low,Normal,,,,,0,,0,,No recorded resolution time; ticket not evaluated.,median,,2026-08-06T14:42:36
efc165ef-b485-4535-3dbe-75129cbd9f5a,VISH-25-05-0634,7a8faef7-aab4-43c5-bf03-b4a1561577db,mapped,VH-FN-C31-0004,Electrical Issues,2025-05-02 17:39:00.000,,High,Normal,,,,,0,,0,,No recorded resolution time; ticket not evaluated.,median,,2026-08-06T14:42:36
b9971b18-d458-52fe-ef12-03c3e9b45284,VISH-25-07-0635,abdc9198-3b1f-4afa-a372-6366b8627999,mapped,VH-AC-C31-0004,AC Issues,2025-07-08 07:12:00.000,,High,Normal,,,,,0,,0,,No recorded resolution time; ticket not evaluated.,median,,2026-08-06T14:42:36
2043bae8-3194-b27c-ed6c-1f618c179f71,VISH-25-07-0636,abdc9198-3b1f-4afa-a372-6366b8627999,mapped,VH-AC-C31-0004,AC Issues,2025-07-30 00:07:00.000,,High,Normal,,,,,0,,0,,No recorded resolution time; ticket not evaluated.,median,,2026-08-06T14:42:36
75e91e3f-6144-f9cb-f594-d28327caa217,VISH-25-08-0637,,,,Cleaning Issues,2025-08-04 17:59:00.000,,Low,Normal,,,,,0,,0,,No recorded resolution time; ticket not evaluated.,median,,2026-08-06T14:42:36
796569b1-7443-bfd0-78a5-08912f5e38af,VISH-25-08-0638,,,,RO Water Issues,2025-08-04 18:07:00.000,,Low,Normal,,,,,0,,0,,No recorded resolution time; ticket not evaluated.,median,,2026-08-06T14:42:36
97eb9168-61dc-8e8c-d494-8eee5d4011d9,VISH-25-02-0639,,,,Washing machine Issue,2025-02-19 10:57:00.000,,Low,Normal,,,,,0,,0,,No recorded resolution time; ticket not evaluated.,median,,2026-08-06T14:42:36
41e93d4f-9a16-82c8-57c5-9b98854f71da,VISH-25-02-0640,13d9d678-a406-41b2-853d-8628a9ce5b31,mapped,VH-AC-C44-0002,AC Issues,2025-02-19 10:58:00.000,,High,Normal,,,,,0,,0,,No recorded resolution time; ticket not evaluated.,median,,2026-08-06T14:42:36
1cae60e8-dbb2-ce52-79bd-f0bd7fd3b0e5,VISH-25-02-0641,,,,Cleaning Issues,2025-02-19 10:58:00.000,,Low,Normal,,,,,0,,0,,No recorded resolution time; ticket not evaluated.,median,,2026-08-06T14:42:36
014acb2c-befd-2ad4-a2a5-1b6ec4cd5c3f,VISH-25-04-0642,13d9d678-a406-41b2-853d-8628a9ce5b31,mapped,VH-AC-C44-0002,AC Issues,2025-04-07 08:42:00.000,,High,Normal,,,,,0,,0,,No recorded resolution time; ticket not evaluated.,median,,2026-08-06T14:42:36
05943b5e-03d4-8c35-5d07-33ae79c63f78,VISH-25-04-0643,,,,RO Water Issues,2025-04-12 13:30:00.000,,Low,Normal,,,,,0,,0,,No recorded resolution time; ticket not evaluated.,median,,2026-08-06T14:42:36
ce727e74-0aff-2cd2-a13a-73c3371f8b52,VISH-25-05-0644,,,,Plumbing,2025-05-20 18:46:00.000,,Low,Normal,,,,,0,,0,,No recorded resolution time; ticket not evaluated.,median,,2026-08-06T14:42:36
389711c4-a25b-9e60-494e-916051640061,VISH-25-05-0645,,,,Other,2025-05-24 11:16:00.000,,Low,Normal,,,,,0,,0,,No recorded resolution time; ticket not evaluated.,median,,2026-08-06T14:42:36
b82ee78f-e773-f4d6-adab-69b2f59fc030,VISH-25-06-0646,13d9d678-a406-41b2-853d-8628a9ce5b31,mapped,VH-AC-C44-0002,AC Issues,2025-06-05 21:32:00.000,,High,Normal,,,,,0,,0,,No recorded resolution time; ticket not evaluated.,median,,2026-08-06T14:42:36
90d9ad72-b61d-cc56-b875-9ab68aa1bb46,VISH-25-06-0647,,,,Washing machine Issue,2025-06-11 18:27:00.000,,Low,Normal,,,,,0,,0,,No recorded resolution time; ticket not evaluated.,median,,2026-08-06T14:42:36
e32442d6-f18e-d1f1-0836-7a155cd787a3,VISH-25-06-0648,,,,Washing machine Issue,2025-06-11 18:27:00.000,,Low,Normal,,,,,0,,0,,No recorded resolution time; ticket not evaluated.,median,,2026-08-06T14:42:36
4e7b7a17-bb04-272c-49c0-ba63889992ce,VISH-25-06-0649,,,,Washing machine Issue,2025-06-11 18:27:00.000,,Low,Normal,,,,,0,,0,,No recorded resolution time; ticket not evaluated.,median,,2026-08-06T14:42:36
477b8b5e-44bc-cf7f-3f3c-e1d676d8b3f2,VISH-25-06-0650,,,,Plumbing,2025-06-12 08:49:00.000,,Low,Normal,,,,,0,,0,,No recorded resolution time; ticket not evaluated.,median,,2026-08-06T14:42:36
0076e2fd-ff3a-a068-9a6d-58472f2045c0,VISH-25-06-0651,,,,Plumbing,2025-06-30 23:48:00.000,,Low,Normal,,,,,0,,0,,No recorded resolution time; ticket not evaluated.,median,,2026-08-06T14:42:36
c089c97d-947e-84d4-0423-5f96dcc71710,VISH-25-07-0652,,,,Washing machine Issue,2025-07-02 00:12:00.000,,Low,Normal,,,,,0,,0,,No recorded resolution time; ticket not evaluated.,median,,2026-08-06T14:42:36
ae4a555c-71ae-f1ba-a3bd-db1cdd0c8f6a,VISH-25-07-0653,,,,Furniture,2025-07-06 09:57:00.000,,Low,Normal,,,,,0,,0,,No recorded resolution time; ticket not evaluated.,median,,2026-08-06T14:42:36
51a08f03-4b9b-dfb9-3ae7-c2c2303ce8cb,VISH-25-12-0654,,,,RO Water Issues,2025-12-11 13:40:00.000,,Low,Normal,,,,,0,,0,,No recorded resolution time; ticket not evaluated.,median,,2026-08-06T14:42:36
91d05d3e-89f1-081d-20d7-8bfa97aec383,VISH-26-01-0655,,,,Other,2026-01-20 05:44:00.000,,Low,Normal,,,,,0,,0,,No recorded resolution time; ticket not evaluated.,median,,2026-08-06T14:42:36
ce172fc4-b6aa-abc1-33eb-59ce80c099dc,VISH-26-02-0656,,,,Other,2026-02-05 18:06:00.000,,Low,Normal,,,,,0,,0,,No recorded resolution time; ticket not evaluated.,median,,2026-08-06T14:42:36
f845bcba-1d96-7e1b-6d6c-8ccbdd3f5a2e,VISH-26-02-0657,b582975d-5d81-492e-8f06-a1e5d3d78fd7,mapped,VH-FN-C44-0002,Electrical Issues,2026-02-05 18:18:00.000,,High,Normal,,,,,0,,0,,No recorded resolution time; ticket not evaluated.,median,,2026-08-06T14:42:36
b9539b9e-c5ea-9083-29af-3d8fd832a9f4,VISH-26-02-0658,,,,Washing machine Issue,2026-02-28 00:18:00.000,,Low,Normal,,,,,0,,0,,No recorded resolution time; ticket not evaluated.,median,,2026-08-06T14:42:36
95bd678b-7846-3fea-8884-204e2297bcf4,VISH-26-03-0659,,,,Other,2026-03-25 11:34:00.000,,Low,Normal,,,,,0,,0,,No recorded resolution time; ticket not evaluated.,median,,2026-08-06T14:42:36
d5bf54c4-687e-3a14-6652-f9ef56f411cf,VISH-25-04-0660,,,,Furniture,2025-04-04 16:14:00.000,,Low,Normal,,,,,0,,0,,No recorded resolution time; ticket not evaluated.,median,,2026-08-06T14:42:36
3018c82b-f528-61af-214b-15ca0ef8c47a,VISH-25-04-0661,,,,Furniture,2025-04-04 16:15:00.000,,Low,Normal,,,,,0,,0,,No recorded resolution time; ticket not evaluated.,median,,2026-08-06T14:42:36
a977ff65-0de9-5c26-06b6-a4cc56b18734,VISH-25-04-0662,,,,Cleaning Issues,2025-04-04 22:22:00.000,,Low,Normal,,,,,0,,0,,No recorded resolution time; ticket not evaluated.,median,,2026-08-06T14:42:36
2a81ca66-0a1e-c394-4274-a520ddc66590,VISH-25-04-0663,,,,Cleaning Issues,2025-04-04 22:24:00.000,,Low,Normal,,,,,0,,0,,No recorded resolution time; ticket not evaluated.,median,,2026-08-06T14:42:36
571c40ae-7caa-7a6b-e687-aecf298761ec,VISH-25-04-0664,,,,Other,2025-04-15 00:33:00.000,,Low,Normal,,,,,0,,0,,No recorded resolution time; ticket not evaluated.,median,,2026-08-06T14:42:36
32ef6d67-4209-24af-0f24-e3525cec4dd8,VISH-25-05-0665,,,,AC Issues,2025-05-06 07:59:00.000,,Medium,Normal,,,,,0,,0,,No recorded resolution time; ticket not evaluated.,median,,2026-08-06T14:42:36
3a78ee76-a177-acee-e030-45852a756f14,VISH-25-05-0666,,,,Cleaning Issues,2025-05-13 21:02:00.000,,Low,Normal,,,,,0,,0,,No recorded resolution time; ticket not evaluated.,median,,2026-08-06T14:42:36
fb3a63f4-4ce1-1a20-fb92-7f45be05dbfb,VISH-25-05-0667,,,,Cleaning Issues,2025-05-23 10:39:00.000,,Low,Normal,,,,,0,,0,,No recorded resolution time; ticket not evaluated.,median,,2026-08-06T14:42:36
1ee62743-770b-5234-e263-41dc6fe2d655,VISH-25-06-0668,dc1020be-24a1-4aba-a4bc-ba16db1478b7,mapped,VH-FN-D11-0002,Electrical Issues,2025-06-01 17:15:00.000,,High,Normal,,,,,0,,0,,No recorded resolution time; ticket not evaluated.,median,,2026-08-06T14:42:36
630d09d3-0e15-6eb7-dacf-f273fc551fdc,VISH-25-06-0669,,,,Plumbing,2025-06-12 10:12:00.000,,Low,Normal,,,,,0,,0,,No recorded resolution time; ticket not evaluated.,median,,2026-08-06T14:42:36
06b68349-389b-2128-2c42-ccd288dc9c55,VISH-25-07-0670,,,,Plumbing,2025-07-19 13:41:00.000,,Low,Normal,,,,,0,,0,,No recorded resolution time; ticket not evaluated.,median,,2026-08-06T14:42:36
a559bcc2-1a4a-cd0d-c2c0-0c3690a471e0,VISH-26-01-0671,,,,RO Water Issues,2026-01-20 10:59:00.000,,Low,Normal,,,,,0,,0,,No recorded resolution time; ticket not evaluated.,median,,2026-08-06T14:42:36
430d8e3d-cd0e-e4c7-650d-b4030914b6de,VISH-26-03-0672,,,,Other,2026-03-20 13:21:00.000,,Low,Normal,,,,,0,,0,,No recorded resolution time; ticket not evaluated.,median,,2026-08-06T14:42:36
2be858da-cb47-720f-3d6a-ce43bf82799c,VISH-26-03-0673,,,,AC Issues,2026-03-21 11:36:00.000,,Medium,Normal,,,,,0,,0,,No recorded resolution time; ticket not evaluated.,median,,2026-08-06T14:42:36
45c8c911-2871-0e47-599e-c0d08ebbd28c,VISH-26-03-0674,,,,Other,2026-03-21 11:37:00.000,,Low,Normal,,,,,0,,0,,No recorded resolution time; ticket not evaluated.,median,,2026-08-06T14:42:36
a2826655-ab5f-ab3f-2892-ae07e1505399,VISH-25-05-0675,,,,Plumbing,2025-05-20 11:01:00.000,,Low,Normal,,,,,0,,0,,No recorded resolution time; ticket not evaluated.,median,,2026-08-06T14:42:36
294332a5-eef9-a55b-f9e8-0b32b07fa7ec,VISH-25-09-0676,,,,AC Issues,2025-09-29 22:27:00.000,,Low,Normal,,,,,0,,0,,No recorded resolution time; ticket not evaluated.,median,,2026-08-06T14:42:36
3c6d0938-c313-cf05-bf3b-fcba50ad70fe,VISH-25-09-0677,,,,AC Issues,2025-09-29 22:28:00.000,,Low,Normal,,,,,0,,0,,No recorded resolution time; ticket not evaluated.,median,,2026-08-06T14:42:36
c68f70b7-035a-44ab-345c-11982a0dc096,VISH-25-09-0678,,,,Cleaning Issues,2025-09-29 22:28:00.000,,Low,Normal,,,,,0,,0,,No recorded resolution time; ticket not evaluated.,median,,2026-08-06T14:42:36
150172de-ded5-a8e6-c970-80c80241a2c7,VISH-25-09-0679,,,,Plumbing,2025-09-29 22:28:00.000,,Low,Normal,,,,,0,,0,,No recorded resolution time; ticket not evaluated.,median,,2026-08-06T14:42:36
49860e95-d5fa-1ff9-eeca-40a3bf5eba80,VISH-25-10-0680,,,,Plumbing,2025-10-04 14:19:00.000,,Low,Normal,,,,,0,,0,,No recorded resolution time; ticket not evaluated.,median,,2026-08-06T14:42:36
5cc93020-db45-07cf-0258-6b2b0fc054e8,VISH-25-10-0681,,,,Washing machine Issue,2025-10-21 15:50:00.000,,Low,Normal,,,,,0,,0,,No recorded resolution time; ticket not evaluated.,median,,2026-08-06T14:42:36
0690df6b-fc27-bed5-34e4-3c81e02f44fd,VISH-25-11-0682,,,,RO Water Issues,2025-11-11 23:01:00.000,,Low,Normal,,,,,0,,0,,No recorded resolution time; ticket not evaluated.,median,,2026-08-06T14:42:36
29dce7bb-ef09-c925-a158-d03b5f365d3a,VISH-25-05-0683,,,,Other,2025-05-16 10:17:00.000,,Low,Normal,,,,,0,,0,,No recorded resolution time; ticket not evaluated.,median,,2026-08-06T14:42:36
318ec65d-65a2-f5a9-7489-82443e82c5a5,VISH-25-06-0684,,,,Furniture,2025-06-22 19:10:00.000,,Medium,Normal,,,,,0,,0,,No recorded resolution time; ticket not evaluated.,median,,2026-08-06T14:42:36
c535474a-fe1a-8f58-3934-7f9ecadc16d9,VISH-25-07-0685,,,,Electrical Issues,2025-07-21 15:00:00.000,,Medium,Normal,,,,,0,,0,,No recorded resolution time; ticket not evaluated.,median,,2026-08-06T14:42:36
fad4e838-b192-f880-c075-c9f3801f3eac,VISH-25-09-0686,,,,Washing machine Issue,2025-09-04 16:35:00.000,,Medium,Normal,,,,,0,,0,,No recorded resolution time; ticket not evaluated.,median,,2026-08-06T14:42:36
695f5510-18f1-ae58-3fb2-b1940f54272d,VISH-25-09-0687,,,,Electrical Issues,2025-09-26 00:23:00.000,,Medium,Normal,,,,,0,,0,,No recorded resolution time; ticket not evaluated.,median,,2026-08-06T14:42:36
f35dc870-caea-dd38-9828-fb058532796a,VISH-25-09-0688,,,,AC Issues,2025-09-26 01:11:00.000,,Low,Normal,,,,,0,,0,,No recorded resolution time; ticket not evaluated.,median,,2026-08-06T14:42:36
1bd6a170-7db9-b6ac-29f4-f80b4c43bb25,VISH-25-11-0689,,,,Furniture,2025-11-16 11:57:00.000,,Low,Normal,,,,,0,,0,,No recorded resolution time; ticket not evaluated.,median,,2026-08-06T14:42:36
8d13ed87-5c3e-28b6-c8e3-b08b84289414,VISH-25-11-0690,,,,Furniture,2025-11-16 11:58:00.000,,Low,Normal,,,,,0,,0,,No recorded resolution time; ticket not evaluated.,median,,2026-08-06T14:42:36
cc319de0-96a2-2ab8-8f6e-5d0c8f0c2fee,VISH-25-11-0691,,,,Electrical Issues,2025-11-16 12:00:00.000,,Medium,Normal,,,,,0,,0,,No recorded resolution time; ticket not evaluated.,median,,2026-08-06T14:42:36
dc9ecc49-bbd1-843a-63eb-706ba8037826,VISH-25-11-0692,,,,Cleaning Issues,2025-11-19 08:54:00.000,,Low,Normal,,,,,0,,0,,No recorded resolution time; ticket not evaluated.,median,,2026-08-06T14:42:36
249174cc-e5f5-8f8c-4db0-c145a73ddd3d,VISH-25-12-0693,,,,RO Water Issues,2025-12-16 08:17:00.000,,Medium,Normal,,,,,0,,0,,No recorded resolution time; ticket not evaluated.,median,,2026-08-06T14:42:36
d0f6ed1c-2d83-56be-a03a-1421b787b29a,VISH-25-12-0694,,,,Furniture,2025-12-17 11:37:00.000,,Low,Normal,,,,,0,,0,,No recorded resolution time; ticket not evaluated.,median,,2026-08-06T14:42:36
66b1f33a-bcbe-9146-f375-564d62923815,VISH-26-03-0695,,,,Cleaning Issues,2026-03-06 10:55:00.000,,Low,Normal,,,,,0,,0,,No recorded resolution time; ticket not evaluated.,median,,2026-08-06T14:42:36
071f0184-d34c-42cf-9601-436c165be255,VISH-25-06-0696,,,,Electrical Issues,2025-06-29 12:11:00.000,,Medium,Normal,,,,,0,,0,,No recorded resolution time; ticket not evaluated.,median,,2026-08-06T14:42:36
75f6b923-fe2b-029a-a4f5-44f679a75045,VISH-25-04-0697,,,,Washing machine Issue,2025-04-18 23:34:00.000,,Medium,Normal,,,,,0,,0,,No recorded resolution time; ticket not evaluated.,median,,2026-08-06T14:42:36
fddbbd18-5181-bc01-0b33-12744b53888e,VISH-25-04-0698,,,,Washing machine Issue,2025-04-18 23:34:00.000,,Medium,Normal,,,,,0,,0,,No recorded resolution time; ticket not evaluated.,median,,2026-08-06T14:42:36
872eb121-c785-416c-b0f2-20227d911d53,VIST-26-04-00011,,,,Washing machine Issue,2026-04-22 04:38:54.953,35.21,Low,Normal,,,,,0,,0,,"No manager-verified repair history for this asset, asset type, or issue type yet; no verified baseline available, so this ticket is not evaluated.",median,,2026-08-06T14:42:36
2a619afd-a49f-45c5-a21c-eb85d9784f98,VIST-26-06-00041,3415582a-1981-4e36-9a42-e1fb2f44736a,direct,VH-FN-D12-0003,Electrical Issues,2026-06-13 12:16:41.132,32.25,Verified,Normal,,,,,0,,0,,"No manager-verified repair history for this asset, asset type, or issue type yet; no verified baseline available, so this ticket is not evaluated.",median,,2026-08-06T14:42:36
3292aeda-c013-4eff-8508-3770a7fc120e,VIST-26-04-00005,,,,AC Issues,2026-04-20 12:15:43.531,19.72,Low,Normal,,,,,0,,0,,"No manager-verified repair history for this asset, asset type, or issue type yet; no verified baseline available, so this ticket is not evaluated.",median,,2026-08-06T14:42:36
4e9d33a9-b6bd-5f22-d5f4-07a5af55c30c,VISH-25-04-0699,,,,Furniture,2025-04-23 21:40:00.000,,Low,Normal,,,,,0,,0,,No recorded resolution time; ticket not evaluated.,median,,2026-08-06T14:42:36
b3c70f02-2c0c-6495-4d19-c1e002ddfe2a,VISH-25-06-0700,,,,RO Water Issues,2025-06-23 14:48:00.000,,Medium,Normal,,,,,0,,0,,No recorded resolution time; ticket not evaluated.,median,,2026-08-06T14:42:36
ba7461ee-0857-d716-3a54-bf089620c88c,VISH-25-06-0701,,,,Other,2025-06-24 12:10:00.000,,Low,Normal,,,,,0,,0,,No recorded resolution time; ticket not evaluated.,median,,2026-08-06T14:42:36
27802b90-02f6-1a32-622f-cecb85f530af,VISH-25-07-0702,,,,Plumbing,2025-07-31 14:53:00.000,,Low,Normal,,,,,0,,0,,No recorded resolution time; ticket not evaluated.,median,,2026-08-06T14:42:36
0e43b079-2dcd-cc2e-a59b-231a4d09d320,VISH-26-01-0703,,,,Fridge Issues,2026-01-31 08:31:00.000,,Medium,Normal,,,,,0,,0,,No recorded resolution time; ticket not evaluated.,median,,2026-08-06T14:42:36
a448afd9-369a-e509-9010-7734cf53c877,VISH-26-01-0704,,,,Electrical Issues,2026-01-31 08:34:00.000,,Medium,Normal,,,,,0,,0,,No recorded resolution time; ticket not evaluated.,median,,2026-08-06T14:42:36
b519061a-2bff-2978-51a8-7017cdadf313,VISH-26-01-0705,,,,Electrical Issues,2026-01-31 08:37:00.000,,Medium,Normal,,,,,0,,0,,No recorded resolution time; ticket not evaluated.,median,,2026-08-06T14:42:36
c757d6be-997f-f232-b648-4a9b0ba03a7c,VISH-26-01-0706,,,,Other,2026-01-06 12:42:00.000,,Low,Normal,,,,,0,,0,,No recorded resolution time; ticket not evaluated.,median,,2026-08-06T14:42:36
00aef037-ca9a-488a-86a1-c7605be66701,VISH-25-05-0707,,,,Other,2025-05-22 08:19:00.000,,Low,Normal,,,,,0,,0,,No recorded resolution time; ticket not evaluated.,median,,2026-08-06T14:42:36
4831aa4a-92b3-41f6-9693-765438f95119,VISH-25-07-0708,,,,Washing machine Issue,2025-07-04 20:37:00.000,,Low,Normal,,,,,0,,0,,No recorded resolution time; ticket not evaluated.,median,,2026-08-06T14:42:36
8d9f1e78-0f45-e5f7-7960-4240ab34b5c4,VISH-25-08-0709,,,,Plumbing,2025-08-06 03:19:00.000,,Low,Normal,,,,,0,,0,,No recorded resolution time; ticket not evaluated.,median,,2026-08-06T14:42:36
bdf35e69-d40f-6c19-56d0-04ddde233c19,VISH-25-09-0710,,,,Other,2025-09-10 08:00:00.000,,Low,Normal,,,,,0,,0,,No recorded resolution time; ticket not evaluated.,median,,2026-08-06T14:42:36
4d5a5dd0-3caf-e73c-3a12-2397611a6c6e,VISH-25-11-0711,,,,Other,2025-11-16 11:35:00.000,,Low,Normal,,,,,0,,0,,No recorded resolution time; ticket not evaluated.,median,,2026-08-06T14:42:36
f0576a1c-1517-c150-6fa3-d7d6f2865c9c,VISH-26-03-0712,78771496-d60c-4fe0-b6bd-cd95b52e12dd,mapped,VH-FN-B41-0001,Electrical Issues,2026-03-05 13:39:00.000,,High,Normal,,,,,0,,0,,No recorded resolution time; ticket not evaluated.,median,,2026-08-06T14:42:36
93040aef-2f10-5fc0-0067-39e9dd5b030f,VISH-26-03-0713,78771496-d60c-4fe0-b6bd-cd95b52e12dd,mapped,VH-FN-B41-0001,Electrical Issues,2026-03-05 13:40:00.000,,High,Normal,,,,,0,,0,,No recorded resolution time; ticket not evaluated.,median,,2026-08-06T14:42:36
c1157f92-8766-d7f6-ca9d-6497b7ece3bc,VISH-26-03-0714,,,,Washing machine Issue,2026-03-05 13:43:00.000,,Low,Normal,,,,,0,,0,,No recorded resolution time; ticket not evaluated.,median,,2026-08-06T14:42:36
6bb1bd0e-5231-060f-ceb1-904e1c8db58c,VISH-26-03-0715,,,,Plumbing,2026-03-12 11:07:00.000,,Low,Normal,,,,,0,,0,,No recorded resolution time; ticket not evaluated.,median,,2026-08-06T14:42:36
1e6c4796-afdc-5d3e-44c4-5e150f583e35,VISH-25-06-0716,,,,RO Water Issues,2025-06-26 16:49:00.000,,Low,Normal,,,,,0,,0,,No recorded resolution time; ticket not evaluated.,median,,2026-08-06T14:42:36
6e0ed47c-6053-4a00-c050-db6f98c3d292,VISH-25-05-0717,,,,AC Issues,2025-05-24 11:16:00.000,,Low,Normal,,,,,0,,0,,No recorded resolution time; ticket not evaluated.,median,,2026-08-06T14:42:36
4026b298-7f62-e4e3-37ad-3520e342d500,VISH-25-05-0718,,,,Plumbing,2025-05-24 12:07:00.000,,Low,Normal,,,,,0,,0,,No recorded resolution time; ticket not evaluated.,median,,2026-08-06T14:42:36
ed012943-19b6-b729-4180-d633c01ca969,VISH-25-05-0719,,,,Plumbing,2025-05-24 12:08:00.000,,Low,Normal,,,,,0,,0,,No recorded resolution time; ticket not evaluated.,median,,2026-08-06T14:42:36
596ab94b-6133-1973-ad92-2e948c8fb433,VISH-25-05-0720,b9a701c4-e0fd-49c9-aa3a-14ff9e9e30be,mapped,VH-FN-C21-0004,Electrical Issues,2025-05-24 22:22:00.000,,High,Normal,,,,,0,,0,,No recorded resolution time; ticket not evaluated.,median,,2026-08-06T14:42:36
db3176fe-965e-03eb-f8ea-f988afe63312,VISH-25-06-0721,,,,Plumbing,2025-06-07 14:29:00.000,,Low,Normal,,,,,0,,0,,No recorded resolution time; ticket not evaluated.,median,,2026-08-06T14:42:36
509bb2c0-5ae3-facc-e3a2-d883e7bc3899,VISH-25-06-0722,147c451f-29c0-4333-a9e7-a73d1cdb9a1b,mapped,VH-AC-C12-0001,AC Issues,2025-06-20 11:53:00.000,,High,Normal,,,,,0,,0,,No recorded resolution time; ticket not evaluated.,median,,2026-08-06T14:42:36
99acbcd6-f5e2-3464-257e-6307c5f8240c,VISH-25-06-0723,,,,Other,2025-06-20 11:57:00.000,,Low,Normal,,,,,0,,0,,No recorded resolution time; ticket not evaluated.,median,,2026-08-06T14:42:36
c8f319c5-f656-22c6-d89e-4b26a228daec,VISH-25-09-0724,,,,Other,2025-09-18 11:21:00.000,,Low,Normal,,,,,0,,0,,No recorded resolution time; ticket not evaluated.,median,,2026-08-06T14:42:36
8e13a3cb-24ca-2eab-a37c-d0550bcd342a,VISH-25-11-0725,147c451f-29c0-4333-a9e7-a73d1cdb9a1b,mapped,VH-AC-C12-0001,AC Issues,2025-11-03 17:13:00.000,,High,Normal,,,,,0,,0,,No recorded resolution time; ticket not evaluated.,median,,2026-08-06T14:42:36
31dae01f-f799-0430-6c7b-08b070a7a3d8,VISH-25-11-0726,,,,Other,2025-11-03 17:15:00.000,,Low,Normal,,,,,0,,0,,No recorded resolution time; ticket not evaluated.,median,,2026-08-06T14:42:36
d630d3b6-570c-f6f8-987e-75eab5891d77,VISH-25-11-0727,6eb2d076-e348-4bfc-856d-86723e94ab90,mapped,VH-FN-C12-0001,Electrical Issues,2025-11-03 17:16:00.000,,High,Normal,,,,,0,,0,,No recorded resolution time; ticket not evaluated.,median,,2026-08-06T14:42:36
a6e758c2-52fe-42aa-3e2d-75eab932be02,VISH-25-11-0728,,,,Other,2025-11-16 13:01:00.000,,Low,Normal,,,,,0,,0,,No recorded resolution time; ticket not evaluated.,median,,2026-08-06T14:42:36
6d726407-9326-f5d9-2b31-8ea0a3b6fd5a,VISH-26-01-0729,,,,Washing machine Issue,2026-01-14 10:22:00.000,,Low,Normal,,,,,0,,0,,No recorded resolution time; ticket not evaluated.,median,,2026-08-06T14:42:36
ccacfcd3-ab18-2e8e-46b6-d1cd9718f4a6,VISH-26-01-0730,,,,Cleaning Issues,2026-01-23 12:01:00.000,,Low,Normal,,,,,0,,0,,No recorded resolution time; ticket not evaluated.,median,,2026-08-06T14:42:36
0f791ac8-3e49-03a5-38a5-52b9f0faf333,VISH-26-02-0731,,,,Cleaning Issues,2026-02-17 19:03:00.000,,Low,Normal,,,,,0,,0,,No recorded resolution time; ticket not evaluated.,median,,2026-08-06T14:42:36
b1635ae1-58e8-c773-c965-7465fd7e581b,VISH-25-06-0732,71701352-6d07-4b20-b6f7-7b70117dd5a3,mapped,VH-AC-A41-0003,AC Issues,2025-06-01 16:43:00.000,,High,Normal,,,,,0,,0,,No recorded resolution time; ticket not evaluated.,median,,2026-08-06T14:42:36
e6b169cb-f485-f929-0c10-3390d853cdef,VISH-25-06-0733,,,,Plumbing,2025-06-01 16:44:00.000,,Low,Normal,,,,,0,,0,,No recorded resolution time; ticket not evaluated.,median,,2026-08-06T14:42:36
f94f3fc8-0a93-1476-3735-1226c6c07a25,VISH-25-06-0734,71701352-6d07-4b20-b6f7-7b70117dd5a3,mapped,VH-AC-A41-0003,AC Issues,2025-06-13 14:37:00.000,,High,Normal,,,,,0,,0,,No recorded resolution time; ticket not evaluated.,median,,2026-08-06T14:42:36
fbef5564-61db-b880-111a-a820c57dad7e,VISH-26-03-0735,258d48fb-9fcd-4500-8724-3d5f900e042a,mapped,VH-CB-B11-0006,Furniture,2026-03-01 20:05:00.000,,High,Normal,,,,,0,,0,,No recorded resolution time; ticket not evaluated.,median,,2026-08-06T14:42:36
78c963c5-baa9-1759-2f33-ee3cfab9a695,VISH-26-03-0736,,,,Cleaning Issues,2026-03-08 15:00:00.000,,Low,Normal,,,,,0,,0,,No recorded resolution time; ticket not evaluated.,median,,2026-08-06T14:42:36
3abdc501-c2d0-afab-127c-d3875c9a508f,VISH-26-03-0737,bc7caf2c-ad7b-403a-9681-01e3c22c291f,mapped,VH-AC-B11-0004,AC Issues,2026-03-14 17:17:00.000,,High,Normal,,,,,0,,0,,No recorded resolution time; ticket not evaluated.,median,,2026-08-06T14:42:36
c39b8002-c7ea-36ec-acba-ca6b76bd84be,VISH-26-01-0738,,,,Internet Issues,2026-01-31 11:50:00.000,,Low,Normal,,,,,0,,0,,No recorded resolution time; ticket not evaluated.,median,,2026-08-06T14:42:36
e3cf4f01-f971-d717-ecbb-142e0961de9b,VISH-26-01-0739,f52710af-1fbb-4cf8-b113-084ced145f7d,mapped,VH-FN-C11-0003,Electrical Issues,2026-01-31 11:52:00.000,,High,Normal,,,,,0,,0,,No recorded resolution time; ticket not evaluated.,median,,2026-08-06T14:42:36
d419c1b5-a37d-e94a-993d-dcfe97f22719,VISH-26-01-0740,,,,Other,2026-01-31 11:54:00.000,,Low,Normal,,,,,0,,0,,No recorded resolution time; ticket not evaluated.,median,,2026-08-06T14:42:36
7d73b439-48e1-a4e4-451c-9fd9d2d98814,VISH-26-02-0741,471a77c8-6159-471b-a7b3-910527eb1e9c,mapped,VH-AC-C11-0003,AC Issues,2026-02-26 12:32:00.000,,High,Normal,,,,,0,,0,,No recorded resolution time; ticket not evaluated.,median,,2026-08-06T14:42:36
e0ab7426-e4d5-9303-1698-d86175db730d,VISH-26-03-0742,471a77c8-6159-471b-a7b3-910527eb1e9c,mapped,VH-AC-C11-0003,AC Issues,2026-03-09 03:30:00.000,,High,Normal,,,,,0,,0,,No recorded resolution time; ticket not evaluated.,median,,2026-08-06T14:42:36
e7dd5af9-f2be-5172-d5b6-8253d88014ac,VISH-25-11-0743,,,,RO Water Issues,2025-11-19 20:55:00.000,,Low,Normal,,,,,0,,0,,No recorded resolution time; ticket not evaluated.,median,,2026-08-06T14:42:36
c7bb8bbc-f4a4-05c6-4355-f1ce3bed257d,VISH-25-11-0744,,,,Plumbing,2025-11-19 20:57:00.000,,Low,Normal,,,,,0,,0,,No recorded resolution time; ticket not evaluated.,median,,2026-08-06T14:42:36
0f5e0109-0dcb-65ff-6100-bc19889ff88b,VISH-26-01-0745,,,,Internet Issues,2026-01-17 14:35:00.000,,Low,Normal,,,,,0,,0,,No recorded resolution time; ticket not evaluated.,median,,2026-08-06T14:42:36
99777063-a06d-ca59-ae18-c19e61fd5219,VISH-26-01-0746,,,,Furniture,2026-01-23 00:42:00.000,,Medium,Normal,,,,,0,,0,,No recorded resolution time; ticket not evaluated.,median,,2026-08-06T14:42:36
c2082173-cb4b-b938-20ca-c03b57ac106c,VISH-25-09-0747,,,,Internet Issues,2025-09-23 22:26:00.000,,Low,Normal,,,,,0,,0,,No recorded resolution time; ticket not evaluated.,median,,2026-08-06T14:42:36
32d45079-d9b0-5d5c-175f-21583ec19e59,VISH-25-09-0748,,,,Plumbing,2025-09-23 22:27:00.000,,Low,Normal,,,,,0,,0,,No recorded resolution time; ticket not evaluated.,median,,2026-08-06T14:42:36
1d8df4cc-1924-d9c9-5d61-79eea0a3a2a2,VISH-25-10-0749,,,,AC Issues,2025-10-08 10:58:00.000,,Low,Normal,,,,,0,,0,,No recorded resolution time; ticket not evaluated.,median,,2026-08-06T14:42:36
9c6e430f-4c40-78a6-78d8-801dc576521c,VISH-25-10-0750,,,,RO Water Issues,2025-10-29 10:41:00.000,,Medium,Normal,,,,,0,,0,,No recorded resolution time; ticket not evaluated.,median,,2026-08-06T14:42:36
94355d74-84df-42fc-f229-efe047e1f490,VISH-25-10-0751,,,,Internet Issues,2025-10-31 20:21:00.000,,Low,Normal,,,,,0,,0,,No recorded resolution time; ticket not evaluated.,median,,2026-08-06T14:42:36
f1896899-dd41-7875-5842-26a63376833a,VISH-26-02-0752,,,,Plumbing,2026-02-18 00:20:00.000,,Low,Normal,,,,,0,,0,,No recorded resolution time; ticket not evaluated.,median,,2026-08-06T14:42:36
d0f52d78-20c3-3dc7-4639-7e9991625ac3,VISH-26-03-0753,,,,Furniture,2026-03-09 20:40:00.000,,Low,Normal,,,,,0,,0,,No recorded resolution time; ticket not evaluated.,median,,2026-08-06T14:42:36
d52d4cfc-f3f8-b4b9-7d22-51aed9524b61,VISH-26-03-0754,,,,Electrical Issues,2026-03-10 21:52:00.000,,Low,Normal,,,,,0,,0,,No recorded resolution time; ticket not evaluated.,median,,2026-08-06T14:42:36
1b25c9db-34f6-afc3-6665-ddafb484f8ef,VISH-25-08-0755,,,,Fridge Issues,2025-08-03 08:28:00.000,,Low,Normal,,,,,0,,0,,No recorded resolution time; ticket not evaluated.,median,,2026-08-06T14:42:36
b76396af-a727-9d31-c000-1a46427976f9,VISH-25-08-0756,,,,RO Water Issues,2025-08-05 20:00:00.000,,Low,Normal,,,,,0,,0,,No recorded resolution time; ticket not evaluated.,median,,2026-08-06T14:42:36
d3493b15-9a02-75ae-63ee-c9fdfb9258f7,VISH-25-10-0757,50fccbdd-9c3e-407c-ace9-47dd457a3b4d,mapped,VH-AC-B44-0001,AC Issues,2025-10-06 11:10:00.000,,High,Normal,,,,,0,,0,,No recorded resolution time; ticket not evaluated.,median,,2026-08-06T14:42:36
ce0beafc-5f92-1f89-2d9c-c3b6c75f93ea,VISH-26-01-0758,,,,Other,2026-01-18 21:35:00.000,,Low,Normal,,,,,0,,0,,No recorded resolution time; ticket not evaluated.,median,,2026-08-06T14:42:36
8a18f425-865d-42c4-7493-379274c5d5fa,VISH-26-01-0759,,,,Internet Issues,2026-01-18 21:36:00.000,,Low,Normal,,,,,0,,0,,No recorded resolution time; ticket not evaluated.,median,,2026-08-06T14:42:36
7381491b-7b44-3ead-7e55-a066248de0a0,VISH-26-01-0760,,,,RO Water Issues,2026-01-18 21:37:00.000,,Low,Normal,,,,,0,,0,,No recorded resolution time; ticket not evaluated.,median,,2026-08-06T14:42:36
7d53352f-075e-2c36-a351-a7d8062b78bd,VISH-26-01-0761,,,,Fridge Issues,2026-01-18 21:38:00.000,,Low,Normal,,,,,0,,0,,No recorded resolution time; ticket not evaluated.,median,,2026-08-06T14:42:36
001a2e9c-a316-5366-433e-c260965f6311,VISH-25-08-0762,,,,Washing machine Issue,2025-08-19 18:00:00.000,,Low,Normal,,,,,0,,0,,No recorded resolution time; ticket not evaluated.,median,,2026-08-06T14:42:36
5c70d500-7b97-fbbf-eb5e-989147ffad01,VISH-25-08-0763,,,,Furniture,2025-08-19 18:02:00.000,,Medium,Normal,,,,,0,,0,,No recorded resolution time; ticket not evaluated.,median,,2026-08-06T14:42:36
b3826991-f8ec-6f00-00dd-fe4a11f6f050,VISH-25-08-0764,,,,Furniture,2025-08-19 18:03:00.000,,Medium,Normal,,,,,0,,0,,No recorded resolution time; ticket not evaluated.,median,,2026-08-06T14:42:36
fa75f127-bf00-d23b-5866-729079c50097,VISH-25-10-0765,,,,Furniture,2025-10-07 22:56:00.000,,Medium,Normal,,,,,0,,0,,No recorded resolution time; ticket not evaluated.,median,,2026-08-06T14:42:36
8a38d58b-7f4d-4e91-a87b-017f2c0084a3,VISH-25-12-0766,a01fdc02-1311-43b4-828c-ae25f1158139,mapped,VH-AC-C11-0002,AC Issues,2025-12-07 16:24:00.000,,High,Normal,,,,,0,,0,,No recorded resolution time; ticket not evaluated.,median,,2026-08-06T14:42:36
6676bf1d-4385-3d3d-34e4-6d793f58e3db,VISH-26-01-0767,,,,Internet Issues,2026-01-18 15:10:00.000,,Low,Normal,,,,,0,,0,,No recorded resolution time; ticket not evaluated.,median,,2026-08-06T14:42:36
c8b00cc6-4aff-bf85-ca89-888be9e8fe41,VISH-26-01-0768,,,,Cleaning Issues,2026-01-30 00:26:00.000,,Low,Normal,,,,,0,,0,,No recorded resolution time; ticket not evaluated.,median,,2026-08-06T14:42:36
d5031f98-f842-6fdf-1a2c-2c56422aad19,VISH-26-03-0769,a01fdc02-1311-43b4-828c-ae25f1158139,mapped,VH-AC-C11-0002,AC Issues,2026-03-07 17:50:00.000,,High,Normal,,,,,0,,0,,No recorded resolution time; ticket not evaluated.,median,,2026-08-06T14:42:36
04e35aca-0eb1-f869-0612-b0f9095d955a,VISH-26-03-0770,a01fdc02-1311-43b4-828c-ae25f1158139,mapped,VH-AC-C11-0002,AC Issues,2026-03-10 03:11:00.000,,High,Normal,,,,,0,,0,,No recorded resolution time; ticket not evaluated.,median,,2026-08-06T14:42:36
5f7c06e9-d4b0-231a-54ec-e7a4dd2315e6,VISH-25-06-0771,,,,Other,2025-06-11 21:31:00.000,,Low,Normal,,,,,0,,0,,No recorded resolution time; ticket not evaluated.,median,,2026-08-06T14:42:36
a5364016-84bc-0360-799f-22ca9a48092a,VISH-25-06-0772,,,,Furniture,2025-06-12 10:11:00.000,,Medium,Normal,,,,,0,,0,,No recorded resolution time; ticket not evaluated.,median,,2026-08-06T14:42:36
65430ff7-582b-c456-3c80-561ebc995325,VISH-25-12-0773,60e6badc-68a9-4456-b05b-c745c0e14502,mapped,VH-AC-B41-0002,AC Issues,2025-12-18 12:52:00.000,,High,Normal,,,,,0,,0,,No recorded resolution time; ticket not evaluated.,median,,2026-08-06T14:42:36
2e133895-32c7-a2e2-8563-ebc8292b174c,VISH-25-09-0774,,,,AC Issues,2025-09-14 20:50:00.000,,Low,Normal,,,,,0,,0,,No recorded resolution time; ticket not evaluated.,median,,2026-08-06T14:42:36
a941c078-343e-4e81-6a4a-755cf6b1f454,VISH-25-09-0775,,,,Furniture,2025-09-25 16:50:00.000,,Low,Normal,,,,,0,,0,,No recorded resolution time; ticket not evaluated.,median,,2026-08-06T14:42:36
f6d40f5d-6f58-2716-7b95-5068e4ef3ded,VISH-26-03-0776,,,,Washing machine Issue,2026-03-06 00:19:00.000,,Low,Normal,,,,,0,,0,,No recorded resolution time; ticket not evaluated.,median,,2026-08-06T14:42:36
593f2a1e-8225-5619-39ae-88e7f69cf0fa,VISH-26-03-0777,,,,Furniture,2026-03-06 00:20:00.000,,Low,Normal,,,,,0,,0,,No recorded resolution time; ticket not evaluated.,median,,2026-08-06T14:42:36
32bcfff6-e18a-8347-e7f2-a90565f062a4,VISH-25-07-0778,,,,Internet Issues,2025-07-21 11:54:00.000,,Low,Normal,,,,,0,,0,,No recorded resolution time; ticket not evaluated.,median,,2026-08-06T14:42:36
d0e4e252-ae00-938e-4ae4-ed68efe64f90,VISH-25-08-0779,,,,Plumbing,2025-08-05 13:54:00.000,,Low,Normal,,,,,0,,0,,No recorded resolution time; ticket not evaluated.,median,,2026-08-06T14:42:36
433f81b9-f881-984f-d61d-0b4ecb251f7b,VISH-25-10-0780,,,,Other,2025-10-11 08:18:00.000,,Low,Normal,,,,,0,,0,,No recorded resolution time; ticket not evaluated.,median,,2026-08-06T14:42:36
78c51919-8a58-4bcc-ac84-6e4675c707a0,VISH-2026-1098,,,,Cleaning Issues,2026-04-11 05:50:30.650,40.56,Low,Normal,,,,,0,,0,,"No manager-verified repair history for this asset, asset type, or issue type yet; no verified baseline available, so this ticket is not evaluated.",median,,2026-08-06T14:42:36
f908e919-590a-1ae4-6f73-1ddc7b017800,VISH-26-02-0781,e033fe7f-dc31-46f7-9723-cce3793a1cca,mapped,VH-AC-B43-0001,AC Issues,2026-02-21 08:11:00.000,,High,Normal,,,,,0,,0,,No recorded resolution time; ticket not evaluated.,median,,2026-08-06T14:42:36
344ec81c-a19d-f1ba-2d2c-d46f4f39d112,VISH-25-02-0782,fd1af9e3-4206-4c49-83bb-d64ddf1b56d1,mapped,VH-AC-C41-0001,AC Issues,2025-02-17 12:45:00.000,,High,Normal,,,,,0,,0,,No recorded resolution time; ticket not evaluated.,median,,2026-08-06T14:42:36
35ac2c8f-988c-90b1-5729-8f4566f100a0,VISH-25-02-0783,fd1af9e3-4206-4c49-83bb-d64ddf1b56d1,mapped,VH-AC-C41-0001,AC Issues,2025-02-17 12:45:00.000,,High,Normal,,,,,0,,0,,No recorded resolution time; ticket not evaluated.,median,,2026-08-06T14:42:36
a6465f30-4e23-1183-f2f8-cbd8dea48580,VISH-25-02-0784,fd1af9e3-4206-4c49-83bb-d64ddf1b56d1,mapped,VH-AC-C41-0001,AC Issues,2025-02-17 12:45:00.000,,High,Normal,,,,,0,,0,,No recorded resolution time; ticket not evaluated.,median,,2026-08-06T14:42:36
a383137c-f83c-7d32-8f2a-1d6246aef0b4,VISH-25-02-0785,fd1af9e3-4206-4c49-83bb-d64ddf1b56d1,mapped,VH-AC-C41-0001,AC Issues,2025-02-17 12:45:00.000,,High,Normal,,,,,0,,0,,No recorded resolution time; ticket not evaluated.,median,,2026-08-06T14:42:36
c5b6fd56-e039-ca62-4bec-520fc7d77711,VISH-25-02-0786,fd1af9e3-4206-4c49-83bb-d64ddf1b56d1,mapped,VH-AC-C41-0001,AC Issues,2025-02-17 12:45:00.000,,High,Normal,,,,,0,,0,,No recorded resolution time; ticket not evaluated.,median,,2026-08-06T14:42:36
ac7b87fb-080f-3d17-374a-de3792479957,VISH-25-02-0787,fd1af9e3-4206-4c49-83bb-d64ddf1b56d1,mapped,VH-AC-C41-0001,AC Issues,2025-02-17 12:45:00.000,,High,Normal,,,,,0,,0,,No recorded resolution time; ticket not evaluated.,median,,2026-08-06T14:42:36
13699593-fbb1-e74b-77c9-660cdd786638,VISH-25-02-0788,fd1af9e3-4206-4c49-83bb-d64ddf1b56d1,mapped,VH-AC-C41-0001,AC Issues,2025-02-17 12:45:00.000,,High,Normal,,,,,0,,0,,No recorded resolution time; ticket not evaluated.,median,,2026-08-06T14:42:36
b1ff846d-9f93-3dff-cb1f-d10d78e7e83d,VISH-25-02-0789,fd1af9e3-4206-4c49-83bb-d64ddf1b56d1,mapped,VH-AC-C41-0001,AC Issues,2025-02-17 12:45:00.000,,High,Normal,,,,,0,,0,,No recorded resolution time; ticket not evaluated.,median,,2026-08-06T14:42:36
479bf1e8-673a-9c3c-b20b-a6ae40009f7e,VISH-25-02-0790,fd1af9e3-4206-4c49-83bb-d64ddf1b56d1,mapped,VH-AC-C41-0001,AC Issues,2025-02-17 12:45:00.000,,High,Normal,,,,,0,,0,,No recorded resolution time; ticket not evaluated.,median,,2026-08-06T14:42:36
d28fd200-2ceb-bb5e-679f-1c84be768244,VISH-25-02-0791,fd1af9e3-4206-4c49-83bb-d64ddf1b56d1,mapped,VH-AC-C41-0001,AC Issues,2025-02-17 12:45:00.000,,High,Normal,,,,,0,,0,,No recorded resolution time; ticket not evaluated.,median,,2026-08-06T14:42:36
a7c25386-9046-33f2-3b31-16e37462818e,VISH-25-02-0792,fd1af9e3-4206-4c49-83bb-d64ddf1b56d1,mapped,VH-AC-C41-0001,AC Issues,2025-02-17 12:45:00.000,,High,Normal,,,,,0,,0,,No recorded resolution time; ticket not evaluated.,median,,2026-08-06T14:42:36
88028ce4-c61f-5200-612b-5cebe1986654,VISH-25-02-0793,fd1af9e3-4206-4c49-83bb-d64ddf1b56d1,mapped,VH-AC-C41-0001,AC Issues,2025-02-17 12:45:00.000,,High,Normal,,,,,0,,0,,No recorded resolution time; ticket not evaluated.,median,,2026-08-06T14:42:36
90df6aab-bc25-f8e2-7bb4-cb2572293795,VISH-25-02-0794,fd1af9e3-4206-4c49-83bb-d64ddf1b56d1,mapped,VH-AC-C41-0001,AC Issues,2025-02-17 12:45:00.000,,High,Normal,,,,,0,,0,,No recorded resolution time; ticket not evaluated.,median,,2026-08-06T14:42:36
b76d761f-efb9-b696-b79b-3c715f0dd686,VISH-25-02-0795,,,,Washing machine Issue,2025-02-17 12:46:00.000,,Low,Normal,,,,,0,,0,,No recorded resolution time; ticket not evaluated.,median,,2026-08-06T14:42:36
8fb1f2b5-1c44-e1d4-095b-ea19a7a37026,VISH-25-06-0796,,,,Other,2025-06-20 12:14:00.000,,Low,Normal,,,,,0,,0,,No recorded resolution time; ticket not evaluated.,median,,2026-08-06T14:42:36
499ff5a8-1b16-d883-faad-bda99684bd94,VISH-25-07-0797,fd1af9e3-4206-4c49-83bb-d64ddf1b56d1,mapped,VH-AC-C41-0001,AC Issues,2025-07-02 18:26:00.000,,High,Normal,,,,,0,,0,,No recorded resolution time; ticket not evaluated.,median,,2026-08-06T14:42:36
75968c96-4cd2-6c96-48a8-b4cce6446e26,VISH-25-10-0798,,,,Other,2025-10-25 12:25:00.000,,Low,Normal,,,,,0,,0,,No recorded resolution time; ticket not evaluated.,median,,2026-08-06T14:42:36
9298bbd0-ee2f-4cc1-fa9c-43f83c73aafd,VISH-25-12-0799,,,,Other,2025-12-08 17:22:00.000,,Low,Normal,,,,,0,,0,,No recorded resolution time; ticket not evaluated.,median,,2026-08-06T14:42:36
6dd43e52-c5a9-77f4-c3f8-e4017d761789,VISH-25-12-0800,,,,Billing Issues,2025-12-08 17:25:00.000,,Low,Normal,,,,,0,,0,,No recorded resolution time; ticket not evaluated.,median,,2026-08-06T14:42:36
b3a4f563-9eb9-68e1-8882-648fec628998,VISH-26-02-0801,,,,Washing machine Issue,2026-02-07 18:01:00.000,,Low,Normal,,,,,0,,0,,No recorded resolution time; ticket not evaluated.,median,,2026-08-06T14:42:36
21fc81d0-0871-fd42-e598-d8111a0c6d20,VISH-26-02-0802,,,,Other,2026-02-07 18:02:00.000,,Low,Normal,,,,,0,,0,,No recorded resolution time; ticket not evaluated.,median,,2026-08-06T14:42:36
6419a0fa-fd56-78bf-b267-45e1459ef865,VISH-26-02-0803,,,,Washing machine Issue,2026-02-27 20:58:00.000,,Low,Normal,,,,,0,,0,,No recorded resolution time; ticket not evaluated.,median,,2026-08-06T14:42:36
67874652-d7d1-5d89-1e13-b2b3aead6c9d,VISH-25-06-0804,00b7fd23-69e7-46fd-82ef-ca35a3f56394,mapped,VH-AC-D21-0001,AC Issues,2025-06-22 14:05:00.000,,High,Normal,,,,,0,,0,,No recorded resolution time; ticket not evaluated.,median,,2026-08-06T14:42:36
5faf0ee5-1b3e-2151-d131-ee42ecb6ab7b,VISH-25-02-0805,,,,RO Water Issues,2025-02-13 02:30:00.000,,Low,Normal,,,,,0,,0,,No recorded resolution time; ticket not evaluated.,median,,2026-08-06T14:42:36
2d3ab790-25d2-0d83-666a-ee73e9ea2cb9,VISH-25-02-0806,,,,RO Water Issues,2025-02-13 02:30:00.000,,Low,Normal,,,,,0,,0,,No recorded resolution time; ticket not evaluated.,median,,2026-08-06T14:42:36
8acf69f6-f774-4864-930d-6998e3c0bd1e,VISH-2026-1103,1b082c2f-dcc3-45a2-ba43-3308caf04844,direct,VH-CO-C43-0003,Furniture,2026-04-15 06:18:22.396,38.17,Verified,Normal,,,,,0,,0,,"No manager-verified repair history for this asset, asset type, or issue type yet; no verified baseline available, so this ticket is not evaluated.",median,,2026-08-06T14:42:36
51959913-1e11-1890-7273-d24ab4c4faef,VISH-25-02-0807,,,,Furniture,2025-02-13 15:32:00.000,,Medium,Normal,,,,,0,,0,,No recorded resolution time; ticket not evaluated.,median,,2026-08-06T14:42:36
3e142f38-96cd-b474-f8b0-0b9558f99f46,VISH-25-05-0808,c9db82aa-39ec-404f-b045-4c140ea217e5,mapped,VH-FN-B22-0001,Electrical Issues,2025-05-28 12:30:00.000,,High,Normal,,,,,0,,0,,No recorded resolution time; ticket not evaluated.,median,,2026-08-06T14:42:36
c178b4b7-d5b4-9128-d71a-493657ef3f3e,VISH-25-07-0809,61507e8e-6567-48b7-b838-3e16c2397da7,mapped,VH-AC-B22-0001,AC Issues,2025-07-15 14:38:00.000,,High,Normal,,,,,0,,0,,No recorded resolution time; ticket not evaluated.,median,,2026-08-06T14:42:36
6985c2d7-c75e-0aa7-fdba-4e611259d164,VISH-25-07-0810,,,,Other,2025-07-15 14:39:00.000,,Low,Normal,,,,,0,,0,,No recorded resolution time; ticket not evaluated.,median,,2026-08-06T14:42:36
bf4a8b4c-b0db-1345-9092-67061e46a1ab,VISH-25-07-0811,,,,Plumbing,2025-07-15 14:40:00.000,,Low,Normal,,,,,0,,0,,No recorded resolution time; ticket not evaluated.,median,,2026-08-06T14:42:36
484162ef-a628-3ed5-b066-49a041d48726,VISH-25-10-0812,,,,RO Water Issues,2025-10-17 17:24:00.000,,Low,Normal,,,,,0,,0,,No recorded resolution time; ticket not evaluated.,median,,2026-08-06T14:42:36
6f3095ec-8946-8d2a-b83c-a9d46df0809e,VISH-25-10-0813,c9db82aa-39ec-404f-b045-4c140ea217e5,mapped,VH-FN-B22-0001,Electrical Issues,2025-10-17 17:26:00.000,,High,Normal,,,,,0,,0,,No recorded resolution time; ticket not evaluated.,median,,2026-08-06T14:42:36
ed33db40-0cc9-a1d4-3477-29dcb26f0324,VISH-25-10-0814,61507e8e-6567-48b7-b838-3e16c2397da7,mapped,VH-AC-B22-0001,AC Issues,2025-10-17 17:28:00.000,,High,Normal,,,,,0,,0,,No recorded resolution time; ticket not evaluated.,median,,2026-08-06T14:42:36
2c519828-7cf5-d70d-4cb1-52e00a8334cc,VISH-25-11-0815,,,,Plumbing,2025-11-26 02:09:00.000,,Low,Normal,,,,,0,,0,,No recorded resolution time; ticket not evaluated.,median,,2026-08-06T14:42:36
badb3cb0-39fe-9836-946b-e258a03bbf6a,VISH-25-11-0816,,,,Other,2025-11-26 02:11:00.000,,Low,Normal,,,,,0,,0,,No recorded resolution time; ticket not evaluated.,median,,2026-08-06T14:42:36
42672831-9a59-a059-dc72-3c065189a994,VISH-25-11-0817,,,,RO Water Issues,2025-11-26 02:12:00.000,,Low,Normal,,,,,0,,0,,No recorded resolution time; ticket not evaluated.,median,,2026-08-06T14:42:36
40b92aa1-6736-3e4f-b6d7-6d7e200a4263,VISH-26-01-0818,,,,RO Water Issues,2026-01-18 14:38:00.000,,Low,Normal,,,,,0,,0,,No recorded resolution time; ticket not evaluated.,median,,2026-08-06T14:42:36
22d47b77-1bc2-30a2-8c9d-79b6a8fa7adb,VISH-26-02-0819,,,,Other,2026-02-24 18:29:00.000,,Low,Normal,,,,,0,,0,,No recorded resolution time; ticket not evaluated.,median,,2026-08-06T14:42:36
7ee2fea9-67aa-7357-5ea6-c4ca0aaf7fc1,VISH-25-07-0820,db7f65e5-9fe6-4986-a7ac-37fbdddff609,mapped,VH-AC-B22-0002,AC Issues,2025-07-16 17:40:00.000,,High,Normal,,,,,0,,0,,No recorded resolution time; ticket not evaluated.,median,,2026-08-06T14:42:36
864927b8-23a6-4604-b885-b882c3eaea80,VISH-2026-1101,,,,Washing machine Issue,2026-04-13 04:39:45.973,66.32,Low,Normal,,,,,0,,0,,"No manager-verified repair history for this asset, asset type, or issue type yet; no verified baseline available, so this ticket is not evaluated.",median,,2026-08-06T14:42:36
47edf057-a884-4cb6-ae6e-5fbb26bcef22,VISH-2026-1106,1ed7ea1e-919f-4189-ac1c-92fbcc60760a,direct,VH-CB-A24-0006,Furniture,2026-04-16 12:43:53.758,3.87,Verified,Normal,,,,,0,,0,,"No manager-verified repair history for this asset, asset type, or issue type yet; no verified baseline available, so this ticket is not evaluated.",median,,2026-08-06T14:42:36
c858bfef-db3f-4d0f-f219-0519df977d44,VISH-25-07-0821,,,,Furniture,2025-07-16 17:40:00.000,,Medium,Normal,,,,,0,,0,,No recorded resolution time; ticket not evaluated.,median,,2026-08-06T14:42:36
f878ae6d-c005-a23a-3984-6e38e2d10ed7,VISH-25-07-0822,,,,RO Water Issues,2025-07-19 13:57:00.000,,Low,Normal,,,,,0,,0,,No recorded resolution time; ticket not evaluated.,median,,2026-08-06T14:42:36
9a5cacfe-adec-0b39-19f3-fff80dd71bce,VISH-25-08-0823,,,,Washing machine Issue,2025-08-10 11:02:00.000,,Low,Normal,,,,,0,,0,,No recorded resolution time; ticket not evaluated.,median,,2026-08-06T14:42:36
8b5381ba-acdf-03f6-6be7-6800dea7cbe9,VISH-25-09-0824,0e9127c1-dd69-4c46-9126-a605af00881c,mapped,VH-FN-B22-0002,Electrical Issues,2025-09-17 11:44:00.000,,High,Normal,,,,,0,,0,,No recorded resolution time; ticket not evaluated.,median,,2026-08-06T14:42:36
6093b3d1-66a4-6af6-6a8f-c38000ed54d3,VISH-25-10-0825,0e9127c1-dd69-4c46-9126-a605af00881c,mapped,VH-FN-B22-0002,Electrical Issues,2025-10-14 23:53:00.000,,High,Normal,,,,,0,,0,,No recorded resolution time; ticket not evaluated.,median,,2026-08-06T14:42:36
fe135c45-2c5f-ff36-9116-8e946fbcdf6d,VISH-25-11-0826,,,,RO Water Issues,2025-11-17 06:59:00.000,,Low,Normal,,,,,0,,0,,No recorded resolution time; ticket not evaluated.,median,,2026-08-06T14:42:36
f3f9fb0f-bafa-4449-b1cc-708f927d4d18,VISH-2026-1105,,,,Plumbing,2026-04-16 09:42:36.684,24.8,Low,Normal,,,,,0,,0,,"No manager-verified repair history for this asset, asset type, or issue type yet; no verified baseline available, so this ticket is not evaluated.",median,,2026-08-06T14:42:36
6ce14ba3-0273-dec5-c6e8-ce50b7f82458,VISH-25-11-0827,,,,RO Water Issues,2025-11-18 11:29:00.000,,Low,Normal,,,,,0,,0,,No recorded resolution time; ticket not evaluated.,median,,2026-08-06T14:42:36
c1d1b7b9-f412-3169-3a23-1dc873449273,VISH-25-12-0828,0e9127c1-dd69-4c46-9126-a605af00881c,mapped,VH-FN-B22-0002,Electrical Issues,2025-12-27 12:14:00.000,,High,Normal,,,,,0,,0,,No recorded resolution time; ticket not evaluated.,median,,2026-08-06T14:42:36
62af6e4b-83dc-31fe-466b-e27a73446760,VISH-26-01-0829,,,,RO Water Issues,2026-01-28 07:52:00.000,,Low,Normal,,,,,0,,0,,No recorded resolution time; ticket not evaluated.,median,,2026-08-06T14:42:36
0f76e7a0-46f8-6d73-2b28-b0e2719414a0,VISH-26-01-0830,0e9127c1-dd69-4c46-9126-a605af00881c,mapped,VH-FN-B22-0002,Electrical Issues,2026-01-29 22:12:00.000,,High,Normal,,,,,0,,0,,No recorded resolution time; ticket not evaluated.,median,,2026-08-06T14:42:36
0a213065-021d-087d-4cd0-6c6b6161e442,VISH-25-09-0831,,,,RO Water Issues,2025-09-27 11:57:00.000,,Low,Normal,,,,,0,,0,,No recorded resolution time; ticket not evaluated.,median,,2026-08-06T14:42:36
007e589d-aa52-be62-0044-c5682cf9ff5d,VISH-25-09-0832,,,,Furniture,2025-09-27 14:22:00.000,,Medium,Normal,,,,,0,,0,,No recorded resolution time; ticket not evaluated.,median,,2026-08-06T14:42:36
a9236a7f-e98b-f82b-31fb-adbe52054ca5,VISH-26-01-0833,,,,Washing machine Issue,2026-01-06 12:44:00.000,,Low,Normal,,,,,0,,0,,No recorded resolution time; ticket not evaluated.,median,,2026-08-06T14:42:36
fbda59df-22f8-673b-b07b-95492ef1337b,VISH-25-09-0834,,,,Washing machine Issue,2025-09-16 15:26:00.000,,Low,Normal,,,,,0,,0,,No recorded resolution time; ticket not evaluated.,median,,2026-08-06T14:42:36
a953844f-7a56-1195-4b84-ed1481c2e445,VISH-25-12-0835,,,,Other,2025-12-23 22:25:00.000,,Low,Normal,,,,,0,,0,,No recorded resolution time; ticket not evaluated.,median,,2026-08-06T14:42:36
2326e405-37ae-3906-152a-102bb782de8b,VISH-25-12-0836,,,,Plumbing,2025-12-29 16:17:00.000,,Low,Normal,,,,,0,,0,,No recorded resolution time; ticket not evaluated.,median,,2026-08-06T14:42:36
154c14c7-590e-44b2-bae9-8cc1ec79bdac,VISH-2026-1104,,,,Furniture,2026-04-16 11:16:47.249,26.39,Low,Normal,,,,,0,,0,,"No manager-verified repair history for this asset, asset type, or issue type yet; no verified baseline available, so this ticket is not evaluated.",median,,2026-08-06T14:42:36
a6bf74c0-61b5-353f-aa2e-4740e153d3b4,VISH-26-01-0837,,,,Fridge Issues,2026-01-26 13:19:00.000,,Low,Normal,,,,,0,,0,,No recorded resolution time; ticket not evaluated.,median,,2026-08-06T14:42:36
25e9589e-699d-5219-577f-b0c37e301a54,VISH-26-02-0838,,,,Internet Issues,2026-02-27 21:00:00.000,,Low,Normal,,,,,0,,0,,No recorded resolution time; ticket not evaluated.,median,,2026-08-06T14:42:36
a735d8a3-de99-acf1-d943-33a386ad48cf,VISH-26-02-0839,,,,Internet Issues,2026-02-27 21:02:00.000,,Low,Normal,,,,,0,,0,,No recorded resolution time; ticket not evaluated.,median,,2026-08-06T14:42:36
1948f55b-f4aa-e1b7-6c49-db9dbac439a9,VISH-26-03-0840,,,,Other,2026-03-13 09:56:00.000,,Low,Normal,,,,,0,,0,,No recorded resolution time; ticket not evaluated.,median,,2026-08-06T14:42:36
6d16f9b1-debb-9ee4-d988-b757a0350cf7,VISH-25-07-0841,,,,Plumbing,2025-07-06 11:03:00.000,,Low,Normal,,,,,0,,0,,No recorded resolution time; ticket not evaluated.,median,,2026-08-06T14:42:36
88d9b06e-58e2-d7d0-46f7-a41b77505c6e,VISH-25-07-0842,,,,Furniture,2025-07-06 11:05:00.000,,Low,Normal,,,,,0,,0,,No recorded resolution time; ticket not evaluated.,median,,2026-08-06T14:42:36
eb253da6-91b6-dd8a-77bf-8cf5f11a75a3,VISH-25-07-0843,,,,Furniture,2025-07-06 11:06:00.000,,Low,Normal,,,,,0,,0,,No recorded resolution time; ticket not evaluated.,median,,2026-08-06T14:42:36
da09fe1c-7d29-2e41-3605-6daeee02dcf5,VISH-25-07-0844,,,,RO Water Issues,2025-07-16 13:37:00.000,,Low,Normal,,,,,0,,0,,No recorded resolution time; ticket not evaluated.,median,,2026-08-06T14:42:36
71f582cc-7db3-4fbb-f6ee-121469b7f04e,VISH-25-07-0845,,,,Internet Issues,2025-07-16 13:40:00.000,,Low,Normal,,,,,0,,0,,No recorded resolution time; ticket not evaluated.,median,,2026-08-06T14:42:36
996a9c60-67ca-370a-023a-672e0ebf1781,VISH-25-08-0846,,,,RO Water Issues,2025-08-27 13:48:00.000,,Low,Normal,,,,,0,,0,,No recorded resolution time; ticket not evaluated.,median,,2026-08-06T14:42:36
d24ca09b-494b-4bda-992a-aad57b478ff5,VISH-2026-0018,0dcfad8a-af37-4c71-8097-1d78e2f17a6f,direct,VH-RO-C21-0001,RO Water Issues,2026-04-07 08:17:15.214,18.53,Verified,Normal,,,,,0,,0,,"No manager-verified repair history for this asset, asset type, or issue type yet; no verified baseline available, so this ticket is not evaluated.",median,,2026-08-06T14:42:36
dc7afc7b-d90e-4653-bc2a-9c1262ca0c1a,VIST-26-06-00104,,,,AC Issues,2026-06-30 08:43:26.835,38.97,Low,Normal,,,,,0,,0,,"No manager-verified repair history for this asset, asset type, or issue type yet; no verified baseline available, so this ticket is not evaluated.",median,,2026-08-06T14:42:36
3c18ed0c-e9be-4828-9078-59cfa6e3179f,VISH-2026-1097,9967095e-fa20-4c7b-8c3f-6bc419b14c46,direct,VH-CO-D12-0003,Other,2026-04-16 12:42:17.287,167.94,Verified,Normal,,,,,0,,0,,"No manager-verified repair history for this asset, asset type, or issue type yet; no verified baseline available, so this ticket is not evaluated.",median,,2026-08-06T14:42:36
0eb9ee9c-0ec2-8abd-d2ea-67f6a73d7c1f,VISH-25-09-0847,,,,Washing machine Issue,2025-09-03 09:44:00.000,,Low,Normal,,,,,0,,0,,No recorded resolution time; ticket not evaluated.,median,,2026-08-06T14:42:36
5f1a2e15-b570-0961-2451-abc86328f2ed,VISH-25-09-0848,,,,RO Water Issues,2025-09-21 18:08:00.000,,Low,Normal,,,,,0,,0,,No recorded resolution time; ticket not evaluated.,median,,2026-08-06T14:42:36
394dcf20-0869-2a1f-4e31-aeaa4352c461,VISH-26-02-0849,,,,Furniture,2026-02-07 18:34:00.000,,Low,Normal,,,,,0,,0,,No recorded resolution time; ticket not evaluated.,median,,2026-08-06T14:42:36
8d77f862-4d8d-749d-00c2-a8407330ac9e,VISH-25-07-0850,,,,RO Water Issues,2025-07-10 18:29:00.000,,Low,Normal,,,,,0,,0,,No recorded resolution time; ticket not evaluated.,median,,2026-08-06T14:42:36
525c5c90-12dd-3ba9-ab53-cf84e532bec4,VISH-25-07-0851,,,,Plumbing,2025-07-30 18:39:00.000,,Low,Normal,,,,,0,,0,,No recorded resolution time; ticket not evaluated.,median,,2026-08-06T14:42:36
067a756e-c2f3-dc7c-4197-e6492313dcd8,VISH-25-08-0852,,,,RO Water Issues,2025-08-02 09:08:00.000,,Low,Normal,,,,,0,,0,,No recorded resolution time; ticket not evaluated.,median,,2026-08-06T14:42:36
f3c02af0-eb73-f73d-2fea-bfe940813ecb,VISH-25-09-0853,,,,AC Issues,2025-09-19 21:46:00.000,,Low,Normal,,,,,0,,0,,No recorded resolution time; ticket not evaluated.,median,,2026-08-06T14:42:36
d722759f-6f57-45cf-bb2e-49ce36bafeeb,VIST-26-04-00035,,,,RO Water Issues,2026-04-25 06:03:53.256,13.82,Low,Normal,,,,,0,,0,,"No manager-verified repair history for this asset, asset type, or issue type yet; no verified baseline available, so this ticket is not evaluated.",median,,2026-08-06T14:42:36
aecce5fb-e812-42f2-9ac3-2c17e70ce753,VIST-26-05-00130,85bff95a-36d4-4788-bb27-cdbb588024e9,direct,VH-CB-A44-0001,Furniture,2026-05-28 04:51:17.452,20.37,Verified,Normal,,,,,0,,0,,"No manager-verified repair history for this asset, asset type, or issue type yet; no verified baseline available, so this ticket is not evaluated.",median,,2026-08-06T14:42:36
cc7736c0-bc35-388d-a03b-af0e444a9570,VISH-25-09-0854,,,,Plumbing,2025-09-19 21:48:00.000,,Low,Normal,,,,,0,,0,,No recorded resolution time; ticket not evaluated.,median,,2026-08-06T14:42:36
f8644a82-b623-fa56-b619-4fc6e2ac5a1c,VISH-25-10-0855,,,,Plumbing,2025-10-04 14:16:00.000,,Low,Normal,,,,,0,,0,,No recorded resolution time; ticket not evaluated.,median,,2026-08-06T14:42:36
89e3ef14-fc95-bf03-5a85-798e197ed316,VISH-25-10-0856,,,,Plumbing,2025-10-04 14:17:00.000,,Low,Normal,,,,,0,,0,,No recorded resolution time; ticket not evaluated.,median,,2026-08-06T14:42:36
90a1c3c9-607c-437f-8426-657c5eb02294,VIST-26-05-00113,cce831ad-398f-49b4-adf2-b594419b2f62,direct,VH-MW-D11-0001,Kitchen Equipment,,,Verified,Normal,,,,,0,,0,,No recorded resolution time; ticket not evaluated.,median,,2026-08-06T14:42:36
ef8c3a1d-43af-4961-8357-cf070d80c051,VIST-26-05-00020,,,,Internet Issues,2026-05-07 11:07:07.007,102.55,Low,Normal,,,,,0,,0,,"No manager-verified repair history for this asset, asset type, or issue type yet; no verified baseline available, so this ticket is not evaluated.",median,,2026-08-06T14:42:36
563ac94b-7456-4248-8168-c966fdfc62e8,VIST-26-05-00019,,,,Internet Issues,2026-05-07 11:13:06.773,103.47,Low,Normal,,,,,0,,0,,"No manager-verified repair history for this asset, asset type, or issue type yet; no verified baseline available, so this ticket is not evaluated.",median,,2026-08-06T14:42:36
2e989071-829e-4249-8612-aa3fcf326aa7,VIST-26-06-00020,,,,Other,2026-06-18 04:53:20.422,280.81,Low,Normal,,,,,0,,0,,"No manager-verified repair history for this asset, asset type, or issue type yet; no verified baseline available, so this ticket is not evaluated.",median,,2026-08-06T14:42:36
9e2d3ac5-79ba-434f-ac2a-77579bd93806,VISH-2026-0034,,,,Toilet Issues,2026-04-09 09:57:39.572,6.94,Low,Normal,,,,,0,,0,,"No manager-verified repair history for this asset, asset type, or issue type yet; no verified baseline available, so this ticket is not evaluated.",median,,2026-08-06T14:42:36
8709bba9-ca03-4034-9bc8-85f2f2143034,VIST-26-07-00071,,,,AC Issues,2026-07-28 09:12:54.557,138.47,Medium,Normal,,,,,0,,0,,"No manager-verified repair history for this asset, asset type, or issue type yet; no verified baseline available, so this ticket is not evaluated.",median,,2026-08-06T14:42:36
b16a2495-69ed-4671-9dfd-adf008115c06,VIST-26-05-00025,,,,AC Issues,2026-05-06 12:11:14.070,49.61,Low,Normal,,,,,0,,0,,"No manager-verified repair history for this asset, asset type, or issue type yet; no verified baseline available, so this ticket is not evaluated.",median,,2026-08-06T14:42:36
22eb3c39-c0bd-440d-b24b-ba80aa6cdb26,VIST-26-05-00023,,,,Cleaning Issues,2026-05-07 07:12:30.538,68.72,Low,Normal,,,,,0,,0,,"No manager-verified repair history for this asset, asset type, or issue type yet; no verified baseline available, so this ticket is not evaluated.",median,,2026-08-06T14:42:36
fbb9b65c-9764-4f57-908b-cb419814fd61,VIST-26-05-00022,d9a2ce08-6abd-43c3-bbf2-33b0c187a3b5,mapped,VH-AC-C31-0003,AC Issues,2026-05-04 10:07:55.533,7.46,High,Normal,,,,,0,,0,,"No manager-verified repair history for this asset, asset type, or issue type yet; no verified baseline available, so this ticket is not evaluated.",median,,2026-08-06T14:42:36
4c3d4b48-972e-46e0-90d8-d6b7a2653e36,VIST-26-04-00026,08e5cc48-188f-4df9-a3a8-b64c053b1241,mapped,VH-FN-B34-0003,Electrical Issues,2026-04-24 13:56:02.414,31.75,High,Normal,,,,,0,,0,,"No manager-verified repair history for this asset, asset type, or issue type yet; no verified baseline available, so this ticket is not evaluated.",median,,2026-08-06T14:42:36
77e65fde-9cf0-48bf-88ea-b73d492d7402,VIST-26-07-00101,,,,Other,,,Low,Normal,,,,,0,,0,,No recorded resolution time; ticket not evaluated.,median,,2026-08-06T14:42:36
768547d3-d472-4ce0-9930-cfe1ef655793,VIST-26-04-00037,,,,Other,2026-04-25 14:00:04.771,6.52,Low,Normal,,,,,0,,0,,"No manager-verified repair history for this asset, asset type, or issue type yet; no verified baseline available, so this ticket is not evaluated.",median,,2026-08-06T14:42:36
230eeb01-de31-420e-bcc1-9eaee856ece8,VIST-26-06-00054,9e83589c-0310-479c-9453-b3da59f7e07d,direct,VH-WH-C43-0002,Plumbing,2026-06-16 05:06:38.708,25.45,Verified,Normal,,,,,0,,0,,"No manager-verified repair history for this asset, asset type, or issue type yet; no verified baseline available, so this ticket is not evaluated.",median,,2026-08-06T14:42:36
f8c6f83f-55ab-4ed2-a212-452d032d8223,VIST-26-04-00073,,,,Washing machine Issue,2026-04-29 06:51:27.044,14.56,Low,Normal,,,,,0,,0,,"No manager-verified repair history for this asset, asset type, or issue type yet; no verified baseline available, so this ticket is not evaluated.",median,,2026-08-06T14:42:36
32cb1ee0-419b-40de-aef5-b94e94f94f20,VIST-26-05-00085,,,,Cleaning Issues,2026-05-19 05:02:50.590,40.8,Low,Normal,,,,,0,,0,,"No manager-verified repair history for this asset, asset type, or issue type yet; no verified baseline available, so this ticket is not evaluated.",median,,2026-08-06T14:42:36
ed0e68ba-fe8c-4d06-a47a-284d03626f7e,VISH-2026-0053,,,,AC Issues,2026-04-30 09:15:39.251,2.15,Low,Normal,,,,,0,,0,,"No manager-verified repair history for this asset, asset type, or issue type yet; no verified baseline available, so this ticket is not evaluated.",median,,2026-08-06T14:42:36
de899f7a-76a9-4f06-bf71-892c57ca7b22,VIST-26-06-00028,,,,Cleaning Issues,2026-06-09 07:02:47.164,24.41,Low,Normal,,,,,0,,0,,"No manager-verified repair history for this asset, asset type, or issue type yet; no verified baseline available, so this ticket is not evaluated.",median,,2026-08-06T14:42:36
7a84dc8b-7e56-4002-b996-5d8ebf44054f,VIST-26-04-00016,,,,Cleaning Issues,2026-04-24 11:37:02.789,51.13,Low,Normal,,,,,0,,0,,"No manager-verified repair history for this asset, asset type, or issue type yet; no verified baseline available, so this ticket is not evaluated.",median,,2026-08-06T14:42:36
d574a779-6597-4856-988f-98fb961bbacc,VIST-26-04-00045,,,,Washing machine Issue,2026-05-01 07:06:48.842,109.91,Low,Normal,,,,,0,,0,,"No manager-verified repair history for this asset, asset type, or issue type yet; no verified baseline available, so this ticket is not evaluated.",median,,2026-08-06T14:42:36
c3120da0-ba49-4a90-872a-19d881add1e0,VIST-26-04-00036,03f8aa98-9864-42fd-921e-06eddab47e98,direct,VH-AC-C34-0002,AC Issues,2026-05-19 12:24:28.098,580.94,Verified,Normal,,,,,0,,0,,"No manager-verified repair history for this asset, asset type, or issue type yet; no verified baseline available, so this ticket is not evaluated.",median,,2026-08-06T14:42:36
4f43e97f-c4e1-4156-988a-54c9f6c99e72,VIST-26-04-00027,,,,Other,2026-04-25 06:34:29.667,47.84,Low,Normal,,,,,0,,0,,"No manager-verified repair history for this asset, asset type, or issue type yet; no verified baseline available, so this ticket is not evaluated.",median,,2026-08-06T14:42:36
2d04137c-1bbf-4263-b67e-e5d876b7df10,VIST-26-04-00029,,,,Internet Issues,2026-04-28 05:49:14.159,96.4,Low,Normal,,,,,0,,0,,"No manager-verified repair history for this asset, asset type, or issue type yet; no verified baseline available, so this ticket is not evaluated.",median,,2026-08-06T14:42:36
9bd4d358-7776-4a11-a6f5-84023090ca9c,VIST-26-04-00043,b9946d2d-f501-45d7-a5ac-b01a089c7f80,direct,VH-FN-B44-0002,Electrical Issues,2026-04-29 04:43:15.784,89.79,Verified,Normal,,,,,0,,0,,"No manager-verified repair history for this asset, asset type, or issue type yet; no verified baseline available, so this ticket is not evaluated.",median,,2026-08-06T14:42:36
5d341a5d-b7e7-4e8d-97fb-bf57a2426652,VIST-26-04-00024,,,,Washing machine Issue,2026-04-24 13:54:55.053,32.15,Low,Normal,,,,,0,,0,,"No manager-verified repair history for this asset, asset type, or issue type yet; no verified baseline available, so this ticket is not evaluated.",median,,2026-08-06T14:42:36
35df53c4-12a2-4134-a0ae-df8575e49a09,VIST-26-05-00083,f866875c-8a32-49d0-b600-259b7d35c158,direct,VH-CB-C42-0002,Other,2026-05-19 07:26:41.887,48.37,Verified,Normal,,,,,0,,0,,"No manager-verified repair history for this asset, asset type, or issue type yet; no verified baseline available, so this ticket is not evaluated.",median,,2026-08-06T14:42:36
2d713c73-7e76-4895-a544-5c78e46173fb,VIST-26-04-00021,,,,Toilet Issues,2026-04-24 13:24:41.762,33.5,Low,Normal,,,,,0,,0,,"No manager-verified repair history for this asset, asset type, or issue type yet; no verified baseline available, so this ticket is not evaluated.",median,,2026-08-06T14:42:36
b88e51a5-f3cb-4174-bcae-781487f61548,VIST-26-04-00041,35ec240d-87ee-4bcc-b912-3116c4209142,mapped,VH-AC-A23-0001,AC Issues,2026-04-25 13:53:21.807,3.43,High,Normal,,,,,0,,1,18.3,"No manager-verified repair history for this asset, asset type, or issue type yet; no verified baseline available, so this ticket is not evaluated.",median,,2026-08-06T14:42:36
a4a43033-febe-41a9-bbdd-2cfc86099aef,VISH-2026-0052,,,,Plumbing,2026-05-01 08:30:43.316,25.5,Low,Normal,,,,,0,,0,,"No manager-verified repair history for this asset, asset type, or issue type yet; no verified baseline available, so this ticket is not evaluated.",median,,2026-08-06T14:42:36
fe56c106-be83-4065-bacb-790bee4ee22f,VIST-26-07-00102,6e9f681a-1292-4cec-95d5-80c22a076e15,direct,VH-FN-C11-0001,Electrical Issues,,,Verified,Normal,,,,,0,,0,,No recorded resolution time; ticket not evaluated.,median,,2026-08-06T14:42:36
1a7ff493-ce01-4c1a-b20d-7b9d7aa55994,VIST-26-04-00025,,,,Washing machine Issue,2026-04-24 13:08:37.746,30.97,Low,Normal,,,,,0,,0,,"No manager-verified repair history for this asset, asset type, or issue type yet; no verified baseline available, so this ticket is not evaluated.",median,,2026-08-06T14:42:36
610ea2c6-67f4-40c1-a0d2-df6fe5f536f6,VIST-26-05-00027,,,,Cleaning Issues,2026-05-07 07:03:41.438,65.19,Low,Normal,,,,,0,,0,,"No manager-verified repair history for this asset, asset type, or issue type yet; no verified baseline available, so this ticket is not evaluated.",median,,2026-08-06T14:42:36
f81606ff-f03d-4d5c-b8fb-6c0f5b46f70d,VIST-26-04-00052,,,,RO Water Issues,2026-04-29 06:55:41.215,42.08,Low,Normal,,,,,0,,0,,"No manager-verified repair history for this asset, asset type, or issue type yet; no verified baseline available, so this ticket is not evaluated.",median,,2026-08-06T14:42:36
ac597c1a-68f7-49a5-8760-11224712adb6,VIST-26-04-00028,,,,Other,2026-04-25 06:32:15.055,47.79,Low,Normal,,,,,0,,0,,"No manager-verified repair history for this asset, asset type, or issue type yet; no verified baseline available, so this ticket is not evaluated.",median,,2026-08-06T14:42:36
cc255e0c-64bf-46b2-bb50-08ab25d1c967,VIST-26-04-00012,,,,Other,2026-04-22 07:53:35.532,17.89,Low,Normal,,,,,0,,0,,"No manager-verified repair history for this asset, asset type, or issue type yet; no verified baseline available, so this ticket is not evaluated.",median,,2026-08-06T14:42:36
ba75932d-0505-4a0c-949b-84bc22c5eb59,VIST-26-04-00022,1b18f88c-8f4c-45c1-bf3d-4952c8a321b7,direct,VH-CO-B44-0002,Furniture,2026-04-25 14:04:45.789,58.03,Verified,Normal,,,,,0,,0,,"No manager-verified repair history for this asset, asset type, or issue type yet; no verified baseline available, so this ticket is not evaluated.",median,,2026-08-06T14:42:36
281b94ee-eecc-417c-8cf9-25b2cb80a2bc,VIST-26-05-00034,d6d1e730-b764-4dfc-aeda-759b7c2ab0a9,mapped,VH-AC-B12-0001,AC Issues,2026-05-06 12:08:17.748,1.34,High,Normal,,,,,0,,0,,"No manager-verified repair history for this asset, asset type, or issue type yet; no verified baseline available, so this ticket is not evaluated.",median,,2026-08-06T14:42:36
aac4f5a4-d8d3-4cc8-9292-e01278f8efc2,VIST-26-05-00084,,,,Cleaning Issues,2026-05-19 07:24:12.034,43.16,Low,Normal,,,,,0,,0,,"No manager-verified repair history for this asset, asset type, or issue type yet; no verified baseline available, so this ticket is not evaluated.",median,,2026-08-06T14:42:36
c8d729d3-993e-4f49-80c3-95b036fee0ce,VIST-26-05-00121,6b304c3f-616d-4dd8-ba7b-5c50efebba7d,direct,VH-WH-A12-0003,Heater Issues,2026-05-25 18:28:22.629,24.02,Verified,Normal,,,,,0,,0,,"No manager-verified repair history for this asset, asset type, or issue type yet; no verified baseline available, so this ticket is not evaluated.",median,,2026-08-06T14:42:36
e4dde419-3a46-4d6e-b263-48266ba1c497,VIST-26-05-00032,,,,Cleaning Issues,2026-05-07 07:13:46.907,53.0,Low,Normal,,,,,0,,0,,"No manager-verified repair history for this asset, asset type, or issue type yet; no verified baseline available, so this ticket is not evaluated.",median,,2026-08-06T14:42:36
93e90f49-e5d8-4bd3-8cc8-eaf91c0ecf63,VISH-2026-0015,4464c94c-a1a3-4658-ae52-805edad1df56,direct,VH-BS-C41-0002,Furniture,2026-04-07 04:42:28.518,60.89,Verified,Normal,,,,,0,,0,,"No manager-verified repair history for this asset, asset type, or issue type yet; no verified baseline available, so this ticket is not evaluated.",median,,2026-08-06T14:42:36
bdd973e0-2c3c-4f59-91eb-6b511ab1f88e,VIST-26-04-00048,c0db2869-f692-4552-a037-2b4b57f03999,direct,VH-WM-B34-0001,Washing machine Issue,2026-04-28 07:45:16.817,25.89,Verified,Normal,,,,,0,,0,,"No manager-verified repair history for this asset, asset type, or issue type yet; no verified baseline available, so this ticket is not evaluated.",median,,2026-08-06T14:42:36
e4be2723-0b34-4274-a153-d5586ae48053,VIST-26-04-00047,,,,Toilet Issues,2026-04-28 05:18:34.225,26.64,Low,Normal,,,,,0,,0,,"No manager-verified repair history for this asset, asset type, or issue type yet; no verified baseline available, so this ticket is not evaluated.",median,,2026-08-06T14:42:36
5a1bcddb-2d8c-46b9-836e-c9260fac9645,VIST-26-05-00026,,,,Cleaning Issues,2026-05-07 07:08:26.044,65.28,Low,Normal,,,,,0,,0,,"No manager-verified repair history for this asset, asset type, or issue type yet; no verified baseline available, so this ticket is not evaluated.",median,,2026-08-06T14:42:36
8cb5baa2-ecba-4c2a-bb26-fab56d983ce5,VIST-26-07-00103,4bca902d-8716-446e-b3b2-e01da0999fba,direct,VH-AC-A44-0004,AC Issues,,,Verified,Normal,,,,,0,,0,,No recorded resolution time; ticket not evaluated.,median,,2026-08-06T14:42:36
084a0c36-2582-40e3-8475-6aba20bc16fc,VIST-26-04-00018,,,,Fridge Issues,2026-04-28 04:52:34.046,136.95,Low,Normal,,,,,0,,0,,"No manager-verified repair history for this asset, asset type, or issue type yet; no verified baseline available, so this ticket is not evaluated.",median,,2026-08-06T14:42:36
d656424e-37a1-4a40-8922-ea466c6ab0e1,VIST-26-05-00003,,,,Washing machine Issue,2026-05-02 09:52:13.701,22.78,Low,Normal,,,,,0,,0,,"No manager-verified repair history for this asset, asset type, or issue type yet; no verified baseline available, so this ticket is not evaluated.",median,,2026-08-06T14:42:36
ccba095f-b24b-4f5b-8598-7c8389259de9,VIST-26-06-00053,,,,Cleaning Issues,2026-06-16 05:10:07.862,25.55,Low,Normal,,,,,0,,0,,"No manager-verified repair history for this asset, asset type, or issue type yet; no verified baseline available, so this ticket is not evaluated.",median,,2026-08-06T14:42:36
715031c3-cc29-4ff1-ae30-4ac0fcb63e01,VIST-26-06-00006,913bd3e8-1251-4191-882d-e8ea0cfe6e5b,direct,VH-AC-C34-0003,AC Issues,2026-06-04 10:32:00.885,50.92,Verified,Normal,,,,,0,,0,,"No manager-verified repair history for this asset, asset type, or issue type yet; no verified baseline available, so this ticket is not evaluated.",median,,2026-08-06T14:42:36
6cf73c01-c30c-44e1-bf59-4d95d5c9907c,VIST-26-04-00056,d9a2ce08-6abd-43c3-bbf2-33b0c187a3b5,direct,VH-AC-C31-0003,AC Issues,,,Verified,Normal,,,,,0,,0,,No recorded resolution time; ticket not evaluated.,median,,2026-08-06T14:42:36
488572a1-3596-4a89-9d85-69a2b47f3300,VIST-26-04-00054,40273ebc-52da-4130-82f8-a28b466d4adc,direct,VH-AC-B11-0003,AC Issues,2026-05-20 13:40:59.812,548.54,Verified,Normal,,,,,0,,1,1.3,"No manager-verified repair history for this asset, asset type, or issue type yet; no verified baseline available, so this ticket is not evaluated.",median,,2026-08-06T14:42:36
4f67d38e-db9d-4de3-be89-726052bf6887,VIST-26-04-00072,,,,RO Water Issues,2026-04-29 06:48:40.760,16.78,Low,Normal,,,,,0,,0,,"No manager-verified repair history for this asset, asset type, or issue type yet; no verified baseline available, so this ticket is not evaluated.",median,,2026-08-06T14:42:36
46888dab-b407-4528-9d76-40eb2bd96486,VISH-2026-0023,,,,Internet Issues,2026-04-08 06:25:46.400,25.56,Low,Normal,,,,,0,,0,,"No manager-verified repair history for this asset, asset type, or issue type yet; no verified baseline available, so this ticket is not evaluated.",median,,2026-08-06T14:42:36
07125828-0af2-447b-88e1-cafa8a322705,VIST-26-06-00018,436099db-3a2e-4b9c-984c-ccb958ef972e,direct,VH-AC-C31-0001,AC Issues,2026-06-06 04:36:22.174,21.25,Verified,Normal,,,,,0,,0,,"No manager-verified repair history for this asset, asset type, or issue type yet; no verified baseline available, so this ticket is not evaluated.",median,,2026-08-06T14:42:36
9ef8dcc4-03ec-4ce8-82ed-9048516978d0,VIST-26-04-00062,,,,Electrical Issues,2026-04-29 12:31:54.005,25.33,Unmapped,Normal,,,,,0,,0,,"No manager-verified repair history for this asset, asset type, or issue type yet; no verified baseline available, so this ticket is not evaluated.",median,,2026-08-06T14:42:36
38e5fe3c-4ec9-4649-bf1a-efd37e8651e2,VIST-26-04-00063,,,,Furniture,2026-04-29 12:34:16.248,25.35,Unmapped,Normal,,,,,0,,0,,"No manager-verified repair history for this asset, asset type, or issue type yet; no verified baseline available, so this ticket is not evaluated.",median,,2026-08-06T14:42:36
b2e5ca4c-34ae-4c4d-a445-bc5428ec5062,VISH-2026-1099,c44baed9-eb09-45bc-ab4d-eaba9a19d7ff,direct,VH-RO-B43-0001,RO Water Issues,2026-04-11 10:58:51.579,28.08,Verified,Normal,,,,,0,,0,,"No manager-verified repair history for this asset, asset type, or issue type yet; no verified baseline available, so this ticket is not evaluated.",median,,2026-08-06T14:42:36
32eeede6-e4e3-40c2-9aab-c6ec2fe74563,VIST-26-05-00119,,,,Internet Issues,2026-05-26 08:36:56.828,43.93,Low,Normal,,,,,0,,0,,"No manager-verified repair history for this asset, asset type, or issue type yet; no verified baseline available, so this ticket is not evaluated.",median,,2026-08-06T14:42:36
c43a9fe1-1d1f-415d-8c50-c5fb4f30df08,VISH-2026-0005,bb3a7a45-bed6-408d-a8f5-6bd712253fb4,direct,VH-MA-B31-0004,Furniture,2026-04-03 07:00:42.950,1.98,Verified,Normal,,,,,0,,0,,"No manager-verified repair history for this asset, asset type, or issue type yet; no verified baseline available, so this ticket is not evaluated.",median,,2026-08-06T14:42:36
0c36c099-242f-4649-b3a0-3a16774d674f,VIST-26-04-00046,,,,Kitchen Equipment,2026-05-07 07:14:59.192,244.6,Low,Normal,,,,,0,,0,,"No manager-verified repair history for this asset, asset type, or issue type yet; no verified baseline available, so this ticket is not evaluated.",median,,2026-08-06T14:42:36
34bf23b2-e00f-44e4-892d-93409d666322,VIST-26-04-00074,,,,AC Issues,2026-05-01 06:33:53.436,36.84,Low,Normal,,,,,0,,0,,"No manager-verified repair history for this asset, asset type, or issue type yet; no verified baseline available, so this ticket is not evaluated.",median,,2026-08-06T14:42:36
79834947-5612-4e83-9890-f9f95e4e0c0a,VIST-26-05-00028,ab789334-fbcd-43c7-bee0-ff6a046cfaab,mapped,VH-FN-C12-0003,Electrical Issues,2026-05-06 07:09:47.835,39.65,High,Normal,,,,,0,,0,,"No manager-verified repair history for this asset, asset type, or issue type yet; no verified baseline available, so this ticket is not evaluated.",median,,2026-08-06T14:42:36
17a66482-faa4-4cad-a904-e869812f2950,VIST-26-05-00013,,,,Electrical Issues,2026-05-02 11:35:21.244,0.13,Medium,Normal,,,,,0,,0,,"No manager-verified repair history for this asset, asset type, or issue type yet; no verified baseline available, so this ticket is not evaluated.",median,,2026-08-06T14:42:36
337de57d-034a-4531-990b-0af07c34522a,VISH-2026-0026,7cb3ace3-4480-4aa0-9efe-c9b0134c8624,direct,VH-CB-D12-0003,Other,2026-04-08 10:13:52.137,16.92,Verified,Normal,,,,,0,,0,,"No manager-verified repair history for this asset, asset type, or issue type yet; no verified baseline available, so this ticket is not evaluated.",median,,2026-08-06T14:42:36
54316a65-9440-462b-b7db-271a2192364b,VIST-26-06-00008,a231cb7f-1f73-4c71-b744-141ab46351ac,direct,VH-BS-A23-0001,Furniture,2026-06-06 04:19:46.314,69.53,Verified,Normal,,,,,0,,0,,"No manager-verified repair history for this asset, asset type, or issue type yet; no verified baseline available, so this ticket is not evaluated.",median,,2026-08-06T14:42:36
107a789d-01e3-48fc-a5fa-f82cba3dfbf8,VIST-26-05-00036,,,,Cleaning Issues,2026-05-11 05:04:23.932,92.05,Low,Normal,,,,,0,,0,,"No manager-verified repair history for this asset, asset type, or issue type yet; no verified baseline available, so this ticket is not evaluated.",median,,2026-08-06T14:42:36
11cae148-c552-4a96-98ac-1230d988e8cf,VIST-26-07-00032,,,,Other,2026-07-16 12:21:30.259,88.21,Low,Normal,,,,,0,,0,,"No manager-verified repair history for this asset, asset type, or issue type yet; no verified baseline available, so this ticket is not evaluated.",median,,2026-08-06T14:42:36
fb3b774d-c4e5-489d-8094-e94fab7628a7,VIST-26-05-00029,,,,AC Issues,2026-05-08 04:56:47.621,76.02,Low,Normal,,,,,0,,0,,"No manager-verified repair history for this asset, asset type, or issue type yet; no verified baseline available, so this ticket is not evaluated.",median,,2026-08-06T14:42:36
5eb5b237-34c0-4960-904f-f1aa99aa5a5c,VIST-26-05-00046,,,,Cleaning Issues,2026-05-12 04:38:44.619,71.36,Low,Normal,,,,,0,,0,,"No manager-verified repair history for this asset, asset type, or issue type yet; no verified baseline available, so this ticket is not evaluated.",median,,2026-08-06T14:42:36
696afd2a-6b96-4a16-91bd-92de7377802a,VIST-26-05-00091,d6b0afc8-bfb7-42fb-8a6f-f026ee1a26e1,direct,VH-AC-B42-0002,AC Issues,2026-05-19 07:05:36.759,24.72,Verified,Normal,,,,,0,,0,,"No manager-verified repair history for this asset, asset type, or issue type yet; no verified baseline available, so this ticket is not evaluated.",median,,2026-08-06T14:42:36
f7a042a6-0da1-4ed0-8ec9-1df4485f0395,VIST-26-05-00021,,,,Cleaning Issues,2026-05-07 07:13:11.461,90.84,Low,Normal,,,,,0,,0,,"No manager-verified repair history for this asset, asset type, or issue type yet; no verified baseline available, so this ticket is not evaluated.",median,,2026-08-06T14:42:36
84c4cb57-827f-49b5-a473-4bb6df134de6,VIST-26-06-00096,42a93c58-fb3e-4aaf-a63d-91102387a922,direct,VH-WH-C31-0003,Toilet Issues,2026-06-27 07:32:44.453,7.49,Verified,Normal,,,,,0,,0,,"No manager-verified repair history for this asset, asset type, or issue type yet; no verified baseline available, so this ticket is not evaluated.",median,,2026-08-06T14:42:36
e0606954-e645-47ed-8008-f5ace1c87acc,VIST-26-07-00068,77767257-fb83-446b-a520-e59bef8e1d49,direct,VH-AC-B13-0002,AC Issues,2026-07-28 09:31:17.410,146.11,Verified,Normal,,,,,0,,0,,"No manager-verified repair history for this asset, asset type, or issue type yet; no verified baseline available, so this ticket is not evaluated.",median,,2026-08-06T14:42:36
e94fedc0-9209-4678-8a9d-4b3a6cd644f6,VIST-26-05-00057,,,,Electrical Issues,2026-05-12 04:44:56.847,42.77,Medium,Normal,,,,,0,,0,,"No manager-verified repair history for this asset, asset type, or issue type yet; no verified baseline available, so this ticket is not evaluated.",median,,2026-08-06T14:42:36
32c3b5d6-227c-4abf-a0dd-463cbafae316,VIST-26-07-00004,,,,Cleaning Issues,2026-07-02 07:18:45.826,20.13,Low,Normal,,,,,0,,0,,"No manager-verified repair history for this asset, asset type, or issue type yet; no verified baseline available, so this ticket is not evaluated.",median,,2026-08-06T14:42:36
b6942741-3835-40eb-9c00-66dd29bc7170,VIST-26-05-00055,,,,Electrical Issues,2026-05-12 04:43:37.540,46.12,Low,Normal,,,,,0,,0,,"No manager-verified repair history for this asset, asset type, or issue type yet; no verified baseline available, so this ticket is not evaluated.",median,,2026-08-06T14:42:36
a20d3286-8cc7-4f31-84b3-1cb544e2756a,VIST-26-05-00054,b9946d2d-f501-45d7-a5ac-b01a089c7f80,mapped,VH-FN-B44-0002,Electrical Issues,2026-05-12 04:41:55.232,61.24,High,Normal,,,,,0,,1,13.0,"No manager-verified repair history for this asset, asset type, or issue type yet; no verified baseline available, so this ticket is not evaluated.",median,,2026-08-06T14:42:36
2403da27-4924-4f3d-8754-1a476c834283,VIST-26-05-00089,,,,Cleaning Issues,2026-05-19 07:07:48.578,25.81,Low,Normal,,,,,0,,0,,"No manager-verified repair history for this asset, asset type, or issue type yet; no verified baseline available, so this ticket is not evaluated.",median,,2026-08-06T14:42:36
6bc1941f-b4b3-4f5e-8b26-8d0ed2d7ac25,VIST-26-04-00040,9c517620-7cbf-45ba-b969-fa3728bf2957,direct,VH-RO-B13-0001,RO Water Issues,2026-06-06 09:15:39.762,1007.72,Verified,Normal,,,,,0,,0,,"No manager-verified repair history for this asset, asset type, or issue type yet; no verified baseline available, so this ticket is not evaluated.",median,,2026-08-06T14:42:36
d1a9b329-dee6-4993-be04-11fe8c8aca0f,VIST-26-05-00035,,,,Cleaning Issues,2026-05-11 05:05:53.771,92.13,Low,Normal,,,,,0,,0,,"No manager-verified repair history for this asset, asset type, or issue type yet; no verified baseline available, so this ticket is not evaluated.",median,,2026-08-06T14:42:36
b518acf6-04cd-4e30-90bb-ae78d57b50a0,VIST-26-05-00062,,,,Electrical Issues,2026-05-12 04:51:10.235,25.58,Unmapped,Normal,,,,,0,,0,,"No manager-verified repair history for this asset, asset type, or issue type yet; no verified baseline available, so this ticket is not evaluated.",median,,2026-08-06T14:42:36
ae92473e-7b54-4b9d-9518-1a34e5d7f714,VIST-26-06-00121,13d9d678-a406-41b2-853d-8628a9ce5b31,direct,VH-AC-C44-0002,AC Issues,2026-07-16 12:23:57.855,382.04,Verified,Normal,,,,,0,,1,13.3,"No manager-verified repair history for this asset, asset type, or issue type yet; no verified baseline available, so this ticket is not evaluated.",median,,2026-08-06T14:42:36
a9ad55bd-fdac-45ed-a18c-868bf93c9793,VIST-26-05-00043,bb236be0-2a55-43fa-b798-b41eb5132d2d,mapped,VH-AC-B43-0003,AC Issues,2026-05-09 04:48:08.498,36.79,High,Normal,,,,,0,,0,,"No manager-verified repair history for this asset, asset type, or issue type yet; no verified baseline available, so this ticket is not evaluated.",median,,2026-08-06T14:42:36
43e6cbf0-e2d4-40ae-bf20-4df7b23cf915,VIST-26-06-00069,5113f32c-70bb-4e71-9b7f-f7160c4ecb3e,direct,VH-AC-D41-0004,AC Issues,2026-06-22 06:27:52.318,108.58,Verified,Normal,,,,,0,,1,4.0,"No manager-verified repair history for this asset, asset type, or issue type yet; no verified baseline available, so this ticket is not evaluated.",median,,2026-08-06T14:42:36
3280b720-3e0c-4df3-a962-35fe76a4a434,VIST-26-06-00116,cf86ad66-889c-4dd5-af13-8a73a2485327,direct,VH-IS-A12-0001,Kitchen Equipment,,,Verified,Normal,,,,,0,,0,,No recorded resolution time; ticket not evaluated.,median,,2026-08-06T14:42:36
3714a311-a5b5-46ed-9868-1b383c55906d,VISH-2026-0025,e5a1f770-e368-43c8-a5f8-ea8b0a342ded,direct,VH-RO-C11-0001,RO Water Issues,2026-04-10 04:22:56.140,62.28,Verified,Normal,,,,,0,,0,,"No manager-verified repair history for this asset, asset type, or issue type yet; no verified baseline available, so this ticket is not evaluated.",median,,2026-08-06T14:42:36
52ec5ab0-c642-4dbb-af9f-e9065cf605f6,VIST-26-07-00029,ea9ed2e7-fd3d-460a-8927-dc4f167fa2c7,direct,VH-WM-A24-0001,Washing machine Issue,2026-07-13 11:42:27.492,18.25,Verified,Normal,,,,,0,,0,,"No manager-verified repair history for this asset, asset type, or issue type yet; no verified baseline available, so this ticket is not evaluated.",median,,2026-08-06T14:42:36
1c260e7d-b201-4d78-84c7-5f7d98da6011,VIST-26-07-00016,,,,Other,2026-07-11 07:10:56.203,92.34,Low,Normal,,,,,0,,0,,"No manager-verified repair history for this asset, asset type, or issue type yet; no verified baseline available, so this ticket is not evaluated.",median,,2026-08-06T14:42:36
fc9e112d-5e63-4203-8b16-d7f1d68e10da,VIST-26-05-00067,ab789334-fbcd-43c7-bee0-ff6a046cfaab,mapped,VH-FN-C12-0003,Electrical Issues,2026-05-12 04:59:46.837,17.43,High,Normal,,,,,0,,1,5.9,"No manager-verified repair history for this asset, asset type, or issue type yet; no verified baseline available, so this ticket is not evaluated.",median,,2026-08-06T14:42:36
33131087-1090-40d4-9806-6c96010d12a8,VIST-26-05-00060,,,,Furniture,2026-05-12 04:49:04.897,37.24,Low,Normal,,,,,0,,0,,"No manager-verified repair history for this asset, asset type, or issue type yet; no verified baseline available, so this ticket is not evaluated.",median,,2026-08-06T14:42:36
17fe2cf1-0e71-401f-984f-ad4d7ad1e0c0,VIST-26-07-00093,f22d37ca-e9d3-456f-8aa3-70b7ab94fc0c,direct,VH-AC-A24-0003,AC Issues,,,Verified,Normal,,,,,0,,0,,No recorded resolution time; ticket not evaluated.,median,,2026-08-06T14:42:36
094ec329-57a6-4e2d-8f07-52e271c7ba66,VIST-26-07-00097,,,,Internet Issues,,,Low,Normal,,,,,0,,0,,No recorded resolution time; ticket not evaluated.,median,,2026-08-06T14:42:36
15917ad7-bf88-4861-8777-e736a43024ee,VIST-26-07-00013,196155a4-0a58-41ee-a6d9-d66ad917c414,direct,VH-WH-C12-0004,Toilet Issues,2026-07-11 07:15:10.532,139.39,Verified,Normal,,,,,0,,0,,"No manager-verified repair history for this asset, asset type, or issue type yet; no verified baseline available, so this ticket is not evaluated.",median,,2026-08-06T14:42:36
b04c6dc7-ef50-48b8-937b-f6b9039c131a,VIST-26-06-00066,,,,Other,2026-06-18 07:35:10.515,16.79,Low,Normal,,,,,0,,0,,"No manager-verified repair history for this asset, asset type, or issue type yet; no verified baseline available, so this ticket is not evaluated.",median,,2026-08-06T14:42:36
4dc1661f-4f6f-480f-914b-c4c531a02740,VIST-26-05-00095,75d01f7c-1d6c-4526-89a9-cd60de1a0a72,direct,VH-FN-C31-0003,Electrical Issues,2026-05-19 08:18:00.480,15.29,Verified,Normal,,,,,0,,0,,"No manager-verified repair history for this asset, asset type, or issue type yet; no verified baseline available, so this ticket is not evaluated.",median,,2026-08-06T14:42:36
dda32688-cb21-4683-b49b-1b75f6b72771,VIST-26-05-00063,,,,Electrical Issues,2026-05-11 06:30:23.086,0.15,Medium,Normal,,,,,0,,0,,"No manager-verified repair history for this asset, asset type, or issue type yet; no verified baseline available, so this ticket is not evaluated.",median,,2026-08-06T14:42:36
5a4b0eb5-ffd2-4be2-aeea-8d02f0ac9d36,VIST-26-05-00069,,,,Toilet Issues,2026-05-12 07:09:42.912,15.05,Low,Normal,,,,,0,,0,,"No manager-verified repair history for this asset, asset type, or issue type yet; no verified baseline available, so this ticket is not evaluated.",median,,2026-08-06T14:42:36
da7414fa-6c44-4570-ab9e-7a4d39ccda5d,VIST-26-05-00059,,,,RO Water Issues,2026-05-12 04:47:13.224,41.65,Low,Normal,,,,,0,,0,,"No manager-verified repair history for this asset, asset type, or issue type yet; no verified baseline available, so this ticket is not evaluated.",median,,2026-08-06T14:42:36
eed88ead-3973-4643-8814-412fdd2ad9be,VIST-26-05-00096,561ea125-de43-46ef-b0b5-c9748b1e06ad,direct,VH-AC-D21-0004,AC Issues,2026-05-19 12:20:44.265,12.62,Verified,Normal,,,,,0,,0,,"No manager-verified repair history for this asset, asset type, or issue type yet; no verified baseline available, so this ticket is not evaluated.",median,,2026-08-06T14:42:36
72214ccd-713f-4085-b036-812383c1c771,VISH-2026-0016,99d778f7-c033-4e7f-b205-35213a9877d6,direct,VH-AC-B44-0003,AC Issues,,,Verified,Normal,,,,,0,,0,,No recorded resolution time; ticket not evaluated.,median,,2026-08-06T14:42:36
013fcae1-a397-4cf1-821c-16365a1cf07d,VIST-26-07-00018,,,,AC Issues,2026-07-11 06:52:49.039,60.88,Low,Normal,,,,,0,,0,,"No manager-verified repair history for this asset, asset type, or issue type yet; no verified baseline available, so this ticket is not evaluated.",median,,2026-08-06T14:42:36
819bbb55-e646-56c4-22d2-56e997491ca3,VISH-26-02-0078,df1d62da-3735-4274-b898-260ef96db619,direct,VH-FN-A24-0003,Electrical Issues,2026-02-17 18:16:00.000,,Verified,Normal,,,,,0,,0,,No recorded resolution time; ticket not evaluated.,median,,2026-08-06T14:42:36
c1a019ae-9535-418f-a544-5a76ab8b9f50,VIST-26-06-00017,,,,Billing Issues,2026-06-15 10:11:30.072,255.64,Low,Normal,,,,,0,,0,,"No manager-verified repair history for this asset, asset type, or issue type yet; no verified baseline available, so this ticket is not evaluated.",median,,2026-08-06T14:42:36
72f49c21-8aa8-45bb-a4c7-4954fcb84481,VIST-26-06-00037,,,,Internet Issues,2026-06-13 12:19:41.649,52.17,Low,Normal,,,,,0,,0,,"No manager-verified repair history for this asset, asset type, or issue type yet; no verified baseline available, so this ticket is not evaluated.",median,,2026-08-06T14:42:36
3cb45ade-a1b3-4a3e-a5ad-afb563541fbe,VIST-26-07-00095,fff00394-bda1-4ac1-b428-6227e3920406,direct,VH-FN-D41-0002,Electrical Issues,,,Verified,Normal,,,,,0,,0,,No recorded resolution time; ticket not evaluated.,median,,2026-08-06T14:42:36
3617c754-2014-417f-89e9-872fdc322560,VIST-26-05-00086,4a3f3e80-1c5b-469a-ae3c-e467b3f2bc85,direct,VH-WM-C24-0001,Washing machine Issue,2026-05-19 12:23:31.382,34.55,Verified,Normal,,,,,0,,0,,"No manager-verified repair history for this asset, asset type, or issue type yet; no verified baseline available, so this ticket is not evaluated.",median,,2026-08-06T14:42:36
35dd8f94-4c35-4169-a395-42d399fd0956,VIST-26-05-00135,317172ac-c2bb-40a2-bf74-b4770912b83a,direct,VH-CB-B12-0007,Toilet Issues,2026-06-03 04:22:24.926,141.44,Verified,Normal,,,,,0,,0,,"No manager-verified repair history for this asset, asset type, or issue type yet; no verified baseline available, so this ticket is not evaluated.",median,,2026-08-06T14:42:36
3938fc58-441d-46d3-b350-690023ef2634,VIST-26-05-00053,d3259d57-da07-4fdb-b45f-18a033ec34ca,direct,VH-IS-B44-0001,Kitchen Equipment,2026-06-02 10:39:21.448,571.2,Verified,Normal,,,,,0,,0,,"No manager-verified repair history for this asset, asset type, or issue type yet; no verified baseline available, so this ticket is not evaluated.",median,,2026-08-06T14:42:36
fd2babd5-9005-450a-ae03-3489776a5eae,VIST-26-05-00056,3a808621-2515-4b75-9e29-7b16e340da4f,direct,VH-RF-D11-0001,Fridge Issues,2026-05-25 05:01:56.982,355.07,Verified,Normal,,,,,0,,0,,"No manager-verified repair history for this asset, asset type, or issue type yet; no verified baseline available, so this ticket is not evaluated.",median,,2026-08-06T14:42:36
6d5795dc-528f-4803-9e0f-be060bc4f7af,VIST-26-05-00005,16a9c5c4-e252-4489-9365-7260adc68a58,direct,VH-BS-C34-0003,Furniture,2026-05-26 08:52:27.141,582.17,Verified,Normal,,,,,0,,0,,"No manager-verified repair history for this asset, asset type, or issue type yet; no verified baseline available, so this ticket is not evaluated.",median,,2026-08-06T14:42:36
d92a4b99-dbe6-4eed-81d5-fa375a71c0f8,VIST-26-04-00007,1d636b41-0f27-48db-b70c-63414832c405,direct,VH-CB-A41-0004,Other,2026-04-20 12:11:20.245,7.2,Verified,Normal,,,,,0,,0,,"No manager-verified repair history for this asset, asset type, or issue type yet; no verified baseline available, so this ticket is not evaluated.",median,,2026-08-06T14:42:36
3be84f30-5349-486b-a4a2-d5e936abdba5,VIST-26-05-00061,,,,Furniture,2026-05-13 09:58:14.168,65.29,Low,Normal,,,,,0,,0,,"No manager-verified repair history for this asset, asset type, or issue type yet; no verified baseline available, so this ticket is not evaluated.",median,,2026-08-06T14:42:36
a038450b-915e-4336-ab94-04b54c883858,VIST-26-05-00087,,,,Electrical Issues,2026-05-20 12:02:50.711,55.63,Unmapped,Normal,,,,,0,,0,,"No manager-verified repair history for this asset, asset type, or issue type yet; no verified baseline available, so this ticket is not evaluated.",median,,2026-08-06T14:42:36
f066b048-d1c1-461f-9f98-1db50a26d591,VIST-26-06-00059,,,,Plumbing,2026-06-18 04:55:37.130,44.59,Low,Normal,,,,,0,,0,,"No manager-verified repair history for this asset, asset type, or issue type yet; no verified baseline available, so this ticket is not evaluated.",median,,2026-08-06T14:42:36
fecc3070-4c29-4249-ade0-1c9eae2687c2,VIST-26-04-00044,1f66dc02-27aa-4363-bd97-2df70371ebb0,direct,VH-AC-B24-0001,AC Issues,,,Verified,Normal,,,,,0,,0,,No recorded resolution time; ticket not evaluated.,median,,2026-08-06T14:42:36
a1c5eb64-147d-4345-bcf9-908919babb90,VIST-26-05-00076,b07c2e02-3a06-41d1-a98e-33d3bd2c2fb7,direct,VH-WM-B41-0001,Washing machine Issue,2026-05-13 07:06:52.945,17.8,Verified,Normal,,,,,0,,0,,"No manager-verified repair history for this asset, asset type, or issue type yet; no verified baseline available, so this ticket is not evaluated.",median,,2026-08-06T14:42:36
53040f7e-89a2-4c5c-9f73-71feae903e1a,VIST-26-06-00111,6d139e37-b2c9-41ce-ab61-761b58c50881,direct,VH-FN-B13-0003,Electrical Issues,2026-06-30 08:30:31.460,7.73,Verified,Normal,,,,,0,,0,,"No manager-verified repair history for this asset, asset type, or issue type yet; no verified baseline available, so this ticket is not evaluated.",median,,2026-08-06T14:42:36
9c3cf2fa-b5d4-46e0-b7a6-a3acfca2c674,VIST-26-05-00082,7f86b98d-2ca5-4a44-8c4b-bc89e75d7e89,direct,VH-WH-C42-0002,Other,2026-05-19 04:54:50.967,70.49,Verified,Normal,,,,,0,,0,,"No manager-verified repair history for this asset, asset type, or issue type yet; no verified baseline available, so this ticket is not evaluated.",median,,2026-08-06T14:42:36
7c159bf0-6ac6-4788-984f-258e0cd2aa6f,VIST-26-04-00061,,,,Other,2026-05-20 13:46:22.778,530.59,Unmapped,Normal,,,,,0,,0,,"No manager-verified repair history for this asset, asset type, or issue type yet; no verified baseline available, so this ticket is not evaluated.",median,,2026-08-06T14:42:36
9fd43c4c-a469-4f74-8c15-74a116f26187,VIST-26-07-00070,482ebc6b-9875-4f32-b96c-ea193c4fe7ad,direct,VH-CB-B33-0004,Furniture,2026-07-24 11:54:55.844,48.32,Verified,Normal,,,,,0,,0,,"No manager-verified repair history for this asset, asset type, or issue type yet; no verified baseline available, so this ticket is not evaluated.",median,,2026-08-06T14:42:36
11dcf269-8bc3-4127-94ad-49b9f248cbb2,VIST-26-05-00093,797e7972-72a1-4785-895a-38ea0e45a330,direct,VH-FN-B12-0001,Electrical Issues,2026-05-19 07:14:31.330,14.29,Verified,Normal,,,,,0,,0,,"No manager-verified repair history for this asset, asset type, or issue type yet; no verified baseline available, so this ticket is not evaluated.",median,,2026-08-06T14:42:36
2e126a23-8caf-4f95-8de0-b745519555c4,VIST-26-05-00090,3cd43d6f-933d-4917-9b7d-296ae90d9d4f,direct,VH-FN-C34-0002,Electrical Issues,2026-05-19 12:18:33.873,30.4,Verified,Normal,,,,,0,,0,,"No manager-verified repair history for this asset, asset type, or issue type yet; no verified baseline available, so this ticket is not evaluated.",median,,2026-08-06T14:42:36
c9127618-abb9-4756-bae1-5ac6e8ed51c6,VIST-26-05-00002,1ecc31a0-bd06-47cd-97d6-08a6fc66b684,direct,VH-AC-C21-0004,AC Issues,2026-05-20 13:50:30.240,462.28,Verified,Normal,,,,,0,,1,0.0,"No manager-verified repair history for this asset, asset type, or issue type yet; no verified baseline available, so this ticket is not evaluated.",median,,2026-08-06T14:42:36
2ccf9bff-aca4-4df0-9b53-338cff2175f1,VIST-26-05-00044,1f66dc02-27aa-4363-bd97-2df70371ebb0,direct,VH-AC-B24-0001,AC Issues,2026-05-23 05:55:42.780,362.56,Verified,Normal,,,,,0,,1,15.0,"No manager-verified repair history for this asset, asset type, or issue type yet; no verified baseline available, so this ticket is not evaluated.",median,,2026-08-06T14:42:36
9e794fe8-7c9d-4006-b59c-a654afcd2644,VIST-26-07-00038,98885f45-4010-403c-8884-8649d4cdd02a,direct,VH-RO-A23-0001,RO Water Issues,2026-07-20 09:33:54.691,132.52,Verified,Normal,,,,,0,,1,4.1,"No manager-verified repair history for this asset, asset type, or issue type yet; no verified baseline available, so this ticket is not evaluated.",median,,2026-08-06T14:42:36
1b950245-c697-47aa-a34d-c8c230097405,VIST-26-05-00001,1ecc31a0-bd06-47cd-97d6-08a6fc66b684,direct,VH-AC-C21-0004,AC Issues,2026-05-20 13:48:36.181,462.32,Verified,Normal,,,,,0,,0,,"No manager-verified repair history for this asset, asset type, or issue type yet; no verified baseline available, so this ticket is not evaluated.",median,,2026-08-06T14:42:36
68542466-9525-4a7a-bad1-384981867a1a,VIST-26-05-00031,,,,Cleaning Issues,2026-05-07 07:14:22.474,53.09,Low,Normal,,,,,0,,0,,"No manager-verified repair history for this asset, asset type, or issue type yet; no verified baseline available, so this ticket is not evaluated.",median,,2026-08-06T14:42:36
98d1b7f5-3d99-479d-85a5-0bed2c1b5252,VIST-26-05-00099,8ac38fac-21c5-437c-b041-d35aa66d955d,direct,VH-WM-B42-0001,Washing machine Issue,2026-05-19 12:44:52.226,4.27,Verified,Normal,,,,,0,,0,,"No manager-verified repair history for this asset, asset type, or issue type yet; no verified baseline available, so this ticket is not evaluated.",median,,2026-08-06T14:42:36
d0bf3299-2a22-4fa7-afd0-0b9ffc93ad76,VIST-26-05-00017,1f66dc02-27aa-4363-bd97-2df70371ebb0,mapped,VH-AC-B24-0001,AC Issues,2026-05-08 06:58:12.996,137.85,High,Normal,,,,,0,,0,,"No manager-verified repair history for this asset, asset type, or issue type yet; no verified baseline available, so this ticket is not evaluated.",median,,2026-08-06T14:42:36
83d03c23-f8b3-4f6c-8f52-e156f3fc8823,VIST-26-05-00136,,,,Other,2026-05-28 09:58:03.756,2.57,Low,Normal,,,,,0,,0,,"No manager-verified repair history for this asset, asset type, or issue type yet; no verified baseline available, so this ticket is not evaluated.",median,,2026-08-06T14:42:36
f113e226-b3c6-4360-9d6d-eaf9928fcd6c,VIST-26-05-00140,cd778700-b2bf-4051-b6b7-2278bcb1bae2,direct,VH-AC-C34-0001,Cleaning Issues,2026-06-04 10:35:25.497,114.88,Verified,Normal,,,,,0,,0,,"No manager-verified repair history for this asset, asset type, or issue type yet; no verified baseline available, so this ticket is not evaluated.",median,,2026-08-06T14:42:36
ddbe9afe-17ac-4cbf-aba7-3713ac3dcd53,VIST-26-06-00007,,,,Cleaning Issues,2026-06-06 04:12:06.497,69.87,Low,Normal,,,,,0,,0,,"No manager-verified repair history for this asset, asset type, or issue type yet; no verified baseline available, so this ticket is not evaluated.",median,,2026-08-06T14:42:36
b013dda1-2181-41f8-a9c3-db8acdeaca2d,VIST-26-05-00133,,,,Plumbing,2026-06-03 04:29:32.409,155.96,Low,Normal,,,,,0,,0,,"No manager-verified repair history for this asset, asset type, or issue type yet; no verified baseline available, so this ticket is not evaluated.",median,,2026-08-06T14:42:36
b53c8057-ceb7-453d-ba81-05a80347d635,VIST-26-05-00124,,,,Cleaning Issues,2026-05-26 07:29:57.703,19.02,Low,Normal,,,,,0,,0,,"No manager-verified repair history for this asset, asset type, or issue type yet; no verified baseline available, so this ticket is not evaluated.",median,,2026-08-06T14:42:36
3145b7a3-f9b8-4b69-be75-cf0d3ead40f9,VISH-2026-1109,f244be1f-e77c-424a-a9b4-f13e3b9c63a3,direct,VH-WM-D41-0001,Washing machine Issue,2026-04-18 12:30:06.000,20.83,Verified,Normal,,,,,0,,0,,"No manager-verified repair history for this asset, asset type, or issue type yet; no verified baseline available, so this ticket is not evaluated.",median,,2026-08-06T14:42:36
6178a47c-c209-4050-bbd3-46234b2010e5,VIST-26-05-00104,326a9803-4ecf-4a90-9ad6-dc039042ff6c,direct,VH-WH-B12-0002,Toilet Issues,2026-05-22 05:45:09.515,39.9,Verified,Normal,,,,,0,,0,,"No manager-verified repair history for this asset, asset type, or issue type yet; no verified baseline available, so this ticket is not evaluated.",median,,2026-08-06T14:42:36
00442f6b-bad8-4efc-9138-a7fe5a491665,VIST-26-06-00019,892dee30-f709-4a03-84bf-21b682baa295,direct,VH-CB-C12-0006,Other,2026-06-06 05:34:52.048,18.03,Verified,Normal,,,,,0,,1,42.7,"No manager-verified repair history for this asset, asset type, or issue type yet; no verified baseline available, so this ticket is not evaluated.",median,,2026-08-06T14:42:36
81a80b7e-da29-4044-be0e-fcccd3afe7fd,VIST-26-04-00064,,,,Furniture,2026-04-29 12:36:03.040,25.35,Unmapped,Normal,,,,,0,,0,,"No manager-verified repair history for this asset, asset type, or issue type yet; no verified baseline available, so this ticket is not evaluated.",median,,2026-08-06T14:42:36
01e761fc-cf80-46dc-99fc-90cec18565a9,VIST-26-05-00127,9c958763-2d9c-46a4-8f4e-44f491ee63ef,direct,VH-BS-B42-0002,Furniture,2026-05-26 08:45:31.031,3.2,Verified,Normal,,,,,0,,0,,"No manager-verified repair history for this asset, asset type, or issue type yet; no verified baseline available, so this ticket is not evaluated.",median,,2026-08-06T14:42:36
e0e94ac2-9af5-4194-ba97-3caff204496e,VIST-26-06-00108,4f48d094-6bbb-4944-a409-69e8d7e7fb23,direct,VH-CB-C34-0005,Other,2026-06-30 08:34:39.230,18.94,Verified,Normal,,,,,0,,0,,"No manager-verified repair history for this asset, asset type, or issue type yet; no verified baseline available, so this ticket is not evaluated.",median,,2026-08-06T14:42:36
ec7dd572-aa06-43eb-8cf4-469684996ac1,VIST-26-06-00016,9a617a18-45e3-4139-8e9b-4babbc1c20eb,direct,VH-AC-A23-0003,AC Issues,2026-06-09 06:04:48.155,107.55,Verified,Normal,,,,,0,,0,,"No manager-verified repair history for this asset, asset type, or issue type yet; no verified baseline available, so this ticket is not evaluated.",median,,2026-08-06T14:42:36
6655ddc8-ece3-485d-a194-14d08986ba03,VIST-26-05-00100,d04220d8-e0a3-4377-8096-ae6756f1bef7,direct,VH-WH-C42-0001,Toilet Issues,2026-06-03 04:37:10.855,338.86,Verified,Normal,,,,,0,,0,,"No manager-verified repair history for this asset, asset type, or issue type yet; no verified baseline available, so this ticket is not evaluated.",median,,2026-08-06T14:42:36
d01d2356-1785-4413-a34d-b32eec8aa9f6,VIST-26-06-00090,2135b780-5345-406d-ae31-fd3cd1c49650,direct,VH-RO-D41-0001,RO Water Issues,2026-07-03 05:27:04.524,178.69,Verified,Normal,,,,,0,,0,,"No manager-verified repair history for this asset, asset type, or issue type yet; no verified baseline available, so this ticket is not evaluated.",median,,2026-08-06T14:42:36
c357bd0c-ed09-4aed-9e47-2952abc4b848,VIST-26-05-00114,3babeb92-9e7c-4877-8eea-8b0a471e1e37,direct,VH-BS-C34-0002,Cleaning Issues,2026-06-03 04:31:55.475,260.73,Verified,Normal,,,,,0,,0,,"No manager-verified repair history for this asset, asset type, or issue type yet; no verified baseline available, so this ticket is not evaluated.",median,,2026-08-06T14:42:36
047c498a-6455-4af2-a829-3e20b6f96ed3,VIST-26-06-00011,69cb270b-e8f3-410e-9142-2752016b44f9,direct,VH-FN-A23-0001,Electrical Issues,2026-06-05 04:56:25.691,46.05,Verified,Normal,,,,,0,,0,,"No manager-verified repair history for this asset, asset type, or issue type yet; no verified baseline available, so this ticket is not evaluated.",median,,2026-08-06T14:42:36
4b313b65-29bc-4a38-9c5c-a7db2daa1745,VIST-26-06-00005,,,,Toilet Issues,2026-06-02 05:51:36.977,16.23,Low,Normal,,,,,0,,0,,"No manager-verified repair history for this asset, asset type, or issue type yet; no verified baseline available, so this ticket is not evaluated.",median,,2026-08-06T14:42:36
ba000612-08eb-466e-a200-9116b2f0ab0f,VIST-26-06-00057,30d9dbfc-a9d3-49fb-bc99-c78196773658,direct,VH-FN-C43-0002,Electrical Issues,2026-06-15 08:37:00.142,0.46,Verified,Normal,,,,,0,,0,,"No manager-verified repair history for this asset, asset type, or issue type yet; no verified baseline available, so this ticket is not evaluated.",median,,2026-08-06T14:42:36
8048197e-b83c-45a0-bf10-7a52115667e4,VIST-26-06-00051,c7f7b971-19fa-46c7-849d-4c5982a86ff7,direct,VH-FN-B24-0002,Cleaning Issues,2026-06-16 05:18:34.444,43.9,Verified,Normal,,,,,0,,0,,"No manager-verified repair history for this asset, asset type, or issue type yet; no verified baseline available, so this ticket is not evaluated.",median,,2026-08-06T14:42:36
67123f11-5721-4f52-950f-d91b623d5cc2,VISH-2026-000113,38024f17-c961-4963-a0ed-d681e192a3f6,direct,VH-AC-C42-0001,AC Issues,,,Verified,Normal,,,,,0,,0,,No recorded resolution time; ticket not evaluated.,median,,2026-08-06T14:42:36
298b0b9f-9d4c-4ef2-a37f-7d9e7d35910d,VIST-26-05-00098,ad75c377-9acf-491b-a138-6bf57009111c,direct,VH-AC-B42-0001,AC Issues,2026-06-03 04:39:10.498,356.19,Verified,Normal,,,,,0,,0,,"No manager-verified repair history for this asset, asset type, or issue type yet; no verified baseline available, so this ticket is not evaluated.",median,,2026-08-06T14:42:36
30f4d87a-751c-4266-ad46-975889178700,VIST-26-06-00010,dccbf35d-537d-48ac-92d9-d1d792755a15,direct,VH-WH-A23-0003,Cleaning Issues,2026-06-04 10:25:52.107,27.56,Verified,Normal,,,,,0,,1,0.0,"No manager-verified repair history for this asset, asset type, or issue type yet; no verified baseline available, so this ticket is not evaluated.",median,,2026-08-06T14:42:36
1c905e75-7535-416d-a137-8dc916747194,VIST-26-05-00112,,,,Internet Issues,2026-05-26 08:38:41.757,89.38,Low,Normal,,,,,0,,0,,"No manager-verified repair history for this asset, asset type, or issue type yet; no verified baseline available, so this ticket is not evaluated.",median,,2026-08-06T14:42:36
fee940e2-83d1-4749-ab17-a7df7d3e1905,VIST-26-05-00109,7f864296-4fea-4704-9363-c0bdd3dcfc31,direct,VH-FN-A41-0004,Electrical Issues,2026-05-22 10:22:59.473,15.02,Verified,Normal,,,,,0,,0,,"No manager-verified repair history for this asset, asset type, or issue type yet; no verified baseline available, so this ticket is not evaluated.",median,,2026-08-06T14:42:36
1253875a-f6c4-4ed0-92d1-c3e6e7a4dabb,VIST-26-05-00129,3efce5d2-b6c1-424a-9491-52000cca55c5,direct,VH-AC-C21-0003,AC Issues,2026-05-28 09:52:35.007,43.24,Verified,Normal,,,,,0,,1,2.6,"No manager-verified repair history for this asset, asset type, or issue type yet; no verified baseline available, so this ticket is not evaluated.",median,,2026-08-06T14:42:36
3d26fc71-98fb-4052-a26c-40e7b044d63b,VIST-26-07-00061,,,,Toilet Issues,2026-07-22 05:55:49.183,47.02,Low,Normal,,,,,0,,0,,"No manager-verified repair history for this asset, asset type, or issue type yet; no verified baseline available, so this ticket is not evaluated.",median,,2026-08-06T14:42:36
7c2663ac-612b-417d-9bf7-5e6ac8d3efe5,VIST-26-05-00108,4bca902d-8716-446e-b3b2-e01da0999fba,direct,VH-AC-A44-0004,AC Issues,2026-05-22 10:25:50.148,16.34,Verified,Normal,,,,,0,,0,,"No manager-verified repair history for this asset, asset type, or issue type yet; no verified baseline available, so this ticket is not evaluated.",median,,2026-08-06T14:42:36
4f8b2dee-434d-4bea-8392-a77c7e9c5362,VIST-26-06-00048,999d799d-ddf8-4e3e-9913-bf8a20411d21,direct,VH-AC-B33-0003,AC Issues,2026-06-16 05:22:22.220,47.53,Verified,Normal,,,,,0,,0,,"No manager-verified repair history for this asset, asset type, or issue type yet; no verified baseline available, so this ticket is not evaluated.",median,,2026-08-06T14:42:36
48a7025a-a65f-4b80-914c-984259833370,VIST-26-05-00141,a5b9df5f-a304-4e71-ae9a-3ffdf56c2ea3,direct,VH-WH-C21-0002,Plumbing,2026-06-02 04:22:15.114,45.48,Verified,Normal,,,,,0,,0,,"No manager-verified repair history for this asset, asset type, or issue type yet; no verified baseline available, so this ticket is not evaluated.",median,,2026-08-06T14:42:36
fbfcd225-fb5b-43dc-b136-702c313ae190,VIST-26-05-00101,,,,Electrical Issues,2026-05-23 05:52:08.832,70.08,Unmapped,Normal,,,,,0,,0,,"No manager-verified repair history for this asset, asset type, or issue type yet; no verified baseline available, so this ticket is not evaluated.",median,,2026-08-06T14:42:36
8ff9e815-22fc-4901-8096-cd2d0ae81176,VIST-26-06-00123,5113f32c-70bb-4e71-9b7f-f7160c4ecb3e,direct,VH-AC-D41-0004,AC Issues,,,Verified,Normal,,,,,0,,0,,No recorded resolution time; ticket not evaluated.,median,,2026-08-06T14:42:36
206f2473-1864-4ba9-ae6a-109ee0fa0150,VIST-26-05-00106,a01fdc02-1311-43b4-828c-ae25f1158139,direct,VH-AC-C11-0002,AC Issues,2026-05-22 10:31:17.936,19.31,Verified,Normal,,,,,0,,0,,"No manager-verified repair history for this asset, asset type, or issue type yet; no verified baseline available, so this ticket is not evaluated.",median,,2026-08-06T14:42:36
793f193e-cb76-43f3-991d-36b8179160da,VIST-26-05-00105,1ac33845-439e-4379-ba39-8f2c952e8873,direct,VH-AC-C44-0003,AC Issues,2026-05-22 10:34:30.398,19.4,Verified,Normal,,,,,0,,0,,"No manager-verified repair history for this asset, asset type, or issue type yet; no verified baseline available, so this ticket is not evaluated.",median,,2026-08-06T14:42:36
65de8cca-e13c-44ee-8b37-0a8f33e93223,VIST-26-05-00004,015a5afe-f096-4f3f-a41a-734a4743aa19,direct,VH-AC-B34-0002,AC Issues,2026-05-20 13:52:31.399,455.14,Verified,Normal,,,,,0,,0,,"No manager-verified repair history for this asset, asset type, or issue type yet; no verified baseline available, so this ticket is not evaluated.",median,,2026-08-06T14:42:36
73752713-dfcb-4eff-8ce4-b47bbb904804,VIST-26-06-00055,1fac099b-4e9f-4260-bfa2-9ecdd23b97fb,direct,VH-RO-D21-0001,RO Water Issues,2026-06-16 09:35:25.926,28.66,Verified,Normal,,,,,0,,0,,"No manager-verified repair history for this asset, asset type, or issue type yet; no verified baseline available, so this ticket is not evaluated.",median,,2026-08-06T14:42:36
f1c62a11-792d-4692-9de7-fc5834c32a22,VIST-26-07-00082,,,,Other,2026-07-24 11:04:32.955,4.3,Low,Normal,,,,,0,,0,,"No manager-verified repair history for this asset, asset type, or issue type yet; no verified baseline available, so this ticket is not evaluated.",median,,2026-08-06T14:42:36
b30178f4-4a1c-4469-9255-be9eed264561,VIST-26-05-00123,3efce5d2-b6c1-424a-9491-52000cca55c5,direct,VH-AC-C21-0003,AC Issues,2026-05-25 18:33:46.157,14.95,Verified,Normal,,,,,0,,0,,"No manager-verified repair history for this asset, asset type, or issue type yet; no verified baseline available, so this ticket is not evaluated.",median,,2026-08-06T14:42:36
a212351e-fd47-4d4f-b06f-cfd544db2630,VIST-26-04-00009,,,,Internet Issues,2026-05-26 07:46:16.159,864.58,Low,Normal,,,,,0,,0,,"No manager-verified repair history for this asset, asset type, or issue type yet; no verified baseline available, so this ticket is not evaluated.",median,,2026-08-06T14:42:36
3b217359-2d33-49eb-9efa-90da713930cb,VIST-26-05-00120,3466151e-b985-4928-a03b-037084dcf9ae,direct,VH-FN-D12-0002,Electrical Issues,2026-05-25 18:26:31.958,27.26,Verified,Normal,,,,,0,,1,47.3,"No manager-verified repair history for this asset, asset type, or issue type yet; no verified baseline available, so this ticket is not evaluated.",median,,2026-08-06T14:42:36
48862e77-53fa-42d1-a7e4-5082320b4b33,VIST-26-07-00066,24eb48f0-199e-4932-9b67-5ec3dd853112,direct,VH-MA-B14-0005,Furniture,2026-07-22 09:32:27.446,15.62,Verified,Normal,,,,,0,,0,,"No manager-verified repair history for this asset, asset type, or issue type yet; no verified baseline available, so this ticket is not evaluated.",median,,2026-08-06T14:42:36
313e7f25-536e-4c44-bcbc-aeeed7545253,VIST-26-06-00004,60e6badc-68a9-4456-b05b-c745c0e14502,direct,VH-AC-B41-0002,AC Issues,2026-06-06 04:18:49.397,111.07,Verified,Normal,,,,,0,,0,,"No manager-verified repair history for this asset, asset type, or issue type yet; no verified baseline available, so this ticket is not evaluated.",median,,2026-08-06T14:42:36
b09e510e-96ad-4622-8e2b-5fb39c8d213b,VIST-26-05-00115,d9a2ce08-6abd-43c3-bbf2-33b0c187a3b5,direct,VH-AC-C31-0003,AC Issues,2026-05-25 18:19:24.990,39.63,Verified,Normal,,,,,0,,1,21.3,"No manager-verified repair history for this asset, asset type, or issue type yet; no verified baseline available, so this ticket is not evaluated.",median,,2026-08-06T14:42:36
04617c6a-c9d0-4f9c-845e-a513b686709a,VIST-26-05-00122,797e7972-72a1-4785-895a-38ea0e45a330,direct,VH-FN-B12-0001,Electrical Issues,2026-05-25 18:30:42.722,16.37,Verified,Normal,,,,,0,,1,6.5,"No manager-verified repair history for this asset, asset type, or issue type yet; no verified baseline available, so this ticket is not evaluated.",median,,2026-08-06T14:42:36
fe68f9b2-11d4-4da9-8573-21a5fad9d663,VIST-26-04-00014,9d1e311a-cb0a-4ed0-a1a5-54bafa0ca837,mapped,VH-FN-A41-0003,Electrical Issues,2026-04-22 07:35:45.998,5.59,High,Normal,,,,,0,,1,1.8,"No manager-verified repair history for this asset, asset type, or issue type yet; no verified baseline available, so this ticket is not evaluated.",median,,2026-08-06T14:42:36
4d777e0e-07ea-4138-9065-e0405fe2debb,VIST-26-05-00111,aa6f4ce6-e2ac-44f0-917b-0f04f9a1896f,direct,VH-AC-C41-0002,AC Issues,2026-05-25 06:47:09.502,65.33,Verified,Normal,,,,,0,,0,,"No manager-verified repair history for this asset, asset type, or issue type yet; no verified baseline available, so this ticket is not evaluated.",median,,2026-08-06T14:42:36
3beee66c-b10d-4d92-ad2f-d084d2754066,VIST-26-05-00118,9ed56090-544a-4a8e-942c-109b962ba12b,direct,VH-FN-C42-0003,Electrical Issues,2026-05-25 18:24:19.692,29.72,Verified,Normal,,,,,0,,0,,"No manager-verified repair history for this asset, asset type, or issue type yet; no verified baseline available, so this ticket is not evaluated.",median,,2026-08-06T14:42:36
e9107c13-9b09-4dd1-817c-bf01b8d59ab9,VIST-26-05-00081,,,,Plumbing,2026-05-25 18:15:45.776,254.78,Low,Normal,,,,,0,,0,,"No manager-verified repair history for this asset, asset type, or issue type yet; no verified baseline available, so this ticket is not evaluated.",median,,2026-08-06T14:42:36
9c6f1860-b99a-4590-a537-7b0051409a06,VIST-26-05-00097,40273ebc-52da-4130-82f8-a28b466d4adc,direct,VH-AC-B11-0003,AC Issues,2026-05-19 07:10:28.111,3.99,Verified,Normal,,,,,0,,0,,"No manager-verified repair history for this asset, asset type, or issue type yet; no verified baseline available, so this ticket is not evaluated.",median,,2026-08-06T14:42:36
f9b32676-14df-4807-b389-ab327909f7ab,VIST-26-05-00117,c7d66935-49df-474a-af4e-5db892413e2e,direct,VH-FN-B33-0003,Electrical Issues,2026-05-25 18:22:35.795,36.92,Verified,Normal,,,,,0,,0,,"No manager-verified repair history for this asset, asset type, or issue type yet; no verified baseline available, so this ticket is not evaluated.",median,,2026-08-06T14:42:36
f90ebf64-ee75-41cd-8a53-e97d7aad40da,VIST-26-07-00051,,,,Other,2026-07-17 07:41:53.469,0.26,Low,Normal,,,,,0,,0,,"No manager-verified repair history for this asset, asset type, or issue type yet; no verified baseline available, so this ticket is not evaluated.",median,,2026-08-06T14:42:36
0235df0d-e86c-43df-8113-5df1701a4bd2,VIST-26-05-00134,,,,Other,2026-05-28 09:59:55.487,3.11,Low,Normal,,,,,0,,0,,"No manager-verified repair history for this asset, asset type, or issue type yet; no verified baseline available, so this ticket is not evaluated.",median,,2026-08-06T14:42:36
2a30d99f-9ee0-433b-83d4-e4038d28c669,VIST-26-05-00126,97ff054f-ebe0-4cfe-8f03-dba72342180a,direct,VH-WH-B11-0001,Other,2026-05-28 04:52:34.623,49.63,Verified,Normal,,,,,0,,0,,"No manager-verified repair history for this asset, asset type, or issue type yet; no verified baseline available, so this ticket is not evaluated.",median,,2026-08-06T14:42:36
0780c700-c404-4944-abab-6c90a1c92975,VIST-26-07-00092,8f5d7ba9-389f-4c66-9724-0e54abeb3076,direct,VH-AC-C31-0002,AC Issues,,,Verified,Normal,,,,,0,,0,,No recorded resolution time; ticket not evaluated.,median,,2026-08-06T14:42:36
457efb24-90c0-41ae-bb6b-5a047470eec7,VIST-26-07-00003,1f66dc02-27aa-4363-bd97-2df70371ebb0,direct,VH-AC-B24-0001,AC Issues,2026-07-02 08:23:49.327,23.68,Verified,Normal,,,,,0,,2,40.1,"No manager-verified repair history for this asset, asset type, or issue type yet; no verified baseline available, so this ticket is not evaluated.",median,,2026-08-06T14:42:36
8a21f623-e774-4f1e-ab8c-83fbcc18c810,VIST-26-05-00125,bb236be0-2a55-43fa-b798-b41eb5132d2d,direct,VH-AC-B43-0003,AC Issues,2026-05-26 07:28:33.882,15.37,Verified,Normal,,,,,0,,1,17.1,"No manager-verified repair history for this asset, asset type, or issue type yet; no verified baseline available, so this ticket is not evaluated.",median,,2026-08-06T14:42:36
91c3df30-8736-4363-afda-343891a9380a,VIST-26-06-00040,6d6df3d5-fc6b-417d-bdba-9b0ef9c1425c,direct,VH-RO-B12-0001,RO Water Issues,2026-06-12 06:02:47.355,13.45,Verified,Normal,,,,,0,,0,,"No manager-verified repair history for this asset, asset type, or issue type yet; no verified baseline available, so this ticket is not evaluated.",median,,2026-08-06T14:42:36
617dfc67-d0d6-429a-bfa5-06460a2c98da,VIST-26-06-00023,,,,Billing Issues,2026-06-08 06:41:31.941,26.27,Low,Normal,,,,,0,,0,,"No manager-verified repair history for this asset, asset type, or issue type yet; no verified baseline available, so this ticket is not evaluated.",median,,2026-08-06T14:42:36
5745ae7c-577e-45ee-8306-282882275a32,VIST-26-04-00004,2920e94a-8321-4019-8aac-1ead84f7559e,direct,VH-WH-C34-0002,Other,2026-05-26 07:42:39.472,881.28,Verified,Normal,,,,,0,,0,,"No manager-verified repair history for this asset, asset type, or issue type yet; no verified baseline available, so this ticket is not evaluated.",median,,2026-08-06T14:42:36
943908d6-ee9a-4bf4-aeab-eff7fb4ae697,VIST-26-06-00107,749517a3-bc94-4092-94b6-48c55df52b27,direct,VH-WM-C34-0001,Washing machine Issue,2026-06-30 08:38:05.885,19.03,Verified,Normal,,,,,0,,0,,"No manager-verified repair history for this asset, asset type, or issue type yet; no verified baseline available, so this ticket is not evaluated.",median,,2026-08-06T14:42:36
8227d1f8-5ed9-4eb2-b9fd-d6fc0c9423f4,VIST-26-05-00088,,,,Kitchen Equipment,,,Unmapped,Normal,,,,,0,,0,,No recorded resolution time; ticket not evaluated.,median,,2026-08-06T14:42:36
42068e51-cf17-44bb-9dd2-2b27cec6e39e,VIST-26-06-00056,,,,Internet Issues,2026-06-15 08:41:01.795,3.46,Low,Normal,,,,,0,,0,,"No manager-verified repair history for this asset, asset type, or issue type yet; no verified baseline available, so this ticket is not evaluated.",median,,2026-08-06T14:42:36
ff484b1a-5e85-4d57-8f3d-8e514b8f76ac,VIST-26-05-00042,,,,Cleaning Issues,2026-05-11 04:42:34.637,88.05,Low,Normal,,,,,0,,0,,"No manager-verified repair history for this asset, asset type, or issue type yet; no verified baseline available, so this ticket is not evaluated.",median,,2026-08-06T14:42:36
3452ec27-2423-4f26-b3e8-61abde88cb0d,VIST-26-05-00058,05a93b2d-a6c7-4640-93af-6fd19b12c0a2,direct,VH-IS-D11-0001,Kitchen Equipment,2026-05-26 08:01:00.245,382.03,Verified,Normal,,,,,0,,0,,"No manager-verified repair history for this asset, asset type, or issue type yet; no verified baseline available, so this ticket is not evaluated.",median,,2026-08-06T14:42:36
93da2cb6-2365-4ade-b0a3-bffbb5fc56fe,VIST-26-06-00043,,,,Cleaning Issues,2026-06-16 09:36:06.490,97.3,Low,Normal,,,,,0,,0,,"No manager-verified repair history for this asset, asset type, or issue type yet; no verified baseline available, so this ticket is not evaluated.",median,,2026-08-06T14:42:36
2d51794c-13c3-46fb-9138-15f4b9c36f32,VIST-26-05-00128,41b29390-ba7f-498b-accf-cf2f33a2d333,direct,VH-WH-B33-0002,Heater Issues,2026-05-28 04:43:02.136,39.05,Verified,Normal,,,,,0,,0,,"No manager-verified repair history for this asset, asset type, or issue type yet; no verified baseline available, so this ticket is not evaluated.",median,,2026-08-06T14:42:36
d6a91c4a-bcda-4f95-83d1-a34ed7cf8e65,VISH-2026-0019,555e98eb-4fe6-4459-8cc7-46924f281dfb,direct,VH-CO-C21-0001,Furniture,2026-04-09 12:17:55.049,59.98,Verified,Normal,,,,,0,,0,,"No manager-verified repair history for this asset, asset type, or issue type yet; no verified baseline available, so this ticket is not evaluated.",median,,2026-08-06T14:42:36
a3081c04-706b-45c9-9a10-6ee5edce0401,VIST-26-06-00049,b6584e89-b55e-4e4c-aa98-a34c72f15191,direct,VH-MW-B33-0001,Kitchen Equipment,,,Verified,Normal,,,,,0,,0,,No recorded resolution time; ticket not evaluated.,median,,2026-08-06T14:42:36
64ee36db-ed0b-4fe8-bbfe-d5aa6e77423f,VIST-26-06-00064,d4f2ff34-b56c-4fa6-bdb2-fabb4d39c447,direct,VH-AC-B13-0001,AC Issues,2026-06-18 08:31:19.566,24.2,Verified,Normal,,,,,0,,0,,"No manager-verified repair history for this asset, asset type, or issue type yet; no verified baseline available, so this ticket is not evaluated.",median,,2026-08-06T14:42:36
2f821a1a-cdee-4e0b-b688-83e9e30edf93,VIST-26-06-00002,544b7073-6afc-400a-bb6d-561234a7664d,direct,VH-CO-B33-0005,Furniture,2026-06-02 05:56:28.330,26.79,Verified,Normal,,,,,0,,0,,"No manager-verified repair history for this asset, asset type, or issue type yet; no verified baseline available, so this ticket is not evaluated.",median,,2026-08-06T14:42:36
79ca95c6-84d4-4fe7-b054-b7e9588ce30d,VIST-26-06-00038,,,,Internet Issues,2026-06-16 05:29:26.025,113.85,Low,Normal,,,,,0,,0,,"No manager-verified repair history for this asset, asset type, or issue type yet; no verified baseline available, so this ticket is not evaluated.",median,,2026-08-06T14:42:36
273cfd52-9861-4f44-9271-39952f4c6a35,VISH-2026-0030,,,,Cleaning Issues,2026-06-30 04:03:56.806,1988.38,Low,Normal,,,,,0,,0,,"No manager-verified repair history for this asset, asset type, or issue type yet; no verified baseline available, so this ticket is not evaluated.",median,,2026-08-06T14:42:36
61640151-5e67-4bdf-854e-05c78cf4a317,VIST-26-07-00042,e023aafd-324b-46e0-9d1c-4185c31eab44,direct,VH-RO-B14-0001,RO Water Issues,2026-07-16 07:58:40.117,16.17,Verified,Normal,,,,,0,,1,0.0,"No manager-verified repair history for this asset, asset type, or issue type yet; no verified baseline available, so this ticket is not evaluated.",median,,2026-08-06T14:42:36
53f77ddc-446d-4480-a617-de536961a1e0,VIST-26-06-00026,6cb27459-de3c-427e-911e-71b60fc9a10c,direct,VH-RO-C31-0001,RO Water Issues,2026-06-09 06:49:36.313,36.5,Verified,Normal,,,,,0,,0,,"No manager-verified repair history for this asset, asset type, or issue type yet; no verified baseline available, so this ticket is not evaluated.",median,,2026-08-06T14:42:36
fd2604e2-76a9-40ac-b9cb-34f60454de15,VIST-26-05-00116,b6584e89-b55e-4e4c-aa98-a34c72f15191,direct,VH-MW-B33-0001,Kitchen Equipment,2026-06-16 05:31:42.495,552.09,Verified,Normal,,,,,0,,0,,"No manager-verified repair history for this asset, asset type, or issue type yet; no verified baseline available, so this ticket is not evaluated.",median,,2026-08-06T14:42:36
25627ef2-0336-47f6-8a33-cf89a60ab7c7,VIST-26-06-00072,1fac099b-4e9f-4260-bfa2-9ecdd23b97fb,direct,VH-RO-D21-0001,RO Water Issues,2026-06-18 07:29:25.842,0.9,Verified,Normal,,,,,0,,1,1.9,"No manager-verified repair history for this asset, asset type, or issue type yet; no verified baseline available, so this ticket is not evaluated.",median,,2026-08-06T14:42:36
469fe91b-3816-4adf-b5c6-7ba012838bc2,VIST-26-05-00033,,,,AC Issues,2026-05-08 07:00:09.737,62.29,Low,Normal,,,,,0,,0,,"No manager-verified repair history for this asset, asset type, or issue type yet; no verified baseline available, so this ticket is not evaluated.",median,,2026-08-06T14:42:36
c94b4387-b104-49de-a22d-136c17203559,VIST-26-06-00074,6b3439e1-ce82-479e-9781-e9a2b893b664,direct,VH-WH-B13-0001,Toilet Issues,2026-06-19 10:23:09.898,12.58,Verified,Normal,,,,,0,,1,1.1,"No manager-verified repair history for this asset, asset type, or issue type yet; no verified baseline available, so this ticket is not evaluated.",median,,2026-08-06T14:42:36
925b5fb4-9735-4f08-b8bb-e93d33cc14e1,VIST-26-07-00035,ad75c377-9acf-491b-a138-6bf57009111c,direct,VH-AC-B42-0001,AC Issues,2026-07-22 11:20:18.148,210.03,Verified,Normal,,,,,0,,1,49.3,"No manager-verified repair history for this asset, asset type, or issue type yet; no verified baseline available, so this ticket is not evaluated.",median,,2026-08-06T14:42:36
1b24e22a-8d8f-4237-80aa-4709478acf52,VIST-26-06-00113,bb16fb18-3977-45db-9072-c93a4fbb46c5,direct,VH-AC-B14-0002,AC Issues,2026-07-02 08:48:42.261,54.2,Verified,Normal,,,,,0,,1,50.1,"No manager-verified repair history for this asset, asset type, or issue type yet; no verified baseline available, so this ticket is not evaluated.",median,,2026-08-06T14:42:36
51d838ab-d34d-458d-8ba4-a58d1c010c5f,VIST-26-06-00071,1fac099b-4e9f-4260-bfa2-9ecdd23b97fb,direct,VH-RO-D21-0001,RO Water Issues,2026-06-18 07:31:17.930,3.57,Verified,Normal,,,,,0,,2,0.0,"No manager-verified repair history for this asset, asset type, or issue type yet; no verified baseline available, so this ticket is not evaluated.",median,,2026-08-06T14:42:36
697a386b-0c0f-44c4-8653-96a72084bcec,VIST-26-06-00063,6b3439e1-ce82-479e-9781-e9a2b893b664,direct,VH-WH-B13-0001,Toilet Issues,2026-06-18 08:29:42.525,24.78,Verified,Normal,,,,,0,,0,,"No manager-verified repair history for this asset, asset type, or issue type yet; no verified baseline available, so this ticket is not evaluated.",median,,2026-08-06T14:42:36
86745b91-6f81-4ee1-b55f-e981c6de7b5c,VIST-26-06-00087,,,,Cleaning Issues,2026-06-30 04:14:35.273,139.82,Low,Normal,,,,,0,,0,,"No manager-verified repair history for this asset, asset type, or issue type yet; no verified baseline available, so this ticket is not evaluated.",median,,2026-08-06T14:42:36
a63e7669-3fd6-4fdc-a961-ad40190c10fa,VIST-26-06-00029,,,,Cleaning Issues,2026-06-09 07:44:14.366,16.33,Low,Normal,,,,,0,,0,,"No manager-verified repair history for this asset, asset type, or issue type yet; no verified baseline available, so this ticket is not evaluated.",median,,2026-08-06T14:42:36
63d1eaff-e400-4032-a823-9494310f2bba,VIST-26-06-00117,a53f936a-4736-41c6-9315-d946a3c071d0,direct,VH-FN-B24-0001,Electrical Issues,2026-06-30 08:13:41.315,4.25,Verified,Normal,,,,,0,,0,,"No manager-verified repair history for this asset, asset type, or issue type yet; no verified baseline available, so this ticket is not evaluated.",median,,2026-08-06T14:42:36
84606359-3085-4e82-8854-11ac5b5045e7,VIST-26-06-00045,45cf3ce8-48d0-4b37-b975-1b26af059c69,direct,VH-FN-A23-0002,Electrical Issues,2026-06-13 12:08:33.349,18.58,Verified,Normal,,,,,0,,1,9.1,"No manager-verified repair history for this asset, asset type, or issue type yet; no verified baseline available, so this ticket is not evaluated.",median,,2026-08-06T14:42:36
9351a6f4-4c82-419b-a851-61ee8fd6b403,VIST-26-05-00107,99d778f7-c033-4e7f-b205-35213a9877d6,direct,VH-AC-B44-0003,AC Issues,2026-05-22 10:29:08.816,18.88,Verified,Normal,,,,,0,,0,,"No manager-verified repair history for this asset, asset type, or issue type yet; no verified baseline available, so this ticket is not evaluated.",median,,2026-08-06T14:42:36
ecfd4173-3aef-4da2-8aa5-f03fe01f639e,VIST-26-06-00014,b23f3ed6-3bba-4a28-85bc-ebea924f5eb6,direct,VH-CO-B33-0004,Furniture,2026-06-09 05:58:38.955,121.8,Verified,Normal,,,,,0,,0,,"No manager-verified repair history for this asset, asset type, or issue type yet; no verified baseline available, so this ticket is not evaluated.",median,,2026-08-06T14:42:36
f0affaee-a05c-4cd9-97b6-f6b895f55ad6,VIST-26-06-00030,5afb5cb0-85ac-4667-a503-73f76261a726,direct,VH-FN-D21-0001,Electrical Issues,2026-06-09 10:37:43.603,3.92,Verified,Normal,,,,,0,,0,,"No manager-verified repair history for this asset, asset type, or issue type yet; no verified baseline available, so this ticket is not evaluated.",median,,2026-08-06T14:42:36
72f721e8-8e16-444d-b150-09b3385ae141,VIST-26-07-00085,cd86c5f0-efa9-4bfc-9ecb-7c3230173dcd,direct,VH-AC-C24-0001,Other,2026-07-28 09:20:28.749,66.97,Verified,Normal,,,,,0,,0,,"No manager-verified repair history for this asset, asset type, or issue type yet; no verified baseline available, so this ticket is not evaluated.",median,,2026-08-06T14:42:36
4505aa76-6647-4ef0-b86d-d332e066828a,VIST-26-06-00032,ce9964be-389f-4a84-b81c-ea22ddc62eb4,direct,VH-AC-B24-0002,AC Issues,2026-06-13 12:13:14.740,67.33,Verified,Normal,,,,,0,,0,,"No manager-verified repair history for this asset, asset type, or issue type yet; no verified baseline available, so this ticket is not evaluated.",median,,2026-08-06T14:42:36
edd4ab1d-1d4d-4acd-9e82-f4fcc0e3288a,VIST-26-05-00103,2b2f6325-f71e-4739-ae56-b3f912714978,direct,VH-WH-B24-0001,Toilet Issues,2026-05-22 05:47:33.494,41.91,Verified,Normal,,,,,0,,0,,"No manager-verified repair history for this asset, asset type, or issue type yet; no verified baseline available, so this ticket is not evaluated.",median,,2026-08-06T14:42:36
ef1e06ce-5ac7-4ad8-a668-f0ebffab0a86,VISH-2026-0036,,,,Toilet Issues,2026-05-13 07:11:04.025,816.81,Low,Normal,,,,,0,,0,,"No manager-verified repair history for this asset, asset type, or issue type yet; no verified baseline available, so this ticket is not evaluated.",median,,2026-08-06T14:42:36
3c0f2d94-6e2b-4bdb-9426-6c887f11be91,VIST-26-05-00077,bb16fb18-3977-45db-9072-c93a4fbb46c5,mapped,VH-AC-B14-0002,AC Issues,2026-05-13 07:04:56.845,17.04,High,Normal,,,,,0,,0,,"No manager-verified repair history for this asset, asset type, or issue type yet; no verified baseline available, so this ticket is not evaluated.",median,,2026-08-06T14:42:36
3d7e8e75-3347-4c38-9518-8b60c3c5e3fd,VIST-26-05-00079,5da6f131-fa1e-4f4a-bd3e-736bee9f59d2,direct,VH-AC-D11-0001,AC Issues,2026-06-13 04:45:32.007,735.16,Verified,Normal,,,,,0,,0,,"No manager-verified repair history for this asset, asset type, or issue type yet; no verified baseline available, so this ticket is not evaluated.",median,,2026-08-06T14:42:36
51dfc044-dc6f-4a50-af93-7e9e8d15e46d,VIST-26-05-00080,147c451f-29c0-4333-a9e7-a73d1cdb9a1b,direct,VH-AC-C12-0001,AC Issues,2026-05-15 10:51:31.617,22.85,Verified,Normal,,,,,0,,0,,"No manager-verified repair history for this asset, asset type, or issue type yet; no verified baseline available, so this ticket is not evaluated.",median,,2026-08-06T14:42:36
32dfcd89-4de1-4165-bbc4-a648bc99f9f5,VIST-26-06-00036,ef9a41c0-4e35-474e-ab7b-3ca0833228c2,direct,VH-FN-B14-0003,Electrical Issues,2026-06-12 05:30:02.736,23.14,Verified,Normal,,,,,0,,0,,"No manager-verified repair history for this asset, asset type, or issue type yet; no verified baseline available, so this ticket is not evaluated.",median,,2026-08-06T14:42:36
5e89f675-cd07-456b-89e4-d141040c2f0e,VIST-26-07-00052,71701352-6d07-4b20-b6f7-7b70117dd5a3,direct,VH-AC-A41-0003,AC Issues,2026-07-18 11:11:54.888,5.15,Verified,Normal,,,,,0,,0,,"No manager-verified repair history for this asset, asset type, or issue type yet; no verified baseline available, so this ticket is not evaluated.",median,,2026-08-06T14:42:36
8b77d984-c02f-4275-97fa-4e5696f7ff85,VIST-26-06-00035,,,,Cleaning Issues,2026-06-12 05:33:05.589,23.2,Low,Normal,,,,,0,,0,,"No manager-verified repair history for this asset, asset type, or issue type yet; no verified baseline available, so this ticket is not evaluated.",median,,2026-08-06T14:42:36
9b7123f6-8720-4828-b7e3-5bbf68a2a78b,VIST-26-07-00001,,,,Other,2026-07-02 08:30:56.773,24.23,Low,Normal,,,,,0,,0,,"No manager-verified repair history for this asset, asset type, or issue type yet; no verified baseline available, so this ticket is not evaluated.",median,,2026-08-06T14:42:36
96abc1f1-6f1a-4e36-a35f-b1432c33a3be,VIST-26-06-00033,a8fae757-b9cc-4af6-994d-cba3c67bd409,direct,VH-WM-B24-0001,Washing machine Issue,2026-06-12 05:57:23.489,37.05,Verified,Normal,,,,,0,,0,,"No manager-verified repair history for this asset, asset type, or issue type yet; no verified baseline available, so this ticket is not evaluated.",median,,2026-08-06T14:42:36
49b3a5c8-bea6-4e84-afdb-52c0b6f5cc67,VIST-26-06-00034,ef9a41c0-4e35-474e-ab7b-3ca0833228c2,direct,VH-FN-B14-0003,Electrical Issues,2026-06-12 05:59:14.916,26.88,Verified,Normal,,,,,0,,1,0.0,"No manager-verified repair history for this asset, asset type, or issue type yet; no verified baseline available, so this ticket is not evaluated.",median,,2026-08-06T14:42:36
f43974a5-c1b8-4d39-9446-5bfe0f18fcd3,VIST-26-05-00030,,,,Cleaning Issues,2026-06-15 10:11:54.426,992.11,Low,Normal,,,,,0,,0,,"No manager-verified repair history for this asset, asset type, or issue type yet; no verified baseline available, so this ticket is not evaluated.",median,,2026-08-06T14:42:36
204275a1-d75e-4b2f-ad2f-ae607f40730a,VIST-26-06-00013,45cf3ce8-48d0-4b37-b975-1b26af059c69,direct,VH-FN-A23-0002,Electrical Issues,2026-06-04 10:07:59.993,18.55,Verified,Normal,,,,,0,,0,,"No manager-verified repair history for this asset, asset type, or issue type yet; no verified baseline available, so this ticket is not evaluated.",median,,2026-08-06T14:42:36
60a2a5bb-341e-440a-9008-8eedeba17856,VIST-26-06-00021,,,,Plumbing,2026-06-09 06:41:00.355,62.53,Low,Normal,,,,,0,,0,,"No manager-verified repair history for this asset, asset type, or issue type yet; no verified baseline available, so this ticket is not evaluated.",median,,2026-08-06T14:42:36
b34f7660-d7e5-4c73-8b44-1b710f3ab3b1,VIST-26-06-00100,,,,Internet Issues,2026-07-02 09:23:47.063,117.33,Low,Normal,,,,,0,,0,,"No manager-verified repair history for this asset, asset type, or issue type yet; no verified baseline available, so this ticket is not evaluated.",median,,2026-08-06T14:42:36
8c965ce1-1fdc-4f92-b919-e5bad7017ebf,VIST-26-06-00061,d4f2ff34-b56c-4fa6-bdb2-fabb4d39c447,direct,VH-AC-B13-0001,AC Issues,2026-06-18 08:34:08.142,38.6,Verified,Normal,,,,,0,,1,0.0,"No manager-verified repair history for this asset, asset type, or issue type yet; no verified baseline available, so this ticket is not evaluated.",median,,2026-08-06T14:42:36
5247abe6-4cde-420c-886d-569651233596,VISH-2026-0031,1f2db2a4-13ef-405c-970f-d5f7838c73fa,direct,VH-WH-A44-0003,Plumbing,2026-06-29 12:15:46.533,1972.5,Verified,Normal,,,,,0,,0,,"No manager-verified repair history for this asset, asset type, or issue type yet; no verified baseline available, so this ticket is not evaluated.",median,,2026-08-06T14:42:36
255bff17-c0f3-4eb4-810b-05df5eb3c360,VIST-26-06-00047,,,,Toilet Issues,2026-06-13 12:03:01.241,6.33,Low,Normal,,,,,0,,0,,"No manager-verified repair history for this asset, asset type, or issue type yet; no verified baseline available, so this ticket is not evaluated.",median,,2026-08-06T14:42:36
ebb855b4-4121-4659-977f-638e2ffdeb75,VIST-26-06-00003,44ee6905-97d0-4e14-843d-55300d23be1d,direct,VH-WM-C43-0001,Washing machine Issue,2026-06-02 04:19:35.153,22.79,Verified,Normal,,,,,0,,0,,"No manager-verified repair history for this asset, asset type, or issue type yet; no verified baseline available, so this ticket is not evaluated.",median,,2026-08-06T14:42:36
d07d886a-50cd-43dd-b8a2-efdc5353759b,VIST-26-07-00056,8ad4378e-8b51-4c43-8690-81aba71ae42a,direct,VH-FN-D21-0002,Electrical Issues,2026-07-27 11:22:52.088,198.19,Verified,Normal,,,,,0,,0,,"No manager-verified repair history for this asset, asset type, or issue type yet; no verified baseline available, so this ticket is not evaluated.",median,,2026-08-06T14:42:36
3e24dc37-f8e6-4813-8301-873c8f0cba33,VIST-26-07-00064,,,,Other,2026-07-24 11:57:39.485,77.02,Low,Normal,,,,,0,,0,,"No manager-verified repair history for this asset, asset type, or issue type yet; no verified baseline available, so this ticket is not evaluated.",median,,2026-08-06T14:42:36
3d9e2a93-f4a4-4d7c-b921-19347f1c1403,VIST-26-06-00050,3dbc7592-a86c-46d0-b08c-dadf816e376c,direct,VH-BS-B24-0002,Furniture,2026-06-16 09:34:32.276,48.2,Verified,Normal,,,,,0,,0,,"No manager-verified repair history for this asset, asset type, or issue type yet; no verified baseline available, so this ticket is not evaluated.",median,,2026-08-06T14:42:36
6fe8eb8d-4e64-4977-8968-772d400d759e,VIST-26-06-00024,9a617a18-45e3-4139-8e9b-4babbc1c20eb,direct,VH-AC-A23-0003,AC Issues,2026-06-13 06:38:50.261,142.48,Verified,Normal,,,,,0,,1,4.0,"No manager-verified repair history for this asset, asset type, or issue type yet; no verified baseline available, so this ticket is not evaluated.",median,,2026-08-06T14:42:36
1a95484c-9172-45a3-b983-a8d8aa409c42,VIST-26-06-00046,c79df700-6e0b-4d5e-b431-d855a7d266d1,direct,VH-FN-B34-0001,Electrical Issues,2026-06-13 12:05:52.803,18.36,Verified,Normal,,,,,0,,2,25.2,"No manager-verified repair history for this asset, asset type, or issue type yet; no verified baseline available, so this ticket is not evaluated.",median,,2026-08-06T14:42:36
4916dbd8-2371-41fd-aae7-9946532592bd,VIST-26-06-00042,763d357a-c096-4573-bc9f-22c615990521,direct,VH-CB-D12-0004,Furniture,2026-06-13 06:56:52.372,26.89,Verified,Normal,,,,,0,,0,,"No manager-verified repair history for this asset, asset type, or issue type yet; no verified baseline available, so this ticket is not evaluated.",median,,2026-08-06T14:42:36
3c32a980-6f97-4cca-abe8-e11505111e96,VIST-26-07-00014,7a121576-386c-40dd-8a6d-a3120902a359,direct,VH-MW-C12-0001,Kitchen Equipment,,,Verified,Normal,,,,,0,,0,,No recorded resolution time; ticket not evaluated.,median,,2026-08-06T14:42:36
9d46f760-21e0-4282-b63b-f6dc832bec8d,VIST-26-07-00008,,,,Cleaning Issues,2026-07-02 07:10:13.434,2.79,Low,Normal,,,,,0,,0,,"No manager-verified repair history for this asset, asset type, or issue type yet; no verified baseline available, so this ticket is not evaluated.",median,,2026-08-06T14:42:36
6b2280fc-f664-4c8c-953b-18db76713171,VIST-26-07-00086,,,,Other,2026-07-28 09:18:29.929,66.93,Low,Normal,,,,,0,,0,,"No manager-verified repair history for this asset, asset type, or issue type yet; no verified baseline available, so this ticket is not evaluated.",median,,2026-08-06T14:42:36
af56a3bd-431e-4109-a114-dd960d9d2ba2,VIST-26-06-00031,2ba744f4-1d9d-416a-b710-0883dd5d63fa,direct,VH-WM-B44-0001,Washing machine Issue,2026-06-12 05:37:18.044,59.55,Verified,Normal,,,,,0,,0,,"No manager-verified repair history for this asset, asset type, or issue type yet; no verified baseline available, so this ticket is not evaluated.",median,,2026-08-06T14:42:36
7a7ada9a-c432-4664-af52-bb993b0c52c7,VIST-26-05-00065,,,,Other,2026-06-30 04:05:12.800,1197.64,Low,Normal,,,,,0,,0,,"No manager-verified repair history for this asset, asset type, or issue type yet; no verified baseline available, so this ticket is not evaluated.",median,,2026-08-06T14:42:36
07adc185-f2be-4bc2-b209-4e93f7b77682,VIST-26-07-00002,13d9d678-a406-41b2-853d-8628a9ce5b31,direct,VH-AC-C44-0002,AC Issues,2026-07-03 05:14:34.583,44.88,Verified,Normal,,,,,0,,0,,"No manager-verified repair history for this asset, asset type, or issue type yet; no verified baseline available, so this ticket is not evaluated.",median,,2026-08-06T14:42:36
e05c3490-500a-433e-a722-65a282a41f7f,VIST-26-07-00019,,,,Electrical Issues,2026-07-11 06:26:58.123,58.03,Medium,Normal,,,,,0,,0,,"No manager-verified repair history for this asset, asset type, or issue type yet; no verified baseline available, so this ticket is not evaluated.",median,,2026-08-06T14:42:36
31b72d96-b600-47b9-864d-47d51f9766f0,VISH-2026-000144,dd6bc55f-e6a1-41d7-bce7-68bd0d6c57a1,direct,VH-AC-A11-0003,AC Issues,2026-06-20 05:39:31.955,22.5,Verified,Normal,,,,,0,,0,,"No manager-verified repair history for this asset, asset type, or issue type yet; no verified baseline available, so this ticket is not evaluated.",median,,2026-08-06T14:42:36
e2f11fa3-0123-4cab-a9e4-46d077572c09,VIST-26-07-00007,e5a1f770-e368-43c8-a5f8-ea8b0a342ded,direct,VH-RO-C11-0001,RO Water Issues,2026-07-02 07:12:32.746,2.85,Verified,Normal,,,,,0,,1,83.1,"No manager-verified repair history for this asset, asset type, or issue type yet; no verified baseline available, so this ticket is not evaluated.",median,,2026-08-06T14:42:36
2c290b85-57fd-4fca-8a21-5f6dab2423bf,VIST-26-06-00089,5113f32c-70bb-4e71-9b7f-f7160c4ecb3e,direct,VH-AC-D41-0004,AC Issues,2026-07-03 05:28:53.873,184.08,Verified,Normal,,,,,0,,2,11.0,"No manager-verified repair history for this asset, asset type, or issue type yet; no verified baseline available, so this ticket is not evaluated.",median,,2026-08-06T14:42:36
5d9d7a1b-fb90-40b5-9623-002f5c788745,VIST-26-06-00039,87f1cde5-cc89-4a84-83a1-d3f92094f0f8,direct,VH-WM-B12-0001,Washing machine Issue,2026-06-12 05:43:22.960,13.15,Verified,Normal,,,,,0,,1,0.0,"No manager-verified repair history for this asset, asset type, or issue type yet; no verified baseline available, so this ticket is not evaluated.",median,,2026-08-06T14:42:36
0fa32228-d1f8-4453-90d2-a0553412b2f1,VIST-26-06-00073,adb3400d-f02f-4df4-9edb-1ae6e142d858,direct,VH-WM-A41-0001,Washing machine Issue,2026-06-22 05:23:06.736,86.36,Verified,Normal,,,,,0,,0,,"No manager-verified repair history for this asset, asset type, or issue type yet; no verified baseline available, so this ticket is not evaluated.",median,,2026-08-06T14:42:36
328c45b0-3fca-4e12-a210-b04df5c758e4,VIST-26-07-00063,,,,Toilet Issues,2026-07-22 06:07:21.001,24.02,Low,Normal,,,,,0,,0,,"No manager-verified repair history for this asset, asset type, or issue type yet; no verified baseline available, so this ticket is not evaluated.",median,,2026-08-06T14:42:36
5a5c1abb-862e-439f-b206-930acf2ac60a,VIST-26-06-00076,674fc797-2fa0-4292-9fcb-4205d7c5353b,direct,VH-RO-C41-0001,RO Water Issues,2026-06-22 06:45:58.608,64.0,Verified,Normal,,,,,0,,0,,"No manager-verified repair history for this asset, asset type, or issue type yet; no verified baseline available, so this ticket is not evaluated.",median,,2026-08-06T14:42:36
131febae-d05e-4205-a572-c63a9cc4a124,VIST-26-06-00022,b07c2e02-3a06-41d1-a98e-33d3bd2c2fb7,direct,VH-WM-B41-0001,Washing machine Issue,2026-06-09 06:44:04.145,61.19,Verified,Normal,,,,,0,,1,27.0,"No manager-verified repair history for this asset, asset type, or issue type yet; no verified baseline available, so this ticket is not evaluated.",median,,2026-08-06T14:42:36
12683646-ca80-4749-baf9-654e9c8c6b08,VIST-26-07-00028,3490481c-e2d1-4cab-9a33-2c6a2dcfa6ee,direct,VH-BS-B34-0005,Cleaning Issues,,,Verified,Normal,,,,,0,,0,,No recorded resolution time; ticket not evaluated.,median,,2026-08-06T14:42:36
6fe04578-66d9-4f36-a50d-df7ac49d7c3e,VIST-26-06-00060,aa6f4ce6-e2ac-44f0-917b-0f04f9a1896f,direct,VH-AC-C41-0002,AC Issues,2026-06-22 06:26:15.803,137.2,Verified,Normal,,,,,0,,1,28.0,"No manager-verified repair history for this asset, asset type, or issue type yet; no verified baseline available, so this ticket is not evaluated.",median,,2026-08-06T14:42:36
3bbdb1e6-97f8-4bf0-a3da-9ac0e18a1030,VIST-26-07-00079,8ba23bd2-c79d-47f8-bd9a-fce14d69fd65,direct,VH-BS-C41-0001,Furniture,2026-07-24 11:10:30.161,26.79,Verified,Normal,,,,,0,,0,,"No manager-verified repair history for this asset, asset type, or issue type yet; no verified baseline available, so this ticket is not evaluated.",median,,2026-08-06T14:42:36
430db962-2353-4fd9-912d-297e09e7bf28,VIST-26-06-00075,,,,Cleaning Issues,2026-06-22 06:30:44.532,66.03,Low,Normal,,,,,0,,0,,"No manager-verified repair history for this asset, asset type, or issue type yet; no verified baseline available, so this ticket is not evaluated.",median,,2026-08-06T14:42:36
9ca32c91-7377-4136-a935-59b051cf9150,VIST-26-07-00083,46ac4f2a-c5db-480e-a586-d69d14dcca89,direct,VH-CB-C24-0002,Furniture,,,Verified,Normal,,,,,0,,0,,No recorded resolution time; ticket not evaluated.,median,,2026-08-06T14:42:36
938c7806-1f83-4034-a447-087e1dd599b1,VIST-26-06-00122,00b7fd23-69e7-46fd-82ef-ca35a3f56394,direct,VH-AC-D21-0001,AC Issues,2026-07-03 05:16:40.274,60.16,Verified,Normal,,,,,0,,0,,"No manager-verified repair history for this asset, asset type, or issue type yet; no verified baseline available, so this ticket is not evaluated.",median,,2026-08-06T14:42:36
851326b0-8cf3-4659-b4b4-fc42713f3a40,VIST-26-06-00124,14d27fc6-b43f-420e-9cc7-29bec3989775,direct,VH-FN-B13-0001,Electrical Issues,2026-07-02 08:35:08.977,35.61,Verified,Normal,,,,,0,,1,2.0,"No manager-verified repair history for this asset, asset type, or issue type yet; no verified baseline available, so this ticket is not evaluated.",median,,2026-08-06T14:42:36
cfed9c1c-ee04-4342-958d-a727582d4c36,VIST-26-07-00022,9a0db726-841c-4e57-aee3-e6a3ce285e7f,direct,VH-BS-C21-0002,Furniture,2026-07-11 06:32:59.630,40.87,Verified,Normal,,,,,0,,0,,"No manager-verified repair history for this asset, asset type, or issue type yet; no verified baseline available, so this ticket is not evaluated.",median,,2026-08-06T14:42:36
a919aa54-ea64-4420-a732-20ffe4a13f83,VIST-26-07-00011,e1ee1927-859c-44fb-beee-1211b3c1828a,direct,VH-RO-C34-0001,RO Water Issues,2026-07-11 07:23:02.586,166.14,Verified,Normal,,,,,0,,0,,"No manager-verified repair history for this asset, asset type, or issue type yet; no verified baseline available, so this ticket is not evaluated.",median,,2026-08-06T14:42:36
3d9051cc-ec57-4acb-89ea-b68821421808,VIST-26-06-00077,1d636b41-0f27-48db-b70c-63414832c405,direct,VH-CB-A41-0004,Furniture,2026-06-22 06:47:47.965,63.8,Verified,Normal,,,,,0,,1,62.8,"No manager-verified repair history for this asset, asset type, or issue type yet; no verified baseline available, so this ticket is not evaluated.",median,,2026-08-06T14:42:36
7ae58cd2-f723-43f4-9507-209bed09b762,VIST-26-06-00084,acad55b2-f580-47ec-9ef1-5693687695ce,direct,VH-CO-C24-0003,Cleaning Issues,2026-07-15 14:59:20.951,525.39,Verified,Normal,,,,,0,,0,,"No manager-verified repair history for this asset, asset type, or issue type yet; no verified baseline available, so this ticket is not evaluated.",median,,2026-08-06T14:42:36
327e384f-e936-47d9-9cfb-ca1b41bc8f1c,VIST-26-06-00068,41b29390-ba7f-498b-accf-cf2f33a2d333,direct,VH-WH-B33-0002,Toilet Issues,2026-06-18 09:48:40.535,17.12,Verified,Normal,,,,,0,,1,21.2,"No manager-verified repair history for this asset, asset type, or issue type yet; no verified baseline available, so this ticket is not evaluated.",median,,2026-08-06T14:42:36
3151f7a1-adad-4329-925b-3375c30dae24,VIST-26-07-00077,13b5d459-2df0-473b-adc7-cd2cd7dc01db,direct,VH-CB-B31-0002,Furniture,,,Verified,Normal,,,,,0,,0,,No recorded resolution time; ticket not evaluated.,median,,2026-08-06T14:42:36
808da367-8dc0-49dd-b070-e86ed899354d,VIST-26-07-00076,dc1020be-24a1-4aba-a4bc-ba16db1478b7,direct,VH-FN-D11-0002,Electrical Issues,2026-07-24 11:13:50.087,41.14,Verified,Normal,,,,,0,,1,2.2,"No manager-verified repair history for this asset, asset type, or issue type yet; no verified baseline available, so this ticket is not evaluated.",median,,2026-08-06T14:42:36
e71f6cdc-2ec5-44e4-bed4-87a615cec1e9,VIST-26-07-00075,,,,Other,2026-07-24 11:18:01.819,41.51,Low,Normal,,,,,0,,0,,"No manager-verified repair history for this asset, asset type, or issue type yet; no verified baseline available, so this ticket is not evaluated.",median,,2026-08-06T14:42:36
5553e210-3933-4725-864c-1919c0e8afc0,VIST-26-06-00120,5f808eec-7ba7-4136-ba85-0e2aee0f52bd,direct,VH-BS-C44-0001,Furniture,2026-07-02 08:39:37.144,42.32,Verified,Normal,,,,,0,,0,,"No manager-verified repair history for this asset, asset type, or issue type yet; no verified baseline available, so this ticket is not evaluated.",median,,2026-08-06T14:42:36
455d5545-85c3-4b43-a944-e788c3257855,VIST-26-07-00017,6b3439e1-ce82-479e-9781-e9a2b893b664,direct,VH-WH-B13-0001,Heater Issues,2026-07-11 06:57:46.368,68.17,Verified,Normal,,,,,0,,2,21.9,"No manager-verified repair history for this asset, asset type, or issue type yet; no verified baseline available, so this ticket is not evaluated.",median,,2026-08-06T14:42:36
984460d4-41c3-4c2d-93ce-47902e5c6391,VIST-26-06-00079,c0654959-32fc-4506-821e-db502e57e389,direct,VH-BS-C31-0002,Furniture,2026-06-22 10:39:43.730,48.6,Verified,Normal,,,,,0,,0,,"No manager-verified repair history for this asset, asset type, or issue type yet; no verified baseline available, so this ticket is not evaluated.",median,,2026-08-06T14:42:36
ae295f50-0b70-4196-8d65-0167a77cbbe1,VIST-26-07-00078,471a77c8-6159-471b-a7b3-910527eb1e9c,direct,VH-AC-C11-0003,AC Issues,,,Verified,Normal,,,,,0,,0,,No recorded resolution time; ticket not evaluated.,median,,2026-08-06T14:42:36
c0ddb057-58a9-457b-af08-0bb6312b17ab,VIST-26-06-00081,65682bd2-39f7-48df-9dcf-132d8853120d,direct,VH-MA-C12-0001,Furniture,2026-06-22 10:41:49.535,19.7,Verified,Normal,,,,,0,,0,,"No manager-verified repair history for this asset, asset type, or issue type yet; no verified baseline available, so this ticket is not evaluated.",median,,2026-08-06T14:42:36
de3748e9-f438-493b-9322-b16d547efa5c,VIST-26-05-00139,b9a701c4-e0fd-49c9-aa3a-14ff9e9e30be,direct,VH-FN-C21-0004,Electrical Issues,2026-06-04 10:36:56.892,116.3,Verified,Normal,,,,,0,,0,,"No manager-verified repair history for this asset, asset type, or issue type yet; no verified baseline available, so this ticket is not evaluated.",median,,2026-08-06T14:42:36
2c2c0970-fdfc-4d72-8cbb-8d434cb6233d,VIST-26-05-00064,,,,Other,2026-06-30 04:04:51.186,1197.67,Low,Normal,,,,,0,,0,,"No manager-verified repair history for this asset, asset type, or issue type yet; no verified baseline available, so this ticket is not evaluated.",median,,2026-08-06T14:42:36
a654bf9b-1cb0-4547-a58d-48ada2ec7a05,VIST-26-06-00092,d0b4578f-a55c-4fce-855e-f5437dce8f0c,direct,VH-CB-D41-0002,Other,2026-06-30 04:17:19.308,105.46,Verified,Normal,,,,,0,,0,,"No manager-verified repair history for this asset, asset type, or issue type yet; no verified baseline available, so this ticket is not evaluated.",median,,2026-08-06T14:42:36
421bb1d1-5097-4c05-a533-97860e8a541c,VIST-26-06-00080,6cb27459-de3c-427e-911e-71b60fc9a10c,direct,VH-RO-C31-0001,RO Water Issues,2026-06-24 07:47:32.307,93.71,Verified,Normal,,,,,0,,1,15.0,"No manager-verified repair history for this asset, asset type, or issue type yet; no verified baseline available, so this ticket is not evaluated.",median,,2026-08-06T14:42:36
7934badb-1059-4191-a4f4-a54e31d99bba,VIST-26-06-00062,1fac099b-4e9f-4260-bfa2-9ecdd23b97fb,direct,VH-RO-D21-0001,RO Water Issues,2026-06-18 07:33:14.388,27.41,Verified,Normal,,,,,0,,3,0.0,"No manager-verified repair history for this asset, asset type, or issue type yet; no verified baseline available, so this ticket is not evaluated.",median,,2026-08-06T14:42:36
a7e318bc-fde2-4691-a766-fbdf9b064f4d,VIST-26-06-00065,5113f32c-70bb-4e71-9b7f-f7160c4ecb3e,direct,VH-AC-D41-0004,AC Issues,2026-06-18 07:39:38.906,16.91,Verified,Normal,,,,,0,,0,,"No manager-verified repair history for this asset, asset type, or issue type yet; no verified baseline available, so this ticket is not evaluated.",median,,2026-08-06T14:42:36
83656a61-e193-4ff2-8091-fbb5a8f2c5ad,VIST-26-06-00083,,,,Other,2026-06-24 07:50:57.224,14.63,Low,Normal,,,,,0,,0,,"No manager-verified repair history for this asset, asset type, or issue type yet; no verified baseline available, so this ticket is not evaluated.",median,,2026-08-06T14:42:36
fe5a5b64-d81e-45cf-be23-0471b912df3c,VIST-26-06-00070,1fac099b-4e9f-4260-bfa2-9ecdd23b97fb,direct,VH-RO-D21-0001,RO Water Issues,2026-06-20 05:37:59.909,56.85,Verified,Normal,,,,,0,,4,1.9,"No manager-verified repair history for this asset, asset type, or issue type yet; no verified baseline available, so this ticket is not evaluated.",median,,2026-08-06T14:42:36
b6252b1a-ee47-4f4d-8e22-212452907c29,VIST-26-06-00025,87f1cde5-cc89-4a84-83a1-d3f92094f0f8,direct,VH-WM-B12-0001,Washing machine Issue,2026-06-12 05:39:33.318,113.81,Verified,Normal,,,,,0,,0,,"No manager-verified repair history for this asset, asset type, or issue type yet; no verified baseline available, so this ticket is not evaluated.",median,,2026-08-06T14:42:36
7ec25312-d183-4981-b47a-4c126bd9f97e,VIST-26-06-00052,97248d4f-b62a-4315-9915-18dee0224ade,direct,VH-FN-B14-0004,Electrical Issues,2026-06-16 05:13:24.828,26.08,Verified,Normal,,,,,0,,1,67.8,"No manager-verified repair history for this asset, asset type, or issue type yet; no verified baseline available, so this ticket is not evaluated.",median,,2026-08-06T14:42:36
b361c9dd-e7af-4f37-b4cf-ca5fd454fc99,VIST-26-06-00114,03a83019-dd0e-4ab1-8e20-d1ad13a04ea8,direct,VH-WH-B14-0002,Heater Issues,2026-07-02 08:47:45.426,54.17,Verified,Normal,,,,,0,,0,,"No manager-verified repair history for this asset, asset type, or issue type yet; no verified baseline available, so this ticket is not evaluated.",median,,2026-08-06T14:42:36
5dbc9be1-a8a1-487f-84b3-2100742c5039,VIST-26-05-00110,7c736843-8e67-42a0-ad37-46f0794f96a2,direct,VH-AC-A12-0001,AC Issues,2026-05-22 10:18:58.375,7.93,Verified,Normal,,,,,0,,0,,"No manager-verified repair history for this asset, asset type, or issue type yet; no verified baseline available, so this ticket is not evaluated.",median,,2026-08-06T14:42:36
7a34f85d-6bcf-47c5-a0e3-2b6bc3123ff4,VIST-26-06-00085,b0d336ac-179e-4a18-b540-685c52821a1f,direct,VH-FN-B41-0003,Electrical Issues,2026-06-30 04:10:31.399,151.7,Verified,Normal,,,,,0,,0,,"No manager-verified repair history for this asset, asset type, or issue type yet; no verified baseline available, so this ticket is not evaluated.",median,,2026-08-06T14:42:36
898a6115-b421-4261-8349-932ff12befac,VIST-26-07-00012,,,,Plumbing,2026-07-11 07:19:19.458,142.03,Low,Normal,,,,,0,,0,,"No manager-verified repair history for this asset, asset type, or issue type yet; no verified baseline available, so this ticket is not evaluated.",median,,2026-08-06T14:42:36
b61f51cf-1bc4-4f30-a118-dfda4bb62988,VIST-26-06-00115,14d27fc6-b43f-420e-9cc7-29bec3989775,direct,VH-FN-B13-0001,Electrical Issues,2026-06-30 08:17:58.543,5.4,Verified,Normal,,,,,0,,0,,"No manager-verified repair history for this asset, asset type, or issue type yet; no verified baseline available, so this ticket is not evaluated.",median,,2026-08-06T14:42:36
89fb6e9b-199c-475d-afcf-8e705a911f49,VIST-26-06-00093,9377cbcd-3030-473f-9941-519310a1135b,direct,VH-CO-C21-0002,Furniture,2026-06-30 04:24:43.585,94.29,Verified,Normal,,,,,0,,0,,"No manager-verified repair history for this asset, asset type, or issue type yet; no verified baseline available, so this ticket is not evaluated.",median,,2026-08-06T14:42:36
ef1af8f2-6c30-4d1a-bbb3-76b45a1ef0b6,VIST-26-07-00005,c6d34ded-032e-40a5-93c1-9762e101bab5,direct,VH-CB-B24-0001,Furniture,2026-07-02 07:16:40.499,13.46,Verified,Normal,,,,,0,,0,,"No manager-verified repair history for this asset, asset type, or issue type yet; no verified baseline available, so this ticket is not evaluated.",median,,2026-08-06T14:42:36
2a3b7aa4-41df-4598-804a-40c35246e4fe,VIST-26-06-00095,,,,Cleaning Issues,2026-06-30 04:59:36.865,79.81,Low,Normal,,,,,0,,0,,"No manager-verified repair history for this asset, asset type, or issue type yet; no verified baseline available, so this ticket is not evaluated.",median,,2026-08-06T14:42:36
39c0d310-1634-4544-a11f-6e2978cf42c4,VIST-26-07-00084,a84c1a18-cffc-45bf-b987-a85bdf1a6753,direct,VH-AC-B44-0002,AC Issues,2026-07-25 10:43:22.735,18.29,Verified,Normal,,,,,0,,0,,"No manager-verified repair history for this asset, asset type, or issue type yet; no verified baseline available, so this ticket is not evaluated.",median,,2026-08-06T14:42:36
b78384d6-f204-47ff-9590-9608188a8126,VIST-26-05-00007,cb8ee2ea-5294-4841-b841-769cb00f5e9a,direct,VH-WH-D41-0002,Cleaning Issues,2026-05-26 07:26:17.202,578.14,Verified,Normal,,,,,0,,0,,"No manager-verified repair history for this asset, asset type, or issue type yet; no verified baseline available, so this ticket is not evaluated.",median,,2026-08-06T14:42:36
bd5b38ff-32d9-4213-b0a7-c9fb8fbbbdc2,VIST-26-07-00037,,,,Cleaning Issues,2026-07-16 08:05:40.030,47.38,Low,Normal,,,,,0,,0,,"No manager-verified repair history for this asset, asset type, or issue type yet; no verified baseline available, so this ticket is not evaluated.",median,,2026-08-06T14:42:36
4d73f96e-77f8-414a-a140-29330161d3e6,VIST-26-06-00091,4d04ac5b-ace9-424c-b2cf-97c3843d8d10,direct,VH-BS-D41-0002,Furniture,2026-07-11 07:47:34.143,373.01,Verified,Normal,,,,,0,,0,,"No manager-verified repair history for this asset, asset type, or issue type yet; no verified baseline available, so this ticket is not evaluated.",median,,2026-08-06T14:42:36
3f4b31f7-20c0-4b8d-a196-07787b68fbfc,VIST-26-07-00009,,,,Other,2026-07-11 07:35:22.565,209.1,Low,Normal,,,,,0,,0,,"No manager-verified repair history for this asset, asset type, or issue type yet; no verified baseline available, so this ticket is not evaluated.",median,,2026-08-06T14:42:36
1bafcc2f-7872-4122-a353-d5d40de70cb8,VIST-26-06-00099,9a3018d6-bbfc-4e5c-ac01-173ec34fc8b3,direct,VH-WH-C12-0002,Toilet Issues,2026-07-11 07:53:05.499,333.48,Verified,Normal,,,,,0,,0,,"No manager-verified repair history for this asset, asset type, or issue type yet; no verified baseline available, so this ticket is not evaluated.",median,,2026-08-06T14:42:36
74a97d36-3046-4f66-924e-bbb4af23bdb6,VIST-26-06-00119,,,,Other,2026-07-11 07:38:20.697,258.09,Low,Normal,,,,,0,,0,,"No manager-verified repair history for this asset, asset type, or issue type yet; no verified baseline available, so this ticket is not evaluated.",median,,2026-08-06T14:42:36
8b3527cf-868d-4d7a-9efc-63713caae3ef,VIST-26-06-00098,2cbc8c56-879e-418c-84f7-cc6c53598d18,direct,VH-BS-C12-0001,Furniture,2026-07-13 12:21:06.069,385.97,Verified,Normal,,,,,0,,0,,"No manager-verified repair history for this asset, asset type, or issue type yet; no verified baseline available, so this ticket is not evaluated.",median,,2026-08-06T14:42:36
e7cfc06b-7da6-4d99-969d-c03e52298b47,VIST-26-07-00039,,,,Toilet Issues,2026-07-16 08:03:25.900,34.94,Low,Normal,,,,,0,,0,,"No manager-verified repair history for this asset, asset type, or issue type yet; no verified baseline available, so this ticket is not evaluated.",median,,2026-08-06T14:42:36
7f5ea07a-701f-4fd0-8473-2918e35dd085,VIST-26-06-00102,bc7caf2c-ad7b-403a-9681-01e3c22c291f,direct,VH-AC-B11-0004,AC Issues,2026-07-03 05:21:06.241,110.3,Verified,Normal,,,,,0,,1,87.0,"No manager-verified repair history for this asset, asset type, or issue type yet; no verified baseline available, so this ticket is not evaluated.",median,,2026-08-06T14:42:36
949e7e59-6b77-4b9a-8372-85cdc319db87,VIST-26-06-00082,,,,Toilet Issues,2026-06-24 07:48:51.754,51.95,Low,Normal,,,,,0,,0,,"No manager-verified repair history for this asset, asset type, or issue type yet; no verified baseline available, so this ticket is not evaluated.",median,,2026-08-06T14:42:36
3c33e01e-12af-4544-98dd-09399c2c61db,VIST-26-06-00109,5113f32c-70bb-4e71-9b7f-f7160c4ecb3e,direct,VH-AC-D41-0004,AC Issues,2026-07-16 08:16:04.409,399.43,Verified,Normal,,,,,0,,3,13.1,"No manager-verified repair history for this asset, asset type, or issue type yet; no verified baseline available, so this ticket is not evaluated.",median,,2026-08-06T14:42:36
ede434ad-c70c-40a2-9485-b640ab90663c,VIST-26-07-00050,9de4f299-90f7-4a53-a8c5-8000e64f1b8c,direct,VH-AC-D11-0003,AC Issues,2026-07-22 05:38:25.824,135.47,Verified,Normal,,,,,0,,0,,"No manager-verified repair history for this asset, asset type, or issue type yet; no verified baseline available, so this ticket is not evaluated.",median,,2026-08-06T14:42:36
40746a5e-55d4-43cb-ae82-27d92f2ed6fa,VIST-26-07-00099,,,,Internet Issues,,,Low,Normal,,,,,0,,0,,No recorded resolution time; ticket not evaluated.,median,,2026-08-06T14:42:36
0e095d80-8ab7-4313-9958-5f31427e3a26,VIST-26-07-00090,4e5f5e33-7af3-47f5-8e05-d3ea5795882e,direct,VH-AC-C11-0001,Cleaning Issues,2026-07-28 09:15:38.579,20.17,Verified,Normal,,,,,0,,0,,"No manager-verified repair history for this asset, asset type, or issue type yet; no verified baseline available, so this ticket is not evaluated.",median,,2026-08-06T14:42:36
84f6d1b5-9225-49f1-bebb-82dd005821d9,VIST-26-07-00034,,,,Plumbing,2026-07-13 11:33:26.450,2.39,Low,Normal,,,,,0,,0,,"No manager-verified repair history for this asset, asset type, or issue type yet; no verified baseline available, so this ticket is not evaluated.",median,,2026-08-06T14:42:36
2186bdc7-f92c-4cce-95be-2dc2d768696f,VIST-26-07-00055,9de4f299-90f7-4a53-a8c5-8000e64f1b8c,direct,VH-AC-D11-0003,AC Issues,2026-07-22 06:38:58.879,81.7,Verified,Normal,,,,,0,,1,0.0,"No manager-verified repair history for this asset, asset type, or issue type yet; no verified baseline available, so this ticket is not evaluated.",median,,2026-08-06T14:42:36
698d27f3-fc36-4b88-97b9-bf260b25c5fb,VIST-26-07-00033,d6b0afc8-bfb7-42fb-8a6f-f026ee1a26e1,direct,VH-AC-B42-0002,AC Issues,2026-07-13 11:36:38.482,3.25,Verified,Normal,,,,,0,,1,55.2,"No manager-verified repair history for this asset, asset type, or issue type yet; no verified baseline available, so this ticket is not evaluated.",median,,2026-08-06T14:42:36
d5643989-a331-4967-ba63-11ee9e1e1f64,VIST-26-06-00094,,,,Cleaning Issues,2026-06-30 04:54:25.484,89.94,Low,Normal,,,,,0,,0,,"No manager-verified repair history for this asset, asset type, or issue type yet; no verified baseline available, so this ticket is not evaluated.",median,,2026-08-06T14:42:36
f578ef87-8153-4c0a-98bd-4feed4ac6d3c,VIST-26-06-00044,,,,Other,2026-07-15 14:49:51.551,791.63,Low,Normal,,,,,0,,0,,"No manager-verified repair history for this asset, asset type, or issue type yet; no verified baseline available, so this ticket is not evaluated.",median,,2026-08-06T14:42:36
37683b76-a4d2-4af4-ad50-56ccab7e8556,VIST-26-07-00045,,,,AC Issues,2026-07-16 07:50:24.724,14.78,Medium,Normal,,,,,0,,0,,"No manager-verified repair history for this asset, asset type, or issue type yet; no verified baseline available, so this ticket is not evaluated.",median,,2026-08-06T14:42:36
e4a24fa5-dd00-43f6-b93d-0f314865648a,VIST-26-07-00048,,,,Furniture,2026-07-18 11:32:34.028,47.33,Unmapped,Normal,,,,,0,,0,,"No manager-verified repair history for this asset, asset type, or issue type yet; no verified baseline available, so this ticket is not evaluated.",median,,2026-08-06T14:42:36
0f181edc-4747-445a-bbe5-135dba418948,VIST-26-07-00030,98885f45-4010-403c-8884-8649d4cdd02a,direct,VH-RO-A23-0001,RO Water Issues,2026-07-16 08:12:16.067,85.89,Verified,Normal,,,,,0,,0,,"No manager-verified repair history for this asset, asset type, or issue type yet; no verified baseline available, so this ticket is not evaluated.",median,,2026-08-06T14:42:36
4e0f6b2d-05e5-4010-aff3-66ad287fe7fd,VIST-26-07-00027,,,,Internet Issues,2026-07-13 11:50:23.206,39.4,Low,Normal,,,,,0,,0,,"No manager-verified repair history for this asset, asset type, or issue type yet; no verified baseline available, so this ticket is not evaluated.",median,,2026-08-06T14:42:36
1faa1b2c-b5ba-4cca-8c28-4159fd9ad188,VIST-26-07-00026,aa6f4ce6-e2ac-44f0-917b-0f04f9a1896f,direct,VH-AC-C41-0002,AC Issues,2026-07-13 11:52:17.919,48.95,Verified,Normal,,,,,0,,2,21.2,"No manager-verified repair history for this asset, asset type, or issue type yet; no verified baseline available, so this ticket is not evaluated.",median,,2026-08-06T14:42:36
1615e90e-84bc-49bc-8702-f4fdc175dc8e,VIST-26-07-00025,3efce5d2-b6c1-424a-9491-52000cca55c5,direct,VH-AC-C21-0003,AC Issues,2026-07-13 11:54:53.880,51.8,Verified,Normal,,,,,0,,2,46.1,"No manager-verified repair history for this asset, asset type, or issue type yet; no verified baseline available, so this ticket is not evaluated.",median,,2026-08-06T14:42:36
43c9bb6f-ada1-4ef5-b08b-2fc02cc53600,VIST-26-07-00031,b0bccede-ab77-4d9a-8dc5-2bdcaf8624f4,direct,VH-FN-A23-0003,Electrical Issues,2026-07-13 11:38:12.018,17.31,Verified,Normal,,,,,0,,0,,"No manager-verified repair history for this asset, asset type, or issue type yet; no verified baseline available, so this ticket is not evaluated.",median,,2026-08-06T14:42:36
996519c8-a521-4d07-aabf-e0a8c185663c,VIST-26-07-00024,99d778f7-c033-4e7f-b205-35213a9877d6,direct,VH-AC-B44-0003,Other,2026-07-13 11:57:17.364,53.4,Verified,Normal,,,,,0,,1,52.1,"No manager-verified repair history for this asset, asset type, or issue type yet; no verified baseline available, so this ticket is not evaluated.",median,,2026-08-06T14:42:36
8a683947-442d-4763-bd18-02ba97a44a81,VIST-26-05-00066,,,,Other,2026-07-21 06:20:54.835,1698.84,Low,Normal,,,,,0,,0,,"No manager-verified repair history for this asset, asset type, or issue type yet; no verified baseline available, so this ticket is not evaluated.",median,,2026-08-06T14:42:36
ecfb0f75-5c43-4830-9b47-4228d3dbdaaf,VIST-26-07-00040,,,,Cleaning Issues,2026-07-19 05:05:13.026,99.24,Low,Normal,,,,,0,,0,,"No manager-verified repair history for this asset, asset type, or issue type yet; no verified baseline available, so this ticket is not evaluated.",median,,2026-08-06T14:42:36
e1a9d3c0-7527-430e-bee5-117e4b5c944b,VIST-26-07-00065,9e532a16-590b-4004-9863-8cc0a6c4844a,direct,VH-FN-B31-0001,Electrical Issues,2026-07-22 07:01:52.206,24.07,Verified,Normal,,,,,0,,0,,"No manager-verified repair history for this asset, asset type, or issue type yet; no verified baseline available, so this ticket is not evaluated.",median,,2026-08-06T14:42:36
f130f31f-51cd-41f5-a55e-46d12e05aa48,VIST-26-07-00047,,,,Furniture,2026-07-18 12:15:13.810,48.1,Unmapped,Normal,,,,,0,,0,,"No manager-verified repair history for this asset, asset type, or issue type yet; no verified baseline available, so this ticket is not evaluated.",median,,2026-08-06T14:42:36
cd9d1309-4a43-4af2-85c7-a8f6aa98cc45,VIST-26-06-00086,,,,Cleaning Issues,2026-07-15 15:00:10.956,516.71,Low,Normal,,,,,0,,0,,"No manager-verified repair history for this asset, asset type, or issue type yet; no verified baseline available, so this ticket is not evaluated.",median,,2026-08-06T14:42:36
b68b2bcf-ceb9-4cdc-8e0a-fdf2e5fd8d30,VIST-26-07-00054,0c6a45fa-eea8-4b3e-925c-9e22848928f0,direct,VH-RO-A41-0002,RO Water Issues,2026-07-22 05:32:08.911,89.65,Verified,Normal,,,,,0,,0,,"No manager-verified repair history for this asset, asset type, or issue type yet; no verified baseline available, so this ticket is not evaluated.",median,,2026-08-06T14:42:36
91dbe4c0-bd94-4588-a0a2-ad0961eda292,VIST-26-07-00021,03f8aa98-9864-42fd-921e-06eddab47e98,direct,VH-AC-C34-0002,AC Issues,2026-07-13 11:59:40.495,96.78,Verified,Normal,,,,,0,,1,55.0,"No manager-verified repair history for this asset, asset type, or issue type yet; no verified baseline available, so this ticket is not evaluated.",median,,2026-08-06T14:42:36
3452ef1d-d432-41d4-879e-15bc3ffea536,VIST-26-07-00015,60e6badc-68a9-4456-b05b-c745c0e14502,direct,VH-AC-B41-0002,AC Issues,2026-07-13 12:05:41.009,164.3,Verified,Normal,,,,,0,,1,37.3,"No manager-verified repair history for this asset, asset type, or issue type yet; no verified baseline available, so this ticket is not evaluated.",median,,2026-08-06T14:42:36
fe8f1d7d-eb10-411e-9658-5287792fd4fe,VIST-26-06-00118,,,,Other,2026-07-13 12:14:43.042,311.03,Low,Normal,,,,,0,,0,,"No manager-verified repair history for this asset, asset type, or issue type yet; no verified baseline available, so this ticket is not evaluated.",median,,2026-08-06T14:42:36
00c4b59e-970d-4075-a3b1-5c88a14a036c,VIST-26-06-00110,015a5afe-f096-4f3f-a41a-734a4743aa19,direct,VH-AC-B34-0002,AC Issues,2026-07-13 12:17:02.323,330.86,Verified,Normal,,,,,0,,1,53.9,"No manager-verified repair history for this asset, asset type, or issue type yet; no verified baseline available, so this ticket is not evaluated.",median,,2026-08-06T14:42:36
445453be-c171-4a6e-bda4-13f01b7ca1cd,VIST-26-07-00006,02f56e51-61b4-4122-8c93-d20ad256322d,direct,VH-WM-C11-0001,Washing machine Issue,2026-07-02 07:14:18.328,2.89,Verified,Normal,,,,,0,,0,,"No manager-verified repair history for this asset, asset type, or issue type yet; no verified baseline available, so this ticket is not evaluated.",median,,2026-08-06T14:42:36
42c21bca-c32d-4c2d-b7d4-23f8666ab04d,VIST-26-06-00001,,,,AC Issues,2026-06-09 05:57:24.774,196.11,Unmapped,Normal,,,,,0,,0,,"No manager-verified repair history for this asset, asset type, or issue type yet; no verified baseline available, so this ticket is not evaluated.",median,,2026-08-06T14:42:36
8d86ddd2-88ae-48c2-8c5d-dfa12df947e1,VIST-26-05-00045,,,,AC Issues,2026-06-01 06:49:18.556,555.24,Unmapped,Normal,,,,,0,,0,,"No manager-verified repair history for this asset, asset type, or issue type yet; no verified baseline available, so this ticket is not evaluated.",median,,2026-08-06T14:42:36
c34a5a2b-2e66-4e2a-9596-193484fbb757,VIST-26-05-00024,,,,Cleaning Issues,2026-05-12 07:31:40.401,189.01,Low,Normal,,,,,0,,0,,"No manager-verified repair history for this asset, asset type, or issue type yet; no verified baseline available, so this ticket is not evaluated.",median,,2026-08-06T14:42:36
c5937030-097a-4c7d-8437-21c5444641a3,VIST-26-06-00097,06fd6cbb-8d35-400c-8659-aaa0eea17971,direct,VH-AC-C12-0002,AC Issues,2026-07-15 15:02:10.230,436.68,Verified,Normal,,,,,0,,0,,"No manager-verified repair history for this asset, asset type, or issue type yet; no verified baseline available, so this ticket is not evaluated.",median,,2026-08-06T14:42:36
f136cc5b-30b5-4357-ad73-b4d6604fc7df,VIST-26-06-00078,adb3400d-f02f-4df4-9edb-1ae6e142d858,direct,VH-WM-A41-0001,Washing machine Issue,2026-07-15 14:52:30.538,605.32,Verified,Normal,,,,,0,,1,23.4,"No manager-verified repair history for this asset, asset type, or issue type yet; no verified baseline available, so this ticket is not evaluated.",median,,2026-08-06T14:42:36
85812d2d-2e47-47d4-af86-ec809ed46287,VIST-26-06-00112,,,,Cleaning Issues,2026-06-30 09:20:54.458,6.78,Low,Normal,,,,,0,,0,,"No manager-verified repair history for this asset, asset type, or issue type yet; no verified baseline available, so this ticket is not evaluated.",median,,2026-08-06T14:42:36
f8701579-a3ae-4b19-abbe-d3c7bd436263,VIST-26-06-00106,9d364a68-c955-4fe7-8a91-9ed05f2a64a8,direct,VH-AC-B14-0003,AC Issues,2026-07-02 09:02:52.906,75.54,Verified,Normal,,,,,0,,1,71.6,"No manager-verified repair history for this asset, asset type, or issue type yet; no verified baseline available, so this ticket is not evaluated.",median,,2026-08-06T14:42:36
a50a8d0f-4ac8-43e0-87cb-ca92f4dffab0,VIST-26-05-00018,,,,AC Issues,2026-05-09 09:02:36.825,160.92,Medium,Normal,,,,,0,,0,,"No manager-verified repair history for this asset, asset type, or issue type yet; no verified baseline available, so this ticket is not evaluated.",median,,2026-08-06T14:42:36
16a8aad8-07c4-4f3e-b978-32bed777aa47,VIST-26-07-00010,2bbe28a7-9d1b-4ef1-b24c-9b2efd828a68,direct,VH-CB-B11-0002,Furniture,2026-07-11 07:27:05.498,188.81,Verified,Normal,,,,,0,,0,,"No manager-verified repair history for this asset, asset type, or issue type yet; no verified baseline available, so this ticket is not evaluated.",median,,2026-08-06T14:42:36
ff9f72a4-de0c-4964-840e-34556c799035,VIST-26-07-00044,,,,Toilet Issues,2026-07-16 07:52:41.764,15.08,Low,Normal,,,,,0,,0,,"No manager-verified repair history for this asset, asset type, or issue type yet; no verified baseline available, so this ticket is not evaluated.",median,,2026-08-06T14:42:36
81ffd7e3-ee08-4ada-9643-ae1f91da4b26,VIST-26-07-00057,,,,Kitchen Equipment,2026-07-22 05:44:05.934,72.47,Low,Normal,,,,,0,,0,,"No manager-verified repair history for this asset, asset type, or issue type yet; no verified baseline available, so this ticket is not evaluated.",median,,2026-08-06T14:42:36
e8661742-3adc-4507-9241-bca7836274a8,VIST-26-07-00062,c353442a-902b-4d6c-b7ed-ab113dc2bdc5,direct,VH-RF-D41-0001,Fridge Issues,2026-07-22 05:59:34.012,39.85,Verified,Normal,,,,,0,,0,,"No manager-verified repair history for this asset, asset type, or issue type yet; no verified baseline available, so this ticket is not evaluated.",median,,2026-08-06T14:42:36
f6e4e255-661d-4329-a287-d1bb171ea8af,VIST-26-07-00087,aaf765c9-a0b1-48be-8c21-3ac43a462480,direct,VH-FN-C24-0001,Electrical Issues,,,Verified,Normal,,,,,0,,0,,No recorded resolution time; ticket not evaluated.,median,,2026-08-06T14:42:36
c213fe10-5678-4492-a4c9-be13015463c6,VIST-26-07-00074,,,,Other,2026-07-24 11:20:34.387,41.57,Low,Normal,,,,,0,,0,,"No manager-verified repair history for this asset, asset type, or issue type yet; no verified baseline available, so this ticket is not evaluated.",median,,2026-08-06T14:42:36
e689126d-d5a7-4935-ba4d-1f17097d2393,VIST-26-07-00046,,,,Electrical Issues,,,Unmapped,Normal,,,,,0,,0,,No recorded resolution time; ticket not evaluated.,median,,2026-08-06T14:42:36
e6339d7a-b25b-431d-b995-64c4abff9132,VIST-26-07-00043,e023aafd-324b-46e0-9d1c-4185c31eab44,direct,VH-RO-B14-0001,RO Water Issues,2026-07-16 07:55:53.635,16.1,Verified,Normal,,,,,0,,0,,"No manager-verified repair history for this asset, asset type, or issue type yet; no verified baseline available, so this ticket is not evaluated.",median,,2026-08-06T14:42:36
82050226-2a78-428a-8c04-cca4feae40a3,VIST-26-07-00023,d4f2ff34-b56c-4fa6-bdb2-fabb4d39c447,direct,VH-AC-B13-0001,AC Issues,2026-07-16 08:14:37.314,153.33,Verified,Normal,,,,,0,,2,28.0,"No manager-verified repair history for this asset, asset type, or issue type yet; no verified baseline available, so this ticket is not evaluated.",median,,2026-08-06T14:42:36
4a230654-886f-4fc0-99ed-f669b07f509f,VIST-26-07-00036,5a8e3cf4-9abe-4240-8ecd-307405ee17c3,direct,VH-RO-B32-0001,RO Water Issues,2026-07-16 08:07:59.121,50.56,Verified,Normal,,,,,0,,0,,"No manager-verified repair history for this asset, asset type, or issue type yet; no verified baseline available, so this ticket is not evaluated.",median,,2026-08-06T14:42:36
ac72e508-b892-459e-8fa3-0ed87a7ab484,VIST-26-07-00069,3622b8e4-8e8f-4264-a33e-ea56373f527d,direct,VH-RF-B33-0001,Fridge Issues,2026-07-22 11:05:09.022,3.67,Verified,Normal,,,,,0,,0,,"No manager-verified repair history for this asset, asset type, or issue type yet; no verified baseline available, so this ticket is not evaluated.",median,,2026-08-06T14:42:36
7b5a60ef-d1f2-4f62-943f-59506796ec43,VIST-26-05-00137,18de1186-ae6c-4ce6-a4b2-4c26de696f57,direct,VH-CB-B12-0002,Furniture,2026-06-03 04:28:23.329,137.85,Verified,Normal,,,,,0,,0,,"No manager-verified repair history for this asset, asset type, or issue type yet; no verified baseline available, so this ticket is not evaluated.",median,,2026-08-06T14:42:36
d536308a-d7cc-4c83-a9d6-e86527a6682e,VIST-26-07-00073,,,,Other,2026-07-24 11:25:12.475,41.66,Low,Normal,,,,,0,,0,,"No manager-verified repair history for this asset, asset type, or issue type yet; no verified baseline available, so this ticket is not evaluated.",median,,2026-08-06T14:42:36
8d75fa92-677d-4efd-ab0f-c81b150830e1,VIST-26-07-00058,84b2ced1-debf-4182-b973-054535294fec,direct,VH-ST-D21-0003,Furniture,2026-07-22 05:46:36.804,72.49,Verified,Normal,,,,,0,,0,,"No manager-verified repair history for this asset, asset type, or issue type yet; no verified baseline available, so this ticket is not evaluated.",median,,2026-08-06T14:42:36
e7593d52-e92f-42a7-99c4-947533f6baeb,VIST-26-07-00041,,,,Furniture,2026-07-16 12:18:06.578,30.74,Unmapped,Normal,,,,,0,,0,,"No manager-verified repair history for this asset, asset type, or issue type yet; no verified baseline available, so this ticket is not evaluated.",median,,2026-08-06T14:42:36
32a14c06-3cab-4503-98f6-4a02c22f776b,VIST-26-07-00067,14d27fc6-b43f-420e-9cc7-29bec3989775,direct,VH-FN-B13-0001,Electrical Issues,2026-07-22 09:29:48.137,2.86,Verified,Normal,,,,,0,,2,20.0,"No manager-verified repair history for this asset, asset type, or issue type yet; no verified baseline available, so this ticket is not evaluated.",median,,2026-08-06T14:42:36
74c37e82-2a93-41d5-8930-07d0d6ff11ef,VIST-26-07-00060,dc1020be-24a1-4aba-a4bc-ba16db1478b7,direct,VH-FN-D11-0002,Electrical Issues,2026-07-22 05:50:14.893,62.3,Verified,Normal,,,,,0,,0,,"No manager-verified repair history for this asset, asset type, or issue type yet; no verified baseline available, so this ticket is not evaluated.",median,,2026-08-06T14:42:36
72306fae-1737-4c53-917b-4a0408a78a10,VIST-26-06-00103,87f1cde5-cc89-4a84-83a1-d3f92094f0f8,direct,VH-WM-B12-0001,Washing machine Issue,2026-06-30 08:46:14.097,41.05,Verified,Normal,,,,,0,,2,18.1,"No manager-verified repair history for this asset, asset type, or issue type yet; no verified baseline available, so this ticket is not evaluated.",median,,2026-08-06T14:42:36
e30e43e2-9262-49e8-b618-095bf27ff69b,VIST-26-07-00072,,,,Plumbing,2026-07-24 11:36:37.433,41.87,Low,Normal,,,,,0,,0,,"No manager-verified repair history for this asset, asset type, or issue type yet; no verified baseline available, so this ticket is not evaluated.",median,,2026-08-06T14:42:36
3f7257c9-29d8-41bb-a4d5-18b68bbeba1f,VIST-26-06-00027,0e9127c1-dd69-4c46-9126-a605af00881c,direct,VH-FN-B22-0002,Electrical Issues,2026-07-28 10:39:30.916,1204.07,Verified,Normal,,,,,0,,0,,"No manager-verified repair history for this asset, asset type, or issue type yet; no verified baseline available, so this ticket is not evaluated.",median,,2026-08-06T14:42:36
4530a003-d425-4d3c-be37-5eef89668fa4,VIST-26-07-00049,,,,Other,,,Unmapped,Normal,,,,,0,,0,,No recorded resolution time; ticket not evaluated.,median,,2026-08-06T14:42:36
58187d60-a167-4ff1-b719-83401928ff54,VISH-2026-1107,137edf51-8c3c-42ba-8ee2-fa5b316f6e55,direct,VH-AC-D41-0002,AC Issues,2026-05-22 05:55:29.318,852.78,Verified,Normal,,,,,0,,0,,"No manager-verified repair history for this asset, asset type, or issue type yet; no verified baseline available, so this ticket is not evaluated.",median,,2026-08-06T14:42:36
87886ad5-efc3-47b9-8ef3-65cef3bd906a,VIST-26-04-00083,e033fe7f-dc31-46f7-9723-cce3793a1cca,direct,VH-AC-B43-0001,AC Issues,2026-06-02 06:34:54.546,780.05,Verified,Normal,,,,,0,,0,,"No manager-verified repair history for this asset, asset type, or issue type yet; no verified baseline available, so this ticket is not evaluated.",median,,2026-08-06T14:42:36
fe9ab246-7529-4e14-b17d-18d0309e4131,VIST-26-07-00096,,,,Internet Issues,,,Low,Normal,,,,,0,,0,,No recorded resolution time; ticket not evaluated.,median,,2026-08-06T14:42:36
188b1fdb-205f-470f-b9f4-db6e18d74a41,VIST-26-05-00138,3005c67a-dd3b-4a53-a457-4b155602758d,direct,VH-FN-B43-0001,Other,2026-06-03 06:09:33.672,112.74,Verified,Normal,,,,,0,,0,,"No manager-verified repair history for this asset, asset type, or issue type yet; no verified baseline available, so this ticket is not evaluated.",median,,2026-08-06T14:42:36
b9b6ff6a-a698-42ae-b3b3-76647096971e,VIST-26-06-00058,,,,Plumbing,2026-06-16 04:56:40.239,17.05,Low,Normal,,,,,0,,0,,"No manager-verified repair history for this asset, asset type, or issue type yet; no verified baseline available, so this ticket is not evaluated.",median,,2026-08-06T14:42:36
c72ab07c-8f4a-421d-b919-a30f5b493712,VIST-26-07-00098,,,,Plumbing,2026-07-29 09:24:14.227,3.63,Low,Normal,,,,,0,,0,,"No manager-verified repair history for this asset, asset type, or issue type yet; no verified baseline available, so this ticket is not evaluated.",median,,2026-08-06T14:42:36
a99ead9e-4fc7-4128-bf2c-9a69cd0a8215,VIST-26-07-00094,2bbe28a7-9d1b-4ef1-b24c-9b2efd828a68,direct,VH-CB-B11-0002,Toilet Issues,2026-07-29 09:53:49.323,19.6,Verified,Normal,,,,,0,,1,18.1,"No manager-verified repair history for this asset, asset type, or issue type yet; no verified baseline available, so this ticket is not evaluated.",median,,2026-08-06T14:42:36
4d818673-1496-448a-854e-3c4f180a1ee3,VIST-26-05-00006,,,,Internet Issues,,,Low,Normal,,,,,0,,0,,No recorded resolution time; ticket not evaluated.,median,,2026-08-06T14:42:36
d8a3ea93-5c3b-4388-ad6b-03f15dad3785,VIST-26-07-00080,,,,Other,,,Low,Normal,,,,,0,,0,,No recorded resolution time; ticket not evaluated.,median,,2026-08-06T14:42:36
bd43c120-eb3a-4a87-b4b5-0d005353802b,VIST-26-07-00020,,,,AC Issues,2026-07-11 06:37:11.211,46.91,Low,Normal,,,,,0,,0,,"No manager-verified repair history for this asset, asset type, or issue type yet; no verified baseline available, so this ticket is not evaluated.",median,,2026-08-06T14:42:36
