ticket,technician_resolver,created_at,sla,sla_deadline,resolved_at,resolution_hours,resolution_delay,closed_at,closure_hours,post_resolution_closure_hours,closure_delay,sla_status
VISH-25-01-0384,,2025-01-29 13:20:00.000000,24.0,2025-01-30 13:20:00.000000,2025-01-29 13:20:00.000,,,2025-07-17 06:07:00.000,4048.78,,4024.78,SLA Breached
VISH-25-02-0293,,2025-02-12 01:17:00.000000,12.0,2025-02-12 13:17:00.000000,2025-02-12 01:17:00.000,,,2025-02-13 00:00:00.000,22.72,,10.72,SLA Breached
VISH-25-02-0291,,2025-02-12 02:15:00.000000,6.0,2025-02-12 08:15:00.000000,2025-02-12 02:15:00.000,,,2025-02-13 16:16:00.000,38.02,,32.02,SLA Breached
VISH-25-02-0290,,2025-02-12 02:15:00.000000,6.0,2025-02-12 08:15:00.000000,2025-02-12 02:15:00.000,,,2025-02-13 00:00:00.000,21.75,,15.75,SLA Breached
VISH-25-02-0294,,2025-02-12 02:18:00.000000,6.0,2025-02-12 08:18:00.000000,2025-02-12 02:18:00.000,,,2025-02-13 19:35:00.000,41.28,,35.28,SLA Breached
VISH-25-02-0372,,2025-02-12 15:38:00.000000,24.0,2025-02-13 15:38:00.000000,2025-02-12 15:38:00.000,,,2025-02-13 19:30:00.000,27.87,,3.87,SLA Breached
VISH-25-02-0371,,2025-02-12 15:38:00.000000,24.0,2025-02-13 15:38:00.000000,2025-02-12 15:38:00.000,,,2025-02-13 00:00:00.000,8.37,,-15.63,Within SLA
VISH-25-02-0370,,2025-02-12 15:38:00.000000,24.0,2025-02-13 15:38:00.000000,2025-02-12 15:38:00.000,,,2025-02-13 00:00:00.000,8.37,,-15.63,Within SLA
VISH-25-02-0369,,2025-02-12 15:38:00.000000,24.0,2025-02-13 15:38:00.000000,2025-02-12 15:38:00.000,,,2025-02-13 00:00:00.000,8.37,,-15.63,Within SLA
VISH-25-02-0368,,2025-02-12 15:38:00.000000,24.0,2025-02-13 15:38:00.000000,2025-02-12 15:38:00.000,,,2025-02-13 00:00:00.000,8.37,,-15.63,Within SLA
VISH-25-02-0367,,2025-02-12 15:38:00.000000,24.0,2025-02-13 15:38:00.000000,2025-02-12 15:38:00.000,,,2025-02-13 00:00:00.000,8.37,,-15.63,Within SLA
VISH-25-02-0498,,2025-02-12 21:56:00.000000,24.0,2025-02-13 21:56:00.000000,2025-02-12 21:56:00.000,,,2025-05-17 11:30:00.000,2245.57,,2221.57,SLA Breached
VISH-25-02-0805,,2025-02-13 02:30:00.000000,6.0,2025-02-13 08:30:00.000000,2025-02-13 02:30:00.000,,,2025-02-13 14:12:00.000,11.7,,5.7,SLA Breached
VISH-25-02-0806,,2025-02-13 02:30:00.000000,6.0,2025-02-13 08:30:00.000000,2025-02-13 02:30:00.000,,,2025-02-13 15:32:00.000,13.03,,7.03,SLA Breached
VISH-25-02-0296,,2025-02-13 06:19:00.000000,24.0,2025-02-14 06:19:00.000000,2025-02-13 06:19:00.000,,,2025-02-13 16:21:00.000,10.03,,-13.97,Within SLA
VISH-25-02-0295,,2025-02-13 06:19:00.000000,24.0,2025-02-14 06:19:00.000000,2025-02-13 06:19:00.000,,,2025-02-13 19:35:00.000,13.27,,-10.73,Within SLA
VISH-25-02-0373,,2025-02-13 12:38:00.000000,24.0,2025-02-14 12:38:00.000000,2025-02-13 12:38:00.000,,,2025-02-17 15:26:00.000,98.8,,74.8,SLA Breached
VISH-25-02-0807,,2025-02-13 15:32:00.000000,24.0,2025-02-14 15:32:00.000000,2025-02-13 15:32:00.000,,,2025-05-30 11:21:00.000,2539.82,,2515.82,SLA Breached
VISH-25-02-0312,,2025-02-13 15:49:00.000000,12.0,2025-02-14 03:49:00.000000,2025-02-13 15:49:00.000,,,2025-04-29 11:40:00.000,1795.85,,1783.85,SLA Breached
VISH-25-02-0313,,2025-02-13 15:51:00.000000,24.0,2025-02-14 15:51:00.000000,2025-02-13 15:51:00.000,,,2025-04-29 11:41:00.000,1795.83,,1771.83,SLA Breached
VISH-25-02-0314,,2025-02-13 15:52:00.000000,24.0,2025-02-14 15:52:00.000000,2025-02-13 15:52:00.000,,,2025-02-16 20:06:00.000,76.23,,52.23,SLA Breached
VISH-25-02-0292,,2025-02-13 16:16:00.000000,24.0,2025-02-14 16:16:00.000000,2025-02-13 16:16:00.000,,,2025-02-13 00:00:00.000,,,,
VISH-25-02-0297,,2025-02-13 16:21:00.000000,24.0,2025-02-14 16:21:00.000000,2025-02-13 16:21:00.000,,,2025-02-18 00:48:00.000,104.45,,80.45,SLA Breached
VISH-25-02-0527,,2025-02-14 01:50:00.000000,12.0,2025-02-14 13:50:00.000000,2025-02-14 01:50:00.000,,,2025-05-13 13:40:00.000,2123.83,,2111.83,SLA Breached
VISH-25-02-0171,,2025-02-14 12:11:00.000000,24.0,2025-02-15 12:11:00.000000,2025-02-14 12:11:00.000,,,2025-05-24 10:29:00.000,2374.3,,2350.3,SLA Breached
VISH-25-02-0415,,2025-02-14 18:39:00.000000,24.0,2025-02-15 18:39:00.000000,2025-02-14 18:39:00.000,,,2025-02-14 18:40:00.000,0.02,,-23.98,Within SLA
VISH-25-02-0417,,2025-02-14 18:40:00.000000,12.0,2025-02-15 06:40:00.000000,2025-02-14 18:40:00.000,,,2025-04-01 12:49:00.000,1098.15,,1086.15,SLA Breached
VISH-25-02-0416,,2025-02-14 18:40:00.000000,12.0,2025-02-15 06:40:00.000000,2025-02-14 18:40:00.000,,,2025-02-14 18:40:00.000,0.0,,-12.0,Within SLA
VISH-25-02-0205,,2025-02-16 12:52:00.000000,12.0,2025-02-17 00:52:00.000000,2025-02-16 12:52:00.000,,,2025-02-20 10:19:00.000,93.45,,81.45,SLA Breached
VISH-25-02-0204,,2025-02-16 12:52:00.000000,12.0,2025-02-17 00:52:00.000000,2025-02-16 12:52:00.000,,,2025-02-16 12:52:00.000,0.0,,-12.0,Within SLA
VISH-25-02-0315,,2025-02-16 20:06:00.000000,6.0,2025-02-17 02:06:00.000000,2025-02-16 20:06:00.000,,,2025-03-08 15:55:00.000,475.82,,469.82,SLA Breached
VISH-25-02-0791,,2025-02-17 12:45:00.000000,12.0,2025-02-18 00:45:00.000000,2025-02-17 12:45:00.000,,,2025-02-17 12:45:00.000,0.0,,-12.0,Within SLA
VISH-25-02-0784,,2025-02-17 12:45:00.000000,12.0,2025-02-18 00:45:00.000000,2025-02-17 12:45:00.000,,,2025-02-17 12:45:00.000,0.0,,-12.0,Within SLA
VISH-25-02-0792,,2025-02-17 12:45:00.000000,12.0,2025-02-18 00:45:00.000000,2025-02-17 12:45:00.000,,,2025-02-17 12:45:00.000,0.0,,-12.0,Within SLA
VISH-25-02-0789,,2025-02-17 12:45:00.000000,12.0,2025-02-18 00:45:00.000000,2025-02-17 12:45:00.000,,,2025-02-17 12:45:00.000,0.0,,-12.0,Within SLA
VISH-25-02-0788,,2025-02-17 12:45:00.000000,12.0,2025-02-18 00:45:00.000000,2025-02-17 12:45:00.000,,,2025-02-17 12:45:00.000,0.0,,-12.0,Within SLA
VISH-25-02-0787,,2025-02-17 12:45:00.000000,12.0,2025-02-18 00:45:00.000000,2025-02-17 12:45:00.000,,,2025-02-17 12:45:00.000,0.0,,-12.0,Within SLA
VISH-25-02-0786,,2025-02-17 12:45:00.000000,12.0,2025-02-18 00:45:00.000000,2025-02-17 12:45:00.000,,,2025-02-17 12:45:00.000,0.0,,-12.0,Within SLA
VISH-25-02-0782,,2025-02-17 12:45:00.000000,12.0,2025-02-18 00:45:00.000000,2025-02-17 12:45:00.000,,,2025-02-17 12:45:00.000,0.0,,-12.0,Within SLA
VISH-25-02-0793,,2025-02-17 12:45:00.000000,12.0,2025-02-18 00:45:00.000000,2025-02-17 12:45:00.000,,,2025-02-17 12:45:00.000,0.0,,-12.0,Within SLA
VISH-25-02-0794,,2025-02-17 12:45:00.000000,12.0,2025-02-18 00:45:00.000000,2025-02-17 12:45:00.000,,,2025-02-17 12:46:00.000,0.02,,-11.98,Within SLA
VISH-25-02-0783,,2025-02-17 12:45:00.000000,12.0,2025-02-18 00:45:00.000000,2025-02-17 12:45:00.000,,,2025-02-17 12:45:00.000,0.0,,-12.0,Within SLA
VISH-25-02-0790,,2025-02-17 12:45:00.000000,12.0,2025-02-18 00:45:00.000000,2025-02-17 12:45:00.000,,,2025-02-17 12:45:00.000,0.0,,-12.0,Within SLA
VISH-25-02-0785,,2025-02-17 12:45:00.000000,12.0,2025-02-18 00:45:00.000000,2025-02-17 12:45:00.000,,,2025-02-17 12:45:00.000,0.0,,-12.0,Within SLA
VISH-25-02-0795,,2025-02-17 12:46:00.000000,24.0,2025-02-18 12:46:00.000000,2025-02-17 12:46:00.000,,,2025-06-22 12:38:00.000,2999.87,,2975.87,SLA Breached
VISH-25-02-0360,,2025-02-17 12:58:00.000000,12.0,2025-02-18 00:58:00.000000,2025-02-17 12:58:00.000,,,2025-04-01 12:50:00.000,1031.87,,1019.87,SLA Breached
VISH-25-02-0345,,2025-02-17 13:13:00.000000,24.0,2025-02-18 13:13:00.000000,2025-02-17 13:13:00.000,,,2025-08-19 11:27:00.000,4390.23,,4366.23,SLA Breached
VISH-25-02-0375,,2025-02-17 15:26:00.000000,6.0,2025-02-17 21:26:00.000000,2025-02-17 15:26:00.000,,,2025-02-17 15:26:00.000,0.0,,-6.0,Within SLA
VISH-25-02-0374,,2025-02-17 15:26:00.000000,6.0,2025-02-17 21:26:00.000000,2025-02-17 15:26:00.000,,,2025-02-17 15:26:00.000,0.0,,-6.0,Within SLA
VISH-25-02-0376,,2025-02-17 15:26:00.000000,6.0,2025-02-17 21:26:00.000000,2025-02-17 15:26:00.000,,,2025-05-16 11:05:00.000,2107.65,,2101.65,SLA Breached
VISH-25-02-0160,,2025-02-17 19:01:00.000000,24.0,2025-02-18 19:01:00.000000,2025-02-17 19:01:00.000,,,2025-02-23 10:21:00.000,135.33,,111.33,SLA Breached
VISH-25-02-0298,,2025-02-18 00:48:00.000000,6.0,2025-02-18 06:48:00.000000,2025-02-18 00:48:00.000,,,2025-02-22 10:40:00.000,105.87,,99.87,SLA Breached
VISH-25-02-0110,,2025-02-18 13:57:00.000000,12.0,2025-02-19 01:57:00.000000,2025-02-18 13:57:00.000,,,2025-04-29 12:01:00.000,1678.07,,1666.07,SLA Breached
VISH-25-02-0639,,2025-02-19 10:57:00.000000,24.0,2025-02-20 10:57:00.000000,2025-02-19 10:57:00.000,,,2025-02-19 10:58:00.000,0.02,,-23.98,Within SLA
VISH-25-02-0640,,2025-02-19 10:58:00.000000,12.0,2025-02-19 22:58:00.000000,2025-02-19 10:58:00.000,,,2025-03-18 15:16:00.000,652.3,,640.3,SLA Breached
VISH-25-02-0641,,2025-02-19 10:58:00.000000,4.0,2025-02-19 14:58:00.000000,2025-02-19 10:58:00.000,,,2025-04-14 11:13:00.000,1296.25,,1292.25,SLA Breached
VISH-25-02-0206,,2025-02-20 10:19:00.000000,6.0,2025-02-20 16:19:00.000000,2025-02-20 10:19:00.000,,,2025-02-20 10:19:00.000,0.0,,-6.0,Within SLA
VISH-25-02-0208,,2025-02-20 10:19:00.000000,6.0,2025-02-20 16:19:00.000000,2025-02-20 10:19:00.000,,,2025-02-20 10:19:00.000,0.0,,-6.0,Within SLA
VISH-25-02-0211,,2025-02-20 10:19:00.000000,6.0,2025-02-20 16:19:00.000000,2025-02-20 10:19:00.000,,,2025-03-12 17:57:00.000,487.63,,481.63,SLA Breached
VISH-25-02-0210,,2025-02-20 10:19:00.000000,6.0,2025-02-20 16:19:00.000000,2025-02-20 10:19:00.000,,,2025-02-20 10:19:00.000,0.0,,-6.0,Within SLA
VISH-25-02-0209,,2025-02-20 10:19:00.000000,6.0,2025-02-20 16:19:00.000000,2025-02-20 10:19:00.000,,,2025-02-20 10:19:00.000,0.0,,-6.0,Within SLA
VISH-25-02-0207,,2025-02-20 10:19:00.000000,6.0,2025-02-20 16:19:00.000000,2025-02-20 10:19:00.000,,,2025-02-20 10:19:00.000,0.0,,-6.0,Within SLA
VISH-25-02-0299,,2025-02-22 10:40:00.000000,6.0,2025-02-22 16:40:00.000000,2025-02-22 10:40:00.000,,,2025-02-22 10:40:00.000,0.0,,-6.0,Within SLA
VISH-25-02-0300,,2025-02-22 10:40:00.000000,6.0,2025-02-22 16:40:00.000000,2025-02-22 10:40:00.000,,,2025-02-22 10:40:00.000,0.0,,-6.0,Within SLA
VISH-25-02-0301,,2025-02-22 10:40:00.000000,6.0,2025-02-22 16:40:00.000000,2025-02-22 10:40:00.000,,,2025-05-12 14:42:00.000,1900.03,,1894.03,SLA Breached
VISH-25-02-0388,,2025-02-22 10:43:00.000000,6.0,2025-02-22 16:43:00.000000,2025-02-22 10:43:00.000,,,2025-02-22 10:43:00.000,0.0,,-6.0,Within SLA
VISH-25-02-0389,,2025-02-22 10:43:00.000000,6.0,2025-02-22 16:43:00.000000,2025-02-22 10:43:00.000,,,2025-02-22 10:43:00.000,0.0,,-6.0,Within SLA
VISH-25-02-0390,,2025-02-22 10:43:00.000000,6.0,2025-02-22 16:43:00.000000,2025-02-22 10:43:00.000,,,2025-03-09 13:38:00.000,362.92,,356.92,SLA Breached
VISH-25-02-0173,,2025-02-22 17:21:00.000000,24.0,2025-02-23 17:21:00.000000,2025-02-22 17:21:00.000,,,2025-02-22 17:21:00.000,0.0,,-24.0,Within SLA
VISH-25-02-0174,,2025-02-22 17:21:00.000000,24.0,2025-02-23 17:21:00.000000,2025-02-22 17:21:00.000,,,2025-04-01 11:55:00.000,906.57,,882.57,SLA Breached
VISH-25-02-0479,,2025-02-22 20:13:00.000000,24.0,2025-02-23 20:13:00.000000,2025-02-22 20:13:00.000,,,2025-09-04 10:55:00.000,4646.7,,4622.7,SLA Breached
VISH-25-02-0163,,2025-02-23 10:21:00.000000,24.0,2025-02-24 10:21:00.000000,2025-02-23 10:21:00.000,,,2025-03-20 10:33:00.000,600.2,,576.2,SLA Breached
VISH-25-02-0162,,2025-02-23 10:21:00.000000,24.0,2025-02-24 10:21:00.000000,2025-02-23 10:21:00.000,,,2025-02-23 10:21:00.000,0.0,,-24.0,Within SLA
VISH-25-02-0161,,2025-02-23 10:21:00.000000,24.0,2025-02-24 10:21:00.000000,2025-02-23 10:21:00.000,,,2025-02-23 10:21:00.000,0.0,,-24.0,Within SLA
VISH-25-02-0316,,2025-02-23 20:28:00.000000,24.0,2025-02-24 20:28:00.000000,2025-02-23 20:28:00.000,,,2025-03-12 18:05:00.000,405.62,,381.62,SLA Breached
VISH-25-02-0142,,2025-02-25 11:29:00.000000,24.0,2025-02-26 11:29:00.000000,2025-02-25 11:29:00.000,,,2025-07-02 17:31:00.000,3054.03,,3030.03,SLA Breached
VISH-25-02-0425,,2025-02-25 12:41:00.000000,24.0,2025-02-26 12:41:00.000000,2025-02-25 12:41:00.000,,,2025-05-06 11:14:00.000,1678.55,,1654.55,SLA Breached
VISH-25-02-0426,,2025-02-25 12:44:00.000000,12.0,2025-02-26 00:44:00.000000,2025-02-25 12:44:00.000,,,2025-04-15 14:46:00.000,1178.03,,1166.03,SLA Breached
VISH-25-02-0080,,2025-02-25 19:36:00.000000,12.0,2025-02-26 07:36:00.000000,2025-02-25 19:36:00.000,,,2025-02-25 19:38:00.000,0.03,,-11.97,Within SLA
VISH-25-02-0081,,2025-02-25 19:38:00.000000,6.0,2025-02-26 01:38:00.000000,2025-02-25 19:38:00.000,,,2025-04-01 12:47:00.000,833.15,,827.15,SLA Breached
VISH-25-02-0150,,2025-02-26 21:47:00.000000,12.0,2025-02-27 09:47:00.000000,2025-02-26 21:47:00.000,,,2025-06-20 10:35:00.000,2724.8,,2712.8,SLA Breached
VISH-25-02-0147,,2025-02-26 21:47:00.000000,12.0,2025-02-27 09:47:00.000000,2025-02-26 21:47:00.000,,,2025-06-20 10:35:00.000,2724.8,,2712.8,SLA Breached
VISH-25-02-0590,,2025-02-27 10:02:00.000000,24.0,2025-02-28 10:02:00.000000,2025-02-27 10:02:00.000,,,2025-05-23 11:41:00.000,2041.65,,2017.65,SLA Breached
VISH-25-02-0243,,2025-02-27 13:33:00.000000,6.0,2025-02-27 19:33:00.000000,2025-02-27 13:33:00.000,,,2025-08-06 06:21:00.000,3832.8,,3826.8,SLA Breached
VISH-25-02-0263,,2025-02-28 08:43:00.000000,24.0,2025-03-01 08:43:00.000000,2025-02-28 08:43:00.000,,,2025-03-20 10:37:00.000,481.9,,457.9,SLA Breached
VISH-25-02-0537,,2025-02-28 21:25:00.000000,6.0,2025-03-01 03:25:00.000000,2025-02-28 21:25:00.000,,,2025-07-03 19:48:00.000,2998.38,,2992.38,SLA Breached
VISH-25-02-0531,,2025-02-28 21:58:00.000000,24.0,2025-03-01 21:58:00.000000,2025-02-28 21:58:00.000,,,2025-03-17 16:12:00.000,402.23,,378.23,SLA Breached
VISH-25-03-0366,,2025-03-01 13:35:00.000000,24.0,2025-03-02 13:35:00.000000,2025-03-01 13:35:00.000,,,2025-02-13 00:00:00.000,,,,
VISH-25-03-0088,,2025-03-01 20:27:00.000000,6.0,2025-03-02 02:27:00.000000,2025-03-01 20:27:00.000,,,2025-03-08 11:59:00.000,159.53,,153.53,SLA Breached
VISH-25-03-0089,,2025-03-01 20:43:00.000000,6.0,2025-03-02 02:43:00.000000,2025-03-01 20:43:00.000,,,2025-09-04 14:33:00.000,4481.83,,4475.83,SLA Breached
VISH-25-03-0611,,2025-03-01 22:15:00.000000,24.0,2025-03-02 22:15:00.000000,2025-03-01 22:15:00.000,,,2025-03-08 12:15:00.000,158.0,,134.0,SLA Breached
VISH-25-03-0232,,2025-03-02 11:24:00.000000,12.0,2025-03-02 23:24:00.000000,2025-03-02 11:24:00.000,,,2025-03-20 10:32:00.000,431.13,,419.13,SLA Breached
VISH-25-03-0468,,2025-03-02 13:53:00.000000,24.0,2025-03-03 13:53:00.000000,2025-03-02 13:53:00.000,,,2025-04-03 11:40:00.000,765.78,,741.78,SLA Breached
VISH-25-03-0397,,2025-03-03 09:20:00.000000,24.0,2025-03-04 09:20:00.000000,2025-03-03 09:20:00.000,,,2025-05-24 10:57:00.000,1969.62,,1945.62,SLA Breached
VISH-25-03-0391,,2025-03-03 14:07:00.000000,24.0,2025-03-04 14:07:00.000000,2025-03-03 14:07:00.000,,,2025-05-17 16:23:00.000,1802.27,,1778.27,SLA Breached
VISH-25-03-0332,,2025-03-03 14:11:00.000000,24.0,2025-03-04 14:11:00.000000,2025-03-03 14:11:00.000,,,2025-06-13 12:30:00.000,2446.32,,2422.32,SLA Breached
VISH-25-03-0324,,2025-03-03 14:16:00.000000,24.0,2025-03-04 14:16:00.000000,2025-03-03 14:16:00.000,,,2025-05-17 16:22:00.000,1802.1,,1778.1,SLA Breached
VISH-25-03-0017,,2025-03-04 19:02:00.000000,24.0,2025-03-05 19:02:00.000000,2025-03-04 19:02:00.000,,,2025-03-18 10:19:00.000,327.28,,303.28,SLA Breached
VISH-25-03-0407,,2025-03-05 23:03:00.000000,6.0,2025-03-06 05:03:00.000000,2025-03-05 23:03:00.000,,,2025-03-27 11:57:00.000,516.9,,510.9,SLA Breached
VISH-25-03-0612,,2025-03-07 19:13:00.000000,24.0,2025-03-08 19:13:00.000000,2025-03-07 19:13:00.000,,,2025-08-16 13:32:00.000,3882.32,,3858.32,SLA Breached
VISH-25-03-0514,,2025-03-08 17:30:00.000000,12.0,2025-03-09 05:30:00.000000,2025-03-08 17:30:00.000,,,2025-03-17 16:07:00.000,214.62,,202.62,SLA Breached
VISH-25-03-0443,,2025-03-08 17:58:00.000000,24.0,2025-03-09 17:58:00.000000,2025-03-08 17:58:00.000,,,2025-03-10 13:53:00.000,43.92,,19.92,SLA Breached
VISH-25-03-0444,,2025-03-08 17:58:00.000000,24.0,2025-03-09 17:58:00.000000,2025-03-08 17:58:00.000,,,2025-10-06 10:50:00.000,5080.87,,5056.87,SLA Breached
VISH-25-03-0317,,2025-03-09 14:44:00.000000,12.0,2025-03-10 02:44:00.000000,2025-03-09 14:44:00.000,,,2025-06-23 13:45:00.000,2543.02,,2531.02,SLA Breached
VISH-25-03-0466,,2025-03-09 17:40:00.000000,24.0,2025-03-10 17:40:00.000000,2025-03-09 17:40:00.000,,,2025-03-20 10:43:00.000,257.05,,233.05,SLA Breached
VISH-25-03-0026,,2025-03-10 21:21:00.000000,24.0,2025-03-11 21:21:00.000000,2025-03-10 21:21:00.000,,,2025-03-17 16:14:00.000,162.88,,138.88,SLA Breached
VISH-25-03-0027,,2025-03-10 21:21:00.000000,24.0,2025-03-11 21:21:00.000000,2025-03-10 21:21:00.000,,,2025-11-30 10:40:00.000,6349.32,,6325.32,SLA Breached
VISH-25-03-0249,,2025-03-11 00:58:00.000000,12.0,2025-03-11 12:58:00.000000,2025-03-11 00:58:00.000,,,2025-03-13 18:10:00.000,65.2,,53.2,SLA Breached
VISH-25-03-0250,,2025-03-11 00:59:00.000000,24.0,2025-03-12 00:59:00.000000,2025-03-11 00:59:00.000,,,2025-03-13 18:12:00.000,65.22,,41.22,SLA Breached
VISH-25-03-0251,,2025-03-11 01:00:00.000000,24.0,2025-03-12 01:00:00.000000,2025-03-11 01:00:00.000,,,2025-12-18 14:46:00.000,6781.77,,6757.77,SLA Breached
VISH-25-03-0212,,2025-03-11 11:46:00.000000,12.0,2025-03-11 23:46:00.000000,2025-03-11 11:46:00.000,,,2025-03-20 10:42:00.000,214.93,,202.93,SLA Breached
VISH-25-03-0199,,2025-03-11 19:08:00.000000,6.0,2025-03-12 01:08:00.000000,2025-03-11 19:08:00.000,,,2025-08-08 11:50:00.000,3592.7,,3586.7,SLA Breached
VISH-25-03-0198,,2025-03-11 19:08:00.000000,6.0,2025-03-12 01:08:00.000000,2025-03-11 19:08:00.000,,,2025-03-20 10:30:00.000,207.37,,201.37,SLA Breached
VISH-25-03-0515,,2025-03-12 17:06:00.000000,12.0,2025-03-13 05:06:00.000000,2025-03-12 17:06:00.000,,,2025-05-06 11:15:00.000,1314.15,,1302.15,SLA Breached
VISH-25-03-0467,,2025-03-13 08:52:00.000000,24.0,2025-03-14 08:52:00.000000,2025-03-13 08:52:00.000,,,2025-03-08 12:03:00.000,,,,
VISH-25-03-0233,,2025-03-14 16:10:00.000000,6.0,2025-03-14 22:10:00.000000,2025-03-14 16:10:00.000,,,2025-03-16 16:10:00.000,48.0,,42.0,SLA Breached
VISH-25-03-0528,,2025-03-16 11:51:00.000000,24.0,2025-03-17 11:51:00.000000,2025-03-16 11:51:00.000,,,2025-06-25 13:36:00.000,2425.75,,2401.75,SLA Breached
VISH-25-03-0213,,2025-03-16 12:27:00.000000,6.0,2025-03-16 18:27:00.000000,2025-03-16 12:27:00.000,,,2025-04-29 11:38:00.000,1055.18,,1049.18,SLA Breached
VISH-25-03-0018,,2025-03-16 12:37:00.000000,6.0,2025-03-16 18:37:00.000000,2025-03-16 12:37:00.000,,,2025-04-15 15:02:00.000,722.42,,716.42,SLA Breached
VISH-25-03-0532,,2025-03-16 17:33:00.000000,6.0,2025-03-16 23:33:00.000000,2025-03-16 17:33:00.000,,,2025-04-01 12:33:00.000,379.0,,373.0,SLA Breached
VISH-25-03-0164,,2025-03-17 05:41:00.000000,6.0,2025-03-17 11:41:00.000000,2025-03-17 05:41:00.000,,,2025-04-21 11:17:00.000,845.6,,839.6,SLA Breached
VISH-25-03-0340,,2025-03-17 10:07:00.000000,6.0,2025-03-17 16:07:00.000000,2025-03-17 10:07:00.000,,,2025-04-29 11:57:00.000,1033.83,,1027.83,SLA Breached
VISH-25-03-0264,,2025-03-18 11:16:00.000000,24.0,2025-03-19 11:16:00.000000,2025-03-18 11:16:00.000,,,2025-03-20 10:38:00.000,47.37,,23.37,SLA Breached
VISH-25-03-0265,,2025-03-18 11:17:00.000000,12.0,2025-03-18 23:17:00.000000,2025-03-18 11:17:00.000,,,2025-04-01 12:52:00.000,337.58,,325.58,SLA Breached
VISH-25-03-0266,,2025-03-18 11:18:00.000000,24.0,2025-03-19 11:18:00.000000,2025-03-18 11:18:00.000,,,2025-07-03 19:35:00.000,2576.28,,2552.28,SLA Breached
VISH-25-03-0408,,2025-03-18 17:38:00.000000,12.0,2025-03-19 05:38:00.000000,2025-03-18 17:38:00.000,,,2025-05-06 11:28:00.000,1169.83,,1157.83,SLA Breached
VISH-25-03-0383,,2025-03-21 20:18:00.000000,12.0,2025-03-22 08:18:00.000000,2025-03-21 20:18:00.000,,,2025-01-29 18:54:00.000,,,,
VISH-25-03-0578,,2025-03-21 21:35:00.000000,6.0,2025-03-22 03:35:00.000000,2025-03-21 21:35:00.000,,,2025-04-01 12:37:00.000,255.03,,249.03,SLA Breached
VISH-25-03-0364,,2025-03-26 20:15:00.000000,6.0,2025-03-27 02:15:00.000000,2025-03-26 20:15:00.000,,,2025-07-25 04:41:00.000,2888.43,,2882.43,SLA Breached
VISH-25-03-0533,,2025-03-27 18:48:00.000000,24.0,2025-03-28 18:48:00.000000,2025-03-27 18:48:00.000,,,2025-07-02 16:18:00.000,2325.5,,2301.5,SLA Breached
VISH-25-03-0361,,2025-03-27 20:29:00.000000,12.0,2025-03-28 08:29:00.000000,2025-03-27 20:29:00.000,,,2025-04-01 12:54:00.000,112.42,,100.42,SLA Breached
VISH-25-03-0362,,2025-03-27 20:30:00.000000,24.0,2025-03-28 20:30:00.000000,2025-03-27 20:30:00.000,,,2025-08-08 11:44:00.000,3207.23,,3183.23,SLA Breached
VISH-25-03-0418,,2025-03-27 20:32:00.000000,24.0,2025-03-28 20:32:00.000000,2025-03-27 20:32:00.000,,,2025-04-01 12:55:00.000,112.38,,88.38,SLA Breached
VISH-25-03-0419,,2025-03-27 20:33:00.000000,12.0,2025-03-28 08:33:00.000000,2025-03-27 20:33:00.000,,,2025-08-08 11:43:00.000,3207.17,,3195.17,SLA Breached
VISH-25-03-0082,,2025-03-30 11:57:00.000000,24.0,2025-03-31 11:57:00.000000,2025-03-30 11:57:00.000,,,2025-05-12 14:17:00.000,1034.33,,1010.33,SLA Breached
VISH-25-03-0469,,2025-03-30 13:41:00.000000,24.0,2025-03-31 13:41:00.000000,2025-03-30 13:41:00.000,,,2025-04-07 12:35:00.000,190.9,,166.9,SLA Breached
VISH-25-03-0579,,2025-03-31 02:11:00.000000,6.0,2025-03-31 08:11:00.000000,2025-03-31 02:11:00.000,,,2025-04-01 12:40:00.000,34.48,,28.48,SLA Breached
VISH-25-03-0580,,2025-03-31 02:12:00.000000,24.0,2025-04-01 02:12:00.000000,2025-03-31 02:12:00.000,,,2025-05-10 11:42:00.000,969.5,,945.5,SLA Breached
VISH-25-03-0581,,2025-03-31 02:14:00.000000,6.0,2025-03-31 08:14:00.000000,2025-03-31 02:14:00.000,,,2025-04-14 11:13:00.000,344.98,,338.98,SLA Breached
VISH-25-03-0582,,2025-03-31 02:15:00.000000,6.0,2025-03-31 08:15:00.000000,2025-03-31 02:15:00.000,,,2025-05-06 11:25:00.000,873.17,,867.17,SLA Breached
VISH-25-04-0175,,2025-04-01 11:52:00.000000,24.0,2025-04-02 11:52:00.000000,2025-04-01 11:52:00.000,,,2025-04-02 18:11:00.000,30.32,,6.32,SLA Breached
VISH-25-04-0176,,2025-04-01 14:23:00.000000,12.0,2025-04-02 02:23:00.000000,2025-04-01 14:23:00.000,,,2025-08-19 13:58:00.000,3359.58,,3347.58,SLA Breached
VISH-25-04-0470,,2025-04-01 20:53:00.000000,24.0,2025-04-02 20:53:00.000000,2025-04-01 20:53:00.000,,,2025-04-07 12:32:00.000,135.65,,111.65,SLA Breached
VISH-25-04-0035,,2025-04-01 21:33:00.000000,6.0,2025-04-02 03:33:00.000000,2025-04-01 21:33:00.000,,,2025-04-07 12:33:00.000,135.0,,129.0,SLA Breached
VISH-25-04-0036,,2025-04-01 21:34:00.000000,4.0,2025-04-02 01:34:00.000000,2025-04-01 21:34:00.000,,,2025-04-03 11:42:00.000,38.13,,34.13,SLA Breached
VISH-25-04-0037,,2025-04-01 22:55:00.000000,4.0,2025-04-02 02:55:00.000000,2025-04-01 22:55:00.000,,,2025-04-03 11:44:00.000,36.82,,32.82,SLA Breached
VISH-25-04-0038,,2025-04-01 22:58:00.000000,24.0,2025-04-02 22:58:00.000000,2025-04-01 22:58:00.000,,,2025-06-03 15:25:00.000,1504.45,,1480.45,SLA Breached
VISH-25-04-0471,,2025-04-02 23:50:00.000000,24.0,2025-04-03 23:50:00.000000,2025-04-02 23:50:00.000,,,2025-04-30 18:03:00.000,666.22,,642.22,SLA Breached
VISH-25-04-0510,,2025-04-04 09:44:00.000000,12.0,2025-04-04 21:44:00.000000,2025-04-04 09:44:00.000,,,2025-09-10 11:06:00.000,3817.37,,3805.37,SLA Breached
VISH-25-04-0660,,2025-04-04 16:14:00.000000,24.0,2025-04-05 16:14:00.000000,2025-04-04 16:14:00.000,,,2025-04-15 14:37:00.000,262.38,,238.38,SLA Breached
VISH-25-04-0661,,2025-04-04 16:15:00.000000,24.0,2025-04-05 16:15:00.000000,2025-04-04 16:15:00.000,,,2025-04-07 12:29:00.000,68.23,,44.23,SLA Breached
VISH-25-04-0662,,2025-04-04 22:22:00.000000,4.0,2025-04-05 02:22:00.000000,2025-04-04 22:22:00.000,,,2025-04-07 12:30:00.000,62.13,,58.13,SLA Breached
VISH-25-04-0663,,2025-04-04 22:24:00.000000,4.0,2025-04-05 02:24:00.000000,2025-04-04 22:24:00.000,,,2025-04-17 14:30:00.000,304.1,,300.1,SLA Breached
VISH-25-04-0157,,2025-04-04 23:09:00.000000,24.0,2025-04-05 23:09:00.000000,2025-04-04 23:09:00.000,,,2025-05-06 10:56:00.000,755.78,,731.78,SLA Breached
VISH-25-04-0158,,2025-04-04 23:09:00.000000,24.0,2025-04-05 23:09:00.000000,2025-04-04 23:09:00.000,,,2025-05-06 11:02:00.000,755.88,,731.88,SLA Breached
VISH-25-04-0156,,2025-04-04 23:09:00.000000,24.0,2025-04-05 23:09:00.000000,2025-04-04 23:09:00.000,,,2025-05-06 10:56:00.000,755.78,,731.78,SLA Breached
VISH-25-04-0214,,2025-04-05 11:59:00.000000,24.0,2025-04-06 11:59:00.000000,2025-04-05 11:59:00.000,,,2025-05-06 11:19:00.000,743.33,,719.33,SLA Breached
VISH-25-04-0437,,2025-04-06 22:33:00.000000,12.0,2025-04-07 10:33:00.000000,2025-04-06 22:33:00.000,,,2025-05-14 15:24:00.000,904.85,,892.85,SLA Breached
VISH-25-04-0642,,2025-04-07 08:42:00.000000,12.0,2025-04-07 20:42:00.000000,2025-04-07 08:42:00.000,,,2025-04-14 11:16:00.000,170.57,,158.57,SLA Breached
VISH-25-04-0262,,2025-04-07 19:10:00.000000,12.0,2025-04-08 07:10:00.000000,2025-04-07 19:10:00.000,,,2025-02-28 08:43:00.000,,,,
VISH-25-04-0097,,2025-04-07 21:08:00.000000,12.0,2025-04-08 09:08:00.000000,2025-04-07 21:08:00.000,,,2025-04-30 20:10:00.000,551.03,,539.03,SLA Breached
VISH-25-04-0096,,2025-04-07 21:08:00.000000,12.0,2025-04-08 09:08:00.000000,2025-04-07 21:08:00.000,,,2025-04-14 10:48:00.000,157.67,,145.67,SLA Breached
VISH-25-04-0001,,2025-04-09 18:10:00.000000,24.0,2025-04-10 18:10:00.000000,2025-04-09 18:10:00.000,,,2025-04-14 10:41:00.000,112.52,,88.52,SLA Breached
VISH-25-04-0019,,2025-04-12 13:17:00.000000,24.0,2025-04-13 13:17:00.000000,2025-04-12 13:17:00.000,,,2025-05-29 11:30:00.000,1126.22,,1102.22,SLA Breached
VISH-25-04-0643,,2025-04-12 13:30:00.000000,6.0,2025-04-12 19:30:00.000000,2025-04-12 13:30:00.000,,,2025-05-21 17:09:00.000,939.65,,933.65,SLA Breached
VISH-25-04-0427,,2025-04-14 13:09:00.000000,24.0,2025-04-15 13:09:00.000000,2025-04-14 13:09:00.000,,,2025-04-28 12:29:00.000,335.33,,311.33,SLA Breached
VISH-25-04-0428,,2025-04-14 13:11:00.000000,12.0,2025-04-15 01:11:00.000000,2025-04-14 13:11:00.000,,,2025-05-15 16:37:00.000,747.43,,735.43,SLA Breached
VISH-25-04-0664,,2025-04-15 00:33:00.000000,24.0,2025-04-16 00:33:00.000000,2025-04-15 00:33:00.000,,,2025-05-12 14:00:00.000,661.45,,637.45,SLA Breached
VISH-25-04-0165,,2025-04-15 10:35:00.000000,12.0,2025-04-15 22:35:00.000000,2025-04-15 10:35:00.000,,,2025-05-06 10:57:00.000,504.37,,492.37,SLA Breached
VISH-25-04-0166,,2025-04-15 18:05:00.000000,6.0,2025-04-16 00:05:00.000000,2025-04-15 18:05:00.000,,,2025-10-03 13:30:00.000,4099.42,,4093.42,SLA Breached
VISH-25-04-0004,,2025-04-15 20:14:00.000000,6.0,2025-04-16 02:14:00.000000,2025-04-15 20:14:00.000,,,2025-07-25 11:30:00.000,2415.27,,2409.27,SLA Breached
VISH-25-04-0003,,2025-04-15 20:14:00.000000,6.0,2025-04-16 02:14:00.000000,2025-04-15 20:14:00.000,,,2025-04-23 17:04:00.000,188.83,,182.83,SLA Breached
VISH-25-04-0341,,2025-04-16 09:20:00.000000,24.0,2025-04-17 09:20:00.000000,2025-04-16 09:20:00.000,,,2025-08-08 11:48:00.000,2738.47,,2714.47,SLA Breached
VISH-25-04-0083,,2025-04-17 02:50:00.000000,12.0,2025-04-17 14:50:00.000000,2025-04-17 02:50:00.000,,,2025-05-14 12:18:00.000,657.47,,645.47,SLA Breached
VISH-25-04-0098,,2025-04-17 21:52:00.000000,6.0,2025-04-18 03:52:00.000000,2025-04-17 21:52:00.000,,,2025-05-06 10:59:00.000,445.12,,439.12,SLA Breached
VISH-25-04-0698,,2025-04-18 23:34:00.000000,24.0,2025-04-19 23:34:00.000000,2025-04-18 23:34:00.000,,,2025-05-10 11:43:00.000,516.15,,492.15,SLA Breached
VISH-25-04-0697,,2025-04-18 23:34:00.000000,24.0,2025-04-19 23:34:00.000000,2025-04-18 23:34:00.000,,,2025-04-21 11:09:00.000,59.58,,35.58,SLA Breached
VISH-25-04-0567,,2025-04-19 13:44:00.000000,24.0,2025-04-20 13:44:00.000000,2025-04-19 13:44:00.000,,,2025-04-29 12:00:00.000,238.27,,214.27,SLA Breached
VISH-25-04-0568,,2025-04-19 13:45:00.000000,12.0,2025-04-20 01:45:00.000000,2025-04-19 13:45:00.000,,,2025-05-14 13:44:00.000,599.98,,587.98,SLA Breached
VISH-25-04-0099,,2025-04-20 13:05:00.000000,24.0,2025-04-21 13:05:00.000000,2025-04-20 13:05:00.000,,,2025-04-30 18:17:00.000,245.2,,221.2,SLA Breached
VISH-25-04-0002,,2025-04-20 18:12:00.000000,24.0,2025-04-21 18:12:00.000000,2025-04-20 18:12:00.000,,,2025-04-23 17:04:00.000,70.87,,46.87,SLA Breached
VISH-25-04-0111,,2025-04-21 18:25:00.000000,12.0,2025-04-22 06:25:00.000000,2025-04-21 18:25:00.000,,,2025-04-24 11:47:00.000,65.37,,53.37,SLA Breached
VISH-25-04-0549,,2025-04-21 19:39:00.000000,6.0,2025-04-22 01:39:00.000000,2025-04-21 19:39:00.000,,,2025-05-03 10:37:00.000,278.97,,272.97,SLA Breached
VISH-25-04-0215,,2025-04-21 23:39:00.000000,12.0,2025-04-22 11:39:00.000000,2025-04-21 23:39:00.000,,,2025-06-05 12:57:00.000,1069.3,,1057.3,SLA Breached
VISH-25-04-0625,,2025-04-22 09:17:00.000000,6.0,2025-04-22 15:17:00.000000,2025-04-22 09:17:00.000,,,2025-08-30 12:16:00.000,3122.98,,3116.98,SLA Breached
VISH-25-04-0112,,2025-04-22 13:45:00.000000,6.0,2025-04-22 19:45:00.000000,2025-04-22 13:45:00.000,,,2025-04-24 11:51:00.000,46.1,,40.1,SLA Breached
VISH-25-04-0113,,2025-04-22 13:46:00.000000,24.0,2025-04-23 13:46:00.000000,2025-04-22 13:46:00.000,,,2025-04-24 11:50:00.000,46.07,,22.07,SLA Breached
VISH-25-04-0114,,2025-04-22 13:47:00.000000,24.0,2025-04-23 13:47:00.000000,2025-04-22 13:47:00.000,,,2025-04-24 11:54:00.000,46.12,,22.12,SLA Breached
VISH-25-04-0115,,2025-04-22 13:48:00.000000,24.0,2025-04-23 13:48:00.000000,2025-04-22 13:48:00.000,,,2025-04-29 12:03:00.000,166.25,,142.25,SLA Breached
VISH-25-04-0116,,2025-04-22 13:49:00.000000,12.0,2025-04-23 01:49:00.000000,2025-04-22 13:49:00.000,,,2025-05-06 11:22:00.000,333.55,,321.55,SLA Breached
VISH-25-04-0699,,2025-04-23 21:40:00.000000,24.0,2025-04-24 21:40:00.000000,2025-04-23 21:40:00.000,,,2025-06-26 17:23:00.000,1531.72,,1507.72,SLA Breached
VISH-25-04-0530,,2025-04-24 13:32:00.000000,12.0,2025-04-25 01:32:00.000000,2025-04-24 13:32:00.000,,,2025-02-28 21:58:00.000,,,,
VISH-25-04-0583,,2025-04-25 02:17:00.000000,24.0,2025-04-26 02:17:00.000000,2025-04-25 02:17:00.000,,,2025-05-24 10:53:00.000,704.6,,680.6,SLA Breached
VISH-25-04-0138,,2025-04-25 10:29:00.000000,24.0,2025-04-26 10:29:00.000000,2025-04-25 10:29:00.000,,,2025-05-12 14:05:00.000,411.6,,387.6,SLA Breached
VISH-25-04-0139,,2025-04-25 10:30:00.000000,12.0,2025-04-25 22:30:00.000000,2025-04-25 10:30:00.000,,,2025-09-23 13:39:00.000,3627.15,,3615.15,SLA Breached
VISH-25-04-0551,,2025-04-27 17:41:00.000000,6.0,2025-04-27 23:41:00.000000,2025-04-27 17:41:00.000,,,2025-05-12 14:06:00.000,356.42,,350.42,SLA Breached
VISH-25-04-0550,,2025-04-27 17:41:00.000000,24.0,2025-04-28 17:41:00.000000,2025-04-27 17:41:00.000,,,2025-05-03 10:43:00.000,137.03,,113.03,SLA Breached
VISH-25-04-0552,,2025-04-27 17:42:00.000000,24.0,2025-04-28 17:42:00.000000,2025-04-27 17:42:00.000,,,2025-05-14 14:04:00.000,404.37,,380.37,SLA Breached
VISH-25-04-0446,,2025-04-28 10:41:00.000000,24.0,2025-04-29 10:41:00.000000,2025-04-28 10:41:00.000,,,2025-05-14 13:46:00.000,387.08,,363.08,SLA Breached
VISH-25-04-0159,,2025-04-28 13:46:00.000000,24.0,2025-04-29 13:46:00.000000,2025-04-28 13:46:00.000,,,2025-02-17 19:01:00.000,,,,
VISH-25-04-0117,,2025-04-28 22:48:00.000000,12.0,2025-04-29 10:48:00.000000,2025-04-28 22:48:00.000,,,2025-05-24 10:45:00.000,611.95,,599.95,SLA Breached
VISH-25-04-0409,,2025-04-29 01:29:00.000000,12.0,2025-04-29 13:29:00.000000,2025-04-29 01:29:00.000,,,2025-05-24 10:32:00.000,609.05,,597.05,SLA Breached
VISH-25-04-0472,,2025-04-29 07:29:00.000000,24.0,2025-04-30 07:29:00.000000,2025-04-29 07:29:00.000,,,2025-04-30 18:01:00.000,34.53,,10.53,SLA Breached
VISH-25-04-0473,,2025-04-29 07:31:00.000000,6.0,2025-04-29 13:31:00.000000,2025-04-29 07:31:00.000,,,2025-04-30 18:08:00.000,34.62,,28.62,SLA Breached
VISH-25-04-0474,,2025-04-30 08:28:00.000000,24.0,2025-05-01 08:28:00.000000,2025-04-30 08:28:00.000,,,2025-05-14 13:55:00.000,341.45,,317.45,SLA Breached
VISH-25-04-0100,,2025-04-30 09:58:00.000000,24.0,2025-05-01 09:58:00.000000,2025-04-30 09:58:00.000,,,2025-06-06 17:55:00.000,895.95,,871.95,SLA Breached
VISH-25-05-0517,,2025-05-01 13:54:00.000000,12.0,2025-05-02 01:54:00.000000,2025-05-01 13:54:00.000,,,2025-05-29 11:09:00.000,669.25,,657.25,SLA Breached
VISH-25-05-0516,,2025-05-01 13:54:00.000000,12.0,2025-05-02 01:54:00.000000,2025-05-01 13:54:00.000,,,2025-05-06 11:15:00.000,117.35,,105.35,SLA Breached
VISH-25-05-0634,,2025-05-02 17:39:00.000000,6.0,2025-05-02 23:39:00.000000,2025-05-02 17:39:00.000,,,2025-07-17 06:04:00.000,1812.42,,1806.42,SLA Breached
VISH-25-05-0438,,2025-05-03 22:05:00.000000,24.0,2025-05-04 22:05:00.000000,2025-05-03 22:05:00.000,,,2025-05-14 15:24:00.000,257.32,,233.32,SLA Breached
VISH-25-05-0439,,2025-05-03 22:06:00.000000,24.0,2025-05-04 22:06:00.000000,2025-05-03 22:06:00.000,,,2025-05-14 15:23:00.000,257.28,,233.28,SLA Breached
VISH-25-05-0440,,2025-05-03 22:08:00.000000,24.0,2025-05-04 22:08:00.000000,2025-05-03 22:08:00.000,,,2025-05-10 10:45:00.000,156.62,,132.62,SLA Breached
VISH-25-05-0441,,2025-05-03 22:10:00.000000,6.0,2025-05-04 04:10:00.000000,2025-05-03 22:10:00.000,,,2025-05-21 10:55:00.000,420.75,,414.75,SLA Breached
VISH-25-05-0305,,2025-05-04 22:28:00.000000,24.0,2025-05-05 22:28:00.000000,2025-05-04 22:28:00.000,,,2025-06-30 15:04:00.000,1360.6,,1336.6,SLA Breached
VISH-25-05-0302,,2025-05-04 22:28:00.000000,24.0,2025-05-05 22:28:00.000000,2025-05-04 22:28:00.000,,,2025-06-30 15:04:00.000,1360.6,,1336.6,SLA Breached
VISH-25-05-0447,,2025-05-05 08:41:00.000000,24.0,2025-05-06 08:41:00.000000,2025-05-05 08:41:00.000,,,2025-06-14 13:02:00.000,964.35,,940.35,SLA Breached
VISH-25-05-0569,,2025-05-05 13:28:00.000000,24.0,2025-05-06 13:28:00.000000,2025-05-05 13:28:00.000,,,2025-05-14 13:50:00.000,216.37,,192.37,SLA Breached
VISH-25-05-0570,,2025-05-05 13:30:00.000000,24.0,2025-05-06 13:30:00.000000,2025-05-05 13:30:00.000,,,2025-08-04 04:42:00.000,2175.2,,2151.2,SLA Breached
VISH-25-05-0665,,2025-05-06 07:59:00.000000,12.0,2025-05-06 19:59:00.000000,2025-05-06 07:59:00.000,,,2025-05-14 13:59:00.000,198.0,,186.0,SLA Breached
VISH-25-05-0377,,2025-05-06 19:43:00.000000,24.0,2025-05-07 19:43:00.000000,2025-05-06 19:43:00.000,,,2025-05-08 19:43:00.000,48.0,,24.0,SLA Breached
VISH-25-05-0029,,2025-05-10 12:18:00.000000,24.0,2025-05-11 12:18:00.000000,2025-05-10 12:18:00.000,,,2025-08-19 13:12:00.000,2424.9,,2400.9,SLA Breached
VISH-25-05-0429,,2025-05-12 13:19:00.000000,6.0,2025-05-12 19:19:00.000000,2025-05-12 13:19:00.000,,,2025-06-03 15:36:00.000,530.28,,524.28,SLA Breached
VISH-25-05-0553,,2025-05-12 14:56:00.000000,12.0,2025-05-13 02:56:00.000000,2025-05-12 14:56:00.000,,,2025-05-29 11:53:00.000,404.95,,392.95,SLA Breached
VISH-25-05-0554,,2025-05-12 14:57:00.000000,12.0,2025-05-13 02:57:00.000000,2025-05-12 14:57:00.000,,,2025-06-03 11:03:00.000,524.1,,512.1,SLA Breached
VISH-25-05-0555,,2025-05-12 15:00:00.000000,24.0,2025-05-13 15:00:00.000000,2025-05-12 15:00:00.000,,,2025-05-29 11:07:00.000,404.12,,380.12,SLA Breached
VISH-25-05-0084,,2025-05-13 00:56:00.000000,12.0,2025-05-13 12:56:00.000000,2025-05-13 00:56:00.000,,,2025-05-29 11:31:00.000,394.58,,382.58,SLA Breached
VISH-25-05-0392,,2025-05-13 13:03:00.000000,12.0,2025-05-14 01:03:00.000000,2025-05-13 13:03:00.000,,,2025-08-23 16:19:00.000,2451.27,,2439.27,SLA Breached
VISH-25-05-0325,,2025-05-13 13:03:00.000000,12.0,2025-05-14 01:03:00.000000,2025-05-13 13:03:00.000,,,2025-06-26 17:18:00.000,1060.25,,1048.25,SLA Breached
VISH-25-05-0172,,2025-05-13 13:40:00.000000,12.0,2025-05-14 01:40:00.000000,2025-05-13 13:40:00.000,,,2025-02-22 17:21:00.000,,,,
VISH-25-05-0556,,2025-05-13 17:59:00.000000,12.0,2025-05-14 05:59:00.000000,2025-05-13 17:59:00.000,,,2025-05-15 17:59:00.000,48.0,,36.0,SLA Breached
VISH-25-05-0666,,2025-05-13 21:02:00.000000,4.0,2025-05-14 01:02:00.000000,2025-05-13 21:02:00.000,,,2025-05-24 10:40:00.000,253.63,,249.63,SLA Breached
VISH-25-05-0475,,2025-05-14 07:53:00.000000,24.0,2025-05-15 07:53:00.000000,2025-05-14 07:53:00.000,,,2025-05-14 13:53:00.000,6.0,,-18.0,Within SLA
VISH-25-05-0476,,2025-05-14 07:55:00.000000,24.0,2025-05-15 07:55:00.000000,2025-05-14 07:55:00.000,,,2025-06-03 15:41:00.000,487.77,,463.77,SLA Breached
VISH-25-05-0032,,2025-05-15 07:07:00.000000,24.0,2025-05-16 07:07:00.000000,2025-05-15 07:07:00.000,,,2025-07-03 19:53:00.000,1188.77,,1164.77,SLA Breached
VISH-25-05-0499,,2025-05-15 18:14:00.000000,6.0,2025-05-16 00:14:00.000000,2025-05-15 18:14:00.000,,,2025-06-10 11:43:00.000,617.48,,611.48,SLA Breached
VISH-25-05-0410,,2025-05-15 23:11:00.000000,12.0,2025-05-16 11:11:00.000000,2025-05-15 23:11:00.000,,,2025-05-24 10:33:00.000,203.37,,191.37,SLA Breached
VISH-25-05-0398,,2025-05-15 23:47:00.000000,24.0,2025-05-16 23:47:00.000000,2025-05-15 23:47:00.000,,,2025-05-29 11:37:00.000,323.83,,299.83,SLA Breached
VISH-25-05-0683,,2025-05-16 10:17:00.000000,24.0,2025-05-17 10:17:00.000000,2025-05-16 10:17:00.000,,,2025-06-27 10:51:00.000,1008.57,,984.57,SLA Breached
VISH-25-05-0118,,2025-05-17 02:25:00.000000,12.0,2025-05-17 14:25:00.000000,2025-05-17 02:25:00.000,,,2025-08-16 13:24:00.000,2194.98,,2182.98,SLA Breached
VISH-25-05-0411,,2025-05-17 11:16:00.000000,24.0,2025-05-18 11:16:00.000000,2025-05-17 11:16:00.000,,,2025-06-10 15:27:00.000,580.18,,556.18,SLA Breached
VISH-25-05-0584,,2025-05-18 21:12:00.000000,12.0,2025-05-19 09:12:00.000000,2025-05-18 21:12:00.000,,,2025-05-20 21:12:00.000,48.0,,36.0,SLA Breached
VISH-25-05-0442,,2025-05-19 11:45:00.000000,24.0,2025-05-20 11:45:00.000000,2025-05-19 11:45:00.000,,,2025-03-10 13:53:00.000,,,,
VISH-25-05-0040,,2025-05-19 11:56:00.000000,24.0,2025-05-20 11:56:00.000000,2025-05-19 11:56:00.000,,,2025-05-24 10:38:00.000,118.7,,94.7,SLA Breached
VISH-25-05-0041,,2025-05-19 12:00:00.000000,12.0,2025-05-20 00:00:00.000000,2025-05-19 12:00:00.000,,,2025-05-29 12:13:00.000,240.22,,228.22,SLA Breached
VISH-25-05-0675,,2025-05-20 11:01:00.000000,24.0,2025-05-21 11:01:00.000000,2025-05-20 11:01:00.000,,,2025-10-11 12:54:00.000,3457.88,,3433.88,SLA Breached
VISH-25-05-0518,,2025-05-20 15:08:00.000000,12.0,2025-05-21 03:08:00.000000,2025-05-20 15:08:00.000,,,2025-05-29 11:16:00.000,212.13,,200.13,SLA Breached
VISH-25-05-0644,,2025-05-20 18:46:00.000000,24.0,2025-05-21 18:46:00.000000,2025-05-20 18:46:00.000,,,2025-06-04 14:04:00.000,355.3,,331.3,SLA Breached
VISH-25-05-0378,,2025-05-20 20:05:00.000000,24.0,2025-05-21 20:05:00.000000,2025-05-20 20:05:00.000,,,2025-05-23 11:44:00.000,63.65,,39.65,SLA Breached
VISH-25-05-0379,,2025-05-20 20:06:00.000000,24.0,2025-05-21 20:06:00.000000,2025-05-20 20:06:00.000,,,2025-06-04 14:06:00.000,354.0,,330.0,SLA Breached
VISH-25-05-0616,,2025-05-21 17:23:00.000000,6.0,2025-05-21 23:23:00.000000,2025-05-21 17:23:00.000,,,2025-05-23 17:23:00.000,48.0,,42.0,SLA Breached
VISH-25-05-0707,,2025-05-22 08:19:00.000000,24.0,2025-05-23 08:19:00.000000,2025-05-22 08:19:00.000,,,2025-07-08 11:15:00.000,1130.93,,1106.93,SLA Breached
VISH-25-05-0591,,2025-05-23 08:21:00.000000,24.0,2025-05-24 08:21:00.000000,2025-05-23 08:21:00.000,,,2025-08-22 12:30:00.000,2188.15,,2164.15,SLA Breached
VISH-25-05-0667,,2025-05-23 10:39:00.000000,4.0,2025-05-23 14:39:00.000000,2025-05-23 10:39:00.000,,,2025-05-25 10:39:00.000,48.0,,44.0,SLA Breached
VISH-25-05-0717,,2025-05-24 11:16:00.000000,12.0,2025-05-24 23:16:00.000000,2025-05-24 11:16:00.000,,,2025-05-29 11:56:00.000,120.67,,108.67,SLA Breached
VISH-25-05-0645,,2025-05-24 11:16:00.000000,24.0,2025-05-25 11:16:00.000000,2025-05-24 11:16:00.000,,,2025-06-08 11:47:00.000,360.52,,336.52,SLA Breached
VISH-25-05-0718,,2025-05-24 12:07:00.000000,24.0,2025-05-25 12:07:00.000000,2025-05-24 12:07:00.000,,,2025-05-29 11:59:00.000,119.87,,95.87,SLA Breached
VISH-25-05-0719,,2025-05-24 12:08:00.000000,24.0,2025-05-25 12:08:00.000000,2025-05-24 12:08:00.000,,,2025-05-29 12:01:00.000,119.88,,95.88,SLA Breached
VISH-25-05-0180,,2025-05-24 19:36:00.000000,6.0,2025-05-25 01:36:00.000000,2025-05-24 19:36:00.000,,,2025-05-30 19:58:00.000,144.37,,138.37,SLA Breached
VISH-25-05-0720,,2025-05-24 22:22:00.000000,6.0,2025-05-25 04:22:00.000000,2025-05-24 22:22:00.000,,,2025-06-13 13:33:00.000,471.18,,465.18,SLA Breached
VISH-25-05-0399,,2025-05-25 11:11:00.000000,12.0,2025-05-25 23:11:00.000000,2025-05-25 11:11:00.000,,,2025-09-10 16:49:00.000,2597.63,,2585.63,SLA Breached
VISH-25-05-0042,,2025-05-25 15:59:00.000000,6.0,2025-05-25 21:59:00.000000,2025-05-25 15:59:00.000,,,2025-10-29 12:58:00.000,3764.98,,3758.98,SLA Breached
VISH-25-05-0085,,2025-05-25 17:39:00.000000,12.0,2025-05-26 05:39:00.000000,2025-05-25 17:39:00.000,,,2025-11-30 10:40:00.000,4529.02,,4517.02,SLA Breached
VISH-25-05-0565,,2025-05-26 00:14:00.000000,24.0,2025-05-27 00:14:00.000000,2025-05-26 00:14:00.000,,,2025-06-05 13:14:00.000,253.0,,229.0,SLA Breached
VISH-25-05-0020,,2025-05-26 01:35:00.000000,12.0,2025-05-26 13:35:00.000000,2025-05-26 01:35:00.000,,,2025-05-30 15:02:00.000,109.45,,97.45,SLA Breached
VISH-25-05-0614,,2025-05-26 09:21:00.000000,6.0,2025-05-26 15:21:00.000000,2025-05-26 09:21:00.000,,,2025-06-03 15:28:00.000,198.12,,192.12,SLA Breached
VISH-25-05-0412,,2025-05-26 19:24:00.000000,6.0,2025-05-27 01:24:00.000000,2025-05-26 19:24:00.000,,,2025-09-10 11:08:00.000,2559.73,,2553.73,SLA Breached
VISH-25-05-0519,,2025-05-26 21:56:00.000000,12.0,2025-05-27 09:56:00.000000,2025-05-26 21:56:00.000,,,2025-07-22 04:21:00.000,1350.42,,1338.42,SLA Breached
VISH-25-05-0022,,2025-05-27 14:49:00.000000,6.0,2025-05-27 20:49:00.000000,2025-05-27 14:49:00.000,,,2025-05-30 15:02:00.000,72.22,,66.22,SLA Breached
VISH-25-05-0024,,2025-05-27 14:49:00.000000,6.0,2025-05-27 20:49:00.000000,2025-05-27 14:49:00.000,,,2025-07-03 15:31:00.000,888.7,,882.7,SLA Breached
VISH-25-05-0023,,2025-05-27 14:49:00.000000,6.0,2025-05-27 20:49:00.000000,2025-05-27 14:49:00.000,,,2025-05-30 15:02:00.000,72.22,,66.22,SLA Breached
VISH-25-05-0021,,2025-05-27 14:49:00.000000,6.0,2025-05-27 20:49:00.000000,2025-05-27 14:49:00.000,,,2025-05-30 15:02:00.000,72.22,,66.22,SLA Breached
VISH-25-05-0808,,2025-05-28 12:30:00.000000,6.0,2025-05-28 18:30:00.000000,2025-05-28 12:30:00.000,,,2025-07-25 04:44:00.000,1384.23,,1378.23,SLA Breached
VISH-25-05-0542,,2025-05-28 21:17:00.000000,6.0,2025-05-29 03:17:00.000000,2025-05-28 21:17:00.000,,,2025-06-23 13:34:00.000,616.28,,610.28,SLA Breached
VISH-25-05-0562,,2025-05-28 21:18:00.000000,6.0,2025-05-29 03:18:00.000000,2025-05-28 21:18:00.000,,,2025-05-30 14:59:00.000,41.68,,35.68,SLA Breached
VISH-25-05-0563,,2025-05-29 11:42:00.000000,6.0,2025-05-29 17:42:00.000000,2025-05-29 11:42:00.000,,,2025-06-26 12:56:00.000,673.23,,667.23,SLA Breached
VISH-25-05-0181,,2025-05-29 20:29:00.000000,4.0,2025-05-30 00:29:00.000000,2025-05-29 20:29:00.000,,,2025-07-19 05:32:00.000,1209.05,,1205.05,SLA Breached
VISH-25-05-0380,,2025-05-30 01:56:00.000000,12.0,2025-05-30 13:56:00.000000,2025-05-30 01:56:00.000,,,2025-08-08 11:54:00.000,1689.97,,1677.97,SLA Breached
VISH-25-05-0423,,2025-05-30 13:10:00.000000,6.0,2025-05-30 19:10:00.000000,2025-05-30 13:10:00.000,,,2025-06-22 12:33:00.000,551.38,,545.38,SLA Breached
VISH-25-05-0039,,2025-05-30 21:28:00.000000,24.0,2025-05-31 21:28:00.000000,2025-05-30 21:28:00.000,,,2025-05-21 10:57:00.000,,,,
VISH-25-05-0585,,2025-05-31 13:17:00.000000,24.0,2025-06-01 13:17:00.000000,2025-05-31 13:17:00.000,,,2025-07-08 11:17:00.000,910.0,,886.0,SLA Breached
VISH-25-05-0106,,2025-05-31 13:19:00.000000,24.0,2025-06-01 13:19:00.000000,2025-05-31 13:19:00.000,,,2025-06-04 14:11:00.000,96.87,,72.87,SLA Breached
VISH-25-05-0107,,2025-05-31 13:19:00.000000,24.0,2025-06-01 13:19:00.000000,2025-05-31 13:19:00.000,,,2025-06-04 14:00:00.000,96.68,,72.68,SLA Breached
VISH-25-05-0108,,2025-05-31 13:21:00.000000,24.0,2025-06-01 13:21:00.000000,2025-05-31 13:21:00.000,,,2025-08-19 13:56:00.000,1920.58,,1896.58,SLA Breached
VISH-25-05-0500,,2025-05-31 22:06:00.000000,6.0,2025-06-01 04:06:00.000000,2025-05-31 22:06:00.000,,,2025-06-10 11:43:00.000,229.62,,223.62,SLA Breached
VISH-25-05-0501,,2025-05-31 22:06:00.000000,6.0,2025-06-01 04:06:00.000000,2025-05-31 22:06:00.000,,,2025-06-04 14:20:00.000,88.23,,82.23,SLA Breached
VISH-25-05-0502,,2025-05-31 22:11:00.000000,4.0,2025-06-01 02:11:00.000000,2025-05-31 22:11:00.000,,,2025-09-16 10:58:00.000,2580.78,,2576.78,SLA Breached
VISH-25-06-0216,,2025-06-01 11:03:00.000000,12.0,2025-06-01 23:03:00.000000,2025-06-01 11:03:00.000,,,2025-06-04 18:00:00.000,78.95,,66.95,SLA Breached
VISH-25-06-0732,,2025-06-01 16:43:00.000000,12.0,2025-06-02 04:43:00.000000,2025-06-01 16:43:00.000,,,2025-06-20 10:40:00.000,449.95,,437.95,SLA Breached
VISH-25-06-0733,,2025-06-01 16:44:00.000000,24.0,2025-06-02 16:44:00.000000,2025-06-01 16:44:00.000,,,2025-06-14 12:12:00.000,307.47,,283.47,SLA Breached
VISH-25-06-0668,,2025-06-01 17:15:00.000000,6.0,2025-06-01 23:15:00.000000,2025-06-01 17:15:00.000,,,2025-06-14 12:11:00.000,306.93,,300.93,SLA Breached
VISH-25-06-0217,,2025-06-01 18:29:00.000000,6.0,2025-06-02 00:29:00.000000,2025-06-01 18:29:00.000,,,2025-06-04 18:00:00.000,71.52,,65.52,SLA Breached
VISH-25-06-0218,,2025-06-01 18:29:00.000000,6.0,2025-06-02 00:29:00.000000,2025-06-01 18:29:00.000,,,2025-06-06 13:51:00.000,115.37,,109.37,SLA Breached
VISH-25-06-0477,,2025-06-01 19:42:00.000000,24.0,2025-06-02 19:42:00.000000,2025-06-01 19:42:00.000,,,2025-06-05 12:59:00.000,89.28,,65.28,SLA Breached
VISH-25-06-0478,,2025-06-01 19:46:00.000000,24.0,2025-06-02 19:46:00.000000,2025-06-01 19:46:00.000,,,2025-04-01 11:07:00.000,,,,
VISH-25-06-0615,,2025-06-01 21:35:00.000000,12.0,2025-06-02 09:35:00.000000,2025-06-01 21:35:00.000,,,2025-05-21 17:26:00.000,,,,
VISH-25-06-0430,,2025-06-02 14:16:00.000000,6.0,2025-06-02 20:16:00.000000,2025-06-02 14:16:00.000,,,2025-06-03 15:38:00.000,25.37,,19.37,SLA Breached
VISH-25-06-0431,,2025-06-02 14:18:00.000000,24.0,2025-06-03 14:18:00.000000,2025-06-02 14:18:00.000,,,2025-06-03 16:59:00.000,26.68,,2.68,SLA Breached
VISH-25-06-0432,,2025-06-02 14:20:00.000000,4.0,2025-06-02 18:20:00.000000,2025-06-02 14:20:00.000,,,2025-09-10 11:24:00.000,2397.07,,2393.07,SLA Breached
VISH-25-06-0333,,2025-06-03 14:16:00.000000,12.0,2025-06-04 02:16:00.000000,2025-06-03 14:16:00.000,,,2025-12-05 13:04:00.000,4438.8,,4426.8,SLA Breached
VISH-25-06-0072,,2025-06-03 21:20:00.000000,24.0,2025-06-04 21:20:00.000000,2025-06-03 21:20:00.000,,,2025-06-25 11:19:00.000,517.98,,493.98,SLA Breached
VISH-25-06-0219,,2025-06-04 19:57:00.000000,12.0,2025-06-05 07:57:00.000000,2025-06-04 19:57:00.000,,,2025-07-24 07:08:00.000,1187.18,,1175.18,SLA Breached
VISH-25-06-0566,,2025-06-04 23:09:00.000000,24.0,2025-06-05 23:09:00.000000,2025-06-04 23:09:00.000,,,2025-04-24 11:36:00.000,,,,
VISH-25-06-0101,,2025-06-05 18:40:00.000000,12.0,2025-06-06 06:40:00.000000,2025-06-05 18:40:00.000,,,2025-06-10 12:34:00.000,113.9,,101.9,SLA Breached
VISH-25-06-0102,,2025-06-05 18:41:00.000000,24.0,2025-06-06 18:41:00.000000,2025-06-05 18:41:00.000,,,2025-06-27 10:52:00.000,520.18,,496.18,SLA Breached
VISH-25-06-0646,,2025-06-05 21:32:00.000000,12.0,2025-06-06 09:32:00.000000,2025-06-05 21:32:00.000,,,2025-06-12 15:55:00.000,162.38,,150.38,SLA Breached
VISH-25-06-0148,,2025-06-06 13:18:00.000000,4.0,2025-06-06 17:18:00.000000,2025-06-06 13:18:00.000,,,2025-06-18 10:34:00.000,285.27,,281.27,SLA Breached
VISH-25-06-0151,,2025-06-06 13:18:00.000000,4.0,2025-06-06 17:18:00.000000,2025-06-06 13:18:00.000,,,2025-06-18 10:34:00.000,285.27,,281.27,SLA Breached
VISH-25-06-0149,,2025-06-06 13:23:00.000000,24.0,2025-06-07 13:23:00.000000,2025-06-06 13:23:00.000,,,2025-02-26 21:47:00.000,,,,
VISH-25-06-0152,,2025-06-06 13:23:00.000000,24.0,2025-06-07 13:23:00.000000,2025-06-06 13:23:00.000,,,2025-06-08 13:23:00.000,48.0,,24.0,SLA Breached
VISH-25-06-0033,,2025-06-07 13:37:00.000000,24.0,2025-06-08 13:37:00.000000,2025-06-07 13:37:00.000,,,2025-09-09 11:40:00.000,2254.05,,2230.05,SLA Breached
VISH-25-06-0721,,2025-06-07 14:29:00.000000,24.0,2025-06-08 14:29:00.000000,2025-06-07 14:29:00.000,,,2025-07-03 15:35:00.000,625.1,,601.1,SLA Breached
VISH-25-06-0604,,2025-06-11 12:47:00.000000,24.0,2025-06-12 12:47:00.000000,2025-06-11 12:47:00.000,,,2025-06-25 13:28:00.000,336.68,,312.68,SLA Breached
VISH-25-06-0603,,2025-06-11 12:47:00.000000,24.0,2025-06-12 12:47:00.000000,2025-06-11 12:47:00.000,,,2025-06-13 13:37:00.000,48.83,,24.83,SLA Breached
VISH-25-06-0649,,2025-06-11 18:27:00.000000,24.0,2025-06-12 18:27:00.000000,2025-06-11 18:27:00.000,,,2025-07-03 19:33:00.000,529.1,,505.1,SLA Breached
VISH-25-06-0647,,2025-06-11 18:27:00.000000,24.0,2025-06-12 18:27:00.000000,2025-06-11 18:27:00.000,,,2025-06-12 15:55:00.000,21.47,,-2.53,Within SLA
VISH-25-06-0648,,2025-06-11 18:27:00.000000,24.0,2025-06-12 18:27:00.000000,2025-06-11 18:27:00.000,,,2025-06-12 15:55:00.000,21.47,,-2.53,Within SLA
VISH-25-06-0771,,2025-06-11 21:31:00.000000,24.0,2025-06-12 21:31:00.000000,2025-06-11 21:31:00.000,,,2025-06-13 13:25:00.000,39.9,,15.9,SLA Breached
VISH-25-06-0650,,2025-06-12 08:49:00.000000,24.0,2025-06-13 08:49:00.000000,2025-06-12 08:49:00.000,,,2025-07-03 19:51:00.000,515.03,,491.03,SLA Breached
VISH-25-06-0772,,2025-06-12 10:11:00.000000,24.0,2025-06-13 10:11:00.000000,2025-06-12 10:11:00.000,,,2025-12-20 12:54:00.000,4586.72,,4562.72,SLA Breached
VISH-25-06-0669,,2025-06-12 10:12:00.000000,24.0,2025-06-13 10:12:00.000000,2025-06-12 10:12:00.000,,,2025-07-22 04:24:00.000,954.2,,930.2,SLA Breached
VISH-25-06-0631,,2025-06-12 19:32:00.000000,12.0,2025-06-13 07:32:00.000000,2025-06-12 19:32:00.000,,,2025-06-20 10:43:00.000,183.18,,171.18,SLA Breached
VISH-25-06-0632,,2025-06-12 19:34:00.000000,24.0,2025-06-13 19:34:00.000000,2025-06-12 19:34:00.000,,,2025-06-14 12:33:00.000,40.98,,16.98,SLA Breached
VISH-25-06-0633,,2025-06-12 19:36:00.000000,4.0,2025-06-12 23:36:00.000000,2025-06-12 19:36:00.000,,,2025-05-06 11:32:00.000,,,,
VISH-25-06-0448,,2025-06-13 08:36:00.000000,6.0,2025-06-13 14:36:00.000000,2025-06-13 08:36:00.000,,,2025-06-13 13:14:00.000,4.63,,-1.37,Within SLA
VISH-25-06-0449,,2025-06-13 08:37:00.000000,24.0,2025-06-14 08:37:00.000000,2025-06-13 08:37:00.000,,,2025-06-13 13:27:00.000,4.83,,-19.17,Within SLA
VISH-25-06-0450,,2025-06-13 08:39:00.000000,24.0,2025-06-14 08:39:00.000000,2025-06-13 08:39:00.000,,,2025-06-13 13:16:00.000,4.62,,-19.38,Within SLA
VISH-25-06-0451,,2025-06-13 08:40:00.000000,4.0,2025-06-13 12:40:00.000000,2025-06-13 08:40:00.000,,,2025-06-13 13:22:00.000,4.7,,0.7,SLA Breached
VISH-25-06-0452,,2025-06-13 08:42:00.000000,24.0,2025-06-14 08:42:00.000000,2025-06-13 08:42:00.000,,,2025-06-13 13:19:00.000,4.62,,-19.38,Within SLA
VISH-25-06-0453,,2025-06-13 08:43:00.000000,12.0,2025-06-13 20:43:00.000000,2025-06-13 08:43:00.000,,,2025-06-20 10:43:00.000,170.0,,158.0,SLA Breached
VISH-25-06-0454,,2025-06-13 08:57:00.000000,6.0,2025-06-13 14:57:00.000000,2025-06-13 08:57:00.000,,,2025-08-23 16:21:00.000,1711.4,,1705.4,SLA Breached
VISH-25-06-0734,,2025-06-13 14:37:00.000000,12.0,2025-06-14 02:37:00.000000,2025-06-13 14:37:00.000,,,2026-03-03 10:19:00.000,6307.7,,6295.7,SLA Breached
VISH-25-06-0605,,2025-06-15 12:41:00.000000,24.0,2025-06-16 12:41:00.000000,2025-06-15 12:41:00.000,,,2025-07-25 11:34:00.000,958.88,,934.88,SLA Breached
VISH-25-06-0529,,2025-06-18 09:29:00.000000,24.0,2025-06-19 09:29:00.000000,2025-06-18 09:29:00.000,,,2025-05-12 14:08:00.000,,,,
VISH-25-06-0574,,2025-06-18 12:07:00.000000,12.0,2025-06-19 00:07:00.000000,2025-06-18 12:07:00.000,,,2025-07-02 17:27:00.000,341.33,,329.33,SLA Breached
VISH-25-06-0564,,2025-06-19 13:37:00.000000,6.0,2025-06-19 19:37:00.000000,2025-06-19 13:37:00.000,,,2025-05-31 16:17:00.000,,,,
VISH-25-06-0722,,2025-06-20 11:53:00.000000,12.0,2025-06-20 23:53:00.000000,2025-06-20 11:53:00.000,,,2025-11-25 11:25:00.000,3791.53,,3779.53,SLA Breached
VISH-25-06-0723,,2025-06-20 11:57:00.000000,24.0,2025-06-21 11:57:00.000000,2025-06-20 11:57:00.000,,,2025-09-20 12:45:00.000,2208.8,,2184.8,SLA Breached
VISH-25-06-0796,,2025-06-20 12:14:00.000000,24.0,2025-06-21 12:14:00.000000,2025-06-20 12:14:00.000,,,2025-07-17 06:06:00.000,641.87,,617.87,SLA Breached
VISH-25-06-0543,,2025-06-21 10:52:00.000000,24.0,2025-06-22 10:52:00.000000,2025-06-21 10:52:00.000,,,2025-08-22 12:22:00.000,1489.5,,1465.5,SLA Breached
VISH-25-06-0544,,2025-06-21 10:54:00.000000,6.0,2025-06-21 16:54:00.000000,2025-06-21 10:54:00.000,,,2025-07-17 06:03:00.000,619.15,,613.15,SLA Breached
VISH-25-06-0575,,2025-06-21 12:54:00.000000,24.0,2025-06-22 12:54:00.000000,2025-06-21 12:54:00.000,,,2025-07-19 05:40:00.000,664.77,,640.77,SLA Breached
VISH-25-06-0143,,2025-06-21 14:14:00.000000,24.0,2025-06-22 14:14:00.000000,2025-06-21 14:14:00.000,,,2025-07-08 11:11:00.000,404.95,,380.95,SLA Breached
VISH-25-06-0381,,2025-06-21 14:19:00.000000,24.0,2025-06-22 14:19:00.000000,2025-06-21 14:19:00.000,,,2025-10-31 12:04:00.000,3165.75,,3141.75,SLA Breached
VISH-25-06-0318,,2025-06-21 14:54:00.000000,12.0,2025-06-22 02:54:00.000000,2025-06-21 14:54:00.000,,,2025-09-19 13:58:00.000,2159.07,,2147.07,SLA Breached
VISH-25-06-0424,,2025-06-21 16:44:00.000000,24.0,2025-06-22 16:44:00.000000,2025-06-21 16:44:00.000,,,2025-02-25 12:41:00.000,,,,
VISH-25-06-0073,,2025-06-22 07:38:00.000000,24.0,2025-06-23 07:38:00.000000,2025-06-22 07:38:00.000,,,2026-01-30 16:36:00.000,5336.97,,5312.97,SLA Breached
VISH-25-06-0804,,2025-06-22 14:05:00.000000,12.0,2025-06-23 02:05:00.000000,2025-06-22 14:05:00.000,,,2025-02-13 04:12:00.000,,,,
VISH-25-06-0684,,2025-06-22 19:10:00.000000,24.0,2025-06-23 19:10:00.000000,2025-06-22 19:10:00.000,,,2025-07-25 04:42:00.000,777.53,,753.53,SLA Breached
VISH-25-06-0103,,2025-06-23 12:06:00.000000,24.0,2025-06-24 12:06:00.000000,2025-06-23 12:06:00.000,,,2025-07-04 13:34:00.000,265.47,,241.47,SLA Breached
VISH-25-06-0700,,2025-06-23 14:48:00.000000,6.0,2025-06-23 20:48:00.000000,2025-06-23 14:48:00.000,,,2025-07-02 11:03:00.000,212.25,,206.25,SLA Breached
VISH-25-06-0220,,2025-06-23 22:36:00.000000,12.0,2025-06-24 10:36:00.000000,2025-06-23 22:36:00.000,,,2025-07-25 04:38:00.000,750.03,,738.03,SLA Breached
VISH-25-06-0701,,2025-06-24 12:10:00.000000,24.0,2025-06-25 12:10:00.000000,2025-06-24 12:10:00.000,,,2025-08-19 13:14:00.000,1345.07,,1321.07,SLA Breached
VISH-25-06-0326,,2025-06-26 10:18:00.000000,6.0,2025-06-26 16:18:00.000000,2025-06-26 10:18:00.000,,,2025-08-16 13:15:00.000,1226.95,,1220.95,SLA Breached
VISH-25-06-0716,,2025-06-26 16:49:00.000000,6.0,2025-06-26 22:49:00.000000,2025-06-26 16:49:00.000,,,2025-05-29 11:11:00.000,,,,
VISH-25-06-0303,,2025-06-28 11:16:00.000000,24.0,2025-06-29 11:16:00.000000,2025-06-28 11:16:00.000,,,2025-06-30 11:16:00.000,48.0,,24.0,SLA Breached
VISH-25-06-0306,,2025-06-28 11:16:00.000000,24.0,2025-06-29 11:16:00.000000,2025-06-28 11:16:00.000,,,2025-06-30 11:16:00.000,48.0,,24.0,SLA Breached
VISH-25-06-0144,,2025-06-28 17:47:00.000000,24.0,2025-06-29 17:47:00.000000,2025-06-28 17:47:00.000,,,2025-09-10 11:18:00.000,1769.52,,1745.52,SLA Breached
VISH-25-06-0385,,2025-06-29 10:32:00.000000,12.0,2025-06-29 22:32:00.000000,2025-06-29 10:32:00.000,,,2025-07-03 19:41:00.000,105.15,,93.15,SLA Breached
VISH-25-06-0386,,2025-06-29 10:35:00.000000,24.0,2025-06-30 10:35:00.000000,2025-06-29 10:35:00.000,,,2025-09-16 11:10:00.000,1896.58,,1872.58,SLA Breached
VISH-25-06-0696,,2025-06-29 12:11:00.000000,6.0,2025-06-29 18:11:00.000000,2025-06-29 12:11:00.000,,,2025-04-21 11:09:00.000,,,,
VISH-25-06-0025,,2025-06-30 19:42:00.000000,24.0,2025-07-01 19:42:00.000000,2025-06-30 19:42:00.000,,,2025-03-17 16:14:00.000,,,,
VISH-25-06-0534,,2025-06-30 20:01:00.000000,24.0,2025-07-01 20:01:00.000000,2025-06-30 20:01:00.000,,,2025-08-04 04:41:00.000,824.67,,800.67,SLA Breached
VISH-25-06-0651,,2025-06-30 23:48:00.000000,24.0,2025-07-01 23:48:00.000000,2025-06-30 23:48:00.000,,,2025-07-03 19:38:00.000,67.83,,43.83,SLA Breached
VISH-25-07-0267,,2025-07-01 09:34:00.000000,24.0,2025-07-02 09:34:00.000000,2025-07-01 09:34:00.000,,,2025-08-19 13:16:00.000,1179.7,,1155.7,SLA Breached
VISH-25-07-0538,,2025-07-01 14:52:00.000000,24.0,2025-07-02 14:52:00.000000,2025-07-01 14:52:00.000,,,2025-10-27 11:26:00.000,2828.57,,2804.57,SLA Breached
VISH-25-07-0652,,2025-07-02 00:12:00.000000,24.0,2025-07-03 00:12:00.000000,2025-07-02 00:12:00.000,,,2025-07-17 06:01:00.000,365.82,,341.82,SLA Breached
VISH-25-07-0104,,2025-07-02 01:11:00.000000,24.0,2025-07-03 01:11:00.000000,2025-07-02 01:11:00.000,,,2025-07-04 14:00:00.000,60.82,,36.82,SLA Breached
VISH-25-07-0105,,2025-07-02 01:12:00.000000,24.0,2025-07-03 01:12:00.000000,2025-07-02 01:12:00.000,,,2025-06-04 14:11:00.000,,,,
VISH-25-07-0797,,2025-07-02 18:26:00.000000,12.0,2025-07-03 06:26:00.000000,2025-07-02 18:26:00.000,,,2025-10-27 13:01:00.000,2802.58,,2790.58,SLA Breached
VISH-25-07-0304,,2025-07-02 23:48:00.000000,24.0,2025-07-03 23:48:00.000000,2025-07-02 23:48:00.000,,,2025-05-12 14:42:00.000,,,,
VISH-25-07-0307,,2025-07-02 23:48:00.000000,24.0,2025-07-03 23:48:00.000000,2025-07-02 23:48:00.000,,,2025-08-19 13:38:00.000,1141.83,,1117.83,SLA Breached
VISH-25-07-0708,,2025-07-04 20:37:00.000000,24.0,2025-07-05 20:37:00.000000,2025-07-04 20:37:00.000,,,2025-08-08 06:47:00.000,826.17,,802.17,SLA Breached
VISH-25-07-0653,,2025-07-06 09:57:00.000000,24.0,2025-07-07 09:57:00.000000,2025-07-06 09:57:00.000,,,2025-12-12 13:30:00.000,3819.55,,3795.55,SLA Breached
VISH-25-07-0268,,2025-07-06 10:48:00.000000,24.0,2025-07-07 10:48:00.000000,2025-07-06 10:48:00.000,,,2025-07-17 06:05:00.000,259.28,,235.28,SLA Breached
VISH-25-07-0269,,2025-07-06 10:50:00.000000,12.0,2025-07-06 22:50:00.000000,2025-07-06 10:50:00.000,,,2025-07-25 11:32:00.000,456.7,,444.7,SLA Breached
VISH-25-07-0841,,2025-07-06 11:03:00.000000,24.0,2025-07-07 11:03:00.000000,2025-07-06 11:03:00.000,,,2025-07-07 13:30:00.000,26.45,,2.45,SLA Breached
VISH-25-07-0842,,2025-07-06 11:05:00.000000,24.0,2025-07-07 11:05:00.000000,2025-07-06 11:05:00.000,,,2025-07-07 13:31:00.000,26.43,,2.43,SLA Breached
VISH-25-07-0843,,2025-07-06 11:06:00.000000,24.0,2025-07-07 11:06:00.000000,2025-07-06 11:06:00.000,,,2025-07-19 05:33:00.000,306.45,,282.45,SLA Breached
VISH-25-07-0586,,2025-07-06 21:55:00.000000,24.0,2025-07-07 21:55:00.000000,2025-07-06 21:55:00.000,,,2025-08-22 12:39:00.000,1118.73,,1094.73,SLA Breached
VISH-25-07-0606,,2025-07-07 17:35:00.000000,24.0,2025-07-08 17:35:00.000000,2025-07-07 17:35:00.000,,,2025-07-30 04:40:00.000,539.08,,515.08,SLA Breached
VISH-25-07-0221,,2025-07-07 22:18:00.000000,12.0,2025-07-08 10:18:00.000000,2025-07-07 22:18:00.000,,,2025-08-16 13:33:00.000,951.25,,939.25,SLA Breached
VISH-25-07-0635,,2025-07-08 07:12:00.000000,12.0,2025-07-08 19:12:00.000000,2025-07-08 07:12:00.000,,,2025-08-08 11:52:00.000,748.67,,736.67,SLA Breached
VISH-25-07-0850,,2025-07-10 18:29:00.000000,6.0,2025-07-11 00:29:00.000000,2025-07-10 18:29:00.000,,,2025-08-02 08:06:00.000,541.62,,535.62,SLA Breached
VISH-25-07-0576,,2025-07-10 19:57:00.000000,6.0,2025-07-11 01:57:00.000000,2025-07-10 19:57:00.000,,,2025-11-25 11:32:00.000,3303.58,,3297.58,SLA Breached
VISH-25-07-0005,,2025-07-15 13:25:00.000000,6.0,2025-07-15 19:25:00.000000,2025-07-15 13:25:00.000,,,2025-07-19 05:36:00.000,88.18,,82.18,SLA Breached
VISH-25-07-0270,,2025-07-15 13:37:00.000000,6.0,2025-07-15 19:37:00.000000,2025-07-15 13:37:00.000,,,2025-09-01 14:23:00.000,1152.77,,1146.77,SLA Breached
VISH-25-07-0809,,2025-07-15 14:38:00.000000,12.0,2025-07-16 02:38:00.000000,2025-07-15 14:38:00.000,,,2025-07-19 05:42:00.000,87.07,,75.07,SLA Breached
VISH-25-07-0810,,2025-07-15 14:39:00.000000,24.0,2025-07-16 14:39:00.000000,2025-07-15 14:39:00.000,,,2025-07-25 11:29:00.000,236.83,,212.83,SLA Breached
VISH-25-07-0811,,2025-07-15 14:40:00.000000,24.0,2025-07-16 14:40:00.000000,2025-07-15 14:40:00.000,,,2025-10-23 11:15:00.000,2396.58,,2372.58,SLA Breached
VISH-25-07-0006,,2025-07-15 15:53:00.000000,6.0,2025-07-15 21:53:00.000000,2025-07-15 15:53:00.000,,,2025-10-04 10:54:00.000,1939.02,,1933.02,SLA Breached
VISH-25-07-0545,,2025-07-15 17:26:00.000000,12.0,2025-07-16 05:26:00.000000,2025-07-15 17:26:00.000,,,2025-10-23 13:10:00.000,2395.73,,2383.73,SLA Breached
VISH-25-07-0346,,2025-07-16 06:04:00.000000,24.0,2025-07-17 06:04:00.000000,2025-07-16 06:04:00.000,,,2025-07-19 05:34:00.000,71.5,,47.5,SLA Breached
VISH-25-07-0347,,2025-07-16 06:06:00.000000,24.0,2025-07-17 06:06:00.000000,2025-07-16 06:06:00.000,,,2025-08-02 08:07:00.000,410.02,,386.02,SLA Breached
VISH-25-07-0617,,2025-07-16 12:21:00.000000,6.0,2025-07-16 18:21:00.000000,2025-07-16 12:21:00.000,,,2025-07-18 12:21:00.000,48.0,,42.0,SLA Breached
VISH-25-07-0844,,2025-07-16 13:37:00.000000,6.0,2025-07-16 19:37:00.000000,2025-07-16 13:37:00.000,,,2025-07-25 11:27:00.000,213.83,,207.83,SLA Breached
VISH-25-07-0845,,2025-07-16 13:40:00.000000,6.0,2025-07-16 19:40:00.000000,2025-07-16 13:40:00.000,,,2025-09-01 14:24:00.000,1128.73,,1122.73,SLA Breached
VISH-25-07-0820,,2025-07-16 17:40:00.000000,12.0,2025-07-17 05:40:00.000000,2025-07-16 17:40:00.000,,,2025-08-22 12:34:00.000,882.9,,870.9,SLA Breached
VISH-25-07-0821,,2025-07-16 17:40:00.000000,24.0,2025-07-17 17:40:00.000000,2025-07-16 17:40:00.000,,,2025-07-23 07:17:00.000,157.62,,133.62,SLA Breached
VISH-25-07-0182,,2025-07-17 15:06:00.000000,24.0,2025-07-18 15:06:00.000000,2025-07-17 15:06:00.000,,,2025-07-24 07:02:00.000,159.93,,135.93,SLA Breached
VISH-25-07-0183,,2025-07-17 16:22:00.000000,4.0,2025-07-17 20:22:00.000000,2025-07-17 16:22:00.000,,,2025-07-25 04:41:00.000,180.32,,176.32,SLA Breached
VISH-25-07-0858,,2025-07-18 14:30:00.000000,12.0,2025-07-19 02:30:00.000000,2025-07-18 14:30:00.000,,,2025-08-19 11:01:00.000,764.52,,752.52,SLA Breached
VISH-25-07-0520,,2025-07-19 06:32:00.000000,6.0,2025-07-19 12:32:00.000000,2025-07-19 06:32:00.000,,,2025-08-22 12:35:00.000,822.05,,816.05,SLA Breached
VISH-25-07-0365,,2025-07-19 10:49:00.000000,24.0,2025-07-20 10:49:00.000000,2025-07-19 10:49:00.000,,,2025-03-08 11:54:00.000,,,,
VISH-25-07-0670,,2025-07-19 13:41:00.000000,24.0,2025-07-20 13:41:00.000000,2025-07-19 13:41:00.000,,,2025-07-21 13:41:00.000,48.0,,24.0,SLA Breached
VISH-25-07-0822,,2025-07-19 13:57:00.000000,6.0,2025-07-19 19:57:00.000000,2025-07-19 13:57:00.000,,,2025-07-21 13:57:00.000,48.0,,42.0,SLA Breached
VISH-25-07-0244,,2025-07-20 12:54:00.000000,12.0,2025-07-21 00:54:00.000000,2025-07-20 12:54:00.000,,,2025-08-26 11:49:00.000,886.92,,874.92,SLA Breached
VISH-25-07-0348,,2025-07-20 19:30:00.000000,24.0,2025-07-21 19:30:00.000000,2025-07-20 19:30:00.000,,,2025-11-25 13:27:00.000,3065.95,,3041.95,SLA Breached
VISH-25-07-0778,,2025-07-21 11:54:00.000000,6.0,2025-07-21 17:54:00.000000,2025-07-21 11:54:00.000,,,2025-11-26 13:40:00.000,3073.77,,3067.77,SLA Breached
VISH-25-07-0685,,2025-07-21 15:00:00.000000,6.0,2025-07-21 21:00:00.000000,2025-07-21 15:00:00.000,,,2025-09-06 13:09:00.000,1126.15,,1120.15,SLA Breached
VISH-25-07-0184,,2025-07-22 13:35:00.000000,24.0,2025-07-23 13:35:00.000000,2025-07-22 13:35:00.000,,,2025-09-23 13:42:00.000,1512.12,,1488.12,SLA Breached
VISH-25-07-0455,,2025-07-27 08:56:00.000000,4.0,2025-07-27 12:56:00.000000,2025-07-27 08:56:00.000,,,2025-08-30 12:19:00.000,819.38,,815.38,SLA Breached
VISH-25-07-0222,,2025-07-29 04:36:00.000000,6.0,2025-07-29 10:36:00.000000,2025-07-29 04:36:00.000,,,2025-08-16 13:25:00.000,440.82,,434.82,SLA Breached
VISH-25-07-0420,,2025-07-29 11:01:00.000000,24.0,2025-07-30 11:01:00.000000,2025-07-29 11:01:00.000,,,2025-08-26 13:56:00.000,674.92,,650.92,SLA Breached
VISH-25-07-0607,,2025-07-29 17:14:00.000000,12.0,2025-07-30 05:14:00.000000,2025-07-29 17:14:00.000,,,2025-08-08 11:52:00.000,234.63,,222.63,SLA Breached
VISH-25-07-0608,,2025-07-29 17:16:00.000000,12.0,2025-07-30 05:16:00.000000,2025-07-29 17:16:00.000,,,2025-10-04 14:54:00.000,1605.63,,1593.63,SLA Breached
VISH-25-07-0636,,2025-07-30 00:07:00.000000,12.0,2025-07-30 12:07:00.000000,2025-07-30 00:07:00.000,,,2025-08-08 11:46:00.000,227.65,,215.65,SLA Breached
VISH-25-07-0613,,2025-07-30 09:49:00.000000,6.0,2025-07-30 15:49:00.000000,2025-07-30 09:49:00.000,,,2025-05-29 12:20:00.000,,,,
VISH-25-07-0200,,2025-07-30 12:17:00.000000,6.0,2025-07-30 18:17:00.000000,2025-07-30 12:17:00.000,,,2026-03-09 12:30:00.000,5328.22,,5322.22,SLA Breached
VISH-25-07-0030,,2025-07-30 17:08:00.000000,24.0,2025-07-31 17:08:00.000000,2025-07-30 17:08:00.000,,,2025-08-22 12:37:00.000,547.48,,523.48,SLA Breached
VISH-25-07-0851,,2025-07-30 18:39:00.000000,24.0,2025-07-31 18:39:00.000000,2025-07-30 18:39:00.000,,,2025-08-19 13:17:00.000,474.63,,450.63,SLA Breached
VISH-25-07-0874,,2025-07-30 18:59:00.000000,12.0,2025-07-31 06:59:00.000000,2025-07-30 18:59:00.000,,,2025-09-20 12:47:00.000,1241.8,,1229.8,SLA Breached
VISH-25-07-0337,,2025-07-31 09:00:00.000000,6.0,2025-07-31 15:00:00.000000,2025-07-31 09:00:00.000,,,2025-08-30 15:19:00.000,726.32,,720.32,SLA Breached
VISH-25-07-0702,,2025-07-31 14:53:00.000000,24.0,2025-08-01 14:53:00.000000,2025-07-31 14:53:00.000,,,2026-02-10 15:38:00.000,4656.75,,4632.75,SLA Breached
VISH-25-07-0865,,2025-07-31 15:30:00.000000,12.0,2025-08-01 03:30:00.000000,2025-07-31 15:30:00.000,,,2025-11-03 11:47:00.000,2276.28,,2264.28,SLA Breached
VISH-25-08-0342,,2025-08-01 05:28:00.000000,12.0,2025-08-01 17:28:00.000000,2025-08-01 05:28:00.000,,,2025-09-29 12:29:00.000,1423.02,,1411.02,SLA Breached
VISH-25-08-0308,,2025-08-02 05:08:00.000000,12.0,2025-08-02 17:08:00.000000,2025-08-02 05:08:00.000,,,2025-10-07 11:25:00.000,1590.28,,1578.28,SLA Breached
VISH-25-08-0223,,2025-08-02 05:55:00.000000,6.0,2025-08-02 11:55:00.000000,2025-08-02 05:55:00.000,,,2025-08-04 05:55:00.000,48.0,,42.0,SLA Breached
VISH-25-08-0852,,2025-08-02 09:08:00.000000,6.0,2025-08-02 15:08:00.000000,2025-08-02 09:08:00.000,,,2025-09-26 10:26:00.000,1321.3,,1315.3,SLA Breached
VISH-25-08-0126,,2025-08-02 10:37:00.000000,12.0,2025-08-02 22:37:00.000000,2025-08-02 10:37:00.000,,,2025-09-05 13:47:00.000,819.17,,807.17,SLA Breached
VISH-25-08-0571,,2025-08-02 16:39:00.000000,12.0,2025-08-03 04:39:00.000000,2025-08-02 16:39:00.000,,,2025-08-04 04:42:00.000,36.05,,24.05,SLA Breached
VISH-25-08-0119,,2025-08-02 16:40:00.000000,12.0,2025-08-03 04:40:00.000000,2025-08-02 16:40:00.000,,,2025-08-19 13:41:00.000,405.02,,393.02,SLA Breached
VISH-25-08-0572,,2025-08-02 16:40:00.000000,24.0,2025-08-03 16:40:00.000000,2025-08-02 16:40:00.000,,,2025-08-16 13:23:00.000,332.72,,308.72,SLA Breached
VISH-25-08-0573,,2025-08-02 16:41:00.000000,24.0,2025-08-03 16:41:00.000000,2025-08-02 16:41:00.000,,,2025-06-21 10:51:00.000,,,,
VISH-25-08-0120,,2025-08-02 16:42:00.000000,24.0,2025-08-03 16:42:00.000000,2025-08-02 16:42:00.000,,,2025-08-16 13:16:00.000,332.57,,308.57,SLA Breached
VISH-25-08-0363,,2025-08-03 07:27:00.000000,24.0,2025-08-04 07:27:00.000000,2025-08-03 07:27:00.000,,,2025-04-01 11:25:00.000,,,,
VISH-25-08-0755,,2025-08-03 08:28:00.000000,12.0,2025-08-03 20:28:00.000000,2025-08-03 08:28:00.000,,,2025-08-19 13:06:00.000,388.63,,376.63,SLA Breached
VISH-25-08-0535,,2025-08-04 04:02:00.000000,24.0,2025-08-05 04:02:00.000000,2025-08-04 04:02:00.000,,,2025-08-19 13:34:00.000,369.53,,345.53,SLA Breached
VISH-25-08-0536,,2025-08-04 04:03:00.000000,24.0,2025-08-05 04:03:00.000000,2025-08-04 04:03:00.000,,,2025-02-28 21:25:00.000,,,,
VISH-25-08-0637,,2025-08-04 17:59:00.000000,4.0,2025-08-04 21:59:00.000000,2025-08-04 17:59:00.000,,,2025-08-16 13:20:00.000,283.35,,279.35,SLA Breached
VISH-25-08-0638,,2025-08-04 18:07:00.000000,6.0,2025-08-05 00:07:00.000000,2025-08-04 18:07:00.000,,,2025-02-19 10:57:00.000,,,,
VISH-25-08-0587,,2025-08-04 18:22:00.000000,12.0,2025-08-05 06:22:00.000000,2025-08-04 18:22:00.000,,,2025-09-24 15:30:00.000,1221.13,,1209.13,SLA Breached
VISH-25-08-0034,,2025-08-05 04:39:00.000000,24.0,2025-08-06 04:39:00.000000,2025-08-05 04:39:00.000,,,2025-04-03 11:40:00.000,,,,
VISH-25-08-0779,,2025-08-05 13:54:00.000000,24.0,2025-08-06 13:54:00.000000,2025-08-05 13:54:00.000,,,2025-10-29 12:02:00.000,2038.13,,2014.13,SLA Breached
VISH-25-08-0756,,2025-08-05 20:00:00.000000,6.0,2025-08-06 02:00:00.000000,2025-08-05 20:00:00.000,,,2025-10-11 12:57:00.000,1600.95,,1594.95,SLA Breached
VISH-25-08-0709,,2025-08-06 03:19:00.000000,24.0,2025-08-07 03:19:00.000000,2025-08-06 03:19:00.000,,,2025-09-10 16:53:00.000,853.57,,829.57,SLA Breached
VISH-25-08-0109,,2025-08-06 15:51:00.000000,24.0,2025-08-07 15:51:00.000000,2025-08-06 15:51:00.000,,,2025-02-18 13:57:00.000,,,,
VISH-25-08-0177,,2025-08-06 16:34:00.000000,24.0,2025-08-07 16:34:00.000000,2025-08-06 16:34:00.000,,,2025-10-31 12:07:00.000,2059.55,,2035.55,SLA Breached
VISH-25-08-0903,,2025-08-07 09:03:00.000000,24.0,2025-08-08 09:03:00.000000,2025-08-07 09:03:00.000,,,2025-10-25 11:22:00.000,1898.32,,1874.32,SLA Breached
VISH-25-08-0121,,2025-08-09 05:25:00.000000,4.0,2025-08-09 09:25:00.000000,2025-08-09 05:25:00.000,,,2025-09-23 13:56:00.000,1088.52,,1084.52,SLA Breached
VISH-25-08-0327,,2025-08-09 05:39:00.000000,24.0,2025-08-10 05:39:00.000000,2025-08-09 05:39:00.000,,,2025-08-19 11:09:00.000,245.5,,221.5,SLA Breached
VISH-25-08-0328,,2025-08-09 05:40:00.000000,4.0,2025-08-09 09:40:00.000000,2025-08-09 05:40:00.000,,,2025-08-16 13:13:00.000,175.55,,171.55,SLA Breached
VISH-25-08-0394,,2025-08-09 05:49:00.000000,24.0,2025-08-10 05:49:00.000000,2025-08-09 05:49:00.000,,,2025-08-16 13:11:00.000,175.37,,151.37,SLA Breached
VISH-25-08-0393,,2025-08-09 05:49:00.000000,24.0,2025-08-10 05:49:00.000000,2025-08-09 05:49:00.000,,,2025-08-25 13:02:00.000,391.22,,367.22,SLA Breached
VISH-25-08-0900,,2025-08-09 10:39:00.000000,24.0,2025-08-10 10:39:00.000000,2025-08-09 10:39:00.000,,,2025-08-19 16:39:00.000,246.0,,222.0,SLA Breached
VISH-25-08-0901,,2025-08-09 10:40:00.000000,24.0,2025-08-10 10:40:00.000000,2025-08-09 10:40:00.000,,,2026-03-14 13:50:00.000,5211.17,,5187.17,SLA Breached
VISH-25-08-0153,,2025-08-09 11:09:00.000000,4.0,2025-08-09 15:09:00.000000,2025-08-09 11:09:00.000,,,2025-08-11 11:09:00.000,48.0,,44.0,SLA Breached
VISH-25-08-0154,,2025-08-09 11:54:00.000000,4.0,2025-08-09 15:54:00.000000,2025-08-09 11:54:00.000,,,2025-10-27 16:08:00.000,1900.23,,1896.23,SLA Breached
VISH-25-08-0823,,2025-08-10 11:02:00.000000,24.0,2025-08-11 11:02:00.000000,2025-08-10 11:02:00.000,,,2025-09-19 13:54:00.000,962.87,,938.87,SLA Breached
VISH-25-08-0234,,2025-08-11 09:13:00.000000,24.0,2025-08-12 09:13:00.000000,2025-08-11 09:13:00.000,,,2025-08-22 12:25:00.000,267.2,,243.2,SLA Breached
VISH-25-08-0235,,2025-08-11 20:37:00.000000,6.0,2025-08-12 02:37:00.000000,2025-08-11 20:37:00.000,,,2025-09-20 18:23:00.000,957.77,,951.77,SLA Breached
VISH-25-08-0859,,2025-08-12 18:57:00.000000,6.0,2025-08-13 00:57:00.000000,2025-08-12 18:57:00.000,,,2025-09-16 11:01:00.000,832.07,,826.07,SLA Breached
VISH-25-08-0329,,2025-08-13 20:28:00.000000,4.0,2025-08-14 00:28:00.000000,2025-08-13 20:28:00.000,,,2025-11-25 11:37:00.000,2487.15,,2483.15,SLA Breached
VISH-25-08-0395,,2025-08-13 20:29:00.000000,4.0,2025-08-14 00:29:00.000000,2025-08-13 20:29:00.000,,,2025-11-25 10:17:00.000,2485.8,,2481.8,SLA Breached
VISH-25-08-0883,,2025-08-13 20:56:00.000000,6.0,2025-08-14 02:56:00.000000,2025-08-13 20:56:00.000,,,2025-11-10 10:36:00.000,2125.67,,2119.67,SLA Breached
VISH-25-08-0521,,2025-08-17 14:43:00.000000,24.0,2025-08-18 14:43:00.000000,2025-08-17 14:43:00.000,,,2025-10-29 17:49:00.000,1755.1,,1731.1,SLA Breached
VISH-25-08-0762,,2025-08-19 18:00:00.000000,24.0,2025-08-20 18:00:00.000000,2025-08-19 18:00:00.000,,,2025-08-22 12:23:00.000,66.38,,42.38,SLA Breached
VISH-25-08-0763,,2025-08-19 18:02:00.000000,24.0,2025-08-20 18:02:00.000000,2025-08-19 18:02:00.000,,,2026-02-10 15:36:00.000,4197.57,,4173.57,SLA Breached
VISH-25-08-0764,,2025-08-19 18:03:00.000000,24.0,2025-08-20 18:03:00.000000,2025-08-19 18:03:00.000,,,2025-10-24 16:17:00.000,1582.23,,1558.23,SLA Breached
VISH-25-08-0031,,2025-08-19 20:53:00.000000,24.0,2025-08-20 20:53:00.000000,2025-08-19 20:53:00.000,,,2025-05-30 12:10:00.000,,,,
VISH-25-08-0592,,2025-08-21 14:04:00.000000,6.0,2025-08-21 20:04:00.000000,2025-08-21 14:04:00.000,,,2025-08-26 11:47:00.000,117.72,,111.72,SLA Breached
VISH-25-08-0338,,2025-08-21 21:45:00.000000,24.0,2025-08-22 21:45:00.000000,2025-08-21 21:45:00.000,,,2026-02-10 15:29:00.000,4145.73,,4121.73,SLA Breached
VISH-25-08-0456,,2025-08-22 12:44:00.000000,24.0,2025-08-23 12:44:00.000000,2025-08-22 12:44:00.000,,,2025-08-30 12:17:00.000,191.55,,167.55,SLA Breached
VISH-25-08-0457,,2025-08-22 12:45:00.000000,24.0,2025-08-23 12:45:00.000000,2025-08-22 12:45:00.000,,,2025-09-16 12:04:00.000,599.32,,575.32,SLA Breached
VISH-25-08-0458,,2025-08-23 12:48:00.000000,4.0,2025-08-23 16:48:00.000000,2025-08-23 12:48:00.000,,,2025-09-22 11:59:00.000,719.18,,715.18,SLA Breached
VISH-25-08-0245,,2025-08-23 15:39:00.000000,24.0,2025-08-24 15:39:00.000000,2025-08-23 15:39:00.000,,,2025-09-20 12:50:00.000,669.18,,645.18,SLA Breached
VISH-25-08-0421,,2025-08-24 18:47:00.000000,24.0,2025-08-25 18:47:00.000000,2025-08-24 18:47:00.000,,,2025-09-04 10:54:00.000,256.12,,232.12,SLA Breached
VISH-25-08-0522,,2025-08-24 19:54:00.000000,24.0,2025-08-25 19:54:00.000000,2025-08-24 19:54:00.000,,,2025-11-10 12:02:00.000,1864.13,,1840.13,SLA Breached
VISH-25-08-0593,,2025-08-25 08:40:00.000000,24.0,2025-08-26 08:40:00.000000,2025-08-25 08:40:00.000,,,2025-09-03 13:00:00.000,220.33,,196.33,SLA Breached
VISH-25-08-0271,,2025-08-25 10:13:00.000000,6.0,2025-08-25 16:13:00.000000,2025-08-25 10:13:00.000,,,2025-08-30 12:15:00.000,122.03,,116.03,SLA Breached
VISH-25-08-0272,,2025-08-25 10:14:00.000000,4.0,2025-08-25 14:14:00.000000,2025-08-25 10:14:00.000,,,2025-09-09 11:49:00.000,361.58,,357.58,SLA Breached
VISH-25-08-0626,,2025-08-26 06:41:00.000000,6.0,2025-08-26 12:41:00.000000,2025-08-26 06:41:00.000,,,2025-09-23 13:51:00.000,679.17,,673.17,SLA Breached
VISH-25-08-0047,,2025-08-26 20:02:00.000000,6.0,2025-08-27 02:02:00.000000,2025-08-26 20:02:00.000,,,2025-09-10 16:56:00.000,356.9,,350.9,SLA Breached
VISH-25-08-0046,,2025-08-26 20:02:00.000000,6.0,2025-08-27 02:02:00.000000,2025-08-26 20:02:00.000,,,2025-08-30 15:14:00.000,91.2,,85.2,SLA Breached
VISH-25-08-0846,,2025-08-27 13:48:00.000000,6.0,2025-08-27 19:48:00.000000,2025-08-27 13:48:00.000,,,2025-09-09 11:47:00.000,309.98,,303.98,SLA Breached
VISH-25-08-0145,,2025-08-30 13:33:00.000000,24.0,2025-08-31 13:33:00.000000,2025-08-30 13:33:00.000,,,2025-09-01 13:33:00.000,48.0,,24.0,SLA Breached
VISH-25-08-0246,,2025-08-31 20:18:00.000000,24.0,2025-09-01 20:18:00.000000,2025-08-31 20:18:00.000,,,2025-10-07 11:52:00.000,879.57,,855.57,SLA Breached
VISH-25-08-0422,,2025-08-31 21:32:00.000000,6.0,2025-09-01 03:32:00.000000,2025-08-31 21:32:00.000,,,2025-05-30 19:55:00.000,,,,
VISH-25-09-0273,,2025-09-01 06:54:00.000000,24.0,2025-09-02 06:54:00.000000,2025-09-01 06:54:00.000,,,2025-09-20 14:12:00.000,463.3,,439.3,SLA Breached
VISH-25-09-0127,,2025-09-01 07:34:00.000000,24.0,2025-09-02 07:34:00.000000,2025-09-01 07:34:00.000,,,2025-09-20 12:49:00.000,461.25,,437.25,SLA Breached
VISH-25-09-0128,,2025-09-01 07:41:00.000000,6.0,2025-09-01 13:41:00.000000,2025-09-01 07:41:00.000,,,2025-09-20 12:46:00.000,461.08,,455.08,SLA Breached
VISH-25-09-0594,,2025-09-01 08:06:00.000000,24.0,2025-09-02 08:06:00.000000,2025-09-01 08:06:00.000,,,2025-09-09 13:08:00.000,197.03,,173.03,SLA Breached
VISH-25-09-0090,,2025-09-02 13:47:00.000000,24.0,2025-09-03 13:47:00.000000,2025-09-02 13:47:00.000,,,2025-10-11 12:59:00.000,935.2,,911.2,SLA Breached
VISH-25-09-0413,,2025-09-02 19:44:00.000000,24.0,2025-09-03 19:44:00.000000,2025-09-02 19:44:00.000,,,2025-09-04 19:44:00.000,48.0,,24.0,SLA Breached
VISH-25-09-0847,,2025-09-03 09:44:00.000000,24.0,2025-09-04 09:44:00.000000,2025-09-03 09:44:00.000,,,2025-09-23 13:45:00.000,484.02,,460.02,SLA Breached
VISH-25-09-0480,,2025-09-03 10:06:00.000000,12.0,2025-09-03 22:06:00.000000,2025-09-03 10:06:00.000,,,2025-09-29 11:54:00.000,625.8,,613.8,SLA Breached
VISH-25-09-0433,,2025-09-03 13:11:00.000000,24.0,2025-09-04 13:11:00.000000,2025-09-03 13:11:00.000,,,2025-10-07 11:17:00.000,814.1,,790.1,SLA Breached
VISH-25-09-0588,,2025-09-04 10:37:00.000000,6.0,2025-09-04 16:37:00.000000,2025-09-04 10:37:00.000,,,2025-09-25 11:16:00.000,504.65,,498.65,SLA Breached
VISH-25-09-0274,,2025-09-04 16:14:00.000000,6.0,2025-09-04 22:14:00.000000,2025-09-04 16:14:00.000,,,2025-09-05 14:01:00.000,21.78,,15.78,SLA Breached
VISH-25-09-0275,,2025-09-04 16:16:00.000000,24.0,2025-09-05 16:16:00.000000,2025-09-04 16:16:00.000,,,2025-10-11 12:57:00.000,884.68,,860.68,SLA Breached
VISH-25-09-0686,,2025-09-04 16:35:00.000000,24.0,2025-09-05 16:35:00.000000,2025-09-04 16:35:00.000,,,2025-09-29 11:55:00.000,595.33,,571.33,SLA Breached
VISH-25-09-0595,,2025-09-04 18:09:00.000000,24.0,2025-09-05 18:09:00.000000,2025-09-04 18:09:00.000,,,2025-09-09 11:45:00.000,113.6,,89.6,SLA Breached
VISH-25-09-0862,,2025-09-05 20:57:00.000000,6.0,2025-09-06 02:57:00.000000,2025-09-05 20:57:00.000,,,2025-10-07 11:22:00.000,758.42,,752.42,SLA Breached
VISH-25-09-0048,,2025-09-06 09:55:00.000000,6.0,2025-09-06 15:55:00.000000,2025-09-06 09:55:00.000,,,2025-09-16 11:54:00.000,241.98,,235.98,SLA Breached
VISH-25-09-0511,,2025-09-06 12:21:00.000000,6.0,2025-09-06 18:21:00.000000,2025-09-06 12:21:00.000,,,2025-09-19 13:51:00.000,313.5,,307.5,SLA Breached
VISH-25-09-0512,,2025-09-06 12:23:00.000000,24.0,2025-09-07 12:23:00.000000,2025-09-06 12:23:00.000,,,2025-09-20 18:29:00.000,342.1,,318.1,SLA Breached
VISH-25-09-0513,,2025-09-06 12:36:00.000000,6.0,2025-09-06 18:36:00.000000,2025-09-06 12:36:00.000,,,2025-03-17 16:40:00.000,,,,
VISH-25-09-0922,,2025-09-06 14:35:00.000000,24.0,2025-09-07 14:35:00.000000,2025-09-06 14:35:00.000,,,2025-09-17 11:52:00.000,261.28,,237.28,SLA Breached
VISH-25-09-0860,,2025-09-06 15:50:00.000000,6.0,2025-09-06 21:50:00.000000,2025-09-06 15:50:00.000,,,2025-09-29 13:29:00.000,549.65,,543.65,SLA Breached
VISH-25-09-0948,,2025-09-06 19:23:00.000000,12.0,2025-09-07 07:23:00.000000,2025-09-06 19:23:00.000,,,2026-03-04 11:09:00.000,4287.77,,4275.77,SLA Breached
VISH-25-09-0596,,2025-09-07 10:54:00.000000,24.0,2025-09-08 10:54:00.000000,2025-09-07 10:54:00.000,,,2025-09-09 13:06:00.000,50.2,,26.2,SLA Breached
VISH-25-09-0597,,2025-09-07 10:55:00.000000,24.0,2025-09-08 10:55:00.000000,2025-09-07 10:55:00.000,,,2025-09-20 13:02:00.000,314.12,,290.12,SLA Breached
VISH-25-09-0875,,2025-09-07 11:15:00.000000,24.0,2025-09-08 11:15:00.000000,2025-09-07 11:15:00.000,,,2025-09-20 12:47:00.000,313.53,,289.53,SLA Breached
VISH-25-09-0876,,2025-09-07 11:16:00.000000,24.0,2025-09-08 11:16:00.000000,2025-09-07 11:16:00.000,,,2025-09-20 12:46:00.000,313.5,,289.5,SLA Breached
VISH-25-09-0877,,2025-09-07 11:19:00.000000,12.0,2025-09-07 23:19:00.000000,2025-09-07 11:19:00.000,,,2025-12-18 11:22:00.000,2448.05,,2436.05,SLA Breached
VISH-25-09-0589,,2025-09-07 18:22:00.000000,24.0,2025-09-08 18:22:00.000000,2025-09-07 18:22:00.000,,,2025-02-27 10:02:00.000,,,,
VISH-25-09-0503,,2025-09-08 22:30:00.000000,24.0,2025-09-09 22:30:00.000000,2025-09-08 22:30:00.000,,,2025-09-21 14:33:00.000,304.05,,280.05,SLA Breached
VISH-25-09-0400,,2025-09-08 23:47:00.000000,12.0,2025-09-09 11:47:00.000000,2025-09-08 23:47:00.000,,,2025-10-07 11:18:00.000,683.52,,671.52,SLA Breached
VISH-25-09-0710,,2025-09-10 08:00:00.000000,24.0,2025-09-11 08:00:00.000000,2025-09-10 08:00:00.000,,,2025-09-12 08:00:00.000,48.0,,24.0,SLA Breached
VISH-25-09-0043,,2025-09-10 21:18:00.000000,24.0,2025-09-11 21:18:00.000000,2025-09-10 21:18:00.000,,,2025-09-12 21:18:00.000,48.0,,24.0,SLA Breached
VISH-25-09-0049,,2025-09-11 20:03:00.000000,6.0,2025-09-12 02:03:00.000000,2025-09-11 20:03:00.000,,,2025-09-17 12:16:00.000,136.22,,130.22,SLA Breached
VISH-25-09-0387,,2025-09-12 10:01:00.000000,12.0,2025-09-12 22:01:00.000000,2025-09-12 10:01:00.000,,,2025-02-22 10:43:00.000,,,,
VISH-25-09-0870,,2025-09-12 10:47:00.000000,6.0,2025-09-12 16:47:00.000000,2025-09-12 10:47:00.000,,,2025-09-26 17:18:00.000,342.52,,336.52,SLA Breached
VISH-25-09-0343,,2025-09-12 22:25:00.000000,24.0,2025-09-13 22:25:00.000000,2025-09-12 22:25:00.000,,,2025-09-16 10:56:00.000,84.52,,60.52,SLA Breached
VISH-25-09-0923,,2025-09-13 12:00:00.000000,6.0,2025-09-13 18:00:00.000000,2025-09-13 12:00:00.000,,,2025-10-17 12:19:00.000,816.32,,810.32,SLA Breached
VISH-25-09-0344,,2025-09-13 12:24:00.000000,12.0,2025-09-14 00:24:00.000000,2025-09-13 12:24:00.000,,,2025-04-17 13:57:00.000,,,,
VISH-25-09-0774,,2025-09-14 20:50:00.000000,12.0,2025-09-15 08:50:00.000000,2025-09-14 20:50:00.000,,,2025-10-23 17:28:00.000,932.63,,920.63,SLA Breached
VISH-25-09-0129,,2025-09-15 09:19:00.000000,6.0,2025-09-15 15:19:00.000000,2025-09-15 09:19:00.000,,,2025-10-11 12:59:00.000,627.67,,621.67,SLA Breached
VISH-25-09-0898,,2025-09-15 10:52:00.000000,12.0,2025-09-15 22:52:00.000000,2025-09-15 10:52:00.000,,,2025-09-26 10:21:00.000,263.48,,251.48,SLA Breached
VISH-25-09-0834,,2025-09-16 15:26:00.000000,24.0,2025-09-17 15:26:00.000000,2025-09-16 15:26:00.000,,,2026-01-19 16:22:00.000,3000.93,,2976.93,SLA Breached
VISH-25-09-0050,,2025-09-16 18:08:00.000000,12.0,2025-09-17 06:08:00.000000,2025-09-16 18:08:00.000,,,2025-09-24 18:57:00.000,192.82,,180.82,SLA Breached
VISH-25-09-0824,,2025-09-17 11:44:00.000000,6.0,2025-09-17 17:44:00.000000,2025-09-17 11:44:00.000,,,2025-10-23 19:43:00.000,871.98,,865.98,SLA Breached
VISH-25-09-0871,,2025-09-17 17:43:00.000000,24.0,2025-09-18 17:43:00.000000,2025-09-17 17:43:00.000,,,2025-11-27 11:58:00.000,1698.25,,1674.25,SLA Breached
VISH-25-09-0504,,2025-09-17 23:07:00.000000,6.0,2025-09-18 05:07:00.000000,2025-09-17 23:07:00.000,,,2025-10-17 12:17:00.000,709.17,,703.17,SLA Breached
VISH-25-09-0724,,2025-09-18 11:21:00.000000,24.0,2025-09-19 11:21:00.000000,2025-09-18 11:21:00.000,,,2025-11-10 10:41:00.000,1271.33,,1247.33,SLA Breached
VISH-25-09-0236,,2025-09-18 17:47:00.000000,6.0,2025-09-18 23:47:00.000000,2025-09-18 17:47:00.000,,,2025-09-20 18:27:00.000,48.67,,42.67,SLA Breached
VISH-25-09-0237,,2025-09-18 23:19:00.000000,6.0,2025-09-19 05:19:00.000000,2025-09-18 23:19:00.000,,,2025-09-26 17:17:00.000,185.97,,179.97,SLA Breached
VISH-25-09-0319,,2025-09-19 00:47:00.000000,24.0,2025-09-20 00:47:00.000000,2025-09-19 00:47:00.000,,,2026-02-18 17:22:00.000,3664.58,,3640.58,SLA Breached
VISH-25-09-0459,,2025-09-19 12:07:00.000000,4.0,2025-09-19 16:07:00.000000,2025-09-19 12:07:00.000,,,2025-09-22 12:04:00.000,71.95,,67.95,SLA Breached
VISH-25-09-0460,,2025-09-19 12:08:00.000000,12.0,2025-09-20 00:08:00.000000,2025-09-19 12:08:00.000,,,2025-10-11 12:25:00.000,528.28,,516.28,SLA Breached
VISH-25-09-0598,,2025-09-19 20:17:00.000000,12.0,2025-09-20 08:17:00.000000,2025-09-19 20:17:00.000,,,2025-09-26 13:32:00.000,161.25,,149.25,SLA Breached
VISH-25-09-0853,,2025-09-19 21:46:00.000000,12.0,2025-09-20 09:46:00.000000,2025-09-19 21:46:00.000,,,2025-09-25 11:10:00.000,133.4,,121.4,SLA Breached
VISH-25-09-0854,,2025-09-19 21:48:00.000000,24.0,2025-09-20 21:48:00.000000,2025-09-19 21:48:00.000,,,2025-10-06 11:01:00.000,397.22,,373.22,SLA Breached
VISH-25-09-0899,,2025-09-20 11:16:00.000000,12.0,2025-09-20 23:16:00.000000,2025-09-20 11:16:00.000,,,2025-09-29 12:32:00.000,217.27,,205.27,SLA Breached
VISH-25-09-0140,,2025-09-20 11:43:00.000000,24.0,2025-09-21 11:43:00.000000,2025-09-20 11:43:00.000,,,2025-09-23 13:52:00.000,74.15,,50.15,SLA Breached
VISH-25-09-0141,,2025-09-20 11:44:00.000000,6.0,2025-09-20 17:44:00.000000,2025-09-20 11:44:00.000,,,2025-02-25 11:29:00.000,,,,
VISH-25-09-0627,,2025-09-20 19:31:00.000000,24.0,2025-09-21 19:31:00.000000,2025-09-20 19:31:00.000,,,2025-11-10 12:01:00.000,1216.5,,1192.5,SLA Breached
VISH-25-09-0185,,2025-09-21 16:02:00.000000,4.0,2025-09-21 20:02:00.000000,2025-09-21 16:02:00.000,,,2025-10-12 00:05:00.000,488.05,,484.05,SLA Breached
VISH-25-09-0186,,2025-09-21 16:03:00.000000,24.0,2025-09-22 16:03:00.000000,2025-09-21 16:03:00.000,,,2025-12-03 14:47:00.000,1750.73,,1726.73,SLA Breached
VISH-25-09-0848,,2025-09-21 18:08:00.000000,6.0,2025-09-22 00:08:00.000000,2025-09-21 18:08:00.000,,,2025-09-23 18:08:00.000,48.0,,42.0,SLA Breached
VISH-25-09-0320,,2025-09-23 00:23:00.000000,6.0,2025-09-23 06:23:00.000000,2025-09-23 00:23:00.000,,,2026-03-04 16:27:00.000,3904.07,,3898.07,SLA Breached
VISH-25-09-0122,,2025-09-23 06:57:00.000000,24.0,2025-09-24 06:57:00.000000,2025-09-23 06:57:00.000,,,2025-10-27 16:09:00.000,825.2,,801.2,SLA Breached
VISH-25-09-0599,,2025-09-23 07:40:00.000000,6.0,2025-09-23 13:40:00.000000,2025-09-23 07:40:00.000,,,2025-10-26 16:55:00.000,801.25,,795.25,SLA Breached
VISH-25-09-0045,,2025-09-23 17:26:00.000000,6.0,2025-09-23 23:26:00.000000,2025-09-23 17:26:00.000,,,2025-08-30 15:16:00.000,,,,
VISH-25-09-0051,,2025-09-23 19:30:00.000000,24.0,2025-09-24 19:30:00.000000,2025-09-23 19:30:00.000,,,2025-09-25 19:30:00.000,48.0,,24.0,SLA Breached
VISH-25-09-0747,,2025-09-23 22:26:00.000000,6.0,2025-09-24 04:26:00.000000,2025-09-23 22:26:00.000,,,2025-09-26 13:26:00.000,63.0,,57.0,SLA Breached
VISH-25-09-0748,,2025-09-23 22:27:00.000000,24.0,2025-09-24 22:27:00.000000,2025-09-23 22:27:00.000,,,2025-10-15 13:11:00.000,518.73,,494.73,SLA Breached
VISH-25-09-0775,,2025-09-25 16:50:00.000000,24.0,2025-09-26 16:50:00.000000,2025-09-25 16:50:00.000,,,2026-03-11 11:47:00.000,4002.95,,3978.95,SLA Breached
VISH-25-09-0238,,2025-09-25 17:21:00.000000,24.0,2025-09-26 17:21:00.000000,2025-09-25 17:21:00.000,,,2025-09-29 11:54:00.000,90.55,,66.55,SLA Breached
VISH-25-09-0687,,2025-09-26 00:23:00.000000,6.0,2025-09-26 06:23:00.000000,2025-09-26 00:23:00.000,,,2025-09-29 11:53:00.000,83.5,,77.5,SLA Breached
VISH-25-09-0688,,2025-09-26 01:11:00.000000,12.0,2025-09-26 13:11:00.000000,2025-09-26 01:11:00.000,,,2025-11-25 11:58:00.000,1450.78,,1438.78,SLA Breached
VISH-25-09-0239,,2025-09-26 09:35:00.000000,12.0,2025-09-26 21:35:00.000000,2025-09-26 09:35:00.000,,,2025-10-30 10:39:00.000,817.07,,805.07,SLA Breached
VISH-25-09-0481,,2025-09-26 18:30:00.000000,24.0,2025-09-27 18:30:00.000000,2025-09-26 18:30:00.000,,,2025-09-28 18:30:00.000,48.0,,24.0,SLA Breached
VISH-25-09-0505,,2025-09-27 11:22:00.000000,24.0,2025-09-28 11:22:00.000000,2025-09-27 11:22:00.000,,,2025-10-23 17:27:00.000,630.08,,606.08,SLA Breached
VISH-25-09-0831,,2025-09-27 11:57:00.000000,6.0,2025-09-27 17:57:00.000000,2025-09-27 11:57:00.000,,,2025-11-03 12:37:00.000,888.67,,882.67,SLA Breached
VISH-25-09-0832,,2025-09-27 14:22:00.000000,24.0,2025-09-28 14:22:00.000000,2025-09-27 14:22:00.000,,,2025-09-29 14:22:00.000,48.0,,24.0,SLA Breached
VISH-25-09-0861,,2025-09-27 15:02:00.000000,24.0,2025-09-28 15:02:00.000000,2025-09-27 15:02:00.000,,,2025-09-20 12:48:00.000,,,,
VISH-25-09-0485,,2025-09-28 03:02:00.000000,24.0,2025-09-29 03:02:00.000000,2025-09-28 03:02:00.000,,,2025-09-30 03:02:00.000,48.0,,24.0,SLA Breached
VISH-25-09-0483,,2025-09-28 03:02:00.000000,4.0,2025-09-28 07:02:00.000000,2025-09-28 03:02:00.000,,,2025-09-30 03:02:00.000,48.0,,44.0,SLA Breached
VISH-25-09-0484,,2025-09-28 03:02:00.000000,4.0,2025-09-28 07:02:00.000000,2025-09-28 03:02:00.000,,,2025-09-30 03:02:00.000,48.0,,44.0,SLA Breached
VISH-25-09-0482,,2025-09-28 03:02:00.000000,4.0,2025-09-28 07:02:00.000000,2025-09-28 03:02:00.000,,,2025-10-29 12:15:00.000,753.22,,749.22,SLA Breached
VISH-25-09-0486,,2025-09-28 03:03:00.000000,4.0,2025-09-28 07:03:00.000000,2025-09-28 03:03:00.000,,,2025-09-30 03:03:00.000,48.0,,44.0,SLA Breached
VISH-25-09-0487,,2025-09-28 03:03:00.000000,4.0,2025-09-28 07:03:00.000000,2025-09-28 03:03:00.000,,,2025-09-30 03:03:00.000,48.0,,44.0,SLA Breached
VISH-25-09-0488,,2025-09-28 03:05:00.000000,24.0,2025-09-29 03:05:00.000000,2025-09-28 03:05:00.000,,,2025-11-03 12:39:00.000,873.57,,849.57,SLA Breached
VISH-25-09-0052,,2025-09-28 12:30:00.000000,6.0,2025-09-28 18:30:00.000000,2025-09-28 12:30:00.000,,,2025-09-29 12:24:00.000,23.9,,17.9,SLA Breached
VISH-25-09-0053,,2025-09-28 12:30:00.000000,6.0,2025-09-28 18:30:00.000000,2025-09-28 12:30:00.000,,,2025-09-29 12:21:00.000,23.85,,17.85,SLA Breached
VISH-25-09-0054,,2025-09-28 12:30:00.000000,6.0,2025-09-28 18:30:00.000000,2025-09-28 12:30:00.000,,,2025-09-29 12:20:00.000,23.83,,17.83,SLA Breached
VISH-25-09-0055,,2025-09-28 12:31:00.000000,6.0,2025-09-28 18:31:00.000000,2025-09-28 12:31:00.000,,,2025-11-27 16:47:00.000,1444.27,,1438.27,SLA Breached
VISH-25-09-0167,,2025-09-29 06:05:00.000000,12.0,2025-09-29 18:05:00.000000,2025-09-29 06:05:00.000,,,2025-10-11 12:18:00.000,294.22,,282.22,SLA Breached
VISH-25-09-0619,,2025-09-29 12:24:00.000000,24.0,2025-09-30 12:24:00.000000,2025-09-29 12:24:00.000,,,2025-10-03 13:25:00.000,97.02,,73.02,SLA Breached
VISH-25-09-0618,,2025-09-29 12:24:00.000000,24.0,2025-09-30 12:24:00.000000,2025-09-29 12:24:00.000,,,2025-10-01 12:24:00.000,48.0,,24.0,SLA Breached
VISH-25-09-0620,,2025-09-29 12:24:00.000000,24.0,2025-09-30 12:24:00.000000,2025-09-29 12:24:00.000,,,2025-10-04 14:43:00.000,122.32,,98.32,SLA Breached
VISH-25-09-0621,,2025-09-29 12:26:00.000000,6.0,2025-09-29 18:26:00.000000,2025-09-29 12:26:00.000,,,2025-10-01 12:26:00.000,48.0,,42.0,SLA Breached
VISH-25-09-0624,,2025-09-29 12:28:00.000000,6.0,2025-09-29 18:28:00.000000,2025-09-29 12:28:00.000,,,2025-04-24 11:46:00.000,,,,
VISH-25-09-0623,,2025-09-29 12:28:00.000000,6.0,2025-09-29 18:28:00.000000,2025-09-29 12:28:00.000,,,2025-10-04 14:38:00.000,122.17,,116.17,SLA Breached
VISH-25-09-0622,,2025-09-29 12:28:00.000000,6.0,2025-09-29 18:28:00.000000,2025-09-29 12:28:00.000,,,2025-10-01 12:28:00.000,48.0,,42.0,SLA Breached
VISH-25-09-0007,,2025-09-29 16:29:00.000000,24.0,2025-09-30 16:29:00.000000,2025-09-29 16:29:00.000,,,2025-10-01 16:29:00.000,48.0,,24.0,SLA Breached
VISH-25-09-0008,,2025-09-29 16:35:00.000000,24.0,2025-09-30 16:35:00.000000,2025-09-29 16:35:00.000,,,2025-10-04 10:51:00.000,114.27,,90.27,SLA Breached
VISH-25-09-0009,,2025-09-29 16:55:00.000000,24.0,2025-09-30 16:55:00.000000,2025-09-29 16:55:00.000,,,2025-10-01 16:55:00.000,48.0,,24.0,SLA Breached
VISH-25-09-0609,,2025-09-29 17:53:00.000000,6.0,2025-09-29 23:53:00.000000,2025-09-29 17:53:00.000,,,2025-10-06 11:03:00.000,161.17,,155.17,SLA Breached
VISH-25-09-0676,,2025-09-29 22:27:00.000000,12.0,2025-09-30 10:27:00.000000,2025-09-29 22:27:00.000,,,2025-10-11 12:55:00.000,278.47,,266.47,SLA Breached
VISH-25-09-0678,,2025-09-29 22:28:00.000000,4.0,2025-09-30 02:28:00.000000,2025-09-29 22:28:00.000,,,2025-10-03 16:00:00.000,89.53,,85.53,SLA Breached
VISH-25-09-0679,,2025-09-29 22:28:00.000000,24.0,2025-09-30 22:28:00.000000,2025-09-29 22:28:00.000,,,2025-10-08 10:24:00.000,203.93,,179.93,SLA Breached
VISH-25-09-0677,,2025-09-29 22:28:00.000000,12.0,2025-09-30 10:28:00.000000,2025-09-29 22:28:00.000,,,2025-10-04 10:50:00.000,108.37,,96.37,SLA Breached
VISH-25-10-0933,,2025-10-01 16:38:00.000000,6.0,2025-10-01 22:38:00.000000,2025-10-01 16:38:00.000,,,2025-10-27 11:23:00.000,618.75,,612.75,SLA Breached
VISH-25-10-0934,,2025-10-01 16:40:00.000000,24.0,2025-10-02 16:40:00.000000,2025-10-01 16:40:00.000,,,2025-10-04 10:47:00.000,66.12,,42.12,SLA Breached
VISH-25-10-0935,,2025-10-02 15:22:00.000000,4.0,2025-10-02 19:22:00.000000,2025-10-02 15:22:00.000,,,2025-10-23 11:15:00.000,499.88,,495.88,SLA Breached
VISH-25-10-0557,,2025-10-04 12:40:00.000000,24.0,2025-10-05 12:40:00.000000,2025-10-04 12:40:00.000,,,2025-10-06 12:40:00.000,48.0,,24.0,SLA Breached
VISH-25-10-0944,,2025-10-04 12:40:00.000000,24.0,2025-10-05 12:40:00.000000,2025-10-04 12:40:00.000,,,2025-10-06 12:40:00.000,48.0,,24.0,SLA Breached
VISH-25-10-0558,,2025-10-04 12:43:00.000000,24.0,2025-10-05 12:43:00.000000,2025-10-04 12:43:00.000,,,2025-10-12 00:03:00.000,179.33,,155.33,SLA Breached
VISH-25-10-0247,,2025-10-04 13:37:00.000000,12.0,2025-10-05 01:37:00.000000,2025-10-04 13:37:00.000,,,2025-12-05 13:01:00.000,1487.4,,1475.4,SLA Breached
VISH-25-10-0610,,2025-10-04 14:09:00.000000,24.0,2025-10-05 14:09:00.000000,2025-10-04 14:09:00.000,,,2025-03-01 22:15:00.000,,,,
VISH-25-10-0855,,2025-10-04 14:16:00.000000,24.0,2025-10-05 14:16:00.000000,2025-10-04 14:16:00.000,,,2025-10-06 10:56:00.000,44.67,,20.67,SLA Breached
VISH-25-10-0856,,2025-10-04 14:17:00.000000,24.0,2025-10-05 14:17:00.000000,2025-10-04 14:17:00.000,,,2025-10-06 14:17:00.000,48.0,,24.0,SLA Breached
VISH-25-10-0309,,2025-10-04 14:18:00.000000,6.0,2025-10-04 20:18:00.000000,2025-10-04 14:18:00.000,,,2025-10-23 11:20:00.000,453.03,,447.03,SLA Breached
VISH-25-10-0680,,2025-10-04 14:19:00.000000,24.0,2025-10-05 14:19:00.000000,2025-10-04 14:19:00.000,,,2025-10-27 11:24:00.000,549.08,,525.08,SLA Breached
VISH-25-10-0056,,2025-10-04 17:20:00.000000,24.0,2025-10-05 17:20:00.000000,2025-10-04 17:20:00.000,,,2025-10-17 12:09:00.000,306.82,,282.82,SLA Breached
VISH-25-10-0445,,2025-10-04 20:28:00.000000,24.0,2025-10-05 20:28:00.000000,2025-10-04 20:28:00.000,,,2025-04-28 18:52:00.000,,,,
VISH-25-10-0276,,2025-10-05 10:33:00.000000,12.0,2025-10-05 22:33:00.000000,2025-10-05 10:33:00.000,,,2025-10-07 11:20:00.000,48.78,,36.78,SLA Breached
VISH-25-10-0863,,2025-10-05 17:34:00.000000,24.0,2025-10-06 17:34:00.000000,2025-10-05 17:34:00.000,,,2026-01-06 11:32:00.000,2225.97,,2201.97,SLA Breached
VISH-25-10-0277,,2025-10-05 21:47:00.000000,6.0,2025-10-06 03:47:00.000000,2025-10-05 21:47:00.000,,,2025-10-06 11:22:00.000,13.58,,7.58,SLA Breached
VISH-25-10-0278,,2025-10-05 21:48:00.000000,4.0,2025-10-06 01:48:00.000000,2025-10-05 21:48:00.000,,,2025-10-08 10:22:00.000,60.57,,56.57,SLA Breached
VISH-25-10-0279,,2025-10-05 21:49:00.000000,6.0,2025-10-06 03:49:00.000000,2025-10-05 21:49:00.000,,,2025-10-11 12:21:00.000,134.53,,128.53,SLA Breached
VISH-25-10-0401,,2025-10-06 10:55:00.000000,6.0,2025-10-06 16:55:00.000000,2025-10-06 10:55:00.000,,,2025-10-27 16:38:00.000,509.72,,503.72,SLA Breached
VISH-25-10-0757,,2025-10-06 11:10:00.000000,12.0,2025-10-06 23:10:00.000000,2025-10-06 11:10:00.000,,,2026-02-14 12:58:00.000,3145.8,,3133.8,SLA Breached
VISH-25-10-0434,,2025-10-06 14:03:00.000000,24.0,2025-10-07 14:03:00.000000,2025-10-06 14:03:00.000,,,2026-02-13 15:42:00.000,3121.65,,3097.65,SLA Breached
VISH-25-10-0435,,2025-10-06 14:06:00.000000,24.0,2025-10-07 14:06:00.000000,2025-10-06 14:06:00.000,,,2025-10-08 14:06:00.000,48.0,,24.0,SLA Breached
VISH-25-10-0280,,2025-10-07 05:38:00.000000,24.0,2025-10-08 05:38:00.000000,2025-10-07 05:38:00.000,,,2025-10-11 12:53:00.000,103.25,,79.25,SLA Breached
VISH-25-10-0240,,2025-10-07 15:16:00.000000,12.0,2025-10-08 03:16:00.000000,2025-10-07 15:16:00.000,,,2025-10-11 12:23:00.000,93.12,,81.12,SLA Breached
VISH-25-10-0130,,2025-10-07 20:52:00.000000,24.0,2025-10-08 20:52:00.000000,2025-10-07 20:52:00.000,,,2025-10-30 10:38:00.000,541.77,,517.77,SLA Breached
VISH-25-10-0765,,2025-10-07 22:56:00.000000,24.0,2025-10-08 22:56:00.000000,2025-10-07 22:56:00.000,,,2026-01-03 11:33:00.000,2100.62,,2076.62,SLA Breached
VISH-25-10-0281,,2025-10-08 02:21:00.000000,24.0,2025-10-09 02:21:00.000000,2025-10-08 02:21:00.000,,,2025-10-17 12:13:00.000,225.87,,201.87,SLA Breached
VISH-25-10-0749,,2025-10-08 10:58:00.000000,12.0,2025-10-08 22:58:00.000000,2025-10-08 10:58:00.000,,,2025-11-01 11:28:00.000,576.5,,564.5,SLA Breached
VISH-25-10-0241,,2025-10-08 16:56:00.000000,6.0,2025-10-08 22:56:00.000000,2025-10-08 16:56:00.000,,,2025-10-11 12:59:00.000,68.05,,62.05,SLA Breached
VISH-25-10-0242,,2025-10-08 18:12:00.000000,6.0,2025-10-09 00:12:00.000000,2025-10-08 18:12:00.000,,,2025-03-08 12:09:00.000,,,,
VISH-25-10-0168,,2025-10-08 18:17:00.000000,24.0,2025-10-09 18:17:00.000000,2025-10-08 18:17:00.000,,,2025-10-29 11:53:00.000,497.6,,473.6,SLA Breached
VISH-25-10-0461,,2025-10-08 18:20:00.000000,4.0,2025-10-08 22:20:00.000000,2025-10-08 18:20:00.000,,,2025-10-11 13:00:00.000,66.67,,62.67,SLA Breached
VISH-25-10-0462,,2025-10-08 18:23:00.000000,4.0,2025-10-08 22:23:00.000000,2025-10-08 18:23:00.000,,,2025-11-14 16:07:00.000,885.73,,881.73,SLA Breached
VISH-25-10-0091,,2025-10-09 12:59:00.000000,6.0,2025-10-09 18:59:00.000000,2025-10-09 12:59:00.000,,,2025-10-11 12:59:00.000,48.0,,42.0,SLA Breached
VISH-25-10-0559,,2025-10-10 18:32:00.000000,24.0,2025-10-11 18:32:00.000000,2025-10-10 18:32:00.000,,,2025-10-17 12:10:00.000,161.63,,137.63,SLA Breached
VISH-25-10-0560,,2025-10-10 18:37:00.000000,4.0,2025-10-10 22:37:00.000000,2025-10-10 18:37:00.000,,,2025-10-12 00:01:00.000,29.4,,25.4,SLA Breached
VISH-25-10-0561,,2025-10-10 18:43:00.000000,24.0,2025-10-11 18:43:00.000000,2025-10-10 18:43:00.000,,,2025-07-03 15:34:00.000,,,,
VISH-25-10-0780,,2025-10-11 08:18:00.000000,24.0,2025-10-12 08:18:00.000000,2025-10-11 08:18:00.000,,,2025-10-13 08:18:00.000,48.0,,24.0,SLA Breached
VISH-25-10-0057,,2025-10-11 11:43:00.000000,12.0,2025-10-11 23:43:00.000000,2025-10-11 11:43:00.000,,,2025-11-03 12:27:00.000,552.73,,540.73,SLA Breached
VISH-25-10-0924,,2025-10-11 12:07:00.000000,6.0,2025-10-11 18:07:00.000000,2025-10-11 12:07:00.000,,,2025-12-05 13:02:00.000,1320.92,,1314.92,SLA Breached
VISH-25-10-0904,,2025-10-12 22:52:00.000000,24.0,2025-10-13 22:52:00.000000,2025-10-12 22:52:00.000,,,2025-10-23 11:11:00.000,252.32,,228.32,SLA Breached
VISH-25-10-0905,,2025-10-12 22:53:00.000000,4.0,2025-10-13 02:53:00.000000,2025-10-12 22:53:00.000,,,2025-11-25 13:10:00.000,1046.28,,1042.28,SLA Breached
VISH-25-10-0546,,2025-10-14 17:06:00.000000,24.0,2025-10-15 17:06:00.000000,2025-10-14 17:06:00.000,,,2025-10-31 09:58:00.000,400.87,,376.87,SLA Breached
VISH-25-10-0825,,2025-10-14 23:53:00.000000,6.0,2025-10-15 05:53:00.000000,2025-10-14 23:53:00.000,,,2025-11-18 14:16:00.000,830.38,,824.38,SLA Breached
VISH-25-10-0282,,2025-10-15 09:56:00.000000,24.0,2025-10-16 09:56:00.000000,2025-10-15 09:56:00.000,,,2025-10-29 11:13:00.000,337.28,,313.28,SLA Breached
VISH-25-10-0600,,2025-10-16 18:19:00.000000,6.0,2025-10-17 00:19:00.000000,2025-10-16 18:19:00.000,,,2025-10-18 18:19:00.000,48.0,,42.0,SLA Breached
VISH-25-10-0812,,2025-10-17 17:24:00.000000,6.0,2025-10-17 23:24:00.000000,2025-10-17 17:24:00.000,,,2025-10-23 19:42:00.000,146.3,,140.3,SLA Breached
VISH-25-10-0813,,2025-10-17 17:26:00.000000,6.0,2025-10-17 23:26:00.000000,2025-10-17 17:26:00.000,,,2025-10-23 11:13:00.000,137.78,,131.78,SLA Breached
VISH-25-10-0814,,2025-10-17 17:28:00.000000,12.0,2025-10-18 05:28:00.000000,2025-10-17 17:28:00.000,,,2026-02-14 12:58:00.000,2875.5,,2863.5,SLA Breached
VISH-25-10-0928,,2025-10-18 12:04:00.000000,24.0,2025-10-19 12:04:00.000000,2025-10-18 12:04:00.000,,,2025-10-25 11:15:00.000,167.18,,143.18,SLA Breached
VISH-25-10-0929,,2025-10-18 12:06:00.000000,6.0,2025-10-18 18:06:00.000000,2025-10-18 12:06:00.000,,,2026-02-10 15:35:00.000,2763.48,,2757.48,SLA Breached
VISH-25-10-0969,,2025-10-18 14:59:00.000000,24.0,2025-10-19 14:59:00.000000,2025-10-18 14:59:00.000,,,2025-11-07 12:09:00.000,477.17,,453.17,SLA Breached
VISH-25-10-0970,,2025-10-18 15:00:00.000000,24.0,2025-10-19 15:00:00.000000,2025-10-18 15:00:00.000,,,2025-12-18 12:12:00.000,1461.2,,1437.2,SLA Breached
VISH-25-10-0984,,2025-10-18 18:31:00.000000,6.0,2025-10-19 00:31:00.000000,2025-10-18 18:31:00.000,,,2025-12-09 17:07:00.000,1246.6,,1240.6,SLA Breached
VISH-25-10-0972,,2025-10-18 21:38:00.000000,6.0,2025-10-19 03:38:00.000000,2025-10-18 21:38:00.000,,,2025-10-29 11:15:00.000,253.62,,247.62,SLA Breached
VISH-25-10-0310,,2025-10-19 12:08:00.000000,12.0,2025-10-20 00:08:00.000000,2025-10-19 12:08:00.000,,,2025-10-25 11:40:00.000,143.53,,131.53,SLA Breached
VISH-25-10-0311,,2025-10-19 12:10:00.000000,24.0,2025-10-20 12:10:00.000000,2025-10-19 12:10:00.000,,,2025-02-13 15:49:00.000,,,,
VISH-25-10-0681,,2025-10-21 15:50:00.000000,24.0,2025-10-22 15:50:00.000000,2025-10-21 15:50:00.000,,,2025-11-13 15:06:00.000,551.27,,527.27,SLA Breached
VISH-25-10-0402,,2025-10-22 01:48:00.000000,6.0,2025-10-22 07:48:00.000000,2025-10-22 01:48:00.000,,,2025-10-23 11:14:00.000,33.43,,27.43,SLA Breached
VISH-25-10-0403,,2025-10-22 01:51:00.000000,24.0,2025-10-23 01:51:00.000000,2025-10-22 01:51:00.000,,,2025-10-23 13:03:00.000,35.2,,11.2,SLA Breached
VISH-25-10-0404,,2025-10-22 01:52:00.000000,6.0,2025-10-22 07:52:00.000000,2025-10-22 01:52:00.000,,,2025-10-29 12:55:00.000,179.05,,173.05,SLA Breached
VISH-25-10-0936,,2025-10-22 11:37:00.000000,6.0,2025-10-22 17:37:00.000000,2025-10-22 11:37:00.000,,,2026-01-21 11:29:00.000,2183.87,,2177.87,SLA Breached
VISH-25-10-0506,,2025-10-22 15:52:00.000000,24.0,2025-10-23 15:52:00.000000,2025-10-22 15:52:00.000,,,2025-10-27 16:43:00.000,120.85,,96.85,SLA Breached
VISH-25-10-0539,,2025-10-22 19:16:00.000000,12.0,2025-10-23 07:16:00.000000,2025-10-22 19:16:00.000,,,2026-01-03 11:35:00.000,1744.32,,1732.32,SLA Breached
VISH-25-10-0507,,2025-10-22 20:31:00.000000,6.0,2025-10-23 02:31:00.000000,2025-10-22 20:31:00.000,,,2025-10-24 20:31:00.000,48.0,,42.0,SLA Breached
VISH-25-10-0973,,2025-10-25 09:37:00.000000,24.0,2025-10-26 09:37:00.000000,2025-10-25 09:37:00.000,,,2025-10-29 12:00:00.000,98.38,,74.38,SLA Breached
VISH-25-10-0283,,2025-10-25 10:57:00.000000,6.0,2025-10-25 16:57:00.000000,2025-10-25 10:57:00.000,,,2025-10-27 10:57:00.000,48.0,,42.0,SLA Breached
VISH-25-10-0798,,2025-10-25 12:25:00.000000,24.0,2025-10-26 12:25:00.000000,2025-10-25 12:25:00.000,,,2025-10-27 12:25:00.000,48.0,,24.0,SLA Breached
VISH-25-10-0974,,2025-10-25 19:59:00.000000,24.0,2025-10-26 19:59:00.000000,2025-10-25 19:59:00.000,,,2025-11-03 12:31:00.000,208.53,,184.53,SLA Breached
VISH-25-10-0967,,2025-10-26 12:28:00.000000,4.0,2025-10-26 16:28:00.000000,2025-10-26 12:28:00.000,,,2025-11-03 12:25:00.000,191.95,,187.95,SLA Breached
VISH-25-10-0547,,2025-10-26 19:27:00.000000,12.0,2025-10-27 07:27:00.000000,2025-10-26 19:27:00.000,,,2025-11-10 10:43:00.000,351.27,,339.27,SLA Breached
VISH-25-10-0123,,2025-10-26 23:34:00.000000,6.0,2025-10-27 05:34:00.000000,2025-10-26 23:34:00.000,,,2025-11-12 10:44:00.000,395.17,,389.17,SLA Breached
VISH-25-10-0155,,2025-10-27 07:09:00.000000,6.0,2025-10-27 13:09:00.000000,2025-10-27 07:09:00.000,,,2025-05-06 10:56:00.000,,,,
VISH-25-10-0952,,2025-10-27 19:51:00.000000,6.0,2025-10-28 01:51:00.000000,2025-10-27 19:51:00.000,,,2025-11-28 12:26:00.000,760.58,,754.58,SLA Breached
VISH-25-10-0382,,2025-10-28 09:24:00.000000,24.0,2025-10-29 09:24:00.000000,2025-10-28 09:24:00.000,,,2025-04-08 14:01:00.000,,,,
VISH-25-10-0892,,2025-10-28 12:03:00.000000,12.0,2025-10-29 00:03:00.000000,2025-10-28 12:03:00.000,,,2025-11-01 11:27:00.000,95.4,,83.4,SLA Breached
VISH-25-10-0131,,2025-10-28 14:30:00.000000,24.0,2025-10-29 14:30:00.000000,2025-10-28 14:30:00.000,,,2025-11-08 11:08:00.000,260.63,,236.63,SLA Breached
VISH-25-10-0132,,2025-10-28 14:32:00.000000,24.0,2025-10-29 14:32:00.000000,2025-10-28 14:32:00.000,,,2025-10-30 14:32:00.000,48.0,,24.0,SLA Breached
VISH-25-10-0548,,2025-10-29 00:23:00.000000,24.0,2025-10-30 00:23:00.000000,2025-10-29 00:23:00.000,,,2025-04-22 14:57:00.000,,,,
VISH-25-10-0405,,2025-10-29 00:51:00.000000,12.0,2025-10-29 12:51:00.000000,2025-10-29 00:51:00.000,,,2025-10-31 00:51:00.000,48.0,,36.0,SLA Breached
VISH-25-10-0169,,2025-10-29 06:12:00.000000,24.0,2025-10-30 06:12:00.000000,2025-10-29 06:12:00.000,,,2025-12-03 14:06:00.000,847.9,,823.9,SLA Breached
VISH-25-10-0750,,2025-10-29 10:41:00.000000,6.0,2025-10-29 16:41:00.000000,2025-10-29 10:41:00.000,,,2025-11-03 11:40:00.000,120.98,,114.98,SLA Breached
VISH-25-10-0968,,2025-10-29 17:36:00.000000,24.0,2025-10-30 17:36:00.000000,2025-10-29 17:36:00.000,,,2025-10-31 17:36:00.000,48.0,,24.0,SLA Breached
VISH-25-10-0893,,2025-10-29 21:44:00.000000,6.0,2025-10-30 03:44:00.000000,2025-10-29 21:44:00.000,,,2025-11-08 11:12:00.000,229.47,,223.47,SLA Breached
VISH-25-10-0866,,2025-10-30 09:51:00.000000,12.0,2025-10-30 21:51:00.000000,2025-10-30 09:51:00.000,,,2025-11-07 12:02:00.000,194.18,,182.18,SLA Breached
VISH-25-10-0058,,2025-10-30 18:48:00.000000,24.0,2025-10-31 18:48:00.000000,2025-10-30 18:48:00.000,,,2025-11-01 11:26:00.000,40.63,,16.63,SLA Breached
VISH-25-10-0059,,2025-10-30 18:48:00.000000,6.0,2025-10-31 00:48:00.000000,2025-10-30 18:48:00.000,,,2025-11-08 11:06:00.000,208.3,,202.3,SLA Breached
VISH-25-10-0178,,2025-10-30 19:14:00.000000,24.0,2025-10-31 19:14:00.000000,2025-10-30 19:14:00.000,,,2025-10-31 12:01:00.000,16.78,,-7.22,Within SLA
VISH-25-10-0179,,2025-10-30 19:15:00.000000,24.0,2025-10-31 19:15:00.000000,2025-10-30 19:15:00.000,,,2025-05-29 12:17:00.000,,,,
VISH-25-10-0867,,2025-10-31 00:34:00.000000,24.0,2025-11-01 00:34:00.000000,2025-10-31 00:34:00.000,,,2025-11-10 10:42:00.000,250.13,,226.13,SLA Breached
VISH-25-10-0961,,2025-10-31 10:44:00.000000,6.0,2025-10-31 16:44:00.000000,2025-10-31 10:44:00.000,,,2025-11-01 15:34:00.000,28.83,,22.83,SLA Breached
VISH-25-10-0962,,2025-10-31 11:05:00.000000,6.0,2025-10-31 17:05:00.000000,2025-10-31 11:05:00.000,,,2025-11-07 12:06:00.000,169.02,,163.02,SLA Breached
VISH-25-10-0963,,2025-10-31 11:06:00.000000,12.0,2025-10-31 23:06:00.000000,2025-10-31 11:06:00.000,,,2025-11-03 12:19:00.000,73.22,,61.22,SLA Breached
VISH-25-10-0964,,2025-10-31 11:07:00.000000,6.0,2025-10-31 17:07:00.000000,2025-10-31 11:07:00.000,,,2025-11-25 11:26:00.000,600.32,,594.32,SLA Breached
VISH-25-10-0044,,2025-10-31 16:51:00.000000,24.0,2025-11-01 16:51:00.000000,2025-10-31 16:51:00.000,,,2025-11-02 16:51:00.000,48.0,,24.0,SLA Breached
VISH-25-10-0751,,2025-10-31 20:21:00.000000,6.0,2025-11-01 02:21:00.000000,2025-10-31 20:21:00.000,,,2025-11-02 20:21:00.000,48.0,,42.0,SLA Breached
VISH-25-11-0975,,2025-11-01 08:55:00.000000,24.0,2025-11-02 08:55:00.000000,2025-11-01 08:55:00.000,,,2025-11-14 16:11:00.000,319.27,,295.27,SLA Breached
VISH-25-11-0489,,2025-11-01 13:13:00.000000,4.0,2025-11-01 17:13:00.000000,2025-11-01 13:13:00.000,,,2025-11-18 14:12:00.000,408.98,,404.98,SLA Breached
VISH-25-11-0577,,2025-11-02 17:32:00.000000,24.0,2025-11-03 17:32:00.000000,2025-11-02 17:32:00.000,,,2025-04-01 11:23:00.000,,,,
VISH-25-11-0895,,2025-11-02 21:06:00.000000,24.0,2025-11-03 21:06:00.000000,2025-11-02 21:06:00.000,,,2025-11-27 12:00:00.000,590.9,,566.9,SLA Breached
VISH-25-11-0894,,2025-11-02 21:06:00.000000,6.0,2025-11-03 03:06:00.000000,2025-11-02 21:06:00.000,,,2025-11-10 10:43:00.000,181.62,,175.62,SLA Breached
VISH-25-11-0868,,2025-11-03 10:22:00.000000,24.0,2025-11-04 10:22:00.000000,2025-11-03 10:22:00.000,,,2025-11-18 10:59:00.000,360.62,,336.62,SLA Breached
VISH-25-11-0725,,2025-11-03 17:13:00.000000,12.0,2025-11-04 05:13:00.000000,2025-11-03 17:13:00.000,,,2025-11-25 10:18:00.000,521.08,,509.08,SLA Breached
VISH-25-11-0726,,2025-11-03 17:15:00.000000,24.0,2025-11-04 17:15:00.000000,2025-11-03 17:15:00.000,,,2025-11-11 11:04:00.000,185.82,,161.82,SLA Breached
VISH-25-11-0727,,2025-11-03 17:16:00.000000,6.0,2025-11-03 23:16:00.000000,2025-11-03 17:16:00.000,,,2026-02-13 15:42:00.000,2446.43,,2440.43,SLA Breached
VISH-25-11-0060,,2025-11-04 18:53:00.000000,6.0,2025-11-05 00:53:00.000000,2025-11-04 18:53:00.000,,,2025-11-27 16:44:00.000,549.85,,543.85,SLA Breached
VISH-25-11-0886,,2025-11-05 21:53:00.000000,24.0,2025-11-06 21:53:00.000000,2025-11-05 21:53:00.000,,,2025-11-07 21:53:00.000,48.0,,24.0,SLA Breached
VISH-25-11-0884,,2025-11-05 22:15:00.000000,24.0,2025-11-06 22:15:00.000000,2025-11-05 22:15:00.000,,,2025-11-09 11:44:00.000,85.48,,61.48,SLA Breached
VISH-25-11-0919,,2025-11-05 22:16:00.000000,6.0,2025-11-06 04:16:00.000000,2025-11-05 22:16:00.000,,,2025-11-26 19:30:00.000,501.23,,495.23,SLA Breached
VISH-25-11-0920,,2025-11-05 22:20:00.000000,24.0,2025-11-06 22:20:00.000000,2025-11-05 22:20:00.000,,,2026-03-14 13:48:00.000,3087.47,,3063.47,SLA Breached
VISH-25-11-0523,,2025-11-06 03:52:00.000000,24.0,2025-11-07 03:52:00.000000,2025-11-06 03:52:00.000,,,2025-11-26 19:34:00.000,495.7,,471.7,SLA Breached
VISH-25-11-0885,,2025-11-06 09:39:00.000000,24.0,2025-11-07 09:39:00.000000,2025-11-06 09:39:00.000,,,2025-11-10 10:40:00.000,97.02,,73.02,SLA Breached
VISH-25-11-0124,,2025-11-06 16:07:00.000000,24.0,2025-11-07 16:07:00.000000,2025-11-06 16:07:00.000,,,2026-02-13 15:44:00.000,2375.62,,2351.62,SLA Breached
VISH-25-11-0869,,2025-11-06 17:55:00.000000,12.0,2025-11-07 05:55:00.000000,2025-11-06 17:55:00.000,,,2025-09-13 13:54:00.000,,,,
VISH-25-11-0628,,2025-11-07 01:21:00.000000,24.0,2025-11-08 01:21:00.000000,2025-11-07 01:21:00.000,,,2025-11-18 14:20:00.000,276.98,,252.98,SLA Breached
VISH-25-11-0953,,2025-11-08 10:02:00.000000,6.0,2025-11-08 16:02:00.000000,2025-11-08 10:02:00.000,,,2025-12-22 18:15:00.000,1064.22,,1058.22,SLA Breached
VISH-25-11-0463,,2025-11-11 17:41:00.000000,6.0,2025-11-11 23:41:00.000000,2025-11-11 17:41:00.000,,,2025-11-18 10:56:00.000,161.25,,155.25,SLA Breached
VISH-25-11-0682,,2025-11-11 23:01:00.000000,6.0,2025-11-12 05:01:00.000000,2025-11-11 23:01:00.000,,,2025-05-17 13:09:00.000,,,,
VISH-25-11-0976,,2025-11-11 23:04:00.000000,24.0,2025-11-12 23:04:00.000000,2025-11-11 23:04:00.000,,,2025-12-13 13:59:00.000,758.92,,734.92,SLA Breached
VISH-25-11-0464,,2025-11-12 18:39:00.000000,4.0,2025-11-12 22:39:00.000000,2025-11-12 18:39:00.000,,,2025-11-18 10:55:00.000,136.27,,132.27,SLA Breached
VISH-25-11-0465,,2025-11-12 18:41:00.000000,4.0,2025-11-12 22:41:00.000000,2025-11-12 18:41:00.000,,,2025-03-20 10:44:00.000,,,,
VISH-25-11-0349,,2025-11-13 21:37:00.000000,6.0,2025-11-14 03:37:00.000000,2025-11-13 21:37:00.000,,,2026-01-03 11:37:00.000,1214.0,,1208.0,SLA Breached
VISH-25-11-0396,,2025-11-15 10:30:00.000000,6.0,2025-11-15 16:30:00.000000,2025-11-15 10:30:00.000,,,2025-03-03 10:28:00.000,,,,
VISH-25-11-0330,,2025-11-15 10:34:00.000000,6.0,2025-11-15 16:34:00.000000,2025-11-15 10:34:00.000,,,2025-11-17 10:34:00.000,48.0,,42.0,SLA Breached
VISH-25-11-0977,,2025-11-16 11:19:00.000000,24.0,2025-11-17 11:19:00.000000,2025-11-16 11:19:00.000,,,2025-11-25 11:11:00.000,215.87,,191.87,SLA Breached
VISH-25-11-0978,,2025-11-16 11:21:00.000000,4.0,2025-11-16 15:21:00.000000,2025-11-16 11:21:00.000,,,2025-11-27 11:59:00.000,264.63,,260.63,SLA Breached
VISH-25-11-0979,,2025-11-16 11:22:00.000000,6.0,2025-11-16 17:22:00.000000,2025-11-16 11:22:00.000,,,2025-12-13 13:57:00.000,650.58,,644.58,SLA Breached
VISH-25-11-0711,,2025-11-16 11:35:00.000000,24.0,2025-11-17 11:35:00.000000,2025-11-16 11:35:00.000,,,2026-03-06 14:18:00.000,2642.72,,2618.72,SLA Breached
VISH-25-11-0689,,2025-11-16 11:57:00.000000,24.0,2025-11-17 11:57:00.000000,2025-11-16 11:57:00.000,,,2025-11-24 10:55:00.000,190.97,,166.97,SLA Breached
VISH-25-11-0690,,2025-11-16 11:58:00.000000,24.0,2025-11-17 11:58:00.000000,2025-11-16 11:58:00.000,,,2025-11-24 10:53:00.000,190.92,,166.92,SLA Breached
VISH-25-11-0691,,2025-11-16 12:00:00.000000,6.0,2025-11-16 18:00:00.000000,2025-11-16 12:00:00.000,,,2025-11-25 11:07:00.000,215.12,,209.12,SLA Breached
VISH-25-11-0490,,2025-11-16 12:36:00.000000,24.0,2025-11-17 12:36:00.000000,2025-11-16 12:36:00.000,,,2026-02-10 15:32:00.000,2066.93,,2042.93,SLA Breached
VISH-25-11-0728,,2025-11-16 13:01:00.000000,24.0,2025-11-17 13:01:00.000000,2025-11-16 13:01:00.000,,,2026-01-19 16:26:00.000,1539.42,,1515.42,SLA Breached
VISH-25-11-0826,,2025-11-17 06:59:00.000000,6.0,2025-11-17 12:59:00.000000,2025-11-17 06:59:00.000,,,2025-11-18 14:09:00.000,31.17,,25.17,SLA Breached
VISH-25-11-0334,,2025-11-17 11:48:00.000000,24.0,2025-11-18 11:48:00.000000,2025-11-17 11:48:00.000,,,2026-02-16 17:23:00.000,2189.58,,2165.58,SLA Breached
VISH-25-11-0629,,2025-11-17 21:35:00.000000,24.0,2025-11-18 21:35:00.000000,2025-11-17 21:35:00.000,,,2025-11-19 21:35:00.000,48.0,,24.0,SLA Breached
VISH-25-11-0827,,2025-11-18 11:29:00.000000,6.0,2025-11-18 17:29:00.000000,2025-11-18 11:29:00.000,,,2026-01-19 16:20:00.000,1492.85,,1486.85,SLA Breached
VISH-25-11-0491,,2025-11-18 23:41:00.000000,24.0,2025-11-19 23:41:00.000000,2025-11-18 23:41:00.000,,,2026-01-14 15:30:00.000,1359.82,,1335.82,SLA Breached
VISH-25-11-0692,,2025-11-19 08:54:00.000000,4.0,2025-11-19 12:54:00.000000,2025-11-19 08:54:00.000,,,2025-12-18 14:43:00.000,701.82,,697.82,SLA Breached
VISH-25-11-0743,,2025-11-19 20:55:00.000000,6.0,2025-11-20 02:55:00.000000,2025-11-19 20:55:00.000,,,2025-11-25 11:03:00.000,134.13,,128.13,SLA Breached
VISH-25-11-0744,,2025-11-19 20:57:00.000000,24.0,2025-11-20 20:57:00.000000,2025-11-19 20:57:00.000,,,2026-01-19 16:14:00.000,1459.28,,1435.28,SLA Breached
VISH-25-11-0906,,2025-11-19 21:02:00.000000,24.0,2025-11-20 21:02:00.000000,2025-11-19 21:02:00.000,,,2025-12-20 17:45:00.000,740.72,,716.72,SLA Breached
VISH-25-11-0982,,2025-11-20 21:49:00.000000,24.0,2025-11-21 21:49:00.000000,2025-11-20 21:49:00.000,,,2025-11-25 10:13:00.000,108.4,,84.4,SLA Breached
VISH-25-11-0983,,2025-11-20 21:53:00.000000,24.0,2025-11-21 21:53:00.000000,2025-11-20 21:53:00.000,,,2025-10-25 11:15:00.000,,,,
VISH-25-11-0896,,2025-11-21 10:25:00.000000,24.0,2025-11-22 10:25:00.000000,2025-11-21 10:25:00.000,,,2025-12-20 17:40:00.000,703.25,,679.25,SLA Breached
VISH-25-11-0872,,2025-11-22 12:19:00.000000,24.0,2025-11-23 12:19:00.000000,2025-11-22 12:19:00.000,,,2025-11-24 12:19:00.000,48.0,,24.0,SLA Breached
VISH-25-11-0965,,2025-11-23 18:22:00.000000,6.0,2025-11-24 00:22:00.000000,2025-11-23 18:22:00.000,,,2025-11-28 12:26:00.000,114.07,,108.07,SLA Breached
VISH-25-11-0524,,2025-11-25 14:04:00.000000,6.0,2025-11-25 20:04:00.000000,2025-11-25 14:04:00.000,,,2025-11-27 11:58:00.000,45.9,,39.9,SLA Breached
VISH-25-11-0525,,2025-11-25 15:14:00.000000,24.0,2025-11-26 15:14:00.000000,2025-11-25 15:14:00.000,,,2025-11-27 15:14:00.000,48.0,,24.0,SLA Breached
VISH-25-11-0815,,2025-11-26 02:09:00.000000,24.0,2025-11-27 02:09:00.000000,2025-11-26 02:09:00.000,,,2025-11-27 11:55:00.000,33.77,,9.77,SLA Breached
VISH-25-11-0816,,2025-11-26 02:11:00.000000,24.0,2025-11-27 02:11:00.000000,2025-11-26 02:11:00.000,,,2025-11-26 13:42:00.000,11.52,,-12.48,Within SLA
VISH-25-11-0817,,2025-11-26 02:12:00.000000,6.0,2025-11-26 08:12:00.000000,2025-11-26 02:12:00.000,,,2026-01-19 16:30:00.000,1310.3,,1304.3,SLA Breached
VISH-25-11-0061,,2025-11-26 18:16:00.000000,24.0,2025-11-27 18:16:00.000000,2025-11-26 18:16:00.000,,,2025-12-10 13:32:00.000,331.27,,307.27,SLA Breached
VISH-25-11-0350,,2025-11-26 20:33:00.000000,12.0,2025-11-27 08:33:00.000000,2025-11-26 20:33:00.000,,,2025-11-28 20:33:00.000,48.0,,36.0,SLA Breached
VISH-25-11-0966,,2025-11-27 00:23:00.000000,24.0,2025-11-28 00:23:00.000000,2025-11-27 00:23:00.000,,,2025-10-27 13:14:00.000,,,,
VISH-25-11-0351,,2025-11-29 10:32:00.000000,4.0,2025-11-29 14:32:00.000000,2025-11-29 10:32:00.000,,,2026-01-03 11:39:00.000,841.12,,837.12,SLA Breached
VISH-25-11-0086,,2025-11-29 12:08:00.000000,6.0,2025-11-29 18:08:00.000000,2025-11-29 12:08:00.000,,,2025-12-01 12:08:00.000,48.0,,42.0,SLA Breached
VISH-25-11-0028,,2025-11-29 12:09:00.000000,6.0,2025-11-29 18:09:00.000000,2025-11-29 12:09:00.000,,,2025-06-04 13:51:00.000,,,,
VISH-25-11-0925,,2025-11-29 12:12:00.000000,6.0,2025-11-29 18:12:00.000000,2025-11-29 12:12:00.000,,,2026-01-03 11:41:00.000,839.48,,833.48,SLA Breached
VISH-25-11-0062,,2025-11-29 12:16:00.000000,6.0,2025-11-29 18:16:00.000000,2025-11-29 12:16:00.000,,,2025-12-01 12:16:00.000,48.0,,42.0,SLA Breached
VISH-25-11-0248,,2025-11-29 15:19:00.000000,24.0,2025-11-30 15:19:00.000000,2025-11-29 15:19:00.000,,,2025-03-13 18:08:00.000,,,,
VISH-25-11-0170,,2025-11-29 15:58:00.000000,24.0,2025-11-30 15:58:00.000000,2025-11-29 15:58:00.000,,,2025-03-20 10:47:00.000,,,,
VISH-25-11-0187,,2025-11-30 10:47:00.000000,24.0,2025-12-01 10:47:00.000000,2025-11-30 10:47:00.000,,,2025-12-03 14:50:00.000,76.05,,52.05,SLA Breached
VISH-25-11-0188,,2025-11-30 10:48:00.000000,24.0,2025-12-01 10:48:00.000000,2025-11-30 10:48:00.000,,,2026-01-03 11:31:00.000,816.72,,792.72,SLA Breached
VISH-25-12-0540,,2025-12-05 11:31:00.000000,24.0,2025-12-06 11:31:00.000000,2025-12-05 11:31:00.000,,,2026-03-10 16:57:00.000,2285.43,,2261.43,SLA Breached
VISH-25-12-0985,,2025-12-05 22:12:00.000000,24.0,2025-12-06 22:12:00.000000,2025-12-05 22:12:00.000,,,2025-12-09 17:09:00.000,90.95,,66.95,SLA Breached
VISH-25-12-0986,,2025-12-05 22:13:00.000000,24.0,2025-12-06 22:13:00.000000,2025-12-05 22:13:00.000,,,2025-12-07 22:13:00.000,48.0,,24.0,SLA Breached
VISH-25-12-0897,,2025-12-06 13:18:00.000000,24.0,2025-12-07 13:18:00.000000,2025-12-06 13:18:00.000,,,2025-09-16 11:00:00.000,,,,
VISH-25-12-0907,,2025-12-06 21:16:00.000000,24.0,2025-12-07 21:16:00.000000,2025-12-06 21:16:00.000,,,2026-01-14 15:23:00.000,930.12,,906.12,SLA Breached
VISH-25-12-0352,,2025-12-07 14:48:00.000000,12.0,2025-12-08 02:48:00.000000,2025-12-07 14:48:00.000,,,2026-01-05 14:14:00.000,695.43,,683.43,SLA Breached
VISH-25-12-0766,,2025-12-07 16:24:00.000000,12.0,2025-12-08 04:24:00.000000,2025-12-07 16:24:00.000,,,2026-01-19 16:13:00.000,1031.82,,1019.82,SLA Breached
VISH-25-12-0189,,2025-12-07 16:52:00.000000,24.0,2025-12-08 16:52:00.000000,2025-12-07 16:52:00.000,,,2025-12-09 16:52:00.000,48.0,,24.0,SLA Breached
VISH-25-12-0799,,2025-12-08 17:22:00.000000,24.0,2025-12-09 17:22:00.000000,2025-12-08 17:22:00.000,,,2025-12-09 10:36:00.000,17.23,,-6.77,Within SLA
VISH-25-12-0800,,2025-12-08 17:25:00.000000,24.0,2025-12-09 17:25:00.000000,2025-12-08 17:25:00.000,,,2025-12-10 17:25:00.000,48.0,,24.0,SLA Breached
VISH-25-12-0926,,2025-12-09 19:14:00.000000,24.0,2025-12-10 19:14:00.000000,2025-12-09 19:14:00.000,,,2026-03-09 16:07:00.000,2156.88,,2132.88,SLA Breached
VISH-25-12-0980,,2025-12-10 02:29:00.000000,24.0,2025-12-11 02:29:00.000000,2025-12-10 02:29:00.000,,,2026-02-09 14:40:00.000,1476.18,,1452.18,SLA Breached
VISH-25-12-0010,,2025-12-11 11:32:00.000000,24.0,2025-12-12 11:32:00.000000,2025-12-11 11:32:00.000,,,2026-02-09 14:52:00.000,1443.33,,1419.33,SLA Breached
VISH-25-12-0654,,2025-12-11 13:40:00.000000,6.0,2025-12-11 19:40:00.000000,2025-12-11 13:40:00.000,,,2026-02-10 15:30:00.000,1465.83,,1459.83,SLA Breached
VISH-25-12-0878,,2025-12-13 14:45:00.000000,24.0,2025-12-14 14:45:00.000000,2025-12-13 14:45:00.000,,,2025-12-20 17:39:00.000,170.9,,146.9,SLA Breached
VISH-25-12-0879,,2025-12-13 14:46:00.000000,24.0,2025-12-14 14:46:00.000000,2025-12-13 14:46:00.000,,,2026-02-10 15:29:00.000,1416.72,,1392.72,SLA Breached
VISH-25-12-0252,,2025-12-13 15:30:00.000000,24.0,2025-12-14 15:30:00.000000,2025-12-13 15:30:00.000,,,2025-12-15 15:30:00.000,48.0,,24.0,SLA Breached
VISH-25-12-0971,,2025-12-14 20:07:00.000000,12.0,2025-12-15 08:07:00.000000,2025-12-14 20:07:00.000,,,2025-10-23 13:00:00.000,,,,
VISH-25-12-0693,,2025-12-16 08:17:00.000000,6.0,2025-12-16 14:17:00.000000,2025-12-16 08:17:00.000,,,2025-12-20 12:07:00.000,99.83,,93.83,SLA Breached
VISH-25-12-0991,,2025-12-16 15:25:00.000000,24.0,2025-12-17 15:25:00.000000,2025-12-16 15:25:00.000,,,2026-03-07 14:19:00.000,1942.9,,1918.9,SLA Breached
VISH-25-12-0353,,2025-12-17 03:26:00.000000,12.0,2025-12-17 15:26:00.000000,2025-12-17 03:26:00.000,,,2025-12-19 03:26:00.000,48.0,,36.0,SLA Breached
VISH-25-12-0694,,2025-12-17 11:37:00.000000,24.0,2025-12-18 11:37:00.000000,2025-12-17 11:37:00.000,,,2026-03-11 11:17:00.000,2015.67,,1991.67,SLA Breached
VISH-25-12-0773,,2025-12-18 12:52:00.000000,12.0,2025-12-19 00:52:00.000000,2025-12-18 12:52:00.000,,,2025-09-16 10:59:00.000,,,,
VISH-25-12-0954,,2025-12-20 09:32:00.000000,12.0,2025-12-20 21:32:00.000000,2025-12-20 09:32:00.000,,,2025-12-20 17:37:00.000,8.08,,-3.92,Within SLA
VISH-25-12-0955,,2025-12-20 09:33:00.000000,24.0,2025-12-21 09:33:00.000000,2025-12-20 09:33:00.000,,,2026-01-19 16:28:00.000,726.92,,702.92,SLA Breached
VISH-25-12-0956,,2025-12-20 09:37:00.000000,6.0,2025-12-20 15:37:00.000000,2025-12-20 09:37:00.000,,,2026-02-09 14:39:00.000,1229.03,,1223.03,SLA Breached
VISH-25-12-0937,,2025-12-23 13:57:00.000000,24.0,2025-12-24 13:57:00.000000,2025-12-23 13:57:00.000,,,2026-01-19 16:21:00.000,650.4,,626.4,SLA Breached
VISH-25-12-0835,,2025-12-23 22:25:00.000000,24.0,2025-12-24 22:25:00.000000,2025-12-23 22:25:00.000,,,2026-01-03 10:32:00.000,252.12,,228.12,SLA Breached
VISH-25-12-0828,,2025-12-27 12:14:00.000000,6.0,2025-12-27 18:14:00.000000,2025-12-27 12:14:00.000,,,2026-01-29 11:51:00.000,791.62,,785.62,SLA Breached
VISH-25-12-0011,,2025-12-27 13:24:00.000000,24.0,2025-12-28 13:24:00.000000,2025-12-27 13:24:00.000,,,2025-12-29 13:24:00.000,48.0,,24.0,SLA Breached
VISH-25-12-0836,,2025-12-29 16:17:00.000000,24.0,2025-12-30 16:17:00.000000,2025-12-29 16:17:00.000,,,2026-02-10 15:38:00.000,1031.35,,1007.35,SLA Breached
VISH-25-12-0354,,2025-12-29 23:37:00.000000,6.0,2025-12-30 05:37:00.000000,2025-12-29 23:37:00.000,,,2026-01-05 14:09:00.000,158.53,,152.53,SLA Breached
VISH-25-12-0355,,2025-12-31 13:23:00.000000,24.0,2026-01-01 13:23:00.000000,2025-12-31 13:23:00.000,,,2026-02-09 14:39:00.000,961.27,,937.27,SLA Breached
VISH-26-01-0864,,2026-01-04 08:47:00.000000,24.0,2026-01-05 08:47:00.000000,2026-01-04 08:47:00.000,,,2025-08-06 06:24:00.000,,,,
VISH-26-01-0436,,2026-01-06 11:59:00.000000,24.0,2026-01-07 11:59:00.000000,2026-01-06 11:59:00.000,,,2025-04-14 11:11:00.000,,,,
VISH-26-01-0706,,2026-01-06 12:42:00.000000,24.0,2026-01-07 12:42:00.000000,2026-01-06 12:42:00.000,,,2025-05-29 11:27:00.000,,,,
VISH-26-01-0833,,2026-01-06 12:44:00.000000,24.0,2026-01-07 12:44:00.000000,2026-01-06 12:44:00.000,,,2025-09-20 18:25:00.000,,,,
VISH-26-01-0339,,2026-01-07 22:43:00.000000,24.0,2026-01-08 22:43:00.000000,2026-01-07 22:43:00.000,,,2025-03-18 10:27:00.000,,,,
VISH-26-01-0938,,2026-01-10 09:47:00.000000,24.0,2026-01-11 09:47:00.000000,2026-01-10 09:47:00.000,,,2026-01-29 11:50:00.000,458.05,,434.05,SLA Breached
VISH-26-01-0492,,2026-01-12 09:53:00.000000,24.0,2026-01-13 09:53:00.000000,2026-01-12 09:53:00.000,,,2026-01-14 15:27:00.000,53.57,,29.57,SLA Breached
VISH-26-01-0493,,2026-01-12 09:55:00.000000,24.0,2026-01-13 09:55:00.000000,2026-01-12 09:55:00.000,,,2026-01-14 15:25:00.000,53.5,,29.5,SLA Breached
VISH-26-01-0494,,2026-01-12 09:56:00.000000,6.0,2026-01-12 15:56:00.000000,2026-01-12 09:56:00.000,,,2026-02-10 15:31:00.000,701.58,,695.58,SLA Breached
VISH-26-01-0495,,2026-01-12 09:57:00.000000,24.0,2026-01-13 09:57:00.000000,2026-01-12 09:57:00.000,,,2026-01-14 15:24:00.000,53.45,,29.45,SLA Breached
VISH-26-01-0496,,2026-01-12 09:59:00.000000,24.0,2026-01-13 09:59:00.000000,2026-01-12 09:59:00.000,,,2026-01-19 16:16:00.000,174.28,,150.28,SLA Breached
VISH-26-01-0125,,2026-01-12 21:10:00.000000,6.0,2026-01-13 03:10:00.000000,2026-01-12 21:10:00.000,,,2025-08-23 16:20:00.000,,,,
VISH-26-01-0908,,2026-01-12 22:45:00.000000,24.0,2026-01-13 22:45:00.000000,2026-01-12 22:45:00.000,,,2026-01-14 22:45:00.000,48.0,,24.0,SLA Breached
VISH-26-01-0880,,2026-01-13 08:05:00.000000,24.0,2026-01-14 08:05:00.000000,2026-01-13 08:05:00.000,,,2026-01-19 16:16:00.000,152.18,,128.18,SLA Breached
VISH-26-01-0729,,2026-01-14 10:22:00.000000,24.0,2026-01-15 10:22:00.000000,2026-01-14 10:22:00.000,,,2026-01-29 12:08:00.000,361.77,,337.77,SLA Breached
VISH-26-01-0335,,2026-01-14 14:59:00.000000,24.0,2026-01-15 14:59:00.000000,2026-01-14 14:59:00.000,,,2026-01-16 14:59:00.000,48.0,,24.0,SLA Breached
VISH-26-01-0881,,2026-01-15 08:11:00.000000,24.0,2026-01-16 08:11:00.000000,2026-01-15 08:11:00.000,,,2026-03-10 15:04:00.000,1302.88,,1278.88,SLA Breached
VISH-26-01-0998,,2026-01-16 22:08:00.000000,4.0,2026-01-17 02:08:00.000000,2026-01-16 22:08:00.000,,,2026-01-18 22:08:00.000,48.0,,44.0,SLA Breached
VISH-26-01-0497,,2026-01-17 10:23:00.000000,6.0,2026-01-17 16:23:00.000000,2026-01-17 10:23:00.000,,,2025-02-13 00:00:00.000,,,,
VISH-26-01-0745,,2026-01-17 14:35:00.000000,6.0,2026-01-17 20:35:00.000000,2026-01-17 14:35:00.000,,,2026-01-27 15:16:00.000,240.68,,234.68,SLA Breached
VISH-26-01-0818,,2026-01-18 14:38:00.000000,6.0,2026-01-18 20:38:00.000000,2026-01-18 14:38:00.000,,,2026-01-20 14:38:00.000,48.0,,42.0,SLA Breached
VISH-26-01-0767,,2026-01-18 15:10:00.000000,6.0,2026-01-18 21:10:00.000000,2026-01-18 15:10:00.000,,,2026-01-30 16:42:00.000,289.53,,283.53,SLA Breached
VISH-26-01-0758,,2026-01-18 21:35:00.000000,24.0,2026-01-19 21:35:00.000000,2026-01-18 21:35:00.000,,,2026-01-19 16:12:00.000,18.62,,-5.38,Within SLA
VISH-26-01-0759,,2026-01-18 21:36:00.000000,6.0,2026-01-19 03:36:00.000000,2026-01-18 21:36:00.000,,,2026-01-19 16:10:00.000,18.57,,12.57,SLA Breached
VISH-26-01-0760,,2026-01-18 21:37:00.000000,6.0,2026-01-19 03:37:00.000000,2026-01-18 21:37:00.000,,,2026-01-29 11:53:00.000,254.27,,248.27,SLA Breached
VISH-26-01-0761,,2026-01-18 21:38:00.000000,12.0,2026-01-19 09:38:00.000000,2026-01-18 21:38:00.000,,,2025-08-23 16:17:00.000,,,,
VISH-26-01-0356,,2026-01-20 03:31:00.000000,12.0,2026-01-20 15:31:00.000000,2026-01-20 03:31:00.000,,,2026-01-22 03:31:00.000,48.0,,36.0,SLA Breached
VISH-26-01-0655,,2026-01-20 05:44:00.000000,24.0,2026-01-21 05:44:00.000000,2026-01-20 05:44:00.000,,,2026-01-22 05:44:00.000,48.0,,24.0,SLA Breached
VISH-26-01-0671,,2026-01-20 10:59:00.000000,6.0,2026-01-20 16:59:00.000000,2026-01-20 10:59:00.000,,,2026-01-22 10:59:00.000,48.0,,42.0,SLA Breached
VISH-26-01-1031,,2026-01-20 13:01:00.000000,24.0,2026-01-21 13:01:00.000000,2026-01-20 13:01:00.000,,,2026-01-22 13:01:00.000,48.0,,24.0,SLA Breached
VISH-26-01-0074,,2026-01-20 16:06:00.000000,6.0,2026-01-20 22:06:00.000000,2026-01-20 16:06:00.000,,,2026-02-14 13:08:00.000,597.03,,591.03,SLA Breached
VISH-26-01-0075,,2026-01-20 16:09:00.000000,24.0,2026-01-21 16:09:00.000000,2026-01-20 16:09:00.000,,,2026-01-30 16:35:00.000,240.43,,216.43,SLA Breached
VISH-26-01-0076,,2026-01-20 19:55:00.000000,24.0,2026-01-21 19:55:00.000000,2026-01-20 19:55:00.000,,,2026-01-22 19:55:00.000,48.0,,24.0,SLA Breached
VISH-26-01-0746,,2026-01-23 00:42:00.000000,24.0,2026-01-24 00:42:00.000000,2026-01-23 00:42:00.000,,,2025-09-24 15:28:00.000,,,,
VISH-26-01-0730,,2026-01-23 12:01:00.000000,4.0,2026-01-23 16:01:00.000000,2026-01-23 12:01:00.000,,,2026-01-25 12:01:00.000,48.0,,44.0,SLA Breached
VISH-26-01-0837,,2026-01-26 13:19:00.000000,12.0,2026-01-27 01:19:00.000000,2026-01-26 13:19:00.000,,,2026-01-28 13:19:00.000,48.0,,36.0,SLA Breached
VISH-26-01-0957,,2026-01-27 11:09:00.000000,12.0,2026-01-27 23:09:00.000000,2026-01-27 11:09:00.000,,,2026-02-09 14:39:00.000,315.5,,303.5,SLA Breached
VISH-26-01-0829,,2026-01-28 07:52:00.000000,6.0,2026-01-28 13:52:00.000000,2026-01-28 07:52:00.000,,,2026-02-10 15:34:00.000,319.7,,313.7,SLA Breached
VISH-26-01-0939,,2026-01-28 19:21:00.000000,24.0,2026-01-29 19:21:00.000000,2026-01-28 19:21:00.000,,,2026-02-09 14:38:00.000,283.28,,259.28,SLA Breached
VISH-26-01-0981,,2026-01-29 21:27:00.000000,12.0,2026-01-30 09:27:00.000000,2026-01-29 21:27:00.000,,,2025-11-24 16:19:00.000,,,,
VISH-26-01-1022,,2026-01-29 22:01:00.000000,6.0,2026-01-30 04:01:00.000000,2026-01-29 22:01:00.000,,,2026-02-09 14:37:00.000,256.6,,250.6,SLA Breached
VISH-26-01-0830,,2026-01-29 22:12:00.000000,6.0,2026-01-30 04:12:00.000000,2026-01-29 22:12:00.000,,,2025-09-29 11:57:00.000,,,,
VISH-26-01-0768,,2026-01-30 00:26:00.000000,4.0,2026-01-30 04:26:00.000000,2026-01-30 00:26:00.000,,,2026-03-09 17:22:00.000,928.93,,924.93,SLA Breached
VISH-26-01-0958,,2026-01-30 09:13:00.000000,12.0,2026-01-30 21:13:00.000000,2026-01-30 09:13:00.000,,,2026-02-01 09:13:00.000,48.0,,36.0,SLA Breached
VISH-26-01-0703,,2026-01-31 08:31:00.000000,12.0,2026-01-31 20:31:00.000000,2026-01-31 08:31:00.000,,,2026-02-13 15:44:00.000,319.22,,307.22,SLA Breached
VISH-26-01-0704,,2026-01-31 08:34:00.000000,6.0,2026-01-31 14:34:00.000000,2026-01-31 08:34:00.000,,,2026-02-13 15:44:00.000,319.17,,313.17,SLA Breached
VISH-26-01-0705,,2026-01-31 08:37:00.000000,6.0,2026-01-31 14:37:00.000000,2026-01-31 08:37:00.000,,,2026-02-02 08:37:00.000,48.0,,42.0,SLA Breached
VISH-26-01-0738,,2026-01-31 11:50:00.000000,6.0,2026-01-31 17:50:00.000000,2026-01-31 11:50:00.000,,,2026-02-10 15:34:00.000,243.73,,237.73,SLA Breached
VISH-26-01-0739,,2026-01-31 11:52:00.000000,6.0,2026-01-31 17:52:00.000000,2026-01-31 11:52:00.000,,,2026-02-10 15:29:00.000,243.62,,237.62,SLA Breached
VISH-26-01-0740,,2026-01-31 11:54:00.000000,24.0,2026-02-01 11:54:00.000000,2026-01-31 11:54:00.000,,,2026-02-02 11:54:00.000,48.0,,24.0,SLA Breached
VISH-26-01-1038,,2026-01-31 15:15:00.000000,12.0,2026-02-01 03:15:00.000000,2026-01-31 15:15:00.000,,,2026-03-09 15:40:00.000,888.42,,876.42,SLA Breached
VISH-26-02-0930,,2026-02-01 00:37:00.000000,24.0,2026-02-02 00:37:00.000000,2026-02-01 00:37:00.000,,,2026-02-03 00:37:00.000,48.0,,24.0,SLA Breached
VISH-26-02-1003,,2026-02-01 13:22:00.000000,24.0,2026-02-02 13:22:00.000000,2026-02-01 13:22:00.000,,,2026-02-03 13:22:00.000,48.0,,24.0,SLA Breached
VISH-26-02-0255,,2026-02-01 21:15:00.000000,12.0,2026-02-02 09:15:00.000000,2026-02-01 21:15:00.000,,,2026-02-03 21:15:00.000,48.0,,36.0,SLA Breached
VISH-26-02-1023,,2026-02-02 11:12:00.000000,12.0,2026-02-02 23:12:00.000000,2026-02-02 11:12:00.000,,,2026-02-04 11:12:00.000,48.0,,36.0,SLA Breached
VISH-26-02-0940,,2026-02-02 17:10:00.000000,24.0,2026-02-03 17:10:00.000000,2026-02-02 17:10:00.000,,,2026-02-04 17:10:00.000,48.0,,24.0,SLA Breached
VISH-26-02-0601,,2026-02-04 19:13:00.000000,24.0,2026-02-05 19:13:00.000000,2026-02-04 19:13:00.000,,,2026-02-06 19:13:00.000,48.0,,24.0,SLA Breached
VISH-26-02-0656,,2026-02-05 18:06:00.000000,24.0,2026-02-06 18:06:00.000000,2026-02-05 18:06:00.000,,,2026-02-07 18:06:00.000,48.0,,24.0,SLA Breached
VISH-26-02-0657,,2026-02-05 18:18:00.000000,6.0,2026-02-06 00:18:00.000000,2026-02-05 18:18:00.000,,,2026-03-09 15:46:00.000,765.47,,759.47,SLA Breached
VISH-26-02-1034,,2026-02-05 19:15:00.000000,6.0,2026-02-06 01:15:00.000000,2026-02-05 19:15:00.000,,,2026-02-07 19:15:00.000,48.0,,42.0,SLA Breached
VISH-26-02-0996,,2026-02-06 00:27:00.000000,12.0,2026-02-06 12:27:00.000000,2026-02-06 00:27:00.000,,,2026-03-05 12:20:00.000,659.88,,647.88,SLA Breached
VISH-26-02-0959,,2026-02-06 10:04:00.000000,12.0,2026-02-06 22:04:00.000000,2026-02-06 10:04:00.000,,,2026-03-25 13:36:00.000,1131.53,,1119.53,SLA Breached
VISH-26-02-0801,,2026-02-07 18:01:00.000000,24.0,2026-02-08 18:01:00.000000,2026-02-07 18:01:00.000,,,2026-02-09 18:01:00.000,48.0,,24.0,SLA Breached
VISH-26-02-0802,,2026-02-07 18:02:00.000000,24.0,2026-02-08 18:02:00.000000,2026-02-07 18:02:00.000,,,2026-03-04 13:57:00.000,595.92,,571.92,SLA Breached
VISH-26-02-0849,,2026-02-07 18:34:00.000000,24.0,2026-02-08 18:34:00.000000,2026-02-07 18:34:00.000,,,2025-07-19 05:39:00.000,,,,
VISH-26-02-0331,,2026-02-08 13:35:00.000000,24.0,2026-02-09 13:35:00.000000,2026-02-08 13:35:00.000,,,2025-03-09 13:39:00.000,,,,
VISH-26-02-0987,,2026-02-08 13:42:00.000000,24.0,2026-02-09 13:42:00.000000,2026-02-08 13:42:00.000,,,2026-02-10 13:42:00.000,48.0,,24.0,SLA Breached
VISH-26-02-0988,,2026-02-08 13:43:00.000000,24.0,2026-02-09 13:43:00.000000,2026-02-08 13:43:00.000,,,2026-02-10 13:43:00.000,48.0,,24.0,SLA Breached
VISH-26-02-0999,,2026-02-08 13:46:00.000000,6.0,2026-02-08 19:46:00.000000,2026-02-08 13:46:00.000,,,2026-02-10 13:46:00.000,48.0,,42.0,SLA Breached
VISH-26-02-0526,,2026-02-08 17:43:00.000000,24.0,2026-02-09 17:43:00.000000,2026-02-08 17:43:00.000,,,2025-02-14 02:55:00.000,,,,
VISH-26-02-1016,,2026-02-08 22:49:00.000000,12.0,2026-02-09 10:49:00.000000,2026-02-08 22:49:00.000,,,2026-02-10 22:49:00.000,48.0,,36.0,SLA Breached
VISH-26-02-1008,,2026-02-08 22:53:00.000000,6.0,2026-02-09 04:53:00.000000,2026-02-08 22:53:00.000,,,2026-02-10 22:53:00.000,48.0,,42.0,SLA Breached
VISH-26-02-1009,,2026-02-08 22:54:00.000000,12.0,2026-02-09 10:54:00.000000,2026-02-08 22:54:00.000,,,2026-02-10 22:54:00.000,48.0,,36.0,SLA Breached
VISH-26-02-1017,,2026-02-08 22:55:00.000000,6.0,2026-02-09 04:55:00.000000,2026-02-08 22:55:00.000,,,2026-02-10 22:55:00.000,48.0,,42.0,SLA Breached
VISH-26-02-0092,,2026-02-10 21:50:00.000000,24.0,2026-02-11 21:50:00.000000,2026-02-10 21:50:00.000,,,2026-02-12 21:50:00.000,48.0,,24.0,SLA Breached
VISH-26-02-0093,,2026-02-10 21:51:00.000000,24.0,2026-02-11 21:51:00.000000,2026-02-10 21:51:00.000,,,2026-02-12 21:51:00.000,48.0,,24.0,SLA Breached
VISH-26-02-1035,,2026-02-12 17:52:00.000000,24.0,2026-02-13 17:52:00.000000,2026-02-12 17:52:00.000,,,2026-02-14 17:52:00.000,48.0,,24.0,SLA Breached
VISH-26-02-1005,,2026-02-13 01:50:00.000000,24.0,2026-02-14 01:50:00.000000,2026-02-13 01:50:00.000,,,2026-02-15 01:50:00.000,48.0,,24.0,SLA Breached
VISH-26-02-1004,,2026-02-13 01:50:00.000000,12.0,2026-02-13 13:50:00.000000,2026-02-13 01:50:00.000,,,2026-02-15 01:50:00.000,48.0,,36.0,SLA Breached
VISH-26-02-1006,,2026-02-13 01:51:00.000000,24.0,2026-02-14 01:51:00.000000,2026-02-13 01:51:00.000,,,2026-03-03 14:05:00.000,444.23,,420.23,SLA Breached
VISH-26-02-0888,,2026-02-13 07:37:00.000000,24.0,2026-02-14 07:37:00.000000,2026-02-13 07:37:00.000,,,2026-02-15 07:37:00.000,48.0,,24.0,SLA Breached
VISH-26-02-0889,,2026-02-13 07:38:00.000000,24.0,2026-02-14 07:38:00.000000,2026-02-13 07:38:00.000,,,2026-03-02 16:43:00.000,417.08,,393.08,SLA Breached
VISH-26-02-0357,,2026-02-13 13:38:00.000000,12.0,2026-02-14 01:38:00.000000,2026-02-13 13:38:00.000,,,2026-03-05 10:35:00.000,476.95,,464.95,SLA Breached
VISH-26-02-1000,,2026-02-14 01:41:00.000000,6.0,2026-02-14 07:41:00.000000,2026-02-14 01:41:00.000,,,2026-02-16 01:41:00.000,48.0,,42.0,SLA Breached
VISH-26-02-0063,,2026-02-14 09:25:00.000000,12.0,2026-02-14 21:25:00.000000,2026-02-14 09:25:00.000,,,2026-02-16 09:25:00.000,48.0,,36.0,SLA Breached
VISH-26-02-0064,,2026-02-14 09:30:00.000000,24.0,2026-02-15 09:30:00.000000,2026-02-14 09:30:00.000,,,2026-02-16 09:30:00.000,48.0,,24.0,SLA Breached
VISH-26-02-0857,,2026-02-14 10:01:00.000000,24.0,2026-02-15 10:01:00.000000,2026-02-14 10:01:00.000,,,2025-07-25 04:43:00.000,,,,
VISH-26-02-1001,,2026-02-14 14:03:00.000000,6.0,2026-02-14 20:03:00.000000,2026-02-14 14:03:00.000,,,2026-02-16 14:03:00.000,48.0,,42.0,SLA Breached
VISH-26-02-0065,,2026-02-15 13:58:00.000000,12.0,2026-02-16 01:58:00.000000,2026-02-15 13:58:00.000,,,2026-02-17 13:58:00.000,48.0,,36.0,SLA Breached
VISH-26-02-1018,,2026-02-15 22:40:00.000000,12.0,2026-02-16 10:40:00.000000,2026-02-15 22:40:00.000,,,2026-02-17 22:40:00.000,48.0,,36.0,SLA Breached
VISH-26-02-1010,,2026-02-16 00:08:00.000000,24.0,2026-02-17 00:08:00.000000,2026-02-16 00:08:00.000,,,2026-02-18 00:08:00.000,48.0,,24.0,SLA Breached
VISH-26-02-1011,,2026-02-16 00:08:00.000000,12.0,2026-02-16 12:08:00.000000,2026-02-16 00:08:00.000,,,2026-03-12 13:06:00.000,588.97,,576.97,SLA Breached
VISH-26-02-0414,,2026-02-16 11:55:00.000000,6.0,2026-02-16 17:55:00.000000,2026-02-16 11:55:00.000,,,2025-02-14 18:39:00.000,,,,
VISH-26-02-1032,,2026-02-16 15:01:00.000000,24.0,2026-02-17 15:01:00.000000,2026-02-16 15:01:00.000,,,2026-02-18 15:01:00.000,48.0,,24.0,SLA Breached
VISH-26-02-0873,,2026-02-16 21:17:00.000000,6.0,2026-02-17 03:17:00.000000,2026-02-16 21:17:00.000,,,2025-08-08 11:49:00.000,,,,
VISH-26-02-0094,,2026-02-16 22:56:00.000000,24.0,2026-02-17 22:56:00.000000,2026-02-16 22:56:00.000,,,2026-02-18 22:56:00.000,48.0,,24.0,SLA Breached
VISH-26-02-1033,,2026-02-16 23:08:00.000000,12.0,2026-02-17 11:08:00.000000,2026-02-16 23:08:00.000,,,2026-02-18 23:08:00.000,48.0,,36.0,SLA Breached
VISH-26-02-0989,,2026-02-17 12:21:00.000000,12.0,2026-02-18 00:21:00.000000,2026-02-17 12:21:00.000,,,2026-03-14 13:49:00.000,601.47,,589.47,SLA Breached
VISH-26-02-0077,,2026-02-17 18:15:00.000000,24.0,2026-02-18 18:15:00.000000,2026-02-17 18:15:00.000,,,2026-03-12 13:23:00.000,547.13,,523.13,SLA Breached
VISH-26-02-0078,,2026-02-17 18:16:00.000000,6.0,2026-02-18 00:16:00.000000,2026-02-17 18:16:00.000,,,2026-02-19 18:16:00.000,48.0,,42.0,SLA Breached
VISH-26-02-0079,,2026-02-17 18:19:00.000000,6.0,2026-02-18 00:19:00.000000,2026-02-17 18:19:00.000,,,2025-02-25 19:36:00.000,,,,
VISH-26-02-0731,,2026-02-17 19:03:00.000000,4.0,2026-02-17 23:03:00.000000,2026-02-17 19:03:00.000,,,2025-06-04 13:57:00.000,,,,
VISH-26-02-0095,,2026-02-17 20:36:00.000000,24.0,2026-02-18 20:36:00.000000,2026-02-17 20:36:00.000,,,2025-04-14 10:48:00.000,,,,
VISH-26-02-0284,,2026-02-17 22:42:00.000000,4.0,2026-02-18 02:42:00.000000,2026-02-17 22:42:00.000,,,2026-02-19 22:42:00.000,48.0,,44.0,SLA Breached
VISH-26-02-0752,,2026-02-18 00:20:00.000000,24.0,2026-02-19 00:20:00.000000,2026-02-18 00:20:00.000,,,2026-02-20 00:20:00.000,48.0,,24.0,SLA Breached
VISH-26-02-1044,,2026-02-18 19:29:00.000000,24.0,2026-02-19 19:29:00.000000,2026-02-18 19:29:00.000,,,2026-02-20 19:29:00.000,48.0,,24.0,SLA Breached
VISH-26-02-0256,,2026-02-19 09:55:00.000000,24.0,2026-02-20 09:55:00.000000,2026-02-19 09:55:00.000,,,2026-02-21 09:55:00.000,48.0,,24.0,SLA Breached
VISH-26-02-0257,,2026-02-19 09:56:00.000000,24.0,2026-02-20 09:56:00.000000,2026-02-19 09:56:00.000,,,2026-02-21 09:56:00.000,48.0,,24.0,SLA Breached
VISH-26-02-0258,,2026-02-19 09:57:00.000000,6.0,2026-02-19 15:57:00.000000,2026-02-19 09:57:00.000,,,2026-02-21 09:57:00.000,48.0,,42.0,SLA Breached
VISH-26-02-0259,,2026-02-19 10:00:00.000000,24.0,2026-02-20 10:00:00.000000,2026-02-19 10:00:00.000,,,2026-03-09 12:53:00.000,434.88,,410.88,SLA Breached
VISH-26-02-1024,,2026-02-19 11:29:00.000000,4.0,2026-02-19 15:29:00.000000,2026-02-19 11:29:00.000,,,2026-02-21 11:29:00.000,48.0,,44.0,SLA Breached
VISH-26-02-1025,,2026-02-19 11:33:00.000000,4.0,2026-02-19 15:33:00.000000,2026-02-19 11:33:00.000,,,2026-02-21 11:33:00.000,48.0,,44.0,SLA Breached
VISH-26-02-1026,,2026-02-19 11:39:00.000000,4.0,2026-02-19 15:39:00.000000,2026-02-19 11:39:00.000,,,2026-02-21 11:39:00.000,48.0,,44.0,SLA Breached
VISH-26-02-0190,,2026-02-20 10:30:00.000000,6.0,2026-02-20 16:30:00.000000,2026-02-20 10:30:00.000,,,2026-02-22 10:30:00.000,48.0,,42.0,SLA Breached
VISH-26-02-0191,,2026-02-20 10:55:00.000000,6.0,2026-02-20 16:55:00.000000,2026-02-20 10:55:00.000,,,2026-02-22 10:55:00.000,48.0,,42.0,SLA Breached
VISH-26-02-0192,,2026-02-20 10:56:00.000000,24.0,2026-02-21 10:56:00.000000,2026-02-20 10:56:00.000,,,2026-02-22 10:56:00.000,48.0,,24.0,SLA Breached
VISH-26-02-0193,,2026-02-20 10:56:00.000000,4.0,2026-02-20 14:56:00.000000,2026-02-20 10:56:00.000,,,2026-02-22 10:56:00.000,48.0,,44.0,SLA Breached
VISH-26-02-0194,,2026-02-20 10:57:00.000000,4.0,2026-02-20 14:57:00.000000,2026-02-20 10:57:00.000,,,2026-03-11 17:34:00.000,462.62,,458.62,SLA Breached
VISH-26-02-0195,,2026-02-20 10:58:00.000000,24.0,2026-02-21 10:58:00.000000,2026-02-20 10:58:00.000,,,2026-03-05 12:37:00.000,313.65,,289.65,SLA Breached
VISH-26-02-0781,,2026-02-21 08:11:00.000000,12.0,2026-02-21 20:11:00.000000,2026-02-21 08:11:00.000,,,2025-02-17 12:45:00.000,,,,
VISH-26-02-0931,,2026-02-21 10:48:00.000000,12.0,2026-02-21 22:48:00.000000,2026-02-21 10:48:00.000,,,2026-02-23 10:48:00.000,48.0,,36.0,SLA Breached
VISH-26-02-0909,,2026-02-22 12:41:00.000000,4.0,2026-02-22 16:41:00.000000,2026-02-22 12:41:00.000,,,2026-03-02 16:44:00.000,196.05,,192.05,SLA Breached
VISH-26-02-0910,,2026-02-22 12:41:00.000000,6.0,2026-02-22 18:41:00.000000,2026-02-22 12:41:00.000,,,2026-02-24 12:41:00.000,48.0,,42.0,SLA Breached
VISH-26-02-0912,,2026-02-22 12:43:00.000000,12.0,2026-02-23 00:43:00.000000,2026-02-22 12:43:00.000,,,2026-02-24 12:43:00.000,48.0,,36.0,SLA Breached
VISH-26-02-0911,,2026-02-22 12:43:00.000000,4.0,2026-02-22 16:43:00.000000,2026-02-22 12:43:00.000,,,2026-02-24 12:43:00.000,48.0,,44.0,SLA Breached
VISH-26-02-0913,,2026-02-22 12:44:00.000000,24.0,2026-02-23 12:44:00.000000,2026-02-22 12:44:00.000,,,2026-02-24 12:44:00.000,48.0,,24.0,SLA Breached
VISH-26-02-0914,,2026-02-22 12:45:00.000000,24.0,2026-02-23 12:45:00.000000,2026-02-22 12:45:00.000,,,2026-02-24 12:45:00.000,48.0,,24.0,SLA Breached
VISH-26-02-0915,,2026-02-22 12:46:00.000000,24.0,2026-02-23 12:46:00.000000,2026-02-22 12:46:00.000,,,2026-02-24 12:46:00.000,48.0,,24.0,SLA Breached
VISH-26-02-0916,,2026-02-22 12:47:00.000000,4.0,2026-02-22 16:47:00.000000,2026-02-22 12:47:00.000,,,2026-02-24 12:47:00.000,48.0,,44.0,SLA Breached
VISH-26-02-0917,,2026-02-22 12:48:00.000000,6.0,2026-02-22 18:48:00.000000,2026-02-22 12:48:00.000,,,2026-02-24 12:48:00.000,48.0,,42.0,SLA Breached
VISH-26-02-0918,,2026-02-22 12:50:00.000000,24.0,2026-02-23 12:50:00.000000,2026-02-22 12:50:00.000,,,2025-11-26 19:28:00.000,,,,
VISH-26-02-0932,,2026-02-22 17:05:00.000000,12.0,2026-02-23 05:05:00.000000,2026-02-22 17:05:00.000,,,2025-10-04 14:24:00.000,,,,
VISH-26-02-0941,,2026-02-22 19:27:00.000000,4.0,2026-02-22 23:27:00.000000,2026-02-22 19:27:00.000,,,2026-03-09 14:06:00.000,354.65,,350.65,SLA Breached
VISH-26-02-0066,,2026-02-23 08:36:00.000000,6.0,2026-02-23 14:36:00.000000,2026-02-23 08:36:00.000,,,2026-02-25 08:36:00.000,48.0,,42.0,SLA Breached
VISH-26-02-0067,,2026-02-23 08:37:00.000000,12.0,2026-02-23 20:37:00.000000,2026-02-23 08:37:00.000,,,2026-03-11 14:35:00.000,389.97,,377.97,SLA Breached
VISH-26-02-0285,,2026-02-24 01:29:00.000000,24.0,2026-02-25 01:29:00.000000,2026-02-24 01:29:00.000,,,2026-03-11 11:26:00.000,369.95,,345.95,SLA Breached
VISH-26-02-0196,,2026-02-24 12:07:00.000000,6.0,2026-02-24 18:07:00.000000,2026-02-24 12:07:00.000,,,2026-02-26 12:07:00.000,48.0,,42.0,SLA Breached
VISH-26-02-0197,,2026-02-24 12:08:00.000000,4.0,2026-02-24 16:08:00.000000,2026-02-24 12:08:00.000,,,2025-03-20 10:30:00.000,,,,
VISH-26-02-1050,,2026-02-24 15:17:00.000000,24.0,2026-02-25 15:17:00.000000,2026-02-24 15:17:00.000,,,2026-02-26 15:17:00.000,48.0,,24.0,SLA Breached
VISH-26-02-1051,,2026-02-24 15:18:00.000000,4.0,2026-02-24 19:18:00.000000,2026-02-24 15:18:00.000,,,2026-02-26 15:18:00.000,48.0,,44.0,SLA Breached
VISH-26-02-1052,,2026-02-24 15:19:00.000000,24.0,2026-02-25 15:19:00.000000,2026-02-24 15:19:00.000,,,2026-02-26 15:19:00.000,48.0,,24.0,SLA Breached
VISH-26-02-1053,,2026-02-24 15:21:00.000000,4.0,2026-02-24 19:21:00.000000,2026-02-24 15:21:00.000,,,2026-02-26 15:21:00.000,48.0,,44.0,SLA Breached
VISH-26-02-0819,,2026-02-24 18:29:00.000000,24.0,2026-02-25 18:29:00.000000,2026-02-24 18:29:00.000,,,2025-07-25 04:43:00.000,,,,
VISH-26-02-0146,,2026-02-25 10:44:00.000000,6.0,2026-02-25 16:44:00.000000,2026-02-25 10:44:00.000,,,2025-02-26 21:47:00.000,,,,
VISH-26-02-0224,,2026-02-25 19:05:00.000000,12.0,2026-02-26 07:05:00.000000,2026-02-25 19:05:00.000,,,2026-03-06 17:00:00.000,213.92,,201.92,SLA Breached
VISH-26-02-1036,,2026-02-25 21:31:00.000000,12.0,2026-02-26 09:31:00.000000,2026-02-25 21:31:00.000,,,2026-02-27 21:31:00.000,48.0,,36.0,SLA Breached
VISH-26-02-1027,,2026-02-25 23:36:00.000000,24.0,2026-02-26 23:36:00.000000,2026-02-25 23:36:00.000,,,2026-02-27 23:36:00.000,48.0,,24.0,SLA Breached
VISH-26-02-0358,,2026-02-26 00:46:00.000000,6.0,2026-02-26 06:46:00.000000,2026-02-26 00:46:00.000,,,2026-02-28 00:46:00.000,48.0,,42.0,SLA Breached
VISH-26-02-0741,,2026-02-26 12:32:00.000000,12.0,2026-02-27 00:32:00.000000,2026-02-26 12:32:00.000,,,2026-03-09 17:22:00.000,268.83,,256.83,SLA Breached
VISH-26-02-0803,,2026-02-27 20:58:00.000000,24.0,2026-02-28 20:58:00.000000,2026-02-27 20:58:00.000,,,2025-07-03 15:29:00.000,,,,
VISH-26-02-0838,,2026-02-27 21:00:00.000000,6.0,2026-02-28 03:00:00.000000,2026-02-27 21:00:00.000,,,2026-03-01 21:00:00.000,48.0,,42.0,SLA Breached
VISH-26-02-0839,,2026-02-27 21:02:00.000000,6.0,2026-02-28 03:02:00.000000,2026-02-27 21:02:00.000,,,2026-03-01 21:02:00.000,48.0,,42.0,SLA Breached
VISH-26-02-0997,,2026-02-27 22:12:00.000000,6.0,2026-02-28 04:12:00.000000,2026-02-27 22:12:00.000,,,2026-01-19 17:52:00.000,,,,
VISH-26-02-0658,,2026-02-28 00:18:00.000000,24.0,2026-03-01 00:18:00.000000,2026-02-28 00:18:00.000,,,2026-03-02 00:18:00.000,48.0,,24.0,SLA Breached
VISH-26-02-1046,,2026-02-28 08:58:00.000000,24.0,2026-03-01 08:58:00.000000,2026-02-28 08:58:00.000,,,2026-03-04 11:02:00.000,98.07,,74.07,SLA Breached
VISH-26-02-1047,,2026-02-28 09:01:00.000000,24.0,2026-03-01 09:01:00.000000,2026-02-28 09:01:00.000,,,2026-03-05 12:27:00.000,123.43,,99.43,SLA Breached
VISH-26-02-0890,,2026-02-28 11:01:00.000000,24.0,2026-03-01 11:01:00.000000,2026-02-28 11:01:00.000,,,2026-03-02 11:01:00.000,48.0,,24.0,SLA Breached
VISH-26-02-0927,,2026-02-28 22:24:00.000000,12.0,2026-03-01 10:24:00.000000,2026-02-28 22:24:00.000,,,2025-10-27 11:22:00.000,,,,
VISH-26-03-1048,,2026-03-01 14:32:00.000000,12.0,2026-03-02 02:32:00.000000,2026-03-01 14:32:00.000,,,2026-03-09 10:47:00.000,188.25,,176.25,SLA Breached
VISH-26-03-0735,,2026-03-01 20:05:00.000000,24.0,2026-03-02 20:05:00.000000,2026-03-01 20:05:00.000,,,2026-03-11 11:16:00.000,231.18,,207.18,SLA Breached
VISH-26-03-0012,,2026-03-02 12:48:00.000000,6.0,2026-03-02 18:48:00.000000,2026-03-02 12:48:00.000,,,2026-03-04 12:48:00.000,48.0,,42.0,SLA Breached
VISH-26-03-0013,,2026-03-02 14:37:00.000000,6.0,2026-03-02 20:37:00.000000,2026-03-02 14:37:00.000,,,2026-03-04 14:37:00.000,48.0,,42.0,SLA Breached
VISH-26-03-0014,,2026-03-02 14:41:00.000000,24.0,2026-03-03 14:41:00.000000,2026-03-02 14:41:00.000,,,2026-03-04 14:41:00.000,48.0,,24.0,SLA Breached
VISH-26-03-1007,,2026-03-02 21:38:00.000000,24.0,2026-03-03 21:38:00.000000,2026-03-02 21:38:00.000,,,2026-03-04 21:38:00.000,48.0,,24.0,SLA Breached
VISH-26-03-1020,,2026-03-02 22:05:00.000000,12.0,2026-03-03 10:05:00.000000,2026-03-02 22:05:00.000,,,2026-03-03 14:45:00.000,16.67,,4.67,SLA Breached
VISH-26-03-1021,,2026-03-02 22:08:00.000000,24.0,2026-03-03 22:08:00.000000,2026-03-02 22:08:00.000,,,2026-01-30 16:30:00.000,,,,
VISH-26-03-0068,,2026-03-03 09:05:00.000000,12.0,2026-03-03 21:05:00.000000,2026-03-03 09:05:00.000,,,2026-03-05 12:11:00.000,51.1,,39.1,SLA Breached
VISH-26-03-0260,,2026-03-03 09:09:00.000000,6.0,2026-03-03 15:09:00.000000,2026-03-03 09:09:00.000,,,2026-03-09 10:40:00.000,145.52,,139.52,SLA Breached
VISH-26-03-0261,,2026-03-03 09:10:00.000000,6.0,2026-03-03 15:10:00.000000,2026-03-03 09:10:00.000,,,2025-04-14 10:55:00.000,,,,
VISH-26-03-0321,,2026-03-03 11:06:00.000000,12.0,2026-03-03 23:06:00.000000,2026-03-03 11:06:00.000,,,2026-03-11 15:20:00.000,196.23,,184.23,SLA Breached
VISH-26-03-0949,,2026-03-03 19:57:00.000000,24.0,2026-03-04 19:57:00.000000,2026-03-03 19:57:00.000,,,2026-03-04 11:08:00.000,15.18,,-8.82,Within SLA
VISH-26-03-0950,,2026-03-03 20:00:00.000000,12.0,2026-03-04 08:00:00.000000,2026-03-03 20:00:00.000,,,2026-03-04 11:08:00.000,15.13,,3.13,SLA Breached
VISH-26-03-0951,,2026-03-03 20:05:00.000000,24.0,2026-03-04 20:05:00.000000,2026-03-03 20:05:00.000,,,2025-11-07 12:32:00.000,,,,
VISH-26-03-0253,,2026-03-04 11:29:00.000000,6.0,2026-03-04 17:29:00.000000,2026-03-04 11:29:00.000,,,2026-03-06 11:29:00.000,48.0,,42.0,SLA Breached
VISH-26-03-0254,,2026-03-04 11:31:00.000000,24.0,2026-03-05 11:31:00.000000,2026-03-04 11:31:00.000,,,2026-02-09 14:39:00.000,,,,
VISH-26-03-0322,,2026-03-05 01:08:00.000000,12.0,2026-03-05 13:08:00.000000,2026-03-05 01:08:00.000,,,2026-03-11 15:20:00.000,158.2,,146.2,SLA Breached
VISH-26-03-0286,,2026-03-05 05:47:00.000000,24.0,2026-03-06 05:47:00.000000,2026-03-05 05:47:00.000,,,2026-03-12 13:31:00.000,175.73,,151.73,SLA Breached
VISH-26-03-0069,,2026-03-05 10:15:00.000000,24.0,2026-03-06 10:15:00.000000,2026-03-05 10:15:00.000,,,2026-03-14 13:48:00.000,219.55,,195.55,SLA Breached
VISH-26-03-0225,,2026-03-05 10:32:00.000000,24.0,2026-03-06 10:32:00.000000,2026-03-05 10:32:00.000,,,2026-03-07 10:32:00.000,48.0,,24.0,SLA Breached
VISH-26-03-1049,,2026-03-05 11:05:00.000000,24.0,2026-03-06 11:05:00.000000,2026-03-05 11:05:00.000,,,2026-03-07 11:05:00.000,48.0,,24.0,SLA Breached
VISH-26-03-0712,,2026-03-05 13:39:00.000000,6.0,2026-03-05 19:39:00.000000,2026-03-05 13:39:00.000,,,2026-03-06 14:17:00.000,24.63,,18.63,SLA Breached
VISH-26-03-0713,,2026-03-05 13:40:00.000000,6.0,2026-03-05 19:40:00.000000,2026-03-05 13:40:00.000,,,2026-03-07 11:55:00.000,46.25,,40.25,SLA Breached
VISH-26-03-0714,,2026-03-05 13:43:00.000000,24.0,2026-03-06 13:43:00.000000,2026-03-05 13:43:00.000,,,2026-03-12 13:05:00.000,167.37,,143.37,SLA Breached
VISH-26-03-0994,,2026-03-05 17:24:00.000000,6.0,2026-03-05 23:24:00.000000,2026-03-05 17:24:00.000,,,2026-03-07 17:24:00.000,48.0,,42.0,SLA Breached
VISH-26-03-0995,,2026-03-05 17:26:00.000000,24.0,2026-03-06 17:26:00.000000,2026-03-05 17:26:00.000,,,2026-03-07 17:26:00.000,48.0,,24.0,SLA Breached
VISH-26-03-0776,,2026-03-06 00:19:00.000000,24.0,2026-03-07 00:19:00.000000,2026-03-06 00:19:00.000,,,2026-03-07 15:28:00.000,39.15,,15.15,SLA Breached
VISH-26-03-0777,,2026-03-06 00:20:00.000000,24.0,2026-03-07 00:20:00.000000,2026-03-06 00:20:00.000,,,2025-07-24 12:02:00.000,,,,
VISH-26-03-0695,,2026-03-06 10:55:00.000000,4.0,2026-03-06 14:55:00.000000,2026-03-06 10:55:00.000,,,2025-07-01 10:36:00.000,,,,
VISH-26-03-0942,,2026-03-06 21:52:00.000000,4.0,2026-03-07 01:52:00.000000,2026-03-06 21:52:00.000,,,2026-03-07 15:26:00.000,17.57,,13.57,SLA Breached
VISH-26-03-0943,,2026-03-07 03:33:00.000000,24.0,2026-03-08 03:33:00.000000,2026-03-07 03:33:00.000,,,2025-10-06 11:11:00.000,,,,
VISH-26-03-0201,,2026-03-07 09:00:00.000000,12.0,2026-03-07 21:00:00.000000,2026-03-07 09:00:00.000,,,2026-03-07 16:40:00.000,7.67,,-4.33,Within SLA
VISH-26-03-0202,,2026-03-07 09:01:00.000000,24.0,2026-03-08 09:01:00.000000,2026-03-07 09:01:00.000,,,2026-03-09 14:39:00.000,53.63,,29.63,SLA Breached
VISH-26-03-0992,,2026-03-07 09:53:00.000000,6.0,2026-03-07 15:53:00.000000,2026-03-07 09:53:00.000,,,2026-03-07 15:20:00.000,5.45,,-0.55,Within SLA
VISH-26-03-0993,,2026-03-07 09:54:00.000000,24.0,2026-03-08 09:54:00.000000,2026-03-07 09:54:00.000,,,2026-03-07 10:43:00.000,0.82,,-23.18,Within SLA
VISH-26-03-0769,,2026-03-07 17:50:00.000000,12.0,2026-03-08 05:50:00.000000,2026-03-07 17:50:00.000,,,2026-03-11 17:32:00.000,95.7,,83.7,SLA Breached
VISH-26-03-0203,,2026-03-08 09:17:00.000000,24.0,2026-03-09 09:17:00.000000,2026-03-08 09:17:00.000,,,2025-02-16 12:52:00.000,,,,
VISH-26-03-0736,,2026-03-08 15:00:00.000000,4.0,2026-03-08 19:00:00.000000,2026-03-08 15:00:00.000,,,2026-03-10 15:00:00.000,48.0,,44.0,SLA Breached
VISH-26-03-1039,,2026-03-08 19:23:00.000000,12.0,2026-03-09 07:23:00.000000,2026-03-08 19:23:00.000,,,2026-03-10 19:23:00.000,48.0,,36.0,SLA Breached
VISH-26-03-0323,,2026-03-08 23:34:00.000000,12.0,2026-03-09 11:34:00.000000,2026-03-08 23:34:00.000,,,2025-03-09 13:40:00.000,,,,
VISH-26-03-0742,,2026-03-09 03:30:00.000000,12.0,2026-03-09 15:30:00.000000,2026-03-09 03:30:00.000,,,2025-11-25 10:16:00.000,,,,
VISH-26-03-0882,,2026-03-09 10:27:00.000000,6.0,2026-03-09 16:27:00.000000,2026-03-09 10:27:00.000,,,2025-08-19 16:33:00.000,,,,
VISH-26-03-0406,,2026-03-09 19:36:00.000000,24.0,2026-03-10 19:36:00.000000,2026-03-09 19:36:00.000,,,2025-03-12 18:01:00.000,,,,
VISH-26-03-0541,,2026-03-09 20:03:00.000000,12.0,2026-03-10 08:03:00.000000,2026-03-09 20:03:00.000,,,2025-05-31 09:43:00.000,,,,
VISH-26-03-0753,,2026-03-09 20:40:00.000000,24.0,2026-03-10 20:40:00.000000,2026-03-09 20:40:00.000,,,2026-03-14 13:49:00.000,113.15,,89.15,SLA Breached
VISH-26-03-0921,,2026-03-09 21:22:00.000000,6.0,2026-03-10 03:22:00.000000,2026-03-09 21:22:00.000,,,2025-09-13 14:01:00.000,,,,
VISH-26-03-0770,,2026-03-10 03:11:00.000000,12.0,2026-03-10 15:11:00.000000,2026-03-10 03:11:00.000,,,2025-06-12 15:59:00.000,,,,
VISH-26-03-0990,,2026-03-10 14:40:00.000000,12.0,2026-03-11 02:40:00.000000,2026-03-10 14:40:00.000,,,2026-03-12 14:40:00.000,48.0,,36.0,SLA Breached
VISH-26-03-1040,,2026-03-10 18:55:00.000000,4.0,2026-03-10 22:55:00.000000,2026-03-10 18:55:00.000,,,2026-03-12 18:55:00.000,48.0,,44.0,SLA Breached
VISH-26-03-0287,,2026-03-10 19:56:00.000000,6.0,2026-03-11 01:56:00.000000,2026-03-10 19:56:00.000,,,2026-03-12 16:59:00.000,45.05,,39.05,SLA Breached
VISH-26-03-0288,,2026-03-10 19:57:00.000000,24.0,2026-03-11 19:57:00.000000,2026-03-10 19:57:00.000,,,2026-03-12 13:04:00.000,41.12,,17.12,SLA Breached
VISH-26-03-0289,,2026-03-10 19:58:00.000000,4.0,2026-03-10 23:58:00.000000,2026-03-10 19:58:00.000,,,2025-02-13 00:00:00.000,,,,
VISH-26-03-0754,,2026-03-10 21:52:00.000000,6.0,2026-03-11 03:52:00.000000,2026-03-10 21:52:00.000,,,2025-08-06 06:18:00.000,,,,
VISH-26-03-0945,,2026-03-11 12:30:00.000000,12.0,2026-03-12 00:30:00.000000,2026-03-11 12:30:00.000,,,2026-03-13 12:30:00.000,48.0,,36.0,SLA Breached
VISH-26-03-0070,,2026-03-11 21:23:00.000000,24.0,2026-03-12 21:23:00.000000,2026-03-11 21:23:00.000,,,2026-03-13 21:23:00.000,48.0,,24.0,SLA Breached
VISH-26-03-1012,,2026-03-12 00:19:00.000000,24.0,2026-03-13 00:19:00.000000,2026-03-12 00:19:00.000,,,2026-03-14 00:19:00.000,48.0,,24.0,SLA Breached
VISH-26-03-0715,,2026-03-12 11:07:00.000000,24.0,2026-03-13 11:07:00.000000,2026-03-12 11:07:00.000,,,2025-06-27 10:54:00.000,,,,
VISH-26-03-0902,,2026-03-12 18:00:00.000000,24.0,2026-03-13 18:00:00.000000,2026-03-12 18:00:00.000,,,2025-08-19 18:56:00.000,,,,
VISH-26-03-0015,,2026-03-12 18:16:00.000000,6.0,2026-03-13 00:16:00.000000,2026-03-12 18:16:00.000,,,2026-03-12 18:44:00.000,0.47,,-5.53,Within SLA
VISH-26-03-0016,,2026-03-12 18:31:00.000000,6.0,2026-03-13 00:31:00.000000,2026-03-12 18:31:00.000,,,2025-03-08 17:59:00.000,,,,
VISH-26-03-0946,,2026-03-12 23:43:00.000000,12.0,2026-03-13 11:43:00.000000,2026-03-12 23:43:00.000,,,2026-03-14 23:43:00.000,48.0,,36.0,SLA Breached
VISH-26-03-0226,,2026-03-13 09:51:00.000000,24.0,2026-03-14 09:51:00.000000,2026-03-13 09:51:00.000,,,2026-03-15 09:51:00.000,48.0,,24.0,SLA Breached
VISH-26-03-0228,,2026-03-13 09:52:00.000000,24.0,2026-03-14 09:52:00.000000,2026-03-13 09:52:00.000,,,2026-03-15 09:52:00.000,48.0,,24.0,SLA Breached
VISH-26-03-0227,,2026-03-13 09:52:00.000000,24.0,2026-03-14 09:52:00.000000,2026-03-13 09:52:00.000,,,2026-03-15 09:52:00.000,48.0,,24.0,SLA Breached
VISH-26-03-0229,,2026-03-13 09:53:00.000000,24.0,2026-03-14 09:53:00.000000,2026-03-13 09:53:00.000,,,2026-03-14 13:47:00.000,27.9,,3.9,SLA Breached
VISH-26-03-0230,,2026-03-13 09:53:00.000000,24.0,2026-03-14 09:53:00.000000,2026-03-13 09:53:00.000,,,2026-03-15 09:53:00.000,48.0,,24.0,SLA Breached
VISH-26-03-0231,,2026-03-13 09:54:00.000000,24.0,2026-03-14 09:54:00.000000,2026-03-13 09:54:00.000,,,2025-03-08 12:01:00.000,,,,
VISH-26-03-0840,,2026-03-13 09:56:00.000000,24.0,2026-03-14 09:56:00.000000,2026-03-13 09:56:00.000,,,2025-07-07 13:25:00.000,,,,
VISH-26-03-1028,,2026-03-13 20:58:00.000000,24.0,2026-03-14 20:58:00.000000,2026-03-13 20:58:00.000,,,2026-03-15 20:58:00.000,48.0,,24.0,SLA Breached
VISH-26-03-0947,,2026-03-13 21:32:00.000000,12.0,2026-03-14 09:32:00.000000,2026-03-13 21:32:00.000,,,2025-09-16 11:01:00.000,,,,
VISH-26-03-0071,,2026-03-13 23:20:00.000000,12.0,2026-03-14 11:20:00.000000,2026-03-13 23:20:00.000,,,2025-06-05 12:19:00.000,,,,
VISH-26-03-1037,,2026-03-14 08:20:00.000000,6.0,2026-03-14 14:20:00.000000,2026-03-14 08:20:00.000,,,2026-02-09 14:40:00.000,,,,
VISH-26-03-1056,,2026-03-14 11:49:00.000000,24.0,2026-03-15 11:49:00.000000,2026-03-14 11:49:00.000,,,2026-03-16 11:49:00.000,48.0,,24.0,SLA Breached
VISH-26-03-1057,,2026-03-14 11:56:00.000000,24.0,2026-03-15 11:56:00.000000,2026-03-14 11:56:00.000,,,2026-03-16 11:56:00.000,48.0,,24.0,SLA Breached
VISH-26-03-0133,,2026-03-14 13:35:00.000000,12.0,2026-03-15 01:35:00.000000,2026-03-14 13:35:00.000,,,2026-03-16 13:35:00.000,48.0,,36.0,SLA Breached
VISH-26-03-0134,,2026-03-14 13:38:00.000000,24.0,2026-03-15 13:38:00.000000,2026-03-14 13:38:00.000,,,2026-03-16 13:38:00.000,48.0,,24.0,SLA Breached
VISH-26-03-0135,,2026-03-14 13:42:00.000000,24.0,2026-03-15 13:42:00.000000,2026-03-14 13:42:00.000,,,2026-03-16 13:42:00.000,48.0,,24.0,SLA Breached
VISH-26-03-0136,,2026-03-14 13:44:00.000000,12.0,2026-03-15 01:44:00.000000,2026-03-14 13:44:00.000,,,2026-03-16 13:44:00.000,48.0,,36.0,SLA Breached
VISH-26-03-0137,,2026-03-14 13:47:00.000000,24.0,2026-03-15 13:47:00.000000,2026-03-14 13:47:00.000,,,2025-04-29 11:45:00.000,,,,
VISH-26-03-0891,,2026-03-14 14:21:00.000000,24.0,2026-03-15 14:21:00.000000,2026-03-14 14:21:00.000,,,2025-10-29 11:58:00.000,,,,
VISH-26-03-0737,,2026-03-14 17:17:00.000000,12.0,2026-03-15 05:17:00.000000,2026-03-14 17:17:00.000,,,2026-02-10 15:34:00.000,,,,
VISH-26-03-1019,,2026-03-14 20:53:00.000000,12.0,2026-03-15 08:53:00.000000,2026-03-14 20:53:00.000,,,2026-03-11 14:45:00.000,,,,
VISH-26-03-1013,,2026-03-14 20:59:00.000000,6.0,2026-03-15 02:59:00.000000,2026-03-14 20:59:00.000,,,2026-03-16 20:59:00.000,48.0,,42.0,SLA Breached
VISH-26-03-0630,,2026-03-16 23:02:00.000000,12.0,2026-03-17 11:02:00.000000,2026-03-16 23:02:00.000,,,2025-06-17 11:27:00.000,,,,
VISH-26-03-0508,,2026-03-17 10:20:00.000000,6.0,2026-03-17 16:20:00.000000,2026-03-17 10:20:00.000,,,2026-03-19 10:20:00.000,48.0,,42.0,SLA Breached
VISH-26-03-0509,,2026-03-17 10:29:00.000000,24.0,2026-03-18 10:29:00.000000,2026-03-17 10:29:00.000,,,2025-04-07 12:42:00.000,,,,
VISH-26-03-1002,,2026-03-17 19:25:00.000000,6.0,2026-03-18 01:25:00.000000,2026-03-17 19:25:00.000,,,2026-02-09 15:17:00.000,,,,
VISH-26-03-1029,,2026-03-18 22:32:00.000000,24.0,2026-03-19 22:32:00.000000,2026-03-18 22:32:00.000,,,2026-03-20 22:32:00.000,48.0,,24.0,SLA Breached
VISH-26-03-1030,,2026-03-18 22:40:00.000000,6.0,2026-03-19 04:40:00.000000,2026-03-18 22:40:00.000,,,2026-02-14 12:58:00.000,,,,
VISH-26-03-1054,,2026-03-18 23:00:00.000000,24.0,2026-03-19 23:00:00.000000,2026-03-18 23:00:00.000,,,2026-03-20 23:00:00.000,48.0,,24.0,SLA Breached
VISH-26-03-1014,,2026-03-18 23:52:00.000000,12.0,2026-03-19 11:52:00.000000,2026-03-18 23:52:00.000,,,2026-03-20 23:52:00.000,48.0,,36.0,SLA Breached
VISH-26-03-1015,,2026-03-18 23:54:00.000000,24.0,2026-03-19 23:54:00.000000,2026-03-18 23:54:00.000,,,2026-03-20 23:54:00.000,48.0,,24.0,SLA Breached
VISH-26-03-0960,,2026-03-19 12:44:00.000000,6.0,2026-03-19 18:44:00.000000,2026-03-19 12:44:00.000,,,2025-11-03 12:21:00.000,,,,
VISH-26-03-0887,,2026-03-19 22:48:00.000000,24.0,2026-03-20 22:48:00.000000,2026-03-19 22:48:00.000,,,2026-03-21 22:48:00.000,48.0,,24.0,SLA Breached
VISH-26-03-0336,,2026-03-20 10:10:00.000000,6.0,2026-03-20 16:10:00.000000,2026-03-20 10:10:00.000,,,2026-03-22 10:10:00.000,48.0,,42.0,SLA Breached
VISH-26-03-1042,,2026-03-20 12:41:00.000000,6.0,2026-03-20 18:41:00.000000,2026-03-20 12:41:00.000,,,2026-03-22 12:41:00.000,48.0,,42.0,SLA Breached
VISH-26-03-1043,,2026-03-20 12:45:00.000000,6.0,2026-03-20 18:45:00.000000,2026-03-20 12:45:00.000,,,2026-03-22 12:45:00.000,48.0,,42.0,SLA Breached
VISH-26-03-0672,,2026-03-20 13:21:00.000000,24.0,2026-03-21 13:21:00.000000,2026-03-20 13:21:00.000,,,2026-03-22 13:21:00.000,48.0,,24.0,SLA Breached
VISH-26-03-0673,,2026-03-21 11:36:00.000000,12.0,2026-03-21 23:36:00.000000,2026-03-21 11:36:00.000,,,2026-03-23 11:36:00.000,48.0,,36.0,SLA Breached
VISH-26-03-0674,,2026-03-21 11:37:00.000000,24.0,2026-03-22 11:37:00.000000,2026-03-21 11:37:00.000,,,2025-05-21 17:11:00.000,,,,
VISH-26-03-0087,,2026-03-21 13:52:00.000000,6.0,2026-03-21 19:52:00.000000,2026-03-21 13:52:00.000,,,2025-03-08 11:58:00.000,,,,
VISH-26-03-0602,,2026-03-23 22:13:00.000000,6.0,2026-03-24 04:13:00.000000,2026-03-23 22:13:00.000,,,2025-06-13 13:37:00.000,,,,
VISH-26-03-1055,,2026-03-24 12:18:00.000000,12.0,2026-03-25 00:18:00.000000,2026-03-24 12:18:00.000,,,2026-03-26 12:18:00.000,48.0,,36.0,SLA Breached
VISH-26-03-1041,,2026-03-24 22:55:00.000000,12.0,2026-03-25 10:55:00.000000,2026-03-24 22:55:00.000,,,2026-03-26 22:55:00.000,48.0,,36.0,SLA Breached
VISH-26-03-1045,,2026-03-25 05:22:00.000000,12.0,2026-03-25 17:22:00.000000,2026-03-25 05:22:00.000,,,2026-03-09 13:13:00.000,,,,
VISH-26-03-0659,,2026-03-25 11:34:00.000000,24.0,2026-03-26 11:34:00.000000,2026-03-25 11:34:00.000,,,2025-04-15 14:59:00.000,,,,
VISH-26-03-0359,,2026-03-27 19:13:00.000000,6.0,2026-03-28 01:13:00.000000,2026-03-27 19:13:00.000,,,2025-02-17 12:58:00.000,,,,
VISH-2026-0001,,2026-03-31 14:41:05.467561,12.0,2026-04-01 02:41:05.467561,2026-04-07 06:02:57.101,159.36,147.36,2026-04-07 13:37:28.375,166.94,7.58,154.94,SLA Breached
VISH-2026-0002,,2026-03-31 19:18:17.528591,24.0,2026-04-01 19:18:17.528591,2026-04-01 06:19:35.136,11.02,-12.98,,,,,
VISH-2026-0003,,2026-04-02 10:09:35.167950,12.0,2026-04-02 22:09:35.167950,2026-04-03 09:36:50.383,23.45,11.45,,,,,
VISH-2026-0004,,2026-04-03 04:54:28.470268,24.0,2026-04-04 04:54:28.470268,2026-04-03 09:58:08.964,5.06,-18.94,2026-04-04 07:27:47.360,26.56,21.49,2.56,SLA Breached
VISH-2026-0005,,2026-04-03 05:01:42.452769,24.0,2026-04-04 05:01:42.452769,2026-04-03 07:00:42.950,1.98,-22.02,2026-04-30 08:18:40.871,651.28,649.3,627.28,SLA Breached
VISH-2026-0006,,2026-04-03 06:05:41.009490,24.0,2026-04-04 06:05:41.009490,2026-04-03 10:06:28.906,4.01,-19.99,2026-04-04 07:28:11.424,25.38,21.36,1.38,SLA Breached
VISH-2026-0007,,2026-04-03 06:08:32.211195,24.0,2026-04-04 06:08:32.211195,2026-04-04 11:46:39.699,29.64,5.64,2026-04-07 11:50:36.323,101.7,72.07,77.7,SLA Breached
VISH-2026-0008,,2026-04-03 06:12:44.808072,24.0,2026-04-04 06:12:44.808072,2026-04-03 10:32:19.327,4.33,-19.67,2026-04-07 04:45:35.796,94.55,90.22,70.55,SLA Breached
VISH-2026-0009,,2026-04-03 09:37:00.009816,24.0,2026-04-04 09:37:00.009816,2026-04-03 10:37:38.274,1.01,-22.99,2026-04-05 09:24:40.414,47.79,46.78,23.79,SLA Breached
VISH-2026-0011,,2026-04-03 11:28:32.551554,24.0,2026-04-04 11:28:32.551554,2026-04-07 04:35:47.144,89.12,65.12,2026-04-07 11:50:32.097,96.37,7.25,72.37,SLA Breached
VISH-2026-0012,,2026-04-04 05:16:58.261005,12.0,2026-04-04 17:16:58.261005,2026-04-09 12:28:34.975,127.19,115.19,2026-04-20 07:09:57.916,385.88,258.69,373.88,SLA Breached
VISH-2026-0013,,2026-04-04 05:17:53.105947,24.0,2026-04-05 05:17:53.105947,2026-04-04 11:42:27.482,6.41,-17.59,2026-04-05 10:23:35.847,29.1,22.69,5.1,SLA Breached
VISH-2026-0014,,2026-04-04 05:19:31.693360,24.0,2026-04-05 05:19:31.693360,2026-04-04 11:38:09.470,6.31,-17.69,2026-04-05 10:23:26.316,29.07,22.75,5.07,SLA Breached
VISH-2026-0015,,2026-04-04 15:48:58.786217,24.0,2026-04-05 15:48:58.786217,2026-04-07 04:42:28.518,60.89,36.89,2026-04-26 17:10:58.774,529.37,468.48,505.37,SLA Breached
VISH-2026-0017,,2026-04-05 09:25:30.844270,12.0,2026-04-05 21:25:30.844270,2026-04-07 05:58:44.510,44.55,32.55,2026-06-28 15:01:41.908,2021.6,1977.05,2009.6,SLA Breached
VISH-2026-0018,,2026-04-06 13:45:11.147679,6.0,2026-04-06 19:45:11.147679,2026-04-07 08:17:15.214,18.53,12.53,,,,,
VISH-2026-0019,,2026-04-07 00:18:50.384460,24.0,2026-04-08 00:18:50.384460,2026-04-09 12:17:55.049,59.98,35.98,2026-07-21 14:36:16.353,2534.29,2474.31,2510.29,SLA Breached
VISH-2026-0020,,2026-04-07 02:06:32.046192,24.0,2026-04-08 02:06:32.046192,2026-04-10 04:20:15.017,74.23,50.23,2026-04-12 15:39:24.425,133.55,59.32,109.55,SLA Breached
VISH-2026-0021,,2026-04-07 02:08:01.991842,24.0,2026-04-08 02:08:01.991842,2026-04-10 05:45:16.612,75.62,51.62,2026-04-12 15:39:32.628,133.53,57.9,109.53,SLA Breached
VISH-2026-0022,,2026-04-07 04:35:19.142702,4.0,2026-04-07 08:35:19.142702,2026-04-07 11:45:56.910,7.18,3.18,2026-04-07 11:50:27.253,7.25,0.08,3.25,SLA Breached
VISH-2026-0023,,2026-04-07 04:52:16.113822,6.0,2026-04-07 10:52:16.113822,2026-04-08 06:25:46.400,25.56,19.56,2026-06-20 10:02:32.083,1781.17,1755.61,1775.17,SLA Breached
VISH-2026-0024,bd081ad6-5fe3-4c1d-a919-81b1055efa19,2026-04-07 13:39:43.076881,24.0,2026-04-08 13:39:43.076881,2026-04-21 19:31:33.107,341.86,317.86,2026-04-25 10:26:10.481,428.77,86.91,404.77,SLA Breached
VISH-2026-0025,,2026-04-07 14:06:15.847846,6.0,2026-04-07 20:06:15.847846,2026-04-10 04:22:56.140,62.28,56.28,2026-05-10 06:35:20.712,784.48,722.21,778.48,SLA Breached
VISH-2026-0026,,2026-04-07 17:18:35.493774,24.0,2026-04-08 17:18:35.493774,2026-04-08 10:13:52.137,16.92,-7.08,2026-05-05 00:54:33.590,655.6,638.68,631.6,SLA Breached
VISH-2026-0027,,2026-04-07 17:20:30.197441,24.0,2026-04-08 17:20:30.197441,2026-04-09 12:20:26.340,43.0,19.0,2026-04-09 12:44:10.830,43.39,0.4,19.39,SLA Breached
VISH-2026-0028,,2026-04-07 17:22:05.369429,6.0,2026-04-07 23:22:05.369429,2026-04-08 10:19:10.447,16.95,10.95,2026-04-09 12:43:46.254,43.36,26.41,37.36,SLA Breached
VISH-2026-0029,,2026-04-08 07:33:40.051897,6.0,2026-04-08 13:33:40.051897,2026-04-09 12:21:04.293,28.79,22.79,,,,,
VISH-2026-0030,bd081ad6-5fe3-4c1d-a919-81b1055efa19,2026-04-08 07:41:21.925782,4.0,2026-04-08 11:41:21.925782,2026-06-30 04:03:56.806,1988.38,1984.38,,,,,
VISH-2026-0031,bd081ad6-5fe3-4c1d-a919-81b1055efa19,2026-04-08 07:46:02.279331,24.0,2026-04-09 07:46:02.279331,2026-06-29 12:15:46.533,1972.5,1948.5,,,,,
VISH-2026-0032,,2026-04-08 10:55:43.484161,24.0,2026-04-09 10:55:43.484161,2026-04-09 09:59:05.657,23.06,-0.94,2026-04-19 16:31:35.716,269.6,246.54,245.6,SLA Breached
VISH-2026-0033,,2026-04-08 11:11:02.986679,6.0,2026-04-08 17:11:02.986679,2026-04-08 11:53:45.841,0.71,-5.29,2026-04-08 13:03:24.128,1.87,1.16,-4.13,Within SLA
VISH-2026-0034,,2026-04-09 03:01:20.817457,4.0,2026-04-09 07:01:20.817457,2026-04-09 09:57:39.572,6.94,2.94,,,,,
VISH-2026-0035,,2026-04-09 04:34:34.487269,6.0,2026-04-09 10:34:34.487269,2026-04-09 09:34:11.754,4.99,-1.01,2026-04-18 06:54:35.011,218.33,213.34,212.33,SLA Breached
VISH-2026-0036,bd081ad6-5fe3-4c1d-a919-81b1055efa19,2026-04-09 06:22:40.153324,4.0,2026-04-09 10:22:40.153324,2026-05-13 07:11:04.025,816.81,812.81,2026-06-11 03:05:24.008,1508.71,691.91,1504.71,SLA Breached
VISH-2026-1097,,2026-04-09 12:45:54.027844,24.0,2026-04-10 12:45:54.027844,2026-04-16 12:42:17.287,167.94,143.94,,,,,
VISH-2026-1098,,2026-04-09 13:16:54.820908,4.0,2026-04-09 17:16:54.820908,2026-04-11 05:50:30.650,40.56,36.56,2026-04-12 15:39:43.229,74.38,33.82,70.38,SLA Breached
VISH-2026-1099,,2026-04-10 06:54:05.763438,6.0,2026-04-10 12:54:05.763438,2026-04-11 10:58:51.579,28.08,22.08,2026-04-29 17:42:37.130,466.81,438.73,460.81,SLA Breached
VISH-2026-1100,,2026-04-10 07:30:30.060629,12.0,2026-04-10 19:30:30.060629,2026-04-10 08:05:38.344,0.59,-11.41,2026-04-10 08:06:01.988,0.59,0.01,-11.41,Within SLA
VISH-2026-1101,,2026-04-10 10:20:47.296352,24.0,2026-04-11 10:20:47.296352,2026-04-13 04:39:45.973,66.32,42.32,2026-04-16 17:07:49.926,150.78,84.47,126.78,SLA Breached
VISH-2026-1103,,2026-04-13 16:07:56.799775,24.0,2026-04-14 16:07:56.799775,2026-04-15 06:18:22.396,38.17,14.17,,,,,
VISH-2026-1104,,2026-04-15 08:53:31.130046,24.0,2026-04-16 08:53:31.130046,2026-04-16 11:16:47.249,26.39,2.39,2026-04-16 11:16:51.646,26.39,0.0,2.39,SLA Breached
VISH-2026-1105,,2026-04-15 08:54:24.762808,24.0,2026-04-16 08:54:24.762808,2026-04-16 09:42:36.684,24.8,0.8,2026-04-16 09:42:37.479,24.8,0.0,0.8,SLA Breached
VISH-2026-1106,,2026-04-16 08:51:31.218197,24.0,2026-04-17 08:51:31.218197,2026-04-16 12:43:53.758,3.87,-20.13,2026-04-16 13:57:39.198,5.1,1.23,-18.9,Within SLA
VISH-2026-1107,bd081ad6-5fe3-4c1d-a919-81b1055efa19,2026-04-16 17:08:41.471653,12.0,2026-04-17 05:08:41.471653,2026-05-22 05:55:29.318,852.78,840.78,2026-07-28 18:53:35.514,2473.75,1620.97,2461.75,SLA Breached
VISH-2026-1109,bd081ad6-5fe3-4c1d-a919-81b1055efa19,2026-04-17 15:40:31.378202,24.0,2026-04-18 15:40:31.378202,2026-04-18 12:30:06.000,20.83,-3.17,2026-05-21 17:01:08.038,817.34,796.52,793.34,SLA Breached
VISH-2026-1110,bd081ad6-5fe3-4c1d-a919-81b1055efa19,2026-04-18 06:55:19.059994,12.0,2026-04-18 18:55:19.059994,2026-04-21 19:35:38.230,84.67,72.67,2026-05-29 14:35:52.229,991.68,907.0,979.68,SLA Breached
VISH-2026-1111,,2026-04-18 11:27:01.837658,24.0,2026-04-19 11:27:01.837658,2026-04-18 12:29:51.892,1.05,-22.95,2026-04-18 12:29:52.555,1.05,0.0,-22.95,Within SLA
VISH-2026-PENDING,bd081ad6-5fe3-4c1d-a919-81b1055efa19,2026-04-19 01:18:36.994761,6.0,2026-04-19 07:18:36.994761,2026-04-21 19:36:16.410,66.29,60.29,2026-04-22 03:31:00.743,74.21,7.91,68.21,SLA Breached
VIST-26-04-00004,bd081ad6-5fe3-4c1d-a919-81b1055efa19,2026-04-19 14:25:54.679794,24.0,2026-04-20 14:25:54.679794,2026-05-26 07:42:39.472,881.28,857.28,2026-05-30 15:38:55.988,985.22,103.94,961.22,SLA Breached
VIST-26-04-00005,bd081ad6-5fe3-4c1d-a919-81b1055efa19,2026-04-19 16:32:27.345282,12.0,2026-04-20 04:32:27.345282,2026-04-20 12:15:43.531,19.72,7.72,2026-04-23 05:44:26.651,85.2,65.48,73.2,SLA Breached
VIST-26-04-00006,bd081ad6-5fe3-4c1d-a919-81b1055efa19,2026-04-20 04:58:25.112180,6.0,2026-04-20 10:58:25.112180,2026-04-20 12:13:44.104,7.26,1.26,2026-04-22 01:59:05.663,45.01,37.76,39.01,SLA Breached
VIST-26-04-00007,bd081ad6-5fe3-4c1d-a919-81b1055efa19,2026-04-20 04:59:28.466374,24.0,2026-04-21 04:59:28.466374,2026-04-20 12:11:20.245,7.2,-16.8,2026-04-22 01:58:54.991,44.99,37.79,20.99,SLA Breached
VIST-26-04-00008,bd081ad6-5fe3-4c1d-a919-81b1055efa19,2026-04-20 06:30:43.923994,24.0,2026-04-21 06:30:43.923994,2026-04-24 11:40:36.822,101.16,77.16,2026-04-24 11:40:37.366,101.16,0.0,77.16,SLA Breached
VIST-26-04-00009,bd081ad6-5fe3-4c1d-a919-81b1055efa19,2026-04-20 07:11:23.407400,6.0,2026-04-20 13:11:23.407400,2026-05-26 07:46:16.159,864.58,858.58,2026-07-11 08:05:48.280,1968.91,1104.33,1962.91,SLA Breached
VIST-26-04-00010,,2026-04-20 07:12:31.859915,6.0,2026-04-20 13:12:31.859915,2026-04-20 09:40:38.473,2.47,-3.53,2026-04-23 15:19:02.602,80.11,77.64,74.11,SLA Breached
VIST-26-04-00011,bd081ad6-5fe3-4c1d-a919-81b1055efa19,2026-04-20 17:26:25.033415,24.0,2026-04-21 17:26:25.033415,2026-04-22 04:38:54.953,35.21,11.21,2026-06-09 06:39:56.921,1189.23,1154.02,1165.23,SLA Breached
VIST-26-04-00012,8c42685b-f2df-4dec-96bd-0e77b715e33e,2026-04-21 14:00:10.342036,24.0,2026-04-22 14:00:10.342036,2026-04-22 07:53:35.532,17.89,-6.11,2026-04-25 10:26:02.433,92.43,74.54,68.43,SLA Breached
VIST-26-04-00013,8c42685b-f2df-4dec-96bd-0e77b715e33e,2026-04-21 14:01:19.909610,4.0,2026-04-21 18:01:19.909610,2026-04-22 07:50:46.088,17.82,13.82,2026-04-25 10:25:55.687,92.41,74.59,88.41,SLA Breached
VIST-26-04-00014,bd081ad6-5fe3-4c1d-a919-81b1055efa19,2026-04-22 02:00:05.426117,6.0,2026-04-22 08:00:05.426117,2026-04-22 07:35:45.998,5.59,-0.41,2026-06-18 15:00:26.432,1381.01,1375.41,1375.01,SLA Breached
VIST-26-04-00015,bd081ad6-5fe3-4c1d-a919-81b1055efa19,2026-04-22 05:17:16.579605,12.0,2026-04-22 17:17:16.579605,2026-06-09 05:54:54.498,1152.63,1140.63,2026-07-05 09:16:12.610,1779.98,627.36,1767.98,SLA Breached
VIST-26-04-00016,bd081ad6-5fe3-4c1d-a919-81b1055efa19,2026-04-22 08:29:22.391907,4.0,2026-04-22 12:29:22.391907,2026-04-24 11:37:02.789,51.13,47.13,2026-04-24 11:37:03.480,51.13,0.0,47.13,SLA Breached
VIST-26-04-00018,bd081ad6-5fe3-4c1d-a919-81b1055efa19,2026-04-22 11:55:29.981933,12.0,2026-04-22 23:55:29.981933,2026-04-28 04:52:34.046,136.95,124.95,2026-04-28 04:52:34.846,136.95,0.0,124.95,SLA Breached
VIST-26-04-00019,bd081ad6-5fe3-4c1d-a919-81b1055efa19,2026-04-22 13:38:42.476908,4.0,2026-04-22 17:38:42.476908,2026-04-23 06:46:48.992,17.14,13.14,2026-06-04 11:39:41.266,1030.02,1012.88,1026.02,SLA Breached
VIST-26-04-00021,e4897d45-cba7-4d8a-ade0-d6014ccba68d,2026-04-23 03:54:24.630110,4.0,2026-04-23 07:54:24.630110,2026-04-24 13:24:41.762,33.5,29.5,2026-06-01 19:40:38.988,951.77,918.27,947.77,SLA Breached
VIST-26-04-00022,bd081ad6-5fe3-4c1d-a919-81b1055efa19,2026-04-23 04:03:15.407263,24.0,2026-04-24 04:03:15.407263,2026-04-25 14:04:45.789,58.03,34.03,2026-04-25 14:04:46.682,58.03,0.0,34.03,SLA Breached
VIST-26-04-00023,,2026-04-23 04:27:11.121188,24.0,2026-04-24 04:27:11.121188,2026-04-23 06:48:54.394,2.36,-21.64,2026-04-23 06:48:55.471,2.36,0.0,-21.64,Within SLA
VIST-26-04-00024,e4897d45-cba7-4d8a-ade0-d6014ccba68d,2026-04-23 05:46:10.524614,24.0,2026-04-24 05:46:10.524614,2026-04-24 13:54:55.053,32.15,8.15,2026-06-01 05:31:04.545,935.75,903.6,911.75,SLA Breached
VIST-26-04-00025,e4897d45-cba7-4d8a-ade0-d6014ccba68d,2026-04-23 06:10:22.974298,24.0,2026-04-24 06:10:22.974298,2026-04-24 13:08:37.746,30.97,6.97,2026-07-12 05:08:31.862,1918.97,1888.0,1894.97,SLA Breached
VIST-26-04-00026,e4897d45-cba7-4d8a-ade0-d6014ccba68d,2026-04-23 06:11:13.333637,6.0,2026-04-23 12:11:13.333637,2026-04-24 13:56:02.414,31.75,25.75,2026-07-12 05:08:20.943,1918.95,1887.21,1912.95,SLA Breached
VIST-26-04-00027,8c42685b-f2df-4dec-96bd-0e77b715e33e,2026-04-23 06:44:10.557851,24.0,2026-04-24 06:44:10.557851,2026-04-25 06:34:29.667,47.84,23.84,2026-04-25 06:34:30.200,47.84,0.0,23.84,SLA Breached
VIST-26-04-00028,8c42685b-f2df-4dec-96bd-0e77b715e33e,2026-04-23 06:45:03.098431,24.0,2026-04-24 06:45:03.098431,2026-04-25 06:32:15.055,47.79,23.79,2026-04-25 06:32:15.622,47.79,0.0,23.79,SLA Breached
VIST-26-04-00029,bd081ad6-5fe3-4c1d-a919-81b1055efa19,2026-04-24 05:25:23.450400,6.0,2026-04-24 11:25:23.450400,2026-04-28 05:49:14.159,96.4,90.4,,,,,
VIST-26-04-00035,bd081ad6-5fe3-4c1d-a919-81b1055efa19,2026-04-24 16:14:47.613392,6.0,2026-04-24 22:14:47.613392,2026-04-25 06:03:53.256,13.82,7.82,2026-05-21 15:35:03.122,647.34,633.52,641.34,SLA Breached
VIST-26-04-00036,bd081ad6-5fe3-4c1d-a919-81b1055efa19,2026-04-25 07:27:58.701408,12.0,2026-04-25 19:27:58.701408,2026-05-19 12:24:28.098,580.94,568.94,2026-05-23 07:44:15.275,672.27,91.33,660.27,SLA Breached
VIST-26-04-00037,bd081ad6-5fe3-4c1d-a919-81b1055efa19,2026-04-25 07:28:38.934570,24.0,2026-04-26 07:28:38.934570,2026-04-25 14:00:04.771,6.52,-17.48,2026-05-18 05:52:41.075,550.4,543.88,526.4,SLA Breached
VIST-26-04-00038,bd081ad6-5fe3-4c1d-a919-81b1055efa19,2026-04-25 07:29:36.146672,24.0,2026-04-26 07:29:36.146672,2026-04-25 13:58:41.215,6.48,-17.52,2026-05-18 05:52:28.286,550.38,543.9,526.38,SLA Breached
VIST-26-04-00040,bd081ad6-5fe3-4c1d-a919-81b1055efa19,2026-04-25 09:32:43.728422,6.0,2026-04-25 15:32:43.728422,2026-06-06 09:15:39.762,1007.72,1001.72,2026-06-06 09:15:46.999,1007.72,0.0,1001.72,SLA Breached
VIST-26-04-00041,bd081ad6-5fe3-4c1d-a919-81b1055efa19,2026-04-25 10:27:17.030860,12.0,2026-04-25 22:27:17.030860,2026-04-25 13:53:21.807,3.43,-8.57,2026-06-03 06:46:35.197,932.32,928.89,920.32,SLA Breached
VIST-26-04-00043,bd081ad6-5fe3-4c1d-a919-81b1055efa19,2026-04-25 10:55:58.590608,6.0,2026-04-25 16:55:58.590608,2026-04-29 04:43:15.784,89.79,83.79,2026-04-29 04:43:16.618,89.79,0.0,83.79,SLA Breached
VIST-26-04-00045,bd081ad6-5fe3-4c1d-a919-81b1055efa19,2026-04-26 17:12:26.228198,24.0,2026-04-27 17:12:26.228198,2026-05-01 07:06:48.842,109.91,85.91,2026-05-22 13:26:57.249,620.24,510.34,596.24,SLA Breached
VIST-26-04-00046,8c42685b-f2df-4dec-96bd-0e77b715e33e,2026-04-27 02:39:02.479886,12.0,2026-04-27 14:39:02.479886,2026-05-07 07:14:59.192,244.6,232.6,2026-05-29 13:23:43.000,778.74,534.15,766.74,SLA Breached
VIST-26-04-00047,bd081ad6-5fe3-4c1d-a919-81b1055efa19,2026-04-27 02:40:07.661920,4.0,2026-04-27 06:40:07.661920,2026-04-28 05:18:34.225,26.64,22.64,2026-04-30 18:30:43.980,87.84,61.2,83.84,SLA Breached
VIST-26-04-00048,bd081ad6-5fe3-4c1d-a919-81b1055efa19,2026-04-27 05:51:51.652673,24.0,2026-04-28 05:51:51.652673,2026-04-28 07:45:16.817,25.89,1.89,2026-04-28 07:45:17.331,25.89,0.0,1.89,SLA Breached
VIST-26-04-00049,bd081ad6-5fe3-4c1d-a919-81b1055efa19,2026-04-27 09:03:26.184497,24.0,2026-04-28 09:03:26.184497,2026-04-28 04:38:00.194,19.58,-4.42,2026-04-28 04:38:01.043,19.58,0.0,-4.42,Within SLA
VIST-26-04-00052,bd081ad6-5fe3-4c1d-a919-81b1055efa19,2026-04-27 12:50:44.040758,6.0,2026-04-27 18:50:44.040758,2026-04-29 06:55:41.215,42.08,36.08,2026-05-09 08:55:08.425,284.07,241.99,278.07,SLA Breached
VIST-26-04-00054,bd081ad6-5fe3-4c1d-a919-81b1055efa19,2026-04-27 17:08:42.769588,12.0,2026-04-28 05:08:42.769588,2026-05-20 13:40:59.812,548.54,536.54,2026-05-26 03:13:06.621,682.07,133.54,670.07,SLA Breached
VIST-26-04-00061,bd081ad6-5fe3-4c1d-a919-81b1055efa19,2026-04-28 11:11:09.595627,24.0,2026-04-29 11:11:09.595627,2026-05-20 13:46:22.778,530.59,506.59,2026-06-25 10:55:23.875,1391.74,861.15,1367.74,SLA Breached
VIST-26-04-00062,bd081ad6-5fe3-4c1d-a919-81b1055efa19,2026-04-28 11:12:23.020247,6.0,2026-04-28 17:12:23.020247,2026-04-29 12:31:54.005,25.33,19.33,2026-04-29 12:31:54.672,25.33,0.0,19.33,SLA Breached
VIST-26-04-00063,bd081ad6-5fe3-4c1d-a919-81b1055efa19,2026-04-28 11:13:17.139283,24.0,2026-04-29 11:13:17.139283,2026-04-29 12:34:16.248,25.35,1.35,2026-04-29 12:34:16.783,25.35,0.0,1.35,SLA Breached
VIST-26-04-00064,bd081ad6-5fe3-4c1d-a919-81b1055efa19,2026-04-28 11:14:52.373139,24.0,2026-04-29 11:14:52.373139,2026-04-29 12:36:03.040,25.35,1.35,2026-06-19 07:10:06.060,1243.92,1218.57,1219.92,SLA Breached
VIST-26-04-00072,bd081ad6-5fe3-4c1d-a919-81b1055efa19,2026-04-28 14:02:03.496851,6.0,2026-04-28 20:02:03.496851,2026-04-29 06:48:40.760,16.78,10.78,2026-04-30 16:50:01.723,50.8,34.02,44.8,SLA Breached
VIST-26-04-00073,bd081ad6-5fe3-4c1d-a919-81b1055efa19,2026-04-28 16:17:59.512316,24.0,2026-04-29 16:17:59.512316,2026-04-29 06:51:27.044,14.56,-9.44,2026-05-01 14:42:14.216,70.4,55.85,46.4,SLA Breached
VIST-26-04-00074,bd081ad6-5fe3-4c1d-a919-81b1055efa19,2026-04-29 17:43:44.883707,12.0,2026-04-30 05:43:44.883707,2026-05-01 06:33:53.436,36.84,24.84,2026-05-01 06:50:34.731,37.11,0.28,25.11,SLA Breached
VISH-2026-0052,bd081ad6-5fe3-4c1d-a919-81b1055efa19,2026-04-30 07:00:47.140712,24.0,2026-05-01 07:00:47.140712,2026-05-01 08:30:43.316,25.5,1.5,2026-05-04 15:25:51.276,104.42,78.92,80.42,SLA Breached
VISH-2026-0053,bd081ad6-5fe3-4c1d-a919-81b1055efa19,2026-04-30 07:06:50.094941,12.0,2026-04-30 19:06:50.094941,2026-04-30 09:15:39.251,2.15,-9.85,2026-05-04 15:25:23.918,104.31,102.16,92.31,SLA Breached
VIST-26-04-00083,bd081ad6-5fe3-4c1d-a919-81b1055efa19,2026-04-30 18:31:44.465643,12.0,2026-05-01 06:31:44.465643,2026-06-02 06:34:54.546,780.05,768.05,2026-07-29 02:23:36.247,2143.86,1363.81,2131.86,SLA Breached
VIST-26-05-00001,bd081ad6-5fe3-4c1d-a919-81b1055efa19,2026-05-01 07:29:29.843873,12.0,2026-05-01 19:29:29.843873,2026-05-20 13:48:36.181,462.32,450.32,2026-05-30 14:16:32.220,702.78,240.47,690.78,SLA Breached
VIST-26-05-00002,bd081ad6-5fe3-4c1d-a919-81b1055efa19,2026-05-01 07:33:58.909192,12.0,2026-05-01 19:33:58.909192,2026-05-20 13:50:30.240,462.28,450.28,2026-05-30 14:14:57.220,702.68,240.41,690.68,SLA Breached
VIST-26-05-00003,bd081ad6-5fe3-4c1d-a919-81b1055efa19,2026-05-01 11:05:24.002508,24.0,2026-05-02 11:05:24.002508,2026-05-02 09:52:13.701,22.78,-1.22,2026-05-30 15:38:22.961,700.55,677.77,676.55,SLA Breached
VIST-26-05-00004,bd081ad6-5fe3-4c1d-a919-81b1055efa19,2026-05-01 14:44:22.503236,12.0,2026-05-02 02:44:22.503236,2026-05-20 13:52:31.399,455.14,443.14,2026-05-23 04:51:15.442,518.11,62.98,506.11,SLA Breached
VIST-26-05-00005,bd081ad6-5fe3-4c1d-a919-81b1055efa19,2026-05-02 02:42:26.732396,24.0,2026-05-03 02:42:26.732396,2026-05-26 08:52:27.141,582.17,558.17,2026-05-28 06:52:01.895,628.16,45.99,604.16,SLA Breached
VIST-26-05-00006,bd081ad6-5fe3-4c1d-a919-81b1055efa19,2026-05-02 05:07:35.045710,6.0,2026-05-02 11:07:35.045710,2026-08-01 05:12:52.574,2184.09,2178.09,,,,,
VIST-26-05-00007,8c42685b-f2df-4dec-96bd-0e77b715e33e,2026-05-02 05:18:11.000752,4.0,2026-05-02 09:18:11.000752,2026-05-26 07:26:17.202,578.14,574.14,2026-07-08 17:59:24.629,1620.69,1042.55,1616.69,SLA Breached
VIST-26-05-00008,bd081ad6-5fe3-4c1d-a919-81b1055efa19,2026-05-02 06:04:19.983409,24.0,2026-05-03 06:04:19.983409,2026-05-02 06:13:14.035,0.15,-23.85,2026-05-02 06:13:14.749,0.15,0.0,-23.85,Within SLA
VIST-26-05-00013,bd081ad6-5fe3-4c1d-a919-81b1055efa19,2026-05-02 11:27:36.904767,6.0,2026-05-02 17:27:36.904767,2026-05-02 11:35:21.244,0.13,-5.87,2026-05-02 11:36:14.203,0.14,0.01,-5.86,Within SLA
VIST-26-05-00017,bd081ad6-5fe3-4c1d-a919-81b1055efa19,2026-05-02 13:07:10.162522,12.0,2026-05-03 01:07:10.162522,2026-05-08 06:58:12.996,137.85,125.85,2026-06-30 15:32:07.436,1418.42,1280.57,1406.42,SLA Breached
VIST-26-05-00018,bd081ad6-5fe3-4c1d-a919-81b1055efa19,2026-05-02 16:07:32.763252,12.0,2026-05-03 04:07:32.763252,2026-05-09 09:02:36.825,160.92,148.92,2026-07-15 17:01:41.678,1776.9,1615.98,1764.9,SLA Breached
VIST-26-05-00019,bd081ad6-5fe3-4c1d-a919-81b1055efa19,2026-05-03 03:44:56.423237,6.0,2026-05-03 09:44:56.423237,2026-05-07 11:13:06.773,103.47,97.47,2026-05-30 14:14:32.512,658.49,555.02,652.49,SLA Breached
VIST-26-05-00020,bd081ad6-5fe3-4c1d-a919-81b1055efa19,2026-05-03 04:34:23.611553,6.0,2026-05-03 10:34:23.611553,2026-05-07 11:07:07.007,102.55,96.55,2026-05-25 03:36:05.473,527.03,424.48,521.03,SLA Breached
VIST-26-05-00021,8c42685b-f2df-4dec-96bd-0e77b715e33e,2026-05-03 12:22:41.232258,4.0,2026-05-03 16:22:41.232258,2026-05-07 07:13:11.461,90.84,86.84,2026-05-08 19:30:55.685,127.14,36.3,123.14,SLA Breached
VIST-26-05-00022,bd081ad6-5fe3-4c1d-a919-81b1055efa19,2026-05-04 02:40:14.966151,12.0,2026-05-04 14:40:14.966151,2026-05-04 10:07:55.533,7.46,-4.54,2026-05-10 15:34:11.629,156.9,149.44,144.9,SLA Breached
VIST-26-05-00023,8c42685b-f2df-4dec-96bd-0e77b715e33e,2026-05-04 10:29:34.166439,4.0,2026-05-04 14:29:34.166439,2026-05-07 07:12:30.538,68.72,64.72,2026-05-09 05:15:46.730,114.77,46.05,110.77,SLA Breached
VIST-26-05-00024,8c42685b-f2df-4dec-96bd-0e77b715e33e,2026-05-04 10:31:05.239424,4.0,2026-05-04 14:31:05.239424,2026-05-12 07:31:40.401,189.01,185.01,2026-07-19 05:10:51.309,1818.66,1629.65,1814.66,SLA Breached
VIST-26-05-00025,bd081ad6-5fe3-4c1d-a919-81b1055efa19,2026-05-04 10:34:54.317045,12.0,2026-05-04 22:34:54.317045,2026-05-06 12:11:14.070,49.61,37.61,2026-05-09 05:14:56.641,114.67,65.06,102.67,SLA Breached
VIST-26-05-00026,8c42685b-f2df-4dec-96bd-0e77b715e33e,2026-05-04 13:51:31.855846,4.0,2026-05-04 17:51:31.855846,2026-05-07 07:08:26.044,65.28,61.28,2026-05-08 19:30:48.161,101.65,36.37,97.65,SLA Breached
VIST-26-05-00027,8c42685b-f2df-4dec-96bd-0e77b715e33e,2026-05-04 13:52:09.640919,4.0,2026-05-04 17:52:09.640919,2026-05-07 07:03:41.438,65.19,61.19,2026-05-08 19:30:41.999,101.64,36.45,97.64,SLA Breached
VIST-26-05-00028,bd081ad6-5fe3-4c1d-a919-81b1055efa19,2026-05-04 15:30:56.667535,6.0,2026-05-04 21:30:56.667535,2026-05-06 07:09:47.835,39.65,33.65,2026-05-06 09:26:11.244,41.92,2.27,35.92,SLA Breached
VIST-26-05-00029,bd081ad6-5fe3-4c1d-a919-81b1055efa19,2026-05-05 00:55:48.659905,12.0,2026-05-05 12:55:48.659905,2026-05-08 04:56:47.621,76.02,64.02,2026-05-09 00:09:32.993,95.23,19.21,83.23,SLA Breached
VIST-26-05-00030,8c42685b-f2df-4dec-96bd-0e77b715e33e,2026-05-05 02:05:06.619307,4.0,2026-05-05 06:05:06.619307,2026-06-15 10:11:54.426,992.11,988.11,,,,,
VIST-26-05-00031,8c42685b-f2df-4dec-96bd-0e77b715e33e,2026-05-05 02:09:03.793750,4.0,2026-05-05 06:09:03.793750,2026-05-07 07:14:22.474,53.09,49.09,2026-05-21 00:17:47.283,382.15,329.06,378.15,SLA Breached
VIST-26-05-00032,8c42685b-f2df-4dec-96bd-0e77b715e33e,2026-05-05 02:13:39.615748,4.0,2026-05-05 06:13:39.615748,2026-05-07 07:13:46.907,53.0,49.0,2026-05-21 00:17:37.205,382.07,329.06,378.07,SLA Breached
VIST-26-05-00033,bd081ad6-5fe3-4c1d-a919-81b1055efa19,2026-05-05 16:42:57.935217,12.0,2026-05-06 04:42:57.935217,2026-05-08 07:00:09.737,62.29,50.29,2026-06-18 16:58:45.129,1056.26,993.98,1044.26,SLA Breached
VISH-2026-000191,bd081ad6-5fe3-4c1d-a919-81b1055efa19,2026-05-06 09:26:44.428337,4.0,2026-05-06 13:26:44.428337,2026-05-07 10:53:58.554,25.45,21.45,2026-05-09 05:52:47.825,68.43,42.98,64.43,SLA Breached
VIST-26-05-00034,bd081ad6-5fe3-4c1d-a919-81b1055efa19,2026-05-06 10:47:42.901159,12.0,2026-05-06 22:47:42.901159,2026-05-06 12:08:17.748,1.34,-10.66,2026-05-18 16:55:07.232,294.12,292.78,282.12,SLA Breached
VIST-26-05-00035,8c42685b-f2df-4dec-96bd-0e77b715e33e,2026-05-07 08:57:47.834722,4.0,2026-05-07 12:57:47.834722,2026-05-11 05:05:53.771,92.13,88.13,,,,,
VIST-26-05-00036,8c42685b-f2df-4dec-96bd-0e77b715e33e,2026-05-07 09:01:28.709677,4.0,2026-05-07 13:01:28.709677,2026-05-11 05:04:23.932,92.05,88.05,,,,,
VIST-26-05-00042,8c42685b-f2df-4dec-96bd-0e77b715e33e,2026-05-07 12:39:19.912629,4.0,2026-05-07 16:39:19.912629,2026-05-11 04:42:34.637,88.05,84.05,2026-05-26 14:36:49.977,457.96,369.9,453.96,SLA Breached
VIST-26-05-00043,bd081ad6-5fe3-4c1d-a919-81b1055efa19,2026-05-07 16:00:32.624572,12.0,2026-05-08 04:00:32.624572,2026-05-09 04:48:08.498,36.79,24.79,,,,,
VIST-26-05-00044,bd081ad6-5fe3-4c1d-a919-81b1055efa19,2026-05-08 03:22:13.278893,12.0,2026-05-08 15:22:13.278893,2026-05-23 05:55:42.780,362.56,350.56,2026-06-30 15:31:49.466,1284.16,921.6,1272.16,SLA Breached
VIST-26-05-00045,bd081ad6-5fe3-4c1d-a919-81b1055efa19,2026-05-09 03:35:08.694175,12.0,2026-05-09 15:35:08.694175,2026-06-01 06:49:18.556,555.24,543.24,2026-07-15 05:32:08.496,1609.95,1054.71,1597.95,SLA Breached
VIST-26-05-00046,bd081ad6-5fe3-4c1d-a919-81b1055efa19,2026-05-09 05:16:50.999320,4.0,2026-05-09 09:16:50.999320,2026-05-12 04:38:44.619,71.36,67.36,2026-07-19 05:10:40.292,1703.9,1632.53,1699.9,SLA Breached
VIST-26-05-00053,8c42685b-f2df-4dec-96bd-0e77b715e33e,2026-05-09 15:27:03.676715,12.0,2026-05-10 03:27:03.676715,2026-06-02 10:39:21.448,571.2,559.2,2026-06-12 04:01:03.840,804.57,233.36,792.57,SLA Breached
VIST-26-05-00054,bd081ad6-5fe3-4c1d-a919-81b1055efa19,2026-05-09 15:27:35.320229,6.0,2026-05-09 21:27:35.320229,2026-05-12 04:41:55.232,61.24,55.24,2026-05-22 15:15:31.636,311.8,250.56,305.8,SLA Breached
VIST-26-05-00055,bd081ad6-5fe3-4c1d-a919-81b1055efa19,2026-05-10 06:36:10.516509,6.0,2026-05-10 12:36:10.516509,2026-05-12 04:43:37.540,46.12,40.12,2026-05-21 15:11:22.512,272.59,226.46,266.59,SLA Breached
VIST-26-05-00056,bd081ad6-5fe3-4c1d-a919-81b1055efa19,2026-05-10 09:57:51.911058,12.0,2026-05-10 21:57:51.911058,2026-05-25 05:01:56.982,355.07,343.07,2026-05-27 16:30:45.965,414.55,59.48,402.55,SLA Breached
VIST-26-05-00057,bd081ad6-5fe3-4c1d-a919-81b1055efa19,2026-05-10 09:58:28.416377,6.0,2026-05-10 15:58:28.416377,2026-05-12 04:44:56.847,42.77,36.77,2026-05-13 13:32:29.157,75.57,32.79,69.57,SLA Breached
VIST-26-05-00058,8c42685b-f2df-4dec-96bd-0e77b715e33e,2026-05-10 09:59:12.454315,12.0,2026-05-10 21:59:12.454315,2026-05-26 08:01:00.245,382.03,370.03,2026-05-27 16:30:37.029,414.52,32.49,402.52,SLA Breached
VIST-26-05-00059,bd081ad6-5fe3-4c1d-a919-81b1055efa19,2026-05-10 11:08:28.029021,6.0,2026-05-10 17:08:28.029021,2026-05-12 04:47:13.224,41.65,35.65,2026-05-12 13:15:39.406,50.12,8.47,44.12,SLA Breached
VIST-26-05-00060,bd081ad6-5fe3-4c1d-a919-81b1055efa19,2026-05-10 15:34:35.141982,24.0,2026-05-11 15:34:35.141982,2026-05-12 04:49:04.897,37.24,13.24,2026-05-18 16:59:53.303,193.42,156.18,169.42,SLA Breached
VIST-26-05-00061,bd081ad6-5fe3-4c1d-a919-81b1055efa19,2026-05-10 16:40:49.193263,24.0,2026-05-11 16:40:49.193263,2026-05-13 09:58:14.168,65.29,41.29,,,,,
VIST-26-05-00062,bd081ad6-5fe3-4c1d-a919-81b1055efa19,2026-05-11 03:16:07.611085,6.0,2026-05-11 09:16:07.611085,2026-05-12 04:51:10.235,25.58,19.58,2026-05-18 04:23:50.331,169.13,143.54,163.13,SLA Breached
VIST-26-05-00063,bd081ad6-5fe3-4c1d-a919-81b1055efa19,2026-05-11 06:21:37.306536,6.0,2026-05-11 12:21:37.306536,2026-05-11 06:30:23.086,0.15,-5.85,2026-05-12 10:36:37.471,28.25,28.1,22.25,SLA Breached
VIST-26-05-00064,bd081ad6-5fe3-4c1d-a919-81b1055efa19,2026-05-11 06:24:27.756992,24.0,2026-05-12 06:24:27.756992,2026-06-30 04:04:51.186,1197.67,1173.67,,,,,
VIST-26-05-00065,bd081ad6-5fe3-4c1d-a919-81b1055efa19,2026-05-11 06:26:31.720491,24.0,2026-05-12 06:26:31.720491,2026-06-30 04:05:12.800,1197.64,1173.64,,,,,
VIST-26-05-00066,bd081ad6-5fe3-4c1d-a919-81b1055efa19,2026-05-11 11:30:38.027380,24.0,2026-05-12 11:30:38.027380,2026-07-21 06:20:54.835,1698.84,1674.84,,,,,
VIST-26-05-00067,bd081ad6-5fe3-4c1d-a919-81b1055efa19,2026-05-11 11:33:45.301202,6.0,2026-05-11 17:33:45.301202,2026-05-12 04:59:46.837,17.43,11.43,,,,,
VIST-26-05-00068,bd081ad6-5fe3-4c1d-a919-81b1055efa19,2026-05-11 15:50:40.311763,6.0,2026-05-11 21:50:40.311763,2026-05-12 07:47:09.055,15.94,9.94,2026-05-18 04:24:08.919,156.56,140.62,150.56,SLA Breached
VIST-26-05-00069,bd081ad6-5fe3-4c1d-a919-81b1055efa19,2026-05-11 16:06:46.431190,4.0,2026-05-11 20:06:46.431190,2026-05-12 07:09:42.912,15.05,11.05,2026-05-13 09:40:38.653,41.56,26.52,37.56,SLA Breached
VIST-26-05-00070,bd081ad6-5fe3-4c1d-a919-81b1055efa19,2026-05-12 05:49:23.690576,12.0,2026-05-12 17:49:23.690576,2026-05-12 08:22:18.869,2.55,-9.45,2026-07-19 15:30:50.344,1641.69,1639.14,1629.69,SLA Breached
VIST-26-05-00075,bd081ad6-5fe3-4c1d-a919-81b1055efa19,2026-05-12 11:25:55.075373,24.0,2026-05-13 11:25:55.075373,2026-05-22 10:37:03.060,239.19,215.19,2026-06-07 08:42:31.066,621.28,382.09,597.28,SLA Breached
VIST-26-05-00076,bd081ad6-5fe3-4c1d-a919-81b1055efa19,2026-05-12 13:19:01.765316,24.0,2026-05-13 13:19:01.765316,2026-05-13 07:06:52.945,17.8,-6.2,2026-05-14 05:27:14.413,40.14,22.34,16.14,SLA Breached
VIST-26-05-00077,bd081ad6-5fe3-4c1d-a919-81b1055efa19,2026-05-12 14:02:26.555943,12.0,2026-05-13 02:02:26.555943,2026-05-13 07:04:56.845,17.04,5.04,2026-06-11 03:05:34.557,709.05,692.01,697.05,SLA Breached
VIST-26-05-00079,bd081ad6-5fe3-4c1d-a919-81b1055efa19,2026-05-13 13:35:48.105079,12.0,2026-05-14 01:35:48.105079,2026-06-13 04:45:32.007,735.16,723.16,,,,,
VIST-26-05-00080,bd081ad6-5fe3-4c1d-a919-81b1055efa19,2026-05-14 12:00:43.026934,12.0,2026-05-15 00:00:43.026934,2026-05-15 10:51:31.617,22.85,10.85,2026-06-21 14:58:40.611,914.97,892.12,902.97,SLA Breached
VIST-26-05-00081,bd081ad6-5fe3-4c1d-a919-81b1055efa19,2026-05-15 03:28:42.064347,24.0,2026-05-16 03:28:42.064347,2026-05-25 18:15:45.776,254.78,230.78,2026-05-26 03:02:31.022,263.56,8.78,239.56,SLA Breached
VIST-26-05-00082,bd081ad6-5fe3-4c1d-a919-81b1055efa19,2026-05-16 06:25:17.163008,24.0,2026-05-17 06:25:17.163008,2026-05-19 04:54:50.967,70.49,46.49,,,,,
VIST-26-05-00083,bd081ad6-5fe3-4c1d-a919-81b1055efa19,2026-05-17 07:04:25.128719,24.0,2026-05-18 07:04:25.128719,2026-05-19 07:26:41.887,48.37,24.37,2026-05-20 01:44:54.587,66.67,18.3,42.67,SLA Breached
VIST-26-05-00084,bd081ad6-5fe3-4c1d-a919-81b1055efa19,2026-05-17 12:14:24.956954,4.0,2026-05-17 16:14:24.956954,2026-05-19 07:24:12.034,43.16,39.16,,,,,
VIST-26-05-00085,bd081ad6-5fe3-4c1d-a919-81b1055efa19,2026-05-17 12:14:48.386488,4.0,2026-05-17 16:14:48.386488,2026-05-19 05:02:50.590,40.8,36.8,,,,,
VIST-26-05-00086,bd081ad6-5fe3-4c1d-a919-81b1055efa19,2026-05-18 01:50:28.437927,24.0,2026-05-19 01:50:28.437927,2026-05-19 12:23:31.382,34.55,10.55,2026-05-19 14:06:19.367,36.26,1.71,12.26,SLA Breached
VIST-26-05-00087,bd081ad6-5fe3-4c1d-a919-81b1055efa19,2026-05-18 04:25:12.405079,6.0,2026-05-18 10:25:12.405079,2026-05-20 12:02:50.711,55.63,49.63,2026-06-01 01:49:30.948,333.41,277.78,327.41,SLA Breached
VIST-26-05-00089,bd081ad6-5fe3-4c1d-a919-81b1055efa19,2026-05-18 05:19:17.869897,4.0,2026-05-18 09:19:17.869897,2026-05-19 07:07:48.578,25.81,21.81,2026-05-26 05:32:12.509,192.22,166.41,188.22,SLA Breached
VIST-26-05-00090,bd081ad6-5fe3-4c1d-a919-81b1055efa19,2026-05-18 05:54:23.944272,6.0,2026-05-18 11:54:23.944272,2026-05-19 12:18:33.873,30.4,24.4,2026-05-23 07:43:57.450,121.83,91.42,115.83,SLA Breached
VIST-26-05-00091,bd081ad6-5fe3-4c1d-a919-81b1055efa19,2026-05-18 06:22:14.827011,12.0,2026-05-18 18:22:14.827011,2026-05-19 07:05:36.759,24.72,12.72,2026-05-20 08:49:49.190,50.46,25.74,38.46,SLA Breached
VIST-26-05-00092,bd081ad6-5fe3-4c1d-a919-81b1055efa19,2026-05-18 16:56:49.415149,24.0,2026-05-19 16:56:49.415149,2026-05-19 07:12:10.366,14.26,-9.74,2026-05-20 13:47:58.201,44.85,30.6,20.85,SLA Breached
VIST-26-05-00093,bd081ad6-5fe3-4c1d-a919-81b1055efa19,2026-05-18 16:57:15.614207,6.0,2026-05-18 22:57:15.614207,2026-05-19 07:14:31.330,14.29,8.29,2026-05-20 13:47:45.588,44.84,30.55,38.84,SLA Breached
VIST-26-05-00094,bd081ad6-5fe3-4c1d-a919-81b1055efa19,2026-05-18 16:57:57.900075,6.0,2026-05-18 22:57:57.900075,2026-05-19 07:19:03.899,14.35,8.35,2026-05-19 14:26:41.966,21.48,7.13,15.48,SLA Breached
VIST-26-05-00095,bd081ad6-5fe3-4c1d-a919-81b1055efa19,2026-05-18 17:00:29.645296,6.0,2026-05-18 23:00:29.645296,2026-05-19 08:18:00.480,15.29,9.29,2026-05-24 02:40:47.669,129.67,114.38,123.67,SLA Breached
VIST-26-05-00096,bd081ad6-5fe3-4c1d-a919-81b1055efa19,2026-05-18 23:43:45.981343,12.0,2026-05-19 11:43:45.981343,2026-05-19 12:20:44.265,12.62,0.62,2026-06-11 07:43:22.286,559.99,547.38,547.99,SLA Breached
VIST-26-05-00097,bd081ad6-5fe3-4c1d-a919-81b1055efa19,2026-05-19 03:11:09.670703,12.0,2026-05-19 15:11:09.670703,2026-05-19 07:10:28.111,3.99,-8.01,2026-05-26 03:12:46.601,168.03,164.04,156.03,SLA Breached
VIST-26-05-00098,bd081ad6-5fe3-4c1d-a919-81b1055efa19,2026-05-19 08:27:41.759571,12.0,2026-05-19 20:27:41.759571,2026-06-03 04:39:10.498,356.19,344.19,2026-07-13 17:17:15.248,1328.83,972.63,1316.83,SLA Breached
VIST-26-05-00099,bd081ad6-5fe3-4c1d-a919-81b1055efa19,2026-05-19 08:28:37.583067,24.0,2026-05-20 08:28:37.583067,2026-05-19 12:44:52.226,4.27,-19.73,2026-05-21 04:32:21.896,44.06,39.79,20.06,SLA Breached
VIST-26-05-00100,bd081ad6-5fe3-4c1d-a919-81b1055efa19,2026-05-20 01:45:30.734657,4.0,2026-05-20 05:45:30.734657,2026-06-03 04:37:10.855,338.86,334.86,,,,,
VIST-26-05-00101,bd081ad6-5fe3-4c1d-a919-81b1055efa19,2026-05-20 07:47:05.519886,6.0,2026-05-20 13:47:05.519886,2026-05-23 05:52:08.832,70.08,64.08,2026-06-01 01:49:10.362,282.03,211.95,276.03,SLA Breached
VIST-26-05-00102,8c42685b-f2df-4dec-96bd-0e77b715e33e,2026-05-20 08:50:35.541450,24.0,2026-05-21 08:50:35.541450,2026-05-26 07:25:16.616,142.58,118.58,2026-06-03 18:09:17.095,345.31,202.73,321.31,SLA Breached
VIST-26-05-00103,bd081ad6-5fe3-4c1d-a919-81b1055efa19,2026-05-20 11:52:41.408234,4.0,2026-05-20 15:52:41.408234,2026-05-22 05:47:33.494,41.91,37.91,2026-06-10 16:52:26.528,509.0,467.08,505.0,SLA Breached
VIST-26-05-00104,bd081ad6-5fe3-4c1d-a919-81b1055efa19,2026-05-20 13:51:15.996733,4.0,2026-05-20 17:51:15.996733,2026-05-22 05:45:09.515,39.9,35.9,2026-05-25 02:07:44.574,108.27,68.38,104.27,SLA Breached
VIST-26-05-00105,bd081ad6-5fe3-4c1d-a919-81b1055efa19,2026-05-21 15:10:30.107053,12.0,2026-05-22 03:10:30.107053,2026-05-22 10:34:30.398,19.4,7.4,,,,,
VIST-26-05-00106,bd081ad6-5fe3-4c1d-a919-81b1055efa19,2026-05-21 15:12:58.224955,12.0,2026-05-22 03:12:58.224955,2026-05-22 10:31:17.936,19.31,7.31,,,,,
VIST-26-05-00107,bd081ad6-5fe3-4c1d-a919-81b1055efa19,2026-05-21 15:36:34.468245,12.0,2026-05-22 03:36:34.468245,2026-05-22 10:29:08.816,18.88,6.88,2026-06-09 18:02:10.710,458.43,439.55,446.43,SLA Breached
VIST-26-05-00108,bd081ad6-5fe3-4c1d-a919-81b1055efa19,2026-05-21 18:05:12.373718,12.0,2026-05-22 06:05:12.373718,2026-05-22 10:25:50.148,16.34,4.34,2026-07-31 06:15:54.345,1692.18,1675.83,1680.18,SLA Breached
VIST-26-05-00109,bd081ad6-5fe3-4c1d-a919-81b1055efa19,2026-05-21 19:21:39.302622,6.0,2026-05-22 01:21:39.302622,2026-05-22 10:22:59.473,15.02,9.02,,,,,
VIST-26-05-00110,bd081ad6-5fe3-4c1d-a919-81b1055efa19,2026-05-22 02:23:14.451488,12.0,2026-05-22 14:23:14.451488,2026-05-22 10:18:58.375,7.93,-4.07,2026-07-29 05:44:19.847,1635.35,1627.42,1623.35,SLA Breached
VIST-26-05-00111,bd081ad6-5fe3-4c1d-a919-81b1055efa19,2026-05-22 13:27:26.899452,12.0,2026-05-23 01:27:26.899452,2026-05-25 06:47:09.502,65.33,53.33,2026-05-26 14:10:34.957,96.72,31.39,84.72,SLA Breached
VIST-26-05-00112,bd081ad6-5fe3-4c1d-a919-81b1055efa19,2026-05-22 15:16:09.214565,6.0,2026-05-22 21:16:09.214565,2026-05-26 08:38:41.757,89.38,83.38,2026-06-12 04:01:13.717,492.75,403.38,486.75,SLA Breached
VIST-26-05-00114,bd081ad6-5fe3-4c1d-a919-81b1055efa19,2026-05-23 07:48:00.540218,4.0,2026-05-23 11:48:00.540218,2026-06-03 04:31:55.475,260.73,256.73,2026-06-24 08:21:10.197,768.55,507.82,764.55,SLA Breached
VIST-26-05-00115,bd081ad6-5fe3-4c1d-a919-81b1055efa19,2026-05-24 02:41:33.139085,12.0,2026-05-24 14:41:33.139085,2026-05-25 18:19:24.990,39.63,27.63,2026-05-27 04:27:17.135,73.76,34.13,61.76,SLA Breached
VIST-26-05-00116,bd081ad6-5fe3-4c1d-a919-81b1055efa19,2026-05-24 05:26:20.816868,12.0,2026-05-24 17:26:20.816868,2026-06-16 05:31:42.495,552.09,540.09,2026-06-17 16:39:54.846,587.23,35.14,575.23,SLA Breached
VIST-26-05-00117,bd081ad6-5fe3-4c1d-a919-81b1055efa19,2026-05-24 05:27:32.667041,6.0,2026-05-24 11:27:32.667041,2026-05-25 18:22:35.795,36.92,30.92,2026-05-26 13:36:59.084,56.16,19.24,50.16,SLA Breached
VIST-26-05-00118,bd081ad6-5fe3-4c1d-a919-81b1055efa19,2026-05-24 12:40:59.795866,6.0,2026-05-24 18:40:59.795866,2026-05-25 18:24:19.692,29.72,23.72,,,,,
VIST-26-05-00119,bd081ad6-5fe3-4c1d-a919-81b1055efa19,2026-05-24 12:41:15.356520,6.0,2026-05-24 18:41:15.356520,2026-05-26 08:36:56.828,43.93,37.93,,,,,
VIST-26-05-00120,bd081ad6-5fe3-4c1d-a919-81b1055efa19,2026-05-24 15:10:59.479407,6.0,2026-05-24 21:10:59.479407,2026-05-25 18:26:31.958,27.26,21.26,2026-05-27 08:11:42.585,65.01,37.75,59.01,SLA Breached
VIST-26-05-00121,bd081ad6-5fe3-4c1d-a919-81b1055efa19,2026-05-24 18:27:17.188630,12.0,2026-05-25 06:27:17.188630,2026-05-25 18:28:22.629,24.02,12.02,2026-06-30 02:54:58.315,872.46,848.44,860.46,SLA Breached
VIST-26-05-00122,bd081ad6-5fe3-4c1d-a919-81b1055efa19,2026-05-25 02:08:41.595235,6.0,2026-05-25 08:08:41.595235,2026-05-25 18:30:42.722,16.37,10.37,2026-05-26 12:28:22.059,34.33,17.96,28.33,SLA Breached
VIST-26-05-00123,bd081ad6-5fe3-4c1d-a919-81b1055efa19,2026-05-25 03:36:53.664017,12.0,2026-05-25 15:36:53.664017,2026-05-25 18:33:46.157,14.95,2.95,2026-07-11 08:05:41.998,1132.48,1117.53,1120.48,SLA Breached
VIST-26-05-00124,bd081ad6-5fe3-4c1d-a919-81b1055efa19,2026-05-25 12:28:55.455030,4.0,2026-05-25 16:28:55.455030,2026-05-26 07:29:57.703,19.02,15.02,2026-06-11 16:33:09.364,412.07,393.05,408.07,SLA Breached
VIST-26-05-00125,bd081ad6-5fe3-4c1d-a919-81b1055efa19,2026-05-25 16:06:22.299960,12.0,2026-05-26 04:06:22.299960,2026-05-26 07:28:33.882,15.37,3.37,2026-06-18 07:26:56.821,567.34,551.97,555.34,SLA Breached
VIST-26-05-00126,bd081ad6-5fe3-4c1d-a919-81b1055efa19,2026-05-26 03:14:48.399706,24.0,2026-05-27 03:14:48.399706,2026-05-28 04:52:34.623,49.63,25.63,,,,,
VIST-26-05-00127,bd081ad6-5fe3-4c1d-a919-81b1055efa19,2026-05-26 05:33:25.934499,24.0,2026-05-27 05:33:25.934499,2026-05-26 08:45:31.031,3.2,-20.8,,,,,
VIST-26-05-00128,bd081ad6-5fe3-4c1d-a919-81b1055efa19,2026-05-26 13:40:07.174873,12.0,2026-05-27 01:40:07.174873,2026-05-28 04:43:02.136,39.05,27.05,2026-05-28 07:24:28.442,41.74,2.69,29.74,SLA Breached
VIST-26-05-00129,bd081ad6-5fe3-4c1d-a919-81b1055efa19,2026-05-26 14:37:55.440532,12.0,2026-05-27 02:37:55.440532,2026-05-28 09:52:35.007,43.24,31.24,2026-05-28 12:48:43.832,46.18,2.94,34.18,SLA Breached
VIST-26-05-00130,bd081ad6-5fe3-4c1d-a919-81b1055efa19,2026-05-27 08:29:14.906259,24.0,2026-05-28 08:29:14.906259,2026-05-28 04:51:17.452,20.37,-3.63,2026-05-28 04:51:18.028,20.37,0.0,-3.63,Within SLA
VIST-26-05-00131,bd081ad6-5fe3-4c1d-a919-81b1055efa19,2026-05-27 08:29:33.572957,24.0,2026-05-28 08:29:33.572957,2026-05-28 04:50:01.977,20.34,-3.66,2026-05-28 04:50:02.593,20.34,0.0,-3.66,Within SLA
VIST-26-05-00132,bd081ad6-5fe3-4c1d-a919-81b1055efa19,2026-05-27 14:34:11.333624,12.0,2026-05-28 02:34:11.333624,2026-05-28 10:21:16.693,19.78,7.78,,,,,
VIST-26-05-00133,bd081ad6-5fe3-4c1d-a919-81b1055efa19,2026-05-27 16:32:08.770640,24.0,2026-05-28 16:32:08.770640,2026-06-03 04:29:32.409,155.96,131.96,2026-06-10 15:24:39.004,334.88,178.92,310.88,SLA Breached
VIST-26-05-00134,bd081ad6-5fe3-4c1d-a919-81b1055efa19,2026-05-28 06:53:03.947150,24.0,2026-05-29 06:53:03.947150,2026-05-28 09:59:55.487,3.11,-20.89,2026-05-29 14:19:01.785,31.43,28.32,7.43,SLA Breached
VIST-26-05-00135,bd081ad6-5fe3-4c1d-a919-81b1055efa19,2026-05-28 06:55:52.799888,4.0,2026-05-28 10:55:52.799888,2026-06-03 04:22:24.926,141.44,137.44,2026-06-07 11:49:56.611,244.9,103.46,240.9,SLA Breached
VIST-26-05-00136,bd081ad6-5fe3-4c1d-a919-81b1055efa19,2026-05-28 07:23:41.356072,24.0,2026-05-29 07:23:41.356072,2026-05-28 09:58:03.756,2.57,-21.43,2026-05-28 10:35:48.680,3.2,0.63,-20.8,Within SLA
VIST-26-05-00137,bd081ad6-5fe3-4c1d-a919-81b1055efa19,2026-05-28 10:37:20.548140,24.0,2026-05-29 10:37:20.548140,2026-06-03 04:28:23.329,137.85,113.85,2026-07-24 04:47:18.598,1362.17,1224.32,1338.17,SLA Breached
VIST-26-05-00138,bd081ad6-5fe3-4c1d-a919-81b1055efa19,2026-05-29 13:25:00.927149,24.0,2026-05-30 13:25:00.927149,2026-06-03 06:09:33.672,112.74,88.74,2026-07-29 02:23:49.600,1452.98,1340.24,1428.98,SLA Breached
VIST-26-05-00139,bd081ad6-5fe3-4c1d-a919-81b1055efa19,2026-05-30 14:19:04.711067,6.0,2026-05-30 20:19:04.711067,2026-06-04 10:36:56.892,116.3,110.3,2026-06-28 00:15:28.392,681.94,565.64,675.94,SLA Breached
VIST-26-05-00140,bd081ad6-5fe3-4c1d-a919-81b1055efa19,2026-05-30 15:42:31.120929,4.0,2026-05-30 19:42:31.120929,2026-06-04 10:35:25.497,114.88,110.88,,,,,
VIST-26-05-00141,bd081ad6-5fe3-4c1d-a919-81b1055efa19,2026-05-31 06:53:36.435165,24.0,2026-06-01 06:53:36.435165,2026-06-02 04:22:15.114,45.48,21.48,2026-06-26 06:05:06.111,623.19,577.71,599.19,SLA Breached
VIST-26-06-00001,bd081ad6-5fe3-4c1d-a919-81b1055efa19,2026-06-01 01:50:53.513041,12.0,2026-06-01 13:50:53.513041,2026-06-09 05:57:24.774,196.11,184.11,2026-07-15 05:31:54.368,1059.68,863.57,1047.68,SLA Breached
VIST-26-06-00002,bd081ad6-5fe3-4c1d-a919-81b1055efa19,2026-06-01 03:08:50.657810,24.0,2026-06-02 03:08:50.657810,2026-06-02 05:56:28.330,26.79,2.79,2026-06-04 05:07:12.453,73.97,47.18,49.97,SLA Breached
VIST-26-06-00003,bd081ad6-5fe3-4c1d-a919-81b1055efa19,2026-06-01 05:31:54.959731,24.0,2026-06-02 05:31:54.959731,2026-06-02 04:19:35.153,22.79,-1.21,2026-06-15 11:52:40.518,342.35,319.55,318.35,SLA Breached
VIST-26-06-00004,bd081ad6-5fe3-4c1d-a919-81b1055efa19,2026-06-01 13:14:44.293474,12.0,2026-06-02 01:14:44.293474,2026-06-06 04:18:49.397,111.07,99.07,2026-06-06 17:32:22.727,124.29,13.23,112.29,SLA Breached
VIST-26-06-00005,bd081ad6-5fe3-4c1d-a919-81b1055efa19,2026-06-01 13:37:42.925639,4.0,2026-06-01 17:37:42.925639,2026-06-02 05:51:36.977,16.23,12.23,2026-06-06 04:16:00.022,110.64,94.41,106.64,SLA Breached
VIST-26-06-00006,bd081ad6-5fe3-4c1d-a919-81b1055efa19,2026-06-02 07:36:42.774332,12.0,2026-06-02 19:36:42.774332,2026-06-04 10:32:00.885,50.92,38.92,2026-06-29 13:34:18.956,653.96,603.04,641.96,SLA Breached
VIST-26-06-00007,bd081ad6-5fe3-4c1d-a919-81b1055efa19,2026-06-03 06:19:54.869340,4.0,2026-06-03 10:19:54.869340,2026-06-06 04:12:06.497,69.87,65.87,,,,,
VIST-26-06-00008,bd081ad6-5fe3-4c1d-a919-81b1055efa19,2026-06-03 06:48:02.250721,24.0,2026-06-04 06:48:02.250721,2026-06-06 04:19:46.314,69.53,45.53,,,,,
VIST-26-06-00009,bd081ad6-5fe3-4c1d-a919-81b1055efa19,2026-06-03 06:50:02.084244,4.0,2026-06-03 10:50:02.084244,2026-06-04 10:21:04.758,27.52,23.52,2026-06-05 06:05:06.656,47.25,19.73,43.25,SLA Breached
VIST-26-06-00010,bd081ad6-5fe3-4c1d-a919-81b1055efa19,2026-06-03 06:52:14.662375,4.0,2026-06-03 10:52:14.662375,2026-06-04 10:25:52.107,27.56,23.56,2026-06-05 06:04:53.276,47.21,19.65,43.21,SLA Breached
VIST-26-06-00011,bd081ad6-5fe3-4c1d-a919-81b1055efa19,2026-06-03 06:53:35.008441,6.0,2026-06-03 12:53:35.008441,2026-06-05 04:56:25.691,46.05,40.05,2026-06-05 06:06:00.864,47.21,1.16,41.21,SLA Breached
VIST-26-06-00012,bd081ad6-5fe3-4c1d-a919-81b1055efa19,2026-06-03 12:58:38.559295,4.0,2026-06-03 16:58:38.559295,2026-06-04 10:14:24.909,21.26,17.26,2026-06-16 13:13:40.683,312.25,290.99,308.25,SLA Breached
VIST-26-06-00013,bd081ad6-5fe3-4c1d-a919-81b1055efa19,2026-06-03 15:35:01.197788,6.0,2026-06-03 21:35:01.197788,2026-06-04 10:07:59.993,18.55,12.55,2026-06-12 17:32:42.469,217.96,199.41,211.96,SLA Breached
VIST-26-06-00014,bd081ad6-5fe3-4c1d-a919-81b1055efa19,2026-06-04 04:10:27.313467,24.0,2026-06-05 04:10:27.313467,2026-06-09 05:58:38.955,121.8,97.8,2026-06-10 10:46:18.049,150.6,28.79,126.6,SLA Breached
VIST-26-06-00015,bd081ad6-5fe3-4c1d-a919-81b1055efa19,2026-06-04 05:08:12.405531,24.0,2026-06-05 05:08:12.405531,2026-06-09 06:00:51.379,120.88,96.88,,,,,
VIST-26-06-00016,bd081ad6-5fe3-4c1d-a919-81b1055efa19,2026-06-04 18:31:41.324431,12.0,2026-06-05 06:31:41.324431,2026-06-09 06:04:48.155,107.55,95.55,2026-06-30 14:19:41.064,619.8,512.25,607.8,SLA Breached
VIST-26-06-00017,8c42685b-f2df-4dec-96bd-0e77b715e33e,2026-06-04 18:32:57.744303,24.0,2026-06-05 18:32:57.744303,2026-06-15 10:11:30.072,255.64,231.64,2026-06-30 14:19:32.997,619.78,364.13,595.78,SLA Breached
VIST-26-06-00018,bd081ad6-5fe3-4c1d-a919-81b1055efa19,2026-06-05 07:21:21.260764,12.0,2026-06-05 19:21:21.260764,2026-06-06 04:36:22.174,21.25,9.25,2026-06-27 00:02:08.951,520.68,499.43,508.68,SLA Breached
VIST-26-06-00019,bd081ad6-5fe3-4c1d-a919-81b1055efa19,2026-06-05 11:33:16.718256,24.0,2026-06-06 11:33:16.718256,2026-06-06 05:34:52.048,18.03,-5.97,2026-06-06 08:12:35.461,20.66,2.63,-3.34,Within SLA
VIST-26-06-00020,bd081ad6-5fe3-4c1d-a919-81b1055efa19,2026-06-06 12:05:02.050707,24.0,2026-06-07 12:05:02.050707,2026-06-18 04:53:20.422,280.81,256.81,,,,,
VIST-26-06-00021,bd081ad6-5fe3-4c1d-a919-81b1055efa19,2026-06-06 16:09:27.617012,24.0,2026-06-07 16:09:27.617012,2026-06-09 06:41:00.355,62.53,38.53,2026-06-12 12:28:47.622,140.32,77.8,116.32,SLA Breached
VIST-26-06-00022,bd081ad6-5fe3-4c1d-a919-81b1055efa19,2026-06-06 17:32:51.264990,24.0,2026-06-07 17:32:51.264990,2026-06-09 06:44:04.145,61.19,37.19,2026-07-06 15:45:41.864,718.21,657.03,694.21,SLA Breached
VIST-26-06-00023,8c42685b-f2df-4dec-96bd-0e77b715e33e,2026-06-07 04:25:30.828071,24.0,2026-06-08 04:25:30.828071,2026-06-08 06:41:31.941,26.27,2.27,,,,,
VIST-26-06-00024,bd081ad6-5fe3-4c1d-a919-81b1055efa19,2026-06-07 08:09:57.888428,12.0,2026-06-07 20:09:57.888428,2026-06-13 06:38:50.261,142.48,130.48,2026-06-22 03:50:29.976,355.68,213.19,343.68,SLA Breached
VIST-26-06-00025,bd081ad6-5fe3-4c1d-a919-81b1055efa19,2026-06-07 11:51:12.341760,24.0,2026-06-08 11:51:12.341760,2026-06-12 05:39:33.318,113.81,89.81,2026-06-28 15:41:52.478,507.84,394.04,483.84,SLA Breached
VIST-26-06-00026,bd081ad6-5fe3-4c1d-a919-81b1055efa19,2026-06-07 18:19:47.522165,6.0,2026-06-08 00:19:47.522165,2026-06-09 06:49:36.313,36.5,30.5,,,,,
VIST-26-06-00027,bd081ad6-5fe3-4c1d-a919-81b1055efa19,2026-06-08 06:35:24.827841,6.0,2026-06-08 12:35:24.827841,2026-07-28 10:39:30.916,1204.07,1198.07,,,,,
VIST-26-06-00028,bd081ad6-5fe3-4c1d-a919-81b1055efa19,2026-06-08 06:38:20.435037,4.0,2026-06-08 10:38:20.435037,2026-06-09 07:02:47.164,24.41,20.41,2026-06-09 07:02:47.640,24.41,0.0,20.41,SLA Breached
VIST-26-06-00029,bd081ad6-5fe3-4c1d-a919-81b1055efa19,2026-06-08 15:24:35.775005,4.0,2026-06-08 19:24:35.775005,2026-06-09 07:44:14.366,16.33,12.33,2026-06-19 08:18:13.358,256.89,240.57,252.89,SLA Breached
VIST-26-06-00030,bd081ad6-5fe3-4c1d-a919-81b1055efa19,2026-06-09 06:42:31.229892,6.0,2026-06-09 12:42:31.229892,2026-06-09 10:37:43.603,3.92,-2.08,2026-06-17 04:07:12.992,189.41,185.49,183.41,SLA Breached
VIST-26-06-00031,bd081ad6-5fe3-4c1d-a919-81b1055efa19,2026-06-09 18:04:14.288160,24.0,2026-06-10 18:04:14.288160,2026-06-12 05:37:18.044,59.55,35.55,2026-07-11 06:32:00.347,756.46,696.91,732.46,SLA Breached
VIST-26-06-00032,bd081ad6-5fe3-4c1d-a919-81b1055efa19,2026-06-10 16:53:25.711651,12.0,2026-06-11 04:53:25.711651,2026-06-13 12:13:14.740,67.33,55.33,,,,,
VIST-26-06-00033,bd081ad6-5fe3-4c1d-a919-81b1055efa19,2026-06-10 16:54:17.040198,24.0,2026-06-11 16:54:17.040198,2026-06-12 05:57:23.489,37.05,13.05,,,,,
VIST-26-06-00034,bd081ad6-5fe3-4c1d-a919-81b1055efa19,2026-06-11 03:06:34.074948,6.0,2026-06-11 09:06:34.074948,2026-06-12 05:59:14.916,26.88,20.88,2026-06-30 02:34:54.022,455.47,428.59,449.47,SLA Breached
VIST-26-06-00035,bd081ad6-5fe3-4c1d-a919-81b1055efa19,2026-06-11 06:21:18.595375,4.0,2026-06-11 10:21:18.595375,2026-06-12 05:33:05.589,23.2,19.2,,,,,
VIST-26-06-00036,bd081ad6-5fe3-4c1d-a919-81b1055efa19,2026-06-11 06:21:40.259528,6.0,2026-06-11 12:21:40.259528,2026-06-12 05:30:02.736,23.14,17.14,,,,,
VIST-26-06-00037,bd081ad6-5fe3-4c1d-a919-81b1055efa19,2026-06-11 08:09:23.046845,6.0,2026-06-11 14:09:23.046845,2026-06-13 12:19:41.649,52.17,46.17,2026-06-18 06:34:35.383,166.42,114.25,160.42,SLA Breached
VIST-26-06-00038,bd081ad6-5fe3-4c1d-a919-81b1055efa19,2026-06-11 11:38:29.816012,6.0,2026-06-11 17:38:29.816012,2026-06-16 05:29:26.025,113.85,107.85,2026-07-02 16:13:38.912,508.59,394.74,502.59,SLA Breached
VIST-26-06-00039,bd081ad6-5fe3-4c1d-a919-81b1055efa19,2026-06-11 16:34:38.831386,24.0,2026-06-12 16:34:38.831386,2026-06-12 05:43:22.960,13.15,-10.85,2026-06-21 15:26:32.103,238.86,225.72,214.86,SLA Breached
VIST-26-06-00040,bd081ad6-5fe3-4c1d-a919-81b1055efa19,2026-06-11 16:35:50.190475,6.0,2026-06-11 22:35:50.190475,2026-06-12 06:02:47.355,13.45,7.45,2026-06-21 15:26:24.335,238.84,225.39,232.84,SLA Breached
VIST-26-06-00041,bd081ad6-5fe3-4c1d-a919-81b1055efa19,2026-06-12 04:01:33.898957,6.0,2026-06-12 10:01:33.898957,2026-06-13 12:16:41.132,32.25,26.25,2026-08-04 15:59:07.682,1283.96,1251.71,1277.96,SLA Breached
VIST-26-06-00042,bd081ad6-5fe3-4c1d-a919-81b1055efa19,2026-06-12 04:03:25.003711,24.0,2026-06-13 04:03:25.003711,2026-06-13 06:56:52.372,26.89,2.89,2026-08-04 15:58:54.549,1283.92,1257.03,1259.92,SLA Breached
VIST-26-06-00043,bd081ad6-5fe3-4c1d-a919-81b1055efa19,2026-06-12 08:17:55.556338,4.0,2026-06-12 12:17:55.556338,2026-06-16 09:36:06.490,97.3,93.3,2026-06-17 04:44:27.616,116.44,19.14,112.44,SLA Breached
VIST-26-06-00044,bd081ad6-5fe3-4c1d-a919-81b1055efa19,2026-06-12 15:11:46.696904,24.0,2026-06-13 15:11:46.696904,2026-07-15 14:49:51.551,791.63,767.63,,,,,
VIST-26-06-00045,bd081ad6-5fe3-4c1d-a919-81b1055efa19,2026-06-12 17:33:51.414600,6.0,2026-06-12 23:33:51.414600,2026-06-13 12:08:33.349,18.58,12.58,,,,,
VIST-26-06-00046,bd081ad6-5fe3-4c1d-a919-81b1055efa19,2026-06-12 17:44:19.909776,6.0,2026-06-12 23:44:19.909776,2026-06-13 12:05:52.803,18.36,12.36,2026-06-14 03:27:40.836,33.72,15.36,27.72,SLA Breached
VIST-26-06-00047,bd081ad6-5fe3-4c1d-a919-81b1055efa19,2026-06-13 05:43:30.639489,4.0,2026-06-13 09:43:30.639489,2026-06-13 12:03:01.241,6.33,2.33,2026-06-15 04:54:41.801,47.19,40.86,43.19,SLA Breached
VIST-26-06-00048,bd081ad6-5fe3-4c1d-a919-81b1055efa19,2026-06-14 05:50:18.848886,12.0,2026-06-14 17:50:18.848886,2026-06-16 05:22:22.220,47.53,35.53,2026-06-17 16:40:14.709,82.83,35.3,70.83,SLA Breached
VIST-26-06-00050,bd081ad6-5fe3-4c1d-a919-81b1055efa19,2026-06-14 09:22:33.985844,24.0,2026-06-15 09:22:33.985844,2026-06-16 09:34:32.276,48.2,24.2,,,,,
VIST-26-06-00051,bd081ad6-5fe3-4c1d-a919-81b1055efa19,2026-06-14 09:24:24.232035,4.0,2026-06-14 13:24:24.232035,2026-06-16 05:18:34.444,43.9,39.9,,,,,
VIST-26-06-00052,bd081ad6-5fe3-4c1d-a919-81b1055efa19,2026-06-15 03:08:51.896660,6.0,2026-06-15 09:08:51.896660,2026-06-16 05:13:24.828,26.08,20.08,2026-06-29 05:25:47.336,338.28,312.21,332.28,SLA Breached
VIST-26-06-00053,bd081ad6-5fe3-4c1d-a919-81b1055efa19,2026-06-15 03:37:01.735916,4.0,2026-06-15 07:37:01.735916,2026-06-16 05:10:07.862,25.55,21.55,,,,,
VIST-26-06-00054,bd081ad6-5fe3-4c1d-a919-81b1055efa19,2026-06-15 03:39:37.171003,24.0,2026-06-16 03:39:37.171003,2026-06-16 05:06:38.708,25.45,1.45,,,,,
VIST-26-06-00055,bd081ad6-5fe3-4c1d-a919-81b1055efa19,2026-06-15 04:55:34.055291,6.0,2026-06-15 10:55:34.055291,2026-06-16 09:35:25.926,28.66,22.66,2026-06-17 04:44:22.754,47.81,19.15,41.81,SLA Breached
VIST-26-06-00056,bd081ad6-5fe3-4c1d-a919-81b1055efa19,2026-06-15 05:13:38.040883,6.0,2026-06-15 11:13:38.040883,2026-06-15 08:41:01.795,3.46,-2.54,2026-06-16 08:18:18.285,27.08,23.62,21.08,SLA Breached
VIST-26-06-00057,bd081ad6-5fe3-4c1d-a919-81b1055efa19,2026-06-15 08:09:20.584146,6.0,2026-06-15 14:09:20.584146,2026-06-15 08:37:00.142,0.46,-5.54,,,,,
VIST-26-06-00058,bd081ad6-5fe3-4c1d-a919-81b1055efa19,2026-06-15 11:53:24.701849,24.0,2026-06-16 11:53:24.701849,2026-06-16 04:56:40.239,17.05,-6.95,2026-07-29 03:41:21.553,1047.8,1030.74,1023.8,SLA Breached
VIST-26-06-00059,bd081ad6-5fe3-4c1d-a919-81b1055efa19,2026-06-16 08:20:10.551384,24.0,2026-06-17 08:20:10.551384,2026-06-18 04:55:37.130,44.59,20.59,2026-06-19 12:24:55.296,76.08,31.49,52.08,SLA Breached
VIST-26-06-00060,bd081ad6-5fe3-4c1d-a919-81b1055efa19,2026-06-16 13:14:32.003361,12.0,2026-06-17 01:14:32.003361,2026-06-22 06:26:15.803,137.2,125.2,2026-06-30 06:39:23.739,329.41,192.22,317.41,SLA Breached
VIST-26-06-00061,bd081ad6-5fe3-4c1d-a919-81b1055efa19,2026-06-16 17:58:23.910574,12.0,2026-06-17 05:58:23.910574,2026-06-18 08:34:08.142,38.6,26.6,,,,,
VIST-26-06-00062,8c42685b-f2df-4dec-96bd-0e77b715e33e,2026-06-17 04:08:45.302698,6.0,2026-06-17 10:08:45.302698,2026-06-18 07:33:14.388,27.41,21.41,2026-06-27 12:02:27.029,247.89,220.49,241.89,SLA Breached
VIST-26-06-00063,bd081ad6-5fe3-4c1d-a919-81b1055efa19,2026-06-17 07:43:05.441011,4.0,2026-06-17 11:43:05.441011,2026-06-18 08:29:42.525,24.78,20.78,2026-06-18 21:46:50.110,38.06,13.29,34.06,SLA Breached
VIST-26-06-00064,bd081ad6-5fe3-4c1d-a919-81b1055efa19,2026-06-17 08:19:05.894890,12.0,2026-06-17 20:19:05.894890,2026-06-18 08:31:19.566,24.2,12.2,2026-06-18 21:47:01.888,37.47,13.26,25.47,SLA Breached
VIST-26-06-00065,bd081ad6-5fe3-4c1d-a919-81b1055efa19,2026-06-17 14:44:59.256966,12.0,2026-06-18 02:44:59.256966,2026-06-18 07:39:38.906,16.91,4.91,2026-06-25 13:23:22.881,190.64,173.73,178.64,SLA Breached
VIST-26-06-00066,bd081ad6-5fe3-4c1d-a919-81b1055efa19,2026-06-17 14:47:46.057076,24.0,2026-06-18 14:47:46.057076,2026-06-18 07:35:10.515,16.79,-7.21,2026-06-19 15:07:37.671,48.33,31.54,24.33,SLA Breached
VIST-26-06-00067,bd081ad6-5fe3-4c1d-a919-81b1055efa19,2026-06-17 14:57:12.250560,4.0,2026-06-17 18:57:12.250560,2026-06-19 04:57:07.851,38.0,34.0,2026-06-19 15:07:26.506,48.17,10.17,44.17,SLA Breached
VIST-26-06-00068,bd081ad6-5fe3-4c1d-a919-81b1055efa19,2026-06-17 16:41:16.732437,4.0,2026-06-17 20:41:16.732437,2026-06-18 09:48:40.535,17.12,13.12,2026-06-22 09:59:10.686,113.3,96.18,109.3,SLA Breached
VIST-26-06-00069,bd081ad6-5fe3-4c1d-a919-81b1055efa19,2026-06-17 17:53:02.488287,12.0,2026-06-18 05:53:02.488287,2026-06-22 06:27:52.318,108.58,96.58,2026-06-25 13:23:31.170,187.51,78.93,175.51,SLA Breached
VIST-26-06-00070,bd081ad6-5fe3-4c1d-a919-81b1055efa19,2026-06-17 20:47:01.882605,6.0,2026-06-18 02:47:01.882605,2026-06-20 05:37:59.909,56.85,50.85,2026-06-26 21:09:29.738,216.37,159.52,210.37,SLA Breached
VIST-26-06-00071,bd081ad6-5fe3-4c1d-a919-81b1055efa19,2026-06-18 03:56:58.868438,6.0,2026-06-18 09:56:58.868438,2026-06-18 07:31:17.930,3.57,-2.43,2026-06-27 12:02:17.659,224.09,220.52,218.09,SLA Breached
VIST-26-06-00072,bd081ad6-5fe3-4c1d-a919-81b1055efa19,2026-06-18 06:35:12.399770,6.0,2026-06-18 12:35:12.399770,2026-06-18 07:29:25.842,0.9,-5.1,,,,,
VIST-26-06-00073,bd081ad6-5fe3-4c1d-a919-81b1055efa19,2026-06-18 15:01:26.840196,24.0,2026-06-19 15:01:26.840196,2026-06-22 05:23:06.736,86.36,62.36,2026-07-18 06:01:02.861,710.99,624.63,686.99,SLA Breached
VIST-26-06-00074,bd081ad6-5fe3-4c1d-a919-81b1055efa19,2026-06-18 21:48:12.756646,4.0,2026-06-19 01:48:12.756646,2026-06-19 10:23:09.898,12.58,8.58,2026-06-30 02:52:29.389,269.07,256.49,265.07,SLA Breached
VISH-2026-000144,bd081ad6-5fe3-4c1d-a919-81b1055efa19,2026-06-19 07:09:21.850790,12.0,2026-06-19 19:09:21.850790,2026-06-20 05:39:31.955,22.5,10.5,2026-07-13 09:35:15.752,578.43,555.93,566.43,SLA Breached
VIST-26-06-00075,bd081ad6-5fe3-4c1d-a919-81b1055efa19,2026-06-19 12:29:11.473731,4.0,2026-06-19 16:29:11.473731,2026-06-22 06:30:44.532,66.03,62.03,2026-06-26 21:09:23.923,176.67,110.64,172.67,SLA Breached
VIST-26-06-00076,bd081ad6-5fe3-4c1d-a919-81b1055efa19,2026-06-19 14:46:14.876949,6.0,2026-06-19 20:46:14.876949,2026-06-22 06:45:58.608,64.0,58.0,,,,,
VIST-26-06-00077,bd081ad6-5fe3-4c1d-a919-81b1055efa19,2026-06-19 14:59:38.194538,24.0,2026-06-20 14:59:38.194538,2026-06-22 06:47:47.965,63.8,39.8,2026-07-18 06:00:52.501,687.02,623.22,663.02,SLA Breached
VIST-26-06-00078,bd081ad6-5fe3-4c1d-a919-81b1055efa19,2026-06-20 09:33:24.863843,24.0,2026-06-21 09:33:24.863843,2026-07-15 14:52:30.538,605.32,581.32,,,,,
VIST-26-06-00079,bd081ad6-5fe3-4c1d-a919-81b1055efa19,2026-06-20 10:03:52.268152,24.0,2026-06-21 10:03:52.268152,2026-06-22 10:39:43.730,48.6,24.6,,,,,
VIST-26-06-00080,bd081ad6-5fe3-4c1d-a919-81b1055efa19,2026-06-20 10:05:14.188519,6.0,2026-06-20 16:05:14.188519,2026-06-24 07:47:32.307,93.71,87.71,,,,,
VIST-26-06-00081,bd081ad6-5fe3-4c1d-a919-81b1055efa19,2026-06-21 15:00:02.370817,24.0,2026-06-22 15:00:02.370817,2026-06-22 10:41:49.535,19.7,-4.3,,,,,
VIST-26-06-00082,bd081ad6-5fe3-4c1d-a919-81b1055efa19,2026-06-22 03:51:38.942072,4.0,2026-06-22 07:51:38.942072,2026-06-24 07:48:51.754,51.95,47.95,2026-07-12 18:17:22.512,494.43,442.48,490.43,SLA Breached
VIST-26-06-00083,bd081ad6-5fe3-4c1d-a919-81b1055efa19,2026-06-23 17:13:23.013506,24.0,2026-06-24 17:13:23.013506,2026-06-24 07:50:57.224,14.63,-9.37,,,,,
VIST-26-06-00084,bd081ad6-5fe3-4c1d-a919-81b1055efa19,2026-06-23 17:35:47.751010,4.0,2026-06-23 21:35:47.751010,2026-07-15 14:59:20.951,525.39,521.39,2026-07-21 07:35:06.327,661.99,136.6,657.99,SLA Breached
VIST-26-06-00085,bd081ad6-5fe3-4c1d-a919-81b1055efa19,2026-06-23 20:28:41.081737,6.0,2026-06-24 02:28:41.081737,2026-06-30 04:10:31.399,151.7,145.7,2026-07-07 10:49:11.133,326.34,174.64,320.34,SLA Breached
VIST-26-06-00086,bd081ad6-5fe3-4c1d-a919-81b1055efa19,2026-06-24 02:17:21.458051,4.0,2026-06-24 06:17:21.458051,2026-07-15 15:00:10.956,516.71,512.71,2026-07-24 09:13:48.973,726.94,210.23,722.94,SLA Breached
VIST-26-06-00087,bd081ad6-5fe3-4c1d-a919-81b1055efa19,2026-06-24 08:25:29.206999,4.0,2026-06-24 12:25:29.206999,2026-06-30 04:14:35.273,139.82,135.82,2026-07-04 09:13:48.777,240.81,100.99,236.81,SLA Breached
VIST-26-06-00088,,2026-06-24 08:26:20.119803,6.0,2026-06-24 14:26:20.119803,2026-06-26 10:28:04.719,50.03,44.03,2026-07-04 09:13:28.107,240.79,190.76,234.79,SLA Breached
VIST-26-06-00089,bd081ad6-5fe3-4c1d-a919-81b1055efa19,2026-06-25 13:24:05.008429,12.0,2026-06-26 01:24:05.008429,2026-07-03 05:28:53.873,184.08,172.08,2026-07-15 12:40:19.977,479.27,295.19,467.27,SLA Breached
VIST-26-06-00090,bd081ad6-5fe3-4c1d-a919-81b1055efa19,2026-06-25 18:45:41.744645,6.0,2026-06-26 00:45:41.744645,2026-07-03 05:27:04.524,178.69,172.69,,,,,
VIST-26-06-00091,bd081ad6-5fe3-4c1d-a919-81b1055efa19,2026-06-25 18:47:00.854402,24.0,2026-06-26 18:47:00.854402,2026-07-11 07:47:34.143,373.01,349.01,,,,,
VIST-26-06-00092,bd081ad6-5fe3-4c1d-a919-81b1055efa19,2026-06-25 18:49:55.640077,24.0,2026-06-26 18:49:55.640077,2026-06-30 04:17:19.308,105.46,81.46,,,,,
VIST-26-06-00093,bd081ad6-5fe3-4c1d-a919-81b1055efa19,2026-06-26 06:07:28.468034,24.0,2026-06-27 06:07:28.468034,2026-06-30 04:24:43.585,94.29,70.29,2026-08-03 09:45:12.653,915.63,821.34,891.63,SLA Breached
VIST-26-06-00094,bd081ad6-5fe3-4c1d-a919-81b1055efa19,2026-06-26 10:58:19.313419,4.0,2026-06-26 14:58:19.313419,2026-06-30 04:54:25.484,89.94,85.94,2026-07-15 01:48:55.400,446.84,356.91,442.84,SLA Breached
VIST-26-06-00095,bd081ad6-5fe3-4c1d-a919-81b1055efa19,2026-06-26 21:10:46.562376,4.0,2026-06-27 01:10:46.562376,2026-06-30 04:59:36.865,79.81,75.81,,,,,
VIST-26-06-00096,,2026-06-27 00:03:21.827302,4.0,2026-06-27 04:03:21.827302,2026-06-27 07:32:44.453,7.49,3.49,,,,,
VIST-26-06-00097,bd081ad6-5fe3-4c1d-a919-81b1055efa19,2026-06-27 10:21:26.305612,12.0,2026-06-27 22:21:26.305612,2026-07-15 15:02:10.230,436.68,424.68,,,,,
VIST-26-06-00098,bd081ad6-5fe3-4c1d-a919-81b1055efa19,2026-06-27 10:22:46.271822,24.0,2026-06-28 10:22:46.271822,2026-07-13 12:21:06.069,385.97,361.97,2026-07-14 06:28:21.747,404.09,18.12,380.09,SLA Breached
VIST-26-06-00099,bd081ad6-5fe3-4c1d-a919-81b1055efa19,2026-06-27 10:24:11.499104,4.0,2026-06-27 14:24:11.499104,2026-07-11 07:53:05.499,333.48,329.48,2026-07-11 14:04:38.126,339.67,6.19,335.67,SLA Breached
VIST-26-06-00100,bd081ad6-5fe3-4c1d-a919-81b1055efa19,2026-06-27 12:04:01.375442,6.0,2026-06-27 18:04:01.375442,2026-07-02 09:23:47.063,117.33,111.33,2026-08-04 18:51:31.379,918.79,801.46,912.79,SLA Breached
VIST-26-06-00102,bd081ad6-5fe3-4c1d-a919-81b1055efa19,2026-06-28 15:03:21.985185,12.0,2026-06-29 03:03:21.985185,2026-07-03 05:21:06.241,110.3,98.3,2026-07-11 20:22:39.656,317.32,207.03,305.32,SLA Breached
VIST-26-06-00103,bd081ad6-5fe3-4c1d-a919-81b1055efa19,2026-06-28 15:43:24.784149,24.0,2026-06-29 15:43:24.784149,2026-06-30 08:46:14.097,41.05,17.05,2026-07-25 18:12:03.505,650.48,609.43,626.48,SLA Breached
VIST-26-06-00104,bd081ad6-5fe3-4c1d-a919-81b1055efa19,2026-06-28 17:44:58.824854,12.0,2026-06-29 05:44:58.824854,2026-06-30 08:43:26.835,38.97,26.97,2026-07-09 07:41:40.730,253.94,214.97,241.94,SLA Breached
VIST-26-06-00105,bd081ad6-5fe3-4c1d-a919-81b1055efa19,2026-06-28 17:45:42.742843,4.0,2026-06-28 21:45:42.742843,2026-06-30 08:41:58.145,38.94,34.94,2026-07-09 07:41:31.125,253.93,214.99,249.93,SLA Breached
VIST-26-06-00106,bd081ad6-5fe3-4c1d-a919-81b1055efa19,2026-06-29 05:30:13.013791,12.0,2026-06-29 17:30:13.013791,2026-07-02 09:02:52.906,75.54,63.54,2026-07-15 15:47:35.260,394.29,318.75,382.29,SLA Breached
VIST-26-06-00107,bd081ad6-5fe3-4c1d-a919-81b1055efa19,2026-06-29 13:36:34.121105,24.0,2026-06-30 13:36:34.121105,2026-06-30 08:38:05.885,19.03,-4.97,,,,,
VIST-26-06-00108,bd081ad6-5fe3-4c1d-a919-81b1055efa19,2026-06-29 13:38:08.686724,24.0,2026-06-30 13:38:08.686724,2026-06-30 08:34:39.230,18.94,-5.06,,,,,
VIST-26-06-00109,bd081ad6-5fe3-4c1d-a919-81b1055efa19,2026-06-29 16:50:21.791184,12.0,2026-06-30 04:50:21.791184,2026-07-16 08:16:04.409,399.43,387.43,2026-07-20 14:06:44.563,501.27,101.84,489.27,SLA Breached
VIST-26-06-00110,bd081ad6-5fe3-4c1d-a919-81b1055efa19,2026-06-29 17:25:16.924063,12.0,2026-06-30 05:25:16.924063,2026-07-13 12:17:02.323,330.86,318.86,,,,,
VIST-26-06-00111,bd081ad6-5fe3-4c1d-a919-81b1055efa19,2026-06-30 00:46:26.535486,6.0,2026-06-30 06:46:26.535486,2026-06-30 08:30:31.460,7.73,1.73,,,,,
VIST-26-06-00112,bd081ad6-5fe3-4c1d-a919-81b1055efa19,2026-06-30 02:34:16.731417,4.0,2026-06-30 06:34:16.731417,2026-06-30 09:20:54.458,6.78,2.78,2026-07-15 15:44:36.870,373.17,366.4,369.17,SLA Breached
VIST-26-06-00113,bd081ad6-5fe3-4c1d-a919-81b1055efa19,2026-06-30 02:36:34.261274,12.0,2026-06-30 14:36:34.261274,2026-07-02 08:48:42.261,54.2,42.2,,,,,
VIST-26-06-00114,bd081ad6-5fe3-4c1d-a919-81b1055efa19,2026-06-30 02:37:43.985334,12.0,2026-06-30 14:37:43.985334,2026-07-02 08:47:45.426,54.17,42.17,,,,,
VIST-26-06-00115,bd081ad6-5fe3-4c1d-a919-81b1055efa19,2026-06-30 02:53:58.613504,6.0,2026-06-30 08:53:58.613504,2026-06-30 08:17:58.543,5.4,-0.6,2026-06-30 20:56:49.773,18.05,12.65,12.05,SLA Breached
VIST-26-06-00117,bd081ad6-5fe3-4c1d-a919-81b1055efa19,2026-06-30 03:58:55.341297,6.0,2026-06-30 09:58:55.341297,2026-06-30 08:13:41.315,4.25,-1.75,,,,,
VIST-26-06-00118,bd081ad6-5fe3-4c1d-a919-81b1055efa19,2026-06-30 13:12:51.970741,24.0,2026-07-01 13:12:51.970741,2026-07-13 12:14:43.042,311.03,287.03,,,,,
VIST-26-06-00119,bd081ad6-5fe3-4c1d-a919-81b1055efa19,2026-06-30 13:33:08.768600,24.0,2026-07-01 13:33:08.768600,2026-07-11 07:38:20.697,258.09,234.09,2026-07-11 17:11:44.407,267.64,9.56,243.64,SLA Breached
VIST-26-06-00120,bd081ad6-5fe3-4c1d-a919-81b1055efa19,2026-06-30 14:20:30.864440,24.0,2026-07-01 14:20:30.864440,2026-07-02 08:39:37.144,42.32,18.32,2026-07-13 14:57:12.840,312.61,270.29,288.61,SLA Breached
VIST-26-06-00121,bd081ad6-5fe3-4c1d-a919-81b1055efa19,2026-06-30 14:21:44.116995,12.0,2026-07-01 02:21:44.116995,2026-07-16 12:23:57.855,382.04,370.04,,,,,
VIST-26-06-00122,bd081ad6-5fe3-4c1d-a919-81b1055efa19,2026-06-30 17:06:54.514842,12.0,2026-07-01 05:06:54.514842,2026-07-03 05:16:40.274,60.16,48.16,2026-08-04 18:51:39.151,841.75,781.58,829.75,SLA Breached
VIST-26-06-00123,bd081ad6-5fe3-4c1d-a919-81b1055efa19,2026-06-30 19:19:46.863863,12.0,2026-07-01 07:19:46.863863,2026-08-05 08:51:45.514,853.53,841.53,,,,,
VIST-26-06-00124,bd081ad6-5fe3-4c1d-a919-81b1055efa19,2026-06-30 20:58:25.319441,6.0,2026-07-01 02:58:25.319441,2026-07-02 08:35:08.977,35.61,29.61,2026-07-08 10:45:40.215,181.79,146.18,175.79,SLA Breached
VIST-26-07-00001,bd081ad6-5fe3-4c1d-a919-81b1055efa19,2026-07-01 08:16:56.390302,24.0,2026-07-02 08:16:56.390302,2026-07-02 08:30:56.773,24.23,0.23,,,,,
VIST-26-07-00002,bd081ad6-5fe3-4c1d-a919-81b1055efa19,2026-07-01 08:21:43.283710,12.0,2026-07-01 20:21:43.283710,2026-07-03 05:14:34.583,44.88,32.88,,,,,
VIST-26-07-00003,bd081ad6-5fe3-4c1d-a919-81b1055efa19,2026-07-01 08:43:15.937928,12.0,2026-07-01 20:43:15.937928,2026-07-02 08:23:49.327,23.68,11.68,,,,,
VIST-26-07-00004,bd081ad6-5fe3-4c1d-a919-81b1055efa19,2026-07-01 11:11:07.221636,4.0,2026-07-01 15:11:07.221636,2026-07-02 07:18:45.826,20.13,16.13,2026-07-02 08:02:45.840,20.86,0.73,16.86,SLA Breached
VIST-26-07-00005,bd081ad6-5fe3-4c1d-a919-81b1055efa19,2026-07-01 17:48:49.941432,24.0,2026-07-02 17:48:49.941432,2026-07-02 07:16:40.499,13.46,-10.54,,,,,
VIST-26-07-00006,bd081ad6-5fe3-4c1d-a919-81b1055efa19,2026-07-02 04:21:03.893457,24.0,2026-07-03 04:21:03.893457,2026-07-02 07:14:18.328,2.89,-21.11,2026-07-14 08:42:17.601,292.35,289.47,268.35,SLA Breached
VIST-26-07-00007,f6623646-3abe-4faf-bff7-684ea1f04e96,2026-07-02 04:21:41.711962,6.0,2026-07-02 10:21:41.711962,2026-07-02 07:12:32.746,2.85,-3.15,2026-07-02 08:04:02.946,3.71,0.86,-2.29,Within SLA
VIST-26-07-00008,bd081ad6-5fe3-4c1d-a919-81b1055efa19,2026-07-02 04:22:37.637988,4.0,2026-07-02 08:22:37.637988,2026-07-02 07:10:13.434,2.79,-1.21,2026-07-02 08:03:01.200,3.67,0.88,-0.33,Within SLA
VIST-26-07-00009,bd081ad6-5fe3-4c1d-a919-81b1055efa19,2026-07-02 14:29:35.660380,24.0,2026-07-03 14:29:35.660380,2026-07-11 07:35:22.565,209.1,185.1,,,,,
VIST-26-07-00010,bd081ad6-5fe3-4c1d-a919-81b1055efa19,2026-07-03 10:38:19.432140,24.0,2026-07-04 10:38:19.432140,2026-07-11 07:27:05.498,188.81,164.81,2026-07-11 07:27:06.968,188.81,0.0,164.81,SLA Breached
VIST-26-07-00011,bd081ad6-5fe3-4c1d-a919-81b1055efa19,2026-07-04 09:14:45.494121,6.0,2026-07-04 15:14:45.494121,2026-07-11 07:23:02.586,166.14,160.14,,,,,
VIST-26-07-00012,bd081ad6-5fe3-4c1d-a919-81b1055efa19,2026-07-05 09:17:42.068254,24.0,2026-07-06 09:17:42.068254,2026-07-11 07:19:19.458,142.03,118.03,,,,,
VIST-26-07-00013,bd081ad6-5fe3-4c1d-a919-81b1055efa19,2026-07-05 11:51:31.710110,4.0,2026-07-05 15:51:31.710110,2026-07-11 07:15:10.532,139.39,135.39,,,,,
VIST-26-07-00015,bd081ad6-5fe3-4c1d-a919-81b1055efa19,2026-07-06 15:47:31.544659,12.0,2026-07-07 03:47:31.544659,2026-07-13 12:05:41.009,164.3,152.3,,,,,
VIST-26-07-00016,bd081ad6-5fe3-4c1d-a919-81b1055efa19,2026-07-07 10:50:32.368187,24.0,2026-07-08 10:50:32.368187,2026-07-11 07:10:56.203,92.34,68.34,,,,,
VIST-26-07-00017,bd081ad6-5fe3-4c1d-a919-81b1055efa19,2026-07-08 10:47:17.299538,12.0,2026-07-08 22:47:17.299538,2026-07-11 06:57:46.368,68.17,56.17,2026-07-22 06:36:16.179,331.82,263.64,319.82,SLA Breached
VIST-26-07-00018,bd081ad6-5fe3-4c1d-a919-81b1055efa19,2026-07-08 18:00:06.875207,12.0,2026-07-09 06:00:06.875207,2026-07-11 06:52:49.039,60.88,48.88,,,,,
VIST-26-07-00019,bd081ad6-5fe3-4c1d-a919-81b1055efa19,2026-07-08 20:25:01.947270,6.0,2026-07-09 02:25:01.947270,2026-07-11 06:26:58.123,58.03,52.03,2026-07-12 20:07:30.124,95.71,37.68,89.71,SLA Breached
VIST-26-07-00020,bd081ad6-5fe3-4c1d-a919-81b1055efa19,2026-07-09 07:42:26.975996,12.0,2026-07-09 19:42:26.975996,2026-07-11 06:37:11.211,46.91,34.91,2026-07-30 07:59:06.544,504.28,457.37,492.28,SLA Breached
VIST-26-07-00021,bd081ad6-5fe3-4c1d-a919-81b1055efa19,2026-07-09 11:13:06.143415,12.0,2026-07-09 23:13:06.143415,2026-07-13 11:59:40.495,96.78,84.78,,,,,
VIST-26-07-00022,bd081ad6-5fe3-4c1d-a919-81b1055efa19,2026-07-09 13:40:53.581166,24.0,2026-07-10 13:40:53.581166,2026-07-11 06:32:59.630,40.87,16.87,,,,,
VIST-26-07-00023,bd081ad6-5fe3-4c1d-a919-81b1055efa19,2026-07-09 22:54:41.025018,12.0,2026-07-10 10:54:41.025018,2026-07-16 08:14:37.314,153.33,141.33,2026-07-22 06:36:28.995,295.7,142.36,283.7,SLA Breached
VIST-26-07-00024,bd081ad6-5fe3-4c1d-a919-81b1055efa19,2026-07-11 06:33:28.131429,24.0,2026-07-12 06:33:28.131429,2026-07-13 11:57:17.364,53.4,29.4,,,,,
VIST-26-07-00025,bd081ad6-5fe3-4c1d-a919-81b1055efa19,2026-07-11 08:06:46.957208,12.0,2026-07-11 20:06:46.957208,2026-07-13 11:54:53.880,51.8,39.8,,,,,
VIST-26-07-00026,bd081ad6-5fe3-4c1d-a919-81b1055efa19,2026-07-11 10:55:35.569730,12.0,2026-07-11 22:55:35.569730,2026-07-13 11:52:17.919,48.95,36.95,,,,,
VIST-26-07-00027,bd081ad6-5fe3-4c1d-a919-81b1055efa19,2026-07-11 20:26:23.623086,6.0,2026-07-12 02:26:23.623086,2026-07-13 11:50:23.206,39.4,33.4,,,,,
VIST-26-07-00028,bd081ad6-5fe3-4c1d-a919-81b1055efa19,2026-07-12 05:11:01.489372,4.0,2026-07-12 09:11:01.489372,2026-08-02 11:35:11.704,510.4,506.4,,,,,
VIST-26-07-00029,bd081ad6-5fe3-4c1d-a919-81b1055efa19,2026-07-12 17:27:25.317935,24.0,2026-07-13 17:27:25.317935,2026-07-13 11:42:27.492,18.25,-5.75,2026-07-28 12:01:21.735,378.57,360.32,354.57,SLA Breached
VIST-26-07-00030,bd081ad6-5fe3-4c1d-a919-81b1055efa19,2026-07-12 18:18:51.482468,6.0,2026-07-13 00:18:51.482468,2026-07-16 08:12:16.067,85.89,79.89,,,,,
VIST-26-07-00031,bd081ad6-5fe3-4c1d-a919-81b1055efa19,2026-07-12 18:19:34.594034,6.0,2026-07-13 00:19:34.594034,2026-07-13 11:38:12.018,17.31,11.31,2026-07-14 21:02:37.160,50.72,33.41,44.72,SLA Breached
VIST-26-07-00032,bd081ad6-5fe3-4c1d-a919-81b1055efa19,2026-07-12 20:09:10.830965,24.0,2026-07-13 20:09:10.830965,2026-07-16 12:21:30.259,88.21,64.21,,,,,
VIST-26-07-00033,bd081ad6-5fe3-4c1d-a919-81b1055efa19,2026-07-13 08:21:52.079800,12.0,2026-07-13 20:21:52.079800,2026-07-13 11:36:38.482,3.25,-8.75,,,,,
VIST-26-07-00034,bd081ad6-5fe3-4c1d-a919-81b1055efa19,2026-07-13 09:09:59.530908,24.0,2026-07-14 09:09:59.530908,2026-07-13 11:33:26.450,2.39,-21.61,,,,,
VIST-26-07-00035,bd081ad6-5fe3-4c1d-a919-81b1055efa19,2026-07-13 17:18:43.175184,12.0,2026-07-14 05:18:43.175184,2026-07-22 11:20:18.148,210.03,198.03,,,,,
VIST-26-07-00036,bd081ad6-5fe3-4c1d-a919-81b1055efa19,2026-07-14 05:34:28.311012,6.0,2026-07-14 11:34:28.311012,2026-07-16 08:07:59.121,50.56,44.56,,,,,
VIST-26-07-00037,bd081ad6-5fe3-4c1d-a919-81b1055efa19,2026-07-14 08:42:56.023978,4.0,2026-07-14 12:42:56.023978,2026-07-16 08:05:40.030,47.38,43.38,2026-07-27 13:04:46.162,316.36,268.99,312.36,SLA Breached
VIST-26-07-00038,bd081ad6-5fe3-4c1d-a919-81b1055efa19,2026-07-14 21:02:28.348614,6.0,2026-07-15 03:02:28.348614,2026-07-20 09:33:54.691,132.52,126.52,,,,,
VIST-26-07-00039,bd081ad6-5fe3-4c1d-a919-81b1055efa19,2026-07-14 21:06:56.987344,4.0,2026-07-15 01:06:56.987344,2026-07-16 08:03:25.900,34.94,30.94,,,,,
VIST-26-07-00040,bd081ad6-5fe3-4c1d-a919-81b1055efa19,2026-07-15 01:50:52.841364,4.0,2026-07-15 05:50:52.841364,2026-07-19 05:05:13.026,99.24,95.24,,,,,
VIST-26-07-00041,bd081ad6-5fe3-4c1d-a919-81b1055efa19,2026-07-15 05:33:44.347518,24.0,2026-07-16 05:33:44.347518,2026-07-16 12:18:06.578,30.74,6.74,2026-07-17 04:40:39.491,47.12,16.38,23.12,SLA Breached
VIST-26-07-00042,bd081ad6-5fe3-4c1d-a919-81b1055efa19,2026-07-15 15:48:35.415162,6.0,2026-07-15 21:48:35.415162,2026-07-16 07:58:40.117,16.17,10.17,2026-07-21 16:48:09.104,144.99,128.82,138.99,SLA Breached
VIST-26-07-00043,bd081ad6-5fe3-4c1d-a919-81b1055efa19,2026-07-15 15:49:55.280412,6.0,2026-07-15 21:49:55.280412,2026-07-16 07:55:53.635,16.1,10.1,,,,,
VIST-26-07-00044,bd081ad6-5fe3-4c1d-a919-81b1055efa19,2026-07-15 16:48:09.925151,4.0,2026-07-15 20:48:09.925151,2026-07-16 07:52:41.764,15.08,11.08,,,,,
VIST-26-07-00045,bd081ad6-5fe3-4c1d-a919-81b1055efa19,2026-07-15 17:03:43.380004,12.0,2026-07-16 05:03:43.380004,2026-07-16 07:50:24.724,14.78,2.78,,,,,
VIST-26-07-00046,bd081ad6-5fe3-4c1d-a919-81b1055efa19,2026-07-16 12:07:18.126030,6.0,2026-07-16 18:07:18.126030,2026-08-01 05:18:03.067,377.18,371.18,2026-08-03 05:57:37.673,425.84,48.66,419.84,SLA Breached
VIST-26-07-00047,bd081ad6-5fe3-4c1d-a919-81b1055efa19,2026-07-16 12:09:22.368605,24.0,2026-07-17 12:09:22.368605,2026-07-18 12:15:13.810,48.1,24.1,2026-07-23 18:04:44.372,173.92,125.83,149.92,SLA Breached
VIST-26-07-00048,bd081ad6-5fe3-4c1d-a919-81b1055efa19,2026-07-16 12:12:34.057537,24.0,2026-07-17 12:12:34.057537,2026-07-18 11:32:34.028,47.33,23.33,2026-07-23 18:03:51.217,173.85,126.52,149.85,SLA Breached
VIST-26-07-00049,bd081ad6-5fe3-4c1d-a919-81b1055efa19,2026-07-16 12:14:19.554615,24.0,2026-07-17 12:14:19.554615,2026-08-01 05:18:20.830,377.07,353.07,2026-08-03 05:56:07.905,425.7,48.63,401.7,SLA Breached
VIST-26-07-00050,bd081ad6-5fe3-4c1d-a919-81b1055efa19,2026-07-16 14:10:23.871788,12.0,2026-07-17 02:10:23.871788,2026-07-22 05:38:25.824,135.47,123.47,,,,,
VIST-26-07-00051,bd081ad6-5fe3-4c1d-a919-81b1055efa19,2026-07-17 07:26:21.821326,24.0,2026-07-18 07:26:21.821326,2026-07-17 07:41:53.469,0.26,-23.74,,,,,
VIST-26-07-00052,bd081ad6-5fe3-4c1d-a919-81b1055efa19,2026-07-18 06:03:00.920808,12.0,2026-07-18 18:03:00.920808,2026-07-18 11:11:54.888,5.15,-6.85,,,,,
VIST-26-07-00053,bd081ad6-5fe3-4c1d-a919-81b1055efa19,2026-07-18 07:24:06.651392,12.0,2026-07-18 19:24:06.651392,2026-07-18 11:14:37.019,3.84,-8.16,2026-07-19 16:40:04.150,33.27,29.42,21.27,SLA Breached
VIST-26-07-00054,bd081ad6-5fe3-4c1d-a919-81b1055efa19,2026-07-18 11:53:16.035265,6.0,2026-07-18 17:53:16.035265,2026-07-22 05:32:08.911,89.65,83.65,2026-07-27 17:09:41.541,221.27,131.63,215.27,SLA Breached
VIST-26-07-00055,bd081ad6-5fe3-4c1d-a919-81b1055efa19,2026-07-18 20:57:11.938191,12.0,2026-07-19 08:57:11.938191,2026-07-22 06:38:58.879,81.7,69.7,,,,,
VIST-26-07-00056,bd081ad6-5fe3-4c1d-a919-81b1055efa19,2026-07-19 05:11:42.984583,6.0,2026-07-19 11:11:42.984583,2026-07-27 11:22:52.088,198.19,192.19,,,,,
VIST-26-07-00057,bd081ad6-5fe3-4c1d-a919-81b1055efa19,2026-07-19 05:15:43.098935,12.0,2026-07-19 17:15:43.098935,2026-07-22 05:44:05.934,72.47,60.47,,,,,
VIST-26-07-00058,bd081ad6-5fe3-4c1d-a919-81b1055efa19,2026-07-19 05:17:26.881676,24.0,2026-07-20 05:17:26.881676,2026-07-22 05:46:36.804,72.49,48.49,,,,,
VIST-26-07-00060,bd081ad6-5fe3-4c1d-a919-81b1055efa19,2026-07-19 15:32:31.142492,6.0,2026-07-19 21:32:31.142492,2026-07-22 05:50:14.893,62.3,56.3,2026-07-22 18:04:07.126,74.53,12.23,68.53,SLA Breached
VIST-26-07-00061,bd081ad6-5fe3-4c1d-a919-81b1055efa19,2026-07-20 06:54:28.980475,4.0,2026-07-20 10:54:28.980475,2026-07-22 05:55:49.183,47.02,43.02,2026-07-22 05:55:50.196,47.02,0.0,43.02,SLA Breached
VISH-2026-000113,bd081ad6-5fe3-4c1d-a919-81b1055efa19,2026-07-20 09:29:51.350247,12.0,2026-07-20 21:29:51.350247,2026-08-05 06:26:49.847,380.95,368.95,,,,,
VIST-26-07-00062,bd081ad6-5fe3-4c1d-a919-81b1055efa19,2026-07-20 14:08:48.388803,12.0,2026-07-21 02:08:48.388803,2026-07-22 05:59:34.012,39.85,27.85,2026-07-23 21:08:33.839,79.0,39.15,67.0,SLA Breached
VIST-26-07-00063,bd081ad6-5fe3-4c1d-a919-81b1055efa19,2026-07-21 06:05:57.078477,4.0,2026-07-21 10:05:57.078477,2026-07-22 06:07:21.001,24.02,20.02,2026-07-22 06:07:21.684,24.02,0.0,20.02,SLA Breached
VIST-26-07-00064,bd081ad6-5fe3-4c1d-a919-81b1055efa19,2026-07-21 06:56:33.200982,24.0,2026-07-22 06:56:33.200982,2026-07-24 11:57:39.485,77.02,53.02,2026-07-24 11:57:40.071,77.02,0.0,53.02,SLA Breached
VIST-26-07-00065,bd081ad6-5fe3-4c1d-a919-81b1055efa19,2026-07-21 06:57:44.863522,6.0,2026-07-21 12:57:44.863522,2026-07-22 07:01:52.206,24.07,18.07,2026-07-22 07:01:53.263,24.07,0.0,18.07,SLA Breached
VIST-26-07-00066,bd081ad6-5fe3-4c1d-a919-81b1055efa19,2026-07-21 17:55:27.014886,24.0,2026-07-22 17:55:27.014886,2026-07-22 09:32:27.446,15.62,-8.38,2026-08-03 07:28:11.399,301.55,285.93,277.55,SLA Breached
VIST-26-07-00067,bd081ad6-5fe3-4c1d-a919-81b1055efa19,2026-07-22 06:38:08.350352,6.0,2026-07-22 12:38:08.350352,2026-07-22 09:29:48.137,2.86,-3.14,,,,,
VIST-26-07-00068,bd081ad6-5fe3-4c1d-a919-81b1055efa19,2026-07-22 07:24:27.467759,12.0,2026-07-22 19:24:27.467759,2026-07-28 09:31:17.410,146.11,134.11,,,,,
VIST-26-07-00069,bd081ad6-5fe3-4c1d-a919-81b1055efa19,2026-07-22 07:25:11.451425,12.0,2026-07-22 19:25:11.451425,2026-07-22 11:05:09.022,3.67,-8.33,2026-07-22 11:05:10.091,3.67,0.0,-8.33,Within SLA
VIST-26-07-00070,bd081ad6-5fe3-4c1d-a919-81b1055efa19,2026-07-22 11:35:56.139426,24.0,2026-07-23 11:35:56.139426,2026-07-24 11:54:55.844,48.32,24.32,2026-07-24 11:54:56.735,48.32,0.0,24.32,SLA Breached
VIST-26-07-00071,bd081ad6-5fe3-4c1d-a919-81b1055efa19,2026-07-22 14:44:43.022495,12.0,2026-07-23 02:44:43.022495,2026-07-28 09:12:54.557,138.47,126.47,,,,,
VIST-26-07-00072,bd081ad6-5fe3-4c1d-a919-81b1055efa19,2026-07-22 17:44:23.771246,24.0,2026-07-23 17:44:23.771246,2026-07-24 11:36:37.433,41.87,17.87,2026-07-24 16:25:29.633,46.68,4.81,22.68,SLA Breached
VIST-26-07-00073,bd081ad6-5fe3-4c1d-a919-81b1055efa19,2026-07-22 17:45:21.318165,24.0,2026-07-23 17:45:21.318165,2026-07-24 11:25:12.475,41.66,17.66,2026-07-24 16:25:25.752,46.67,5.0,22.67,SLA Breached
VIST-26-07-00074,bd081ad6-5fe3-4c1d-a919-81b1055efa19,2026-07-22 17:46:36.272643,24.0,2026-07-23 17:46:36.272643,2026-07-24 11:20:34.387,41.57,17.57,2026-07-24 16:25:21.812,46.65,5.08,22.65,SLA Breached
VIST-26-07-00075,bd081ad6-5fe3-4c1d-a919-81b1055efa19,2026-07-22 17:47:30.203875,24.0,2026-07-23 17:47:30.203875,2026-07-24 11:18:01.819,41.51,17.51,2026-07-24 16:25:16.679,46.63,5.12,22.63,SLA Breached
VIST-26-07-00076,bd081ad6-5fe3-4c1d-a919-81b1055efa19,2026-07-22 18:05:39.993829,6.0,2026-07-23 00:05:39.993829,2026-07-24 11:13:50.087,41.14,35.14,,,,,
VIST-26-07-00077,bd081ad6-5fe3-4c1d-a919-81b1055efa19,2026-07-23 03:41:57.676083,24.0,2026-07-24 03:41:57.676083,2026-08-05 08:59:03.947,317.29,293.29,,,,,
VIST-26-07-00078,bd081ad6-5fe3-4c1d-a919-81b1055efa19,2026-07-23 07:56:05.618471,12.0,2026-07-23 19:56:05.618471,2026-08-02 08:40:33.873,240.74,228.74,,,,,
VIST-26-07-00079,bd081ad6-5fe3-4c1d-a919-81b1055efa19,2026-07-23 08:23:04.734113,24.0,2026-07-24 08:23:04.734113,2026-07-24 11:10:30.161,26.79,2.79,2026-07-24 11:10:31.354,26.79,0.0,2.79,SLA Breached
VIST-26-07-00080,bd081ad6-5fe3-4c1d-a919-81b1055efa19,2026-07-24 04:49:42.536424,24.0,2026-07-25 04:49:42.536424,2026-08-02 08:42:32.009,219.88,195.88,,,,,
VIST-26-07-00082,bd081ad6-5fe3-4c1d-a919-81b1055efa19,2026-07-24 06:46:37.792856,24.0,2026-07-25 06:46:37.792856,2026-07-24 11:04:32.955,4.3,-19.7,2026-07-24 11:04:34.213,4.3,0.0,-19.7,Within SLA
VIST-26-07-00084,bd081ad6-5fe3-4c1d-a919-81b1055efa19,2026-07-24 16:25:52.615333,12.0,2026-07-25 04:25:52.615333,2026-07-25 10:43:22.735,18.29,6.29,2026-08-02 05:30:41.597,205.08,186.79,193.08,SLA Breached
VIST-26-07-00085,bd081ad6-5fe3-4c1d-a919-81b1055efa19,2026-07-25 14:22:12.908797,24.0,2026-07-26 14:22:12.908797,2026-07-28 09:20:28.749,66.97,42.97,,,,,
VIST-26-07-00086,bd081ad6-5fe3-4c1d-a919-81b1055efa19,2026-07-25 14:22:45.375554,24.0,2026-07-26 14:22:45.375554,2026-07-28 09:18:29.929,66.93,42.93,,,,,
VIST-26-07-00088,bd081ad6-5fe3-4c1d-a919-81b1055efa19,2026-07-25 18:14:45.506524,6.0,2026-07-26 00:14:45.506524,2026-08-03 11:23:55.186,209.15,203.15,,,,,
VIST-26-07-00089,bd081ad6-5fe3-4c1d-a919-81b1055efa19,2026-07-25 18:17:50.216074,24.0,2026-07-26 18:17:50.216074,2026-08-03 11:26:14.122,209.14,185.14,,,,,
VIST-26-07-00090,bd081ad6-5fe3-4c1d-a919-81b1055efa19,2026-07-27 13:05:41.525673,4.0,2026-07-27 17:05:41.525673,2026-07-28 09:15:38.579,20.17,16.17,2026-07-30 17:00:04.801,75.91,55.74,71.91,SLA Breached
VIST-26-07-00091,bd081ad6-5fe3-4c1d-a919-81b1055efa19,2026-07-28 07:25:21.222410,6.0,2026-07-28 13:25:21.222410,2026-08-03 11:20:43.876,147.92,141.92,,,,,
VIST-26-07-00092,bd081ad6-5fe3-4c1d-a919-81b1055efa19,2026-07-28 11:32:39.349589,12.0,2026-07-28 23:32:39.349589,2026-08-03 07:06:18.311,139.56,127.56,2026-08-03 07:06:20.865,139.56,0.0,127.56,SLA Breached
VIST-26-07-00093,bd081ad6-5fe3-4c1d-a919-81b1055efa19,2026-07-28 12:01:58.910321,12.0,2026-07-29 00:01:58.910321,2026-08-01 06:08:45.330,90.11,78.11,,,,,
VIST-26-07-00094,bd081ad6-5fe3-4c1d-a919-81b1055efa19,2026-07-28 14:17:38.817531,4.0,2026-07-28 18:17:38.817531,2026-07-29 09:53:49.323,19.6,15.6,,,,,
VIST-26-07-00095,bd081ad6-5fe3-4c1d-a919-81b1055efa19,2026-07-28 18:58:30.196614,6.0,2026-07-29 00:58:30.196614,2026-08-01 06:04:56.297,83.11,77.11,,,,,
VIST-26-07-00096,bd081ad6-5fe3-4c1d-a919-81b1055efa19,2026-07-29 02:24:22.368020,6.0,2026-07-29 08:24:22.368020,2026-08-01 05:36:49.591,75.21,69.21,,,,,
VIST-26-07-00097,bd081ad6-5fe3-4c1d-a919-81b1055efa19,2026-07-29 03:42:28.852487,6.0,2026-07-29 09:42:28.852487,2026-08-01 05:31:02.147,73.81,67.81,,,,,
VIST-26-07-00098,bd081ad6-5fe3-4c1d-a919-81b1055efa19,2026-07-29 05:46:20.119952,24.0,2026-07-30 05:46:20.119952,2026-07-29 09:24:14.227,3.63,-20.37,2026-08-02 08:23:30.405,98.62,94.99,74.62,SLA Breached
VIST-26-07-00099,bd081ad6-5fe3-4c1d-a919-81b1055efa19,2026-07-29 13:29:41.799132,6.0,2026-07-29 19:29:41.799132,2026-08-03 07:04:15.238,113.58,107.58,2026-08-05 01:59:33.316,156.5,42.92,150.5,SLA Breached
VIST-26-07-00100,bd081ad6-5fe3-4c1d-a919-81b1055efa19,2026-07-29 13:56:06.419308,6.0,2026-07-29 19:56:06.419308,2026-08-01 05:27:37.702,63.53,57.53,,,,,
VIST-26-07-00102,bd081ad6-5fe3-4c1d-a919-81b1055efa19,2026-07-30 17:01:08.357616,6.0,2026-07-30 23:01:08.357616,2026-08-02 09:01:52.656,64.01,58.01,,,,,
VIST-26-07-00103,bd081ad6-5fe3-4c1d-a919-81b1055efa19,2026-07-31 06:17:18.157811,12.0,2026-07-31 18:17:18.157811,2026-08-01 05:25:05.779,23.13,11.13,,,,,
VIST-26-08-00001,bd081ad6-5fe3-4c1d-a919-81b1055efa19,2026-08-02 05:31:22.403766,12.0,2026-08-02 17:31:22.403766,2026-08-02 08:56:30.916,3.42,-8.58,2026-08-02 15:38:59.516,10.13,6.71,-1.87,Within SLA
VIST-26-08-00002,bd081ad6-5fe3-4c1d-a919-81b1055efa19,2026-08-02 06:44:58.028417,24.0,2026-08-03 06:44:58.028417,2026-08-07 06:41:50.160,119.95,95.95,,,,,
VIST-26-08-00003,bd081ad6-5fe3-4c1d-a919-81b1055efa19,2026-08-02 07:39:41.707038,24.0,2026-08-03 07:39:41.707038,2026-08-02 08:46:14.501,1.11,-22.89,,,,,
VIST-26-08-00004,bd081ad6-5fe3-4c1d-a919-81b1055efa19,2026-08-02 08:25:19.621072,4.0,2026-08-02 12:25:19.621072,2026-08-07 05:11:24.975,116.77,112.77,,,,,
VIST-26-08-00005,bd081ad6-5fe3-4c1d-a919-81b1055efa19,2026-08-02 15:39:26.906640,12.0,2026-08-03 03:39:26.906640,2026-08-06 10:35:55.312,90.94,78.94,,,,,
VIST-26-08-00009,bd081ad6-5fe3-4c1d-a919-81b1055efa19,2026-08-03 09:47:04.311327,24.0,2026-08-04 09:47:04.311327,2026-08-06 05:24:39.002,67.63,43.63,,,,,
VISH-2026-000169,bd081ad6-5fe3-4c1d-a919-81b1055efa19,2026-08-03 11:46:34.670040,24.0,2026-08-04 11:46:34.670040,2026-08-06 05:17:08.432,65.51,41.51,,,,,
VIST-26-08-00010,bd081ad6-5fe3-4c1d-a919-81b1055efa19,2026-08-03 15:36:09.118178,24.0,2026-08-04 15:36:09.118178,2026-08-05 06:11:43.577,38.59,14.59,,,,,
VIST-26-08-00011,bd081ad6-5fe3-4c1d-a919-81b1055efa19,2026-08-04 03:11:31.090906,12.0,2026-08-04 15:11:31.090906,2026-08-05 08:49:39.096,29.64,17.64,,,,,
VIST-26-08-00013,bd081ad6-5fe3-4c1d-a919-81b1055efa19,2026-08-04 16:02:24.416944,24.0,2026-08-05 16:02:24.416944,2026-08-05 08:35:25.823,16.55,-7.45,,,,,
VIST-26-08-00014,bd081ad6-5fe3-4c1d-a919-81b1055efa19,2026-08-04 18:43:24.745907,12.0,2026-08-05 06:43:24.745907,2026-08-05 08:33:25.935,13.83,1.83,,,,,
VIST-26-08-00015,bd081ad6-5fe3-4c1d-a919-81b1055efa19,2026-08-04 18:53:35.478500,12.0,2026-08-05 06:53:35.478500,2026-08-05 08:29:43.139,13.6,1.6,,,,,
VIST-26-08-00016,bd081ad6-5fe3-4c1d-a919-81b1055efa19,2026-08-04 19:18:17.177249,24.0,2026-08-05 19:18:17.177249,2026-08-05 08:24:50.699,13.11,-10.89,,,,,
VIST-26-08-00017,bd081ad6-5fe3-4c1d-a919-81b1055efa19,2026-08-05 14:46:51.291788,6.0,2026-08-05 20:46:51.291788,2026-08-07 06:51:11.325,40.07,34.07,,,,,
