ticket_id,ticket_number,tenant_id,apartment_id,apartment_code,bed_id,issue_type_id,issue_type,created_at,mapped_asset_id,mapping_confidence,mapping_method,candidate_count,candidate_asset_ids,mapped_asset_type,mapped_asset_purchase_date
e87fdb6a-0f93-4b63-8bf2-5f346cb9f10d,VIST-26-07-00059,bcf8ffc1-fd5c-f6ab-0453-7a73c73786dd,c2ff0c11-4d1b-7b9b-b93c-aa37c9b6c40b,D21,16d9e7d4-a079-cc9d-1fb4-b96de3cb70dd,54bc37a9-ef71-4e18-b896-593f71b161fa,Heater Issues,2026-07-19 09:07:39.561318,c7044986-1955-41ac-a051-7ba5f4d56833,Verified,direct_asset_id,1,c7044986-1955-41ac-a051-7ba5f4d56833,Water Heater,
d83795d2-c76c-1f57-b4f1-a157fb9a1f9e,VISH-26-02-0857,1d4c0119-5151-7a5b-2266-f16e44f67157,79853a4a-cb02-508c-e041-7e23378aec9c,A41,084bb169-aff1-824a-c5de-2804fd43160b,caf6381e-5189-4c1f-bf0a-4dfd99d9b9e7,Washing machine Issue,,,Low,bed_no_type_match,0,,,
c9cb7236-8e59-4d71-4640-b5bd5d92fc3c,VISH-25-07-0858,9714e9c1-0eab-8c23-1dd7-2071a458be87,d2298bb8-a5e5-735a-c8ca-9b18c7daacd6,D41,3e28154d-1bfe-92b4-2fff-f295a9f54738,a5831922-eaeb-48c2-941c-fd96fae8813d,AC Issues,,137edf51-8c3c-42ba-8ee2-fa5b316f6e55,Medium,bed_type_multi,2,"137edf51-8c3c-42ba-8ee2-fa5b316f6e55,5113f32c-70bb-4e71-9b7f-f7160c4ecb3e",Air Conditioner,
9b519d24-38bf-9a73-c7bc-13a86452cfc9,VISH-25-08-0859,93ffab65-d88d-3bbd-9dba-fc0c764f42f4,0a839c14-2a88-9896-c2f2-8d51fe610405,A24,7c40116d-93d8-18b7-496a-5f628dab192d,28158382-d5c1-436c-927b-3e3d9855c2af,Electrical Issues,,,Low,bed_no_type_match,0,,,
9e565e88-284e-3695-913b-23d2b5ba38dd,VISH-25-09-0860,93ffab65-d88d-3bbd-9dba-fc0c764f42f4,0a839c14-2a88-9896-c2f2-8d51fe610405,A24,51597632-5648-1987-017c-c65e2ad300f8,01208ba1-4225-4a61-be39-3afe03dad690,RO Water Issues,,,Low,bed_no_type_match,0,,,
2253a749-6272-7393-199c-9d01bf989aaa,VISH-25-09-0861,93ffab65-d88d-3bbd-9dba-fc0c764f42f4,0a839c14-2a88-9896-c2f2-8d51fe610405,A24,51597632-5648-1987-017c-c65e2ad300f8,d76dd3bd-ccb7-4991-a01f-ce158dfe908e,Plumbing,,,Low,bed_issue_type_unmapped,4,,,
e3d3b08e-1168-24d9-88db-6d8af6ed10da,VISH-25-09-0862,e04a7b1e-bb22-2ccf-a342-9eea602847ff,dd96a329-ec95-e96a-1348-69d976f39cd4,C12,d2ad3fde-45b8-0cd9-8e17-31257bcd567e,28158382-d5c1-436c-927b-3e3d9855c2af,Electrical Issues,,c3e4cf3b-765c-4e09-8c22-383bff808a3b,High,bed_type_unique,1,c3e4cf3b-765c-4e09-8c22-383bff808a3b,Fan,
54e11d47-087a-301c-2e07-65fe0ff60f46,VISH-25-10-0863,e04a7b1e-bb22-2ccf-a342-9eea602847ff,dd96a329-ec95-e96a-1348-69d976f39cd4,C12,7fe69b36-41b0-fb38-f990-b56311e3fbad,caf6381e-5189-4c1f-bf0a-4dfd99d9b9e7,Washing machine Issue,,,Low,bed_no_type_match,0,,,
57873b90-a7d4-ae83-d657-4bc0d57f6ee0,VISH-26-01-0864,e04a7b1e-bb22-2ccf-a342-9eea602847ff,dd96a329-ec95-e96a-1348-69d976f39cd4,C12,7fe69b36-41b0-fb38-f990-b56311e3fbad,d76dd3bd-ccb7-4991-a01f-ce158dfe908e,Plumbing,,,Low,bed_issue_type_unmapped,7,,,
1ef74a90-7dca-6bcb-05da-b385f97420e0,VISH-25-07-0865,2d24b7c1-6556-8eb5-73d6-3ed3913e6d40,5d204545-2f72-b89b-3190-a826b5ab6512,B12,a607e4b0-3364-b1fb-774e-01d67c4fcdf1,a5831922-eaeb-48c2-941c-fd96fae8813d,AC Issues,,,Low,bed_no_type_match,0,,,
37c4d587-a13a-a523-828b-8c1c3f47c6e5,VISH-25-10-0866,d6d33436-345a-e39c-9f8d-91c76dca514e,03edc7c5-4c46-b55e-523d-9fb7be29910b,A44,7c40116d-93d8-18b7-496a-5f628dab192d,a5831922-eaeb-48c2-941c-fd96fae8813d,AC Issues,,,Low,bed_no_type_match,0,,,
b5e44530-52eb-195c-23ce-0901df0f2811,VISH-25-10-0867,d6d33436-345a-e39c-9f8d-91c76dca514e,03edc7c5-4c46-b55e-523d-9fb7be29910b,A44,7c40116d-93d8-18b7-496a-5f628dab192d,47389994-b201-4bb1-bf91-8bce4dbde510,Other,,,Low,bed_issue_type_unmapped,4,,,
58afb6b4-58c2-bb78-8401-0d840281812e,VISH-25-11-0868,d6d33436-345a-e39c-9f8d-91c76dca514e,03edc7c5-4c46-b55e-523d-9fb7be29910b,A44,7c40116d-93d8-18b7-496a-5f628dab192d,e2aa2aaa-8af6-4807-9a4e-7665c5421eed,Furniture,,,Low,bed_type_many,4,"61453173-daf0-4c97-a133-659008131872,7d6c17bf-4050-40fc-987e-c4c937ed04a1,9fadb565-1985-4e3c-a12d-5de9a2d0d1b5,c73bfaed-fb61-42fe-abeb-b62f33bc153c",,
50c923c5-a984-3119-6443-cfa0e8805482,VISH-25-11-0869,d6d33436-345a-e39c-9f8d-91c76dca514e,03edc7c5-4c46-b55e-523d-9fb7be29910b,A44,7c40116d-93d8-18b7-496a-5f628dab192d,a5831922-eaeb-48c2-941c-fd96fae8813d,AC Issues,,,Low,bed_no_type_match,0,,,
cb8c9894-64d9-69dd-3677-6f430d882b79,VISH-25-09-0870,733dd472-3b1e-dd43-76e5-082ddfe66c5b,c2ff0c11-4d1b-7b9b-b93c-aa37c9b6c40b,D21,93ca06f8-59a4-5441-fa72-8211f7fb7d8a,01208ba1-4225-4a61-be39-3afe03dad690,RO Water Issues,,,Low,bed_no_type_match,0,,,
752c8d81-bc98-42db-d215-788d17dba6eb,VISH-25-09-0871,733dd472-3b1e-dd43-76e5-082ddfe66c5b,c2ff0c11-4d1b-7b9b-b93c-aa37c9b6c40b,D21,93ca06f8-59a4-5441-fa72-8211f7fb7d8a,47389994-b201-4bb1-bf91-8bce4dbde510,Other,,,Low,bed_issue_type_unmapped,11,,,
7db38434-5d5c-80cd-e524-00e52d3546e6,VISH-25-11-0872,733dd472-3b1e-dd43-76e5-082ddfe66c5b,c2ff0c11-4d1b-7b9b-b93c-aa37c9b6c40b,D21,93ca06f8-59a4-5441-fa72-8211f7fb7d8a,47389994-b201-4bb1-bf91-8bce4dbde510,Other,,,Low,bed_issue_type_unmapped,11,,,
96c1cf88-5d0c-4449-a197-7c8bc5fd4dc3,VIST-26-06-00012,f16a668c-ea8a-b26d-9dff-4da3c53fccc7,1b4d1066-8fe4-199b-7b3b-39e4bded9714,C41,e490e3a6-9e5c-a6b8-a156-bfb492b8b0a4,a25aca1b-211b-41d3-ab08-78bd2b9541e8,Toilet Issues,2026-06-03 12:58:38.559295,,Low,bed_no_type_match,0,,,
846c9340-23b3-47a4-8a54-5953b41f2f7a,VIST-26-07-00081,,03edc7c5-4c46-b55e-523d-9fb7be29910b,A44,93a076cf-52c6-b904-02a9-5b95125d5dfb,c5f1c3c0-af88-4c54-9730-ebffed128bc9,Kitchen Equipment,2026-07-24 06:45:20.791749,,Low,bed_no_type_match,0,,,
f0de0900-6a45-49e5-87a7-f90468c0021f,VISH-2026-1110,1fc0c3bb-f35c-8d5d-a4fa-a9c1723cd8ab,82b270bf-e567-2deb-5ef3-495baafd7645,B14,b9880845-d37b-c083-ffd7-adcaa279cb30,a5831922-eaeb-48c2-941c-fd96fae8813d,AC Issues,2026-04-18 06:55:19.059994,9d364a68-c955-4fe7-8a91-9ed05f2a64a8,Verified,direct_asset_id,1,9d364a68-c955-4fe7-8a91-9ed05f2a64a8,Air Conditioner,
8940a72b-e97b-c430-fe80-dd5f703d2b2c,VISH-26-02-0873,733dd472-3b1e-dd43-76e5-082ddfe66c5b,c2ff0c11-4d1b-7b9b-b93c-aa37c9b6c40b,D21,93ca06f8-59a4-5441-fa72-8211f7fb7d8a,01208ba1-4225-4a61-be39-3afe03dad690,RO Water Issues,,,Low,bed_no_type_match,0,,,
9cc03432-0168-846b-b8af-34f2e82c1304,VISH-25-07-0874,4bdca5eb-f197-a87d-d26a-c63a9b3298a1,233cca0e-efcf-e631-d2fc-9997a6ba5706,C44,48942e49-dfb3-3eff-732a-2842f615cb8a,a5831922-eaeb-48c2-941c-fd96fae8813d,AC Issues,,1ac33845-439e-4379-ba39-8f2c952e8873,High,bed_type_unique,1,1ac33845-439e-4379-ba39-8f2c952e8873,Air Conditioner,
3214e117-49c9-552b-6e9c-cbcfa2d83bf4,VISH-25-09-0875,4bdca5eb-f197-a87d-d26a-c63a9b3298a1,233cca0e-efcf-e631-d2fc-9997a6ba5706,C44,48942e49-dfb3-3eff-732a-2842f615cb8a,e2aa2aaa-8af6-4807-9a4e-7665c5421eed,Furniture,,,Low,bed_type_many,4,"32e3ad84-9f64-4682-9190-eb9d8b4db52c,5ca5bf28-2d1c-47b6-9008-2ed28ac08b10,6209ee7b-6c86-4060-a32e-ca5d265dedea,b6b85972-04b9-4ae2-a2bf-a34e1c9eea7a",,
bfbf4ee4-3dd6-8946-090f-0356ae9756b7,VISH-25-09-0876,4bdca5eb-f197-a87d-d26a-c63a9b3298a1,233cca0e-efcf-e631-d2fc-9997a6ba5706,C44,48942e49-dfb3-3eff-732a-2842f615cb8a,e2aa2aaa-8af6-4807-9a4e-7665c5421eed,Furniture,,,Low,bed_type_many,4,"32e3ad84-9f64-4682-9190-eb9d8b4db52c,5ca5bf28-2d1c-47b6-9008-2ed28ac08b10,6209ee7b-6c86-4060-a32e-ca5d265dedea,b6b85972-04b9-4ae2-a2bf-a34e1c9eea7a",,
01f41bfa-c2f0-c2c6-f86a-f9b8cf2cc167,VISH-25-09-0877,4bdca5eb-f197-a87d-d26a-c63a9b3298a1,233cca0e-efcf-e631-d2fc-9997a6ba5706,C44,48942e49-dfb3-3eff-732a-2842f615cb8a,a5831922-eaeb-48c2-941c-fd96fae8813d,AC Issues,,1ac33845-439e-4379-ba39-8f2c952e8873,High,bed_type_unique,1,1ac33845-439e-4379-ba39-8f2c952e8873,Air Conditioner,
e62170fd-2a8f-147c-f99a-7f35f5948a80,VISH-25-12-0878,4bdca5eb-f197-a87d-d26a-c63a9b3298a1,233cca0e-efcf-e631-d2fc-9997a6ba5706,C44,48942e49-dfb3-3eff-732a-2842f615cb8a,caf6381e-5189-4c1f-bf0a-4dfd99d9b9e7,Washing machine Issue,,,Low,bed_no_type_match,0,,,
caa1c9b3-3c45-4470-f1b3-515b2aea1edc,VISH-25-12-0879,4bdca5eb-f197-a87d-d26a-c63a9b3298a1,233cca0e-efcf-e631-d2fc-9997a6ba5706,C44,48942e49-dfb3-3eff-732a-2842f615cb8a,e2aa2aaa-8af6-4807-9a4e-7665c5421eed,Furniture,,,Low,bed_type_many,4,"32e3ad84-9f64-4682-9190-eb9d8b4db52c,5ca5bf28-2d1c-47b6-9008-2ed28ac08b10,6209ee7b-6c86-4060-a32e-ca5d265dedea,b6b85972-04b9-4ae2-a2bf-a34e1c9eea7a",,
1b3d336b-b145-5392-6446-db743197dacb,VISH-26-01-0880,4bdca5eb-f197-a87d-d26a-c63a9b3298a1,233cca0e-efcf-e631-d2fc-9997a6ba5706,C44,48942e49-dfb3-3eff-732a-2842f615cb8a,caf6381e-5189-4c1f-bf0a-4dfd99d9b9e7,Washing machine Issue,,,Low,bed_no_type_match,0,,,
65cada80-da95-693b-58dd-f609d026c2a1,VISH-26-01-0881,4bdca5eb-f197-a87d-d26a-c63a9b3298a1,233cca0e-efcf-e631-d2fc-9997a6ba5706,C44,48942e49-dfb3-3eff-732a-2842f615cb8a,e2aa2aaa-8af6-4807-9a4e-7665c5421eed,Furniture,,,Low,bed_type_many,4,"32e3ad84-9f64-4682-9190-eb9d8b4db52c,5ca5bf28-2d1c-47b6-9008-2ed28ac08b10,6209ee7b-6c86-4060-a32e-ca5d265dedea,b6b85972-04b9-4ae2-a2bf-a34e1c9eea7a",,
f48522e3-b70e-4caf-95c4-4c64695c632a,VIST-26-07-00100,18d86801-3cb7-11d4-8b9d-433429296014,fb5cedd6-2992-1c62-7fba-4a7a6b43b2ff,C43,be0208ae-5786-5d6b-7ab7-8ab62ebff5d0,7917cc13-aaca-4558-a2c2-8be5cd8fc159,Internet Issues,2026-07-29 13:56:06.419308,,Low,bed_issue_type_unmapped,6,,,
e61d2cb9-3140-4ef0-b62a-d73a1c750756,VIST-26-05-00075,9c88cc60-ea13-4dd1-9930-ca14ff0c6aa0,dd96a329-ec95-e96a-1348-69d976f39cd4,C12,43a9bdbb-3395-d921-f3e4-2c43057aa600,e2aa2aaa-8af6-4807-9a4e-7665c5421eed,Furniture,2026-05-12 11:25:55.075373,f1d60ec1-4a13-41fa-8c6b-945fd688704c,Verified,direct_asset_id,1,f1d60ec1-4a13-41fa-8c6b-945fd688704c,Mattress,
76d61ead-a174-4c32-b826-99c5a6277e1f,VISH-2026-PENDING,1dc2bdca-ae79-4cd5-9d74-961c02cce282,49ed1c8e-3653-c89b-ec74-16d8e20bb923,B34,15d608c9-9596-d151-b9c5-21b22647f848,28158382-d5c1-436c-927b-3e3d9855c2af,Electrical Issues,2026-04-19 01:18:36.994761,c79df700-6e0b-4d5e-b431-d855a7d266d1,Verified,direct_asset_id,1,c79df700-6e0b-4d5e-b431-d855a7d266d1,Fan,
6383a047-73e9-0049-6be1-ad420bb426d6,VISH-26-03-0882,f2a00e3d-de04-40a3-6f41-a3ebfcab4a3c,188aee4d-68e0-1ddb-38e6-a946bc75072d,A12,547bd323-8dae-07db-7089-372cd8261276,01208ba1-4225-4a61-be39-3afe03dad690,RO Water Issues,,,Low,bed_no_type_match,0,,,
298682a6-471a-a4c0-1cc9-4b9dc5ecfaa8,VISH-25-08-0883,5e6b35c4-2b97-ea86-e422-f03c332f74be,03edc7c5-4c46-b55e-523d-9fb7be29910b,A44,42541fce-4dd2-805a-5d01-5aa7e5db8726,01208ba1-4225-4a61-be39-3afe03dad690,RO Water Issues,,,Low,bed_no_type_match,0,,,
998c2e22-122e-bbe3-865b-e1ff25394044,VISH-25-11-0884,ae55ee92-2de5-2688-0d4d-095d6b247552,188aee4d-68e0-1ddb-38e6-a946bc75072d,A12,3e81e085-89a3-9615-e293-bf826bf9b08f,47389994-b201-4bb1-bf91-8bce4dbde510,Other,,,Low,bed_issue_type_unmapped,7,,,
a4884c74-2b30-25a0-62a9-6c621ae380fe,VISH-25-11-0885,ae55ee92-2de5-2688-0d4d-095d6b247552,188aee4d-68e0-1ddb-38e6-a946bc75072d,A12,3e81e085-89a3-9615-e293-bf826bf9b08f,47389994-b201-4bb1-bf91-8bce4dbde510,Other,,,Low,bed_issue_type_unmapped,7,,,
72405ca5-e55a-4349-9fdd-ca700389fd6b,VISH-2026-1111,,b0875d50-a469-821b-57c3-03ac62809198,C11,26ce09f1-599b-0d8d-aa06-c08db6a2dcde,e2aa2aaa-8af6-4807-9a4e-7665c5421eed,Furniture,2026-04-18 11:27:01.837658,980ff08f-01bb-4ec8-846e-87474b79285d,Verified,direct_asset_id,1,980ff08f-01bb-4ec8-846e-87474b79285d,Study Table,
c1863a04-127e-cef5-7eff-0a3bd5bca7fc,VISH-25-11-0886,bb36c2de-ac80-369b-bef1-b7a9025ad305,188aee4d-68e0-1ddb-38e6-a946bc75072d,A12,3589b2fd-d842-834a-2660-e15f13fd0de4,47389994-b201-4bb1-bf91-8bce4dbde510,Other,,,Low,bed_issue_type_unmapped,5,,,
cfa2d054-c1d3-89ad-2e1b-cc4421339451,VISH-26-03-0887,d77b5c1e-605d-6795-5eee-1e2f9b83e069,4d1dd99b-b75a-70b5-406b-f5e869954002,A22,18cdbd64-ea17-6578-2f54-2b5ad8a2c7fe,d76dd3bd-ccb7-4991-a01f-ce158dfe908e,Plumbing,,,Low,bed_issue_type_unmapped,7,,,
ed21b145-26a5-65ab-bf2c-ddf190872e8f,VISH-26-02-0888,491b8136-32a1-37c5-5253-b53ff3991d86,4d1dd99b-b75a-70b5-406b-f5e869954002,A22,15d608c9-9596-d151-b9c5-21b22647f848,e2aa2aaa-8af6-4807-9a4e-7665c5421eed,Furniture,,,Low,bed_type_many,6,"0b828bec-a402-4948-b901-0fbeb2244baa,38097fdf-f453-4dc4-ad3b-f299ee026480,4698cf3a-ede0-443a-93db-43bc526e0162,8319bbe0-4902-43ca-9d57-a0ac14359db9,e046c6d8-397c-4586-8fdf-c88e78da3ec5,ff1be0a5-7386-4949-82e8-cd4fe5387f62",,
44316f83-5813-fb8e-d2ab-1343d0fab3f2,VISH-26-02-0889,491b8136-32a1-37c5-5253-b53ff3991d86,4d1dd99b-b75a-70b5-406b-f5e869954002,A22,15d608c9-9596-d151-b9c5-21b22647f848,d76dd3bd-ccb7-4991-a01f-ce158dfe908e,Plumbing,,,Low,bed_issue_type_unmapped,9,,,
88a47516-18c5-fc32-41c5-90261c772576,VISH-26-02-0890,491b8136-32a1-37c5-5253-b53ff3991d86,4d1dd99b-b75a-70b5-406b-f5e869954002,A22,15d608c9-9596-d151-b9c5-21b22647f848,d76dd3bd-ccb7-4991-a01f-ce158dfe908e,Plumbing,,,Low,bed_issue_type_unmapped,9,,,
dd4fdec3-f242-30e5-f5e1-aa357590564d,VISH-26-03-0891,9defe9e8-4059-ba6b-5abd-0d1304e73008,4d1dd99b-b75a-70b5-406b-f5e869954002,A22,f1cc5c44-ebb5-5f81-9dac-9887fb5bb58e,e2aa2aaa-8af6-4807-9a4e-7665c5421eed,Furniture,,035388f7-9a2e-42f5-9560-a03d77357ef2,Medium,bed_type_multi,3,"035388f7-9a2e-42f5-9560-a03d77357ef2,7d39b0a9-0f1a-472f-966b-284de23f0dc0,9ba1c049-3d50-42ba-91ef-013513d6e67e",Bedside Table,
2a9075fb-d301-bbad-581c-adcd1678f49e,VISH-25-10-0892,af8d560f-407a-4e9b-49e9-88f54d8671f4,85292340-826d-52c1-65c7-7f2a9eb2c2c4,B41,b3011caa-4f84-1357-f007-ee364043173f,a5831922-eaeb-48c2-941c-fd96fae8813d,AC Issues,,9b9582bc-1a57-4820-80ae-ce7589129083,Medium,bed_type_multi,2,"9b9582bc-1a57-4820-80ae-ce7589129083,cd2cff77-0bf2-48a6-a0df-59635215d520",Air Conditioner,
34da8673-bdcf-9b98-1ca2-9f2896b7f74f,VISH-25-10-0893,af8d560f-407a-4e9b-49e9-88f54d8671f4,85292340-826d-52c1-65c7-7f2a9eb2c2c4,B41,b3011caa-4f84-1357-f007-ee364043173f,01208ba1-4225-4a61-be39-3afe03dad690,RO Water Issues,,,Low,bed_no_type_match,0,,,
63f97aaf-b20e-8b0a-5d96-7a6350f33a27,VISH-25-11-0894,af8d560f-407a-4e9b-49e9-88f54d8671f4,85292340-826d-52c1-65c7-7f2a9eb2c2c4,B41,b3011caa-4f84-1357-f007-ee364043173f,01208ba1-4225-4a61-be39-3afe03dad690,RO Water Issues,,,Low,bed_no_type_match,0,,,
a6ee1147-a3cb-5e19-004b-15055ccb08ce,VISH-25-11-0895,af8d560f-407a-4e9b-49e9-88f54d8671f4,85292340-826d-52c1-65c7-7f2a9eb2c2c4,B41,b3011caa-4f84-1357-f007-ee364043173f,47389994-b201-4bb1-bf91-8bce4dbde510,Other,,,Low,bed_issue_type_unmapped,11,,,
dee0cae2-cd15-c3db-131c-74eb0aaa95da,VISH-25-11-0896,af8d560f-407a-4e9b-49e9-88f54d8671f4,85292340-826d-52c1-65c7-7f2a9eb2c2c4,B41,b3011caa-4f84-1357-f007-ee364043173f,47389994-b201-4bb1-bf91-8bce4dbde510,Other,,,Low,bed_issue_type_unmapped,11,,,
10c1b27a-bfc6-9920-7298-f5e427cb51e0,VISH-25-12-0897,af8d560f-407a-4e9b-49e9-88f54d8671f4,85292340-826d-52c1-65c7-7f2a9eb2c2c4,B41,b3011caa-4f84-1357-f007-ee364043173f,47389994-b201-4bb1-bf91-8bce4dbde510,Other,,,Low,bed_issue_type_unmapped,11,,,
1b7a9324-3f5b-bd8a-c773-49a8f0277d78,VISH-25-09-0898,871465d8-763d-f593-3677-399c50f5ed41,d2298bb8-a5e5-735a-c8ca-9b18c7daacd6,D41,0e28e491-ba1e-8a78-875b-ab861c7f40e6,a5831922-eaeb-48c2-941c-fd96fae8813d,AC Issues,,60ad83ea-7645-4c2d-a861-30436cfb0eb0,Medium,bed_type_multi,2,"60ad83ea-7645-4c2d-a861-30436cfb0eb0,c9545faa-61af-4983-9522-3fa31a3924ac",Air Conditioner,
2132b30e-45a1-4021-801e-c0772c7fcc4d,VISH-2026-0008,,dd96a329-ec95-e96a-1348-69d976f39cd4,C12,,47389994-b201-4bb1-bf91-8bce4dbde510,Other,2026-04-03 06:12:44.808072,7a14979e-6e89-4006-9aa2-8705a2f07dfe,Verified,direct_asset_id,1,7a14979e-6e89-4006-9aa2-8705a2f07dfe,Cot (Bed Frame),
41bdac72-19c0-5a9b-a35f-efc615ffa556,VISH-25-09-0899,938b7931-4bde-a083-d158-635a65e6da73,aa73cade-c28c-dc5b-5980-55801ea0d415,B33,ee1fb02c-fb9a-533e-3afc-8a9125d2a24c,a5831922-eaeb-48c2-941c-fd96fae8813d,AC Issues,,,Low,bed_no_type_match,0,,,
2d0426ce-4364-67e9-68d1-143468bc86b1,VISH-25-08-0900,11316c38-dc08-4983-3588-fcadd88bd5d2,03edc7c5-4c46-b55e-523d-9fb7be29910b,A44,69a06a67-b0da-0493-6495-0620f46df91c,e2aa2aaa-8af6-4807-9a4e-7665c5421eed,Furniture,,,Low,bed_type_many,4,"62cccc82-f9cc-45db-8c9c-7fa6994bc264,72f9d14b-12cf-4083-b8c7-f59c7a9f9105,bf55eb73-e861-4c1a-9ccb-46dc975c604f,c32730f7-1da1-41f6-b046-96605ee27ab7",,
4e4b885f-7557-9cf8-c749-6b24d2c0b86b,VISH-25-08-0901,11316c38-dc08-4983-3588-fcadd88bd5d2,03edc7c5-4c46-b55e-523d-9fb7be29910b,A44,69a06a67-b0da-0493-6495-0620f46df91c,e2aa2aaa-8af6-4807-9a4e-7665c5421eed,Furniture,,,Low,bed_type_many,4,"62cccc82-f9cc-45db-8c9c-7fa6994bc264,72f9d14b-12cf-4083-b8c7-f59c7a9f9105,bf55eb73-e861-4c1a-9ccb-46dc975c604f,c32730f7-1da1-41f6-b046-96605ee27ab7",,
807cd978-b74c-c028-1930-847256523211,VISH-26-03-0902,11316c38-dc08-4983-3588-fcadd88bd5d2,03edc7c5-4c46-b55e-523d-9fb7be29910b,A44,74002291-4d86-7717-21fc-0a504d1080b7,e2aa2aaa-8af6-4807-9a4e-7665c5421eed,Furniture,,,Low,bed_type_many,5,"6cbe1fad-8815-4566-827e-6e8e6151ee8a,72d03baa-d690-4c89-87eb-654b209938fe,8cad06fb-70f0-4484-b0b3-9b548f0e6805,aa7615c6-3e0d-40c4-99ec-d7a5d002a154,caaa23f7-7934-4931-82db-658e72c529b1",,
19f805a8-9b26-2b32-379c-99affa8e1f6b,VISH-25-08-0903,b85e5e22-b8bb-e217-167e-913ce5dc381e,10c6863d-07c3-4fc4-94f9-6adc29157ce1,C31,32dfa2d6-dbf8-4dd2-90a0-e664e838b0ac,e2aa2aaa-8af6-4807-9a4e-7665c5421eed,Furniture,,,Low,bed_type_many,4,"2c5887e8-96e8-457f-b93e-c8b03ec51c2c,64f2aa76-fd3b-45a6-ad65-09bdf8269fa2,9b099509-5d31-46e6-81ea-7e7aed2e74f3,e0165e64-065c-4436-a286-46ecbd34ab8a",,
1d6c1d1e-c163-a3ed-f124-0be3e1ea6a82,VISH-25-10-0904,d6268133-5904-3e9a-6956-9493d2f78a1d,85292340-826d-52c1-65c7-7f2a9eb2c2c4,B41,07cdb453-b699-f209-d609-434a47fca737,e2aa2aaa-8af6-4807-9a4e-7665c5421eed,Furniture,,29e60f49-c6ec-4eed-b9af-5941b5b5290c,Medium,bed_type_multi,3,"29e60f49-c6ec-4eed-b9af-5941b5b5290c,a565954d-48d2-40f6-ae64-dff0cedbda28,e08dbb6a-4d27-445a-80ee-870ea0dd893c",Mattress,
09781585-3e29-b7f6-d8df-192b30112013,VISH-25-10-0905,d6268133-5904-3e9a-6956-9493d2f78a1d,85292340-826d-52c1-65c7-7f2a9eb2c2c4,B41,07cdb453-b699-f209-d609-434a47fca737,abc84f5b-a950-406e-ab46-cefbe11df925,Cleaning Issues,,,Low,bed_issue_type_unmapped,4,,,
5f9e416d-811a-4ecf-1b31-737be7ceb3a4,VISH-25-11-0906,d6268133-5904-3e9a-6956-9493d2f78a1d,85292340-826d-52c1-65c7-7f2a9eb2c2c4,B41,07cdb453-b699-f209-d609-434a47fca737,47389994-b201-4bb1-bf91-8bce4dbde510,Other,,,Low,bed_issue_type_unmapped,4,,,
a92341f2-7949-9d9a-059c-7ec91da5f73f,VISH-25-12-0907,d6268133-5904-3e9a-6956-9493d2f78a1d,85292340-826d-52c1-65c7-7f2a9eb2c2c4,B41,07cdb453-b699-f209-d609-434a47fca737,47389994-b201-4bb1-bf91-8bce4dbde510,Other,,,Low,bed_issue_type_unmapped,4,,,
7aa3d23d-49cc-3e4b-1540-ad55db32c87e,VISH-26-01-0908,d6268133-5904-3e9a-6956-9493d2f78a1d,85292340-826d-52c1-65c7-7f2a9eb2c2c4,B41,07cdb453-b699-f209-d609-434a47fca737,caf6381e-5189-4c1f-bf0a-4dfd99d9b9e7,Washing machine Issue,,,Low,bed_no_type_match,0,,,
e2680a24-cf4d-bfe8-610c-72cf8f84dbc5,VISH-26-02-0909,d6268133-5904-3e9a-6956-9493d2f78a1d,85292340-826d-52c1-65c7-7f2a9eb2c2c4,B41,07cdb453-b699-f209-d609-434a47fca737,abc84f5b-a950-406e-ab46-cefbe11df925,Cleaning Issues,,,Low,bed_issue_type_unmapped,4,,,
cfb7fc5d-8ab2-8bd5-49d0-64c8429e447d,VISH-26-02-0910,d6268133-5904-3e9a-6956-9493d2f78a1d,85292340-826d-52c1-65c7-7f2a9eb2c2c4,B41,07cdb453-b699-f209-d609-434a47fca737,28158382-d5c1-436c-927b-3e3d9855c2af,Electrical Issues,,b0d336ac-179e-4a18-b540-685c52821a1f,High,bed_type_unique,1,b0d336ac-179e-4a18-b540-685c52821a1f,Fan,
f4307019-60f3-9ada-2acd-8969db2d48ae,VISH-26-02-0911,d6268133-5904-3e9a-6956-9493d2f78a1d,85292340-826d-52c1-65c7-7f2a9eb2c2c4,B41,07cdb453-b699-f209-d609-434a47fca737,abc84f5b-a950-406e-ab46-cefbe11df925,Cleaning Issues,,,Low,bed_issue_type_unmapped,4,,,
2c8244de-5eb7-4650-b53e-707875513366,VIST-26-05-00094,1dc2bdca-ae79-4cd5-9d74-961c02cce282,49ed1c8e-3653-c89b-ec74-16d8e20bb923,B34,15d608c9-9596-d151-b9c5-21b22647f848,28158382-d5c1-436c-927b-3e3d9855c2af,Electrical Issues,2026-05-18 16:57:57.900075,c79df700-6e0b-4d5e-b431-d855a7d266d1,Verified,direct_asset_id,1,c79df700-6e0b-4d5e-b431-d855a7d266d1,Fan,
2500da24-9030-4a35-bdca-c1175df4b2ff,VIST-26-04-00038,a4709d2c-85e2-3d68-7467-1eaf879ba2c9,990e8a3e-a69c-7b31-f606-3eeb21e3d4c6,C34,f226894e-3765-1bd7-6cda-03e887bc56b3,e2aa2aaa-8af6-4807-9a4e-7665c5421eed,Furniture,2026-04-25 07:29:36.146672,,Low,bed_type_many,4,"32f51b37-6aba-4300-aba2-209af6632e03,3babeb92-9e7c-4877-8eea-8b0a471e1e37,45e463a8-0e2d-47de-8890-6b0ca0998640,f90eb50c-e8da-42f8-ab5b-39e01233c585",,
8d4494ef-d16a-9039-7a5e-cc1338af9606,VISH-26-02-0912,d6268133-5904-3e9a-6956-9493d2f78a1d,85292340-826d-52c1-65c7-7f2a9eb2c2c4,B41,07cdb453-b699-f209-d609-434a47fca737,a5831922-eaeb-48c2-941c-fd96fae8813d,AC Issues,,,Low,bed_no_type_match,0,,,
4a510ded-bb90-41ad-8dc6-15bfa3346839,VISH-2026-0002,2b785f57-1c4f-d4a8-d486-b69e7b2db5bc,574de174-c7bb-bc11-f282-cff2aa2501c5,B22,c4a7862a-03e1-25e3-920f-248bbf96eb07,d76dd3bd-ccb7-4991-a01f-ce158dfe908e,Plumbing,2026-03-31 19:18:17.528591,,Low,bed_issue_type_unmapped,11,,,
dc2e91e2-69aa-4915-a6dd-b84ead36f658,VIST-26-05-00070,5b45a840-9d6c-242e-0e2f-2e2c972c2eec,dc4adc21-f501-0573-2e9a-d7bbbc89e5d6,D11,75895052-85e6-0a26-47e6-53c1e763d4da,a5831922-eaeb-48c2-941c-fd96fae8813d,AC Issues,2026-05-12 05:49:23.690576,9de4f299-90f7-4a53-a8c5-8000e64f1b8c,Medium,bed_type_multi,2,"9de4f299-90f7-4a53-a8c5-8000e64f1b8c,ae778bb1-a990-49a0-b433-d37eaff89aa9",Air Conditioner,
97349eec-eeab-59cb-1c58-c48d49f27bb3,VISH-26-02-0913,d6268133-5904-3e9a-6956-9493d2f78a1d,85292340-826d-52c1-65c7-7f2a9eb2c2c4,B41,07cdb453-b699-f209-d609-434a47fca737,e2aa2aaa-8af6-4807-9a4e-7665c5421eed,Furniture,,29e60f49-c6ec-4eed-b9af-5941b5b5290c,Medium,bed_type_multi,3,"29e60f49-c6ec-4eed-b9af-5941b5b5290c,a565954d-48d2-40f6-ae64-dff0cedbda28,e08dbb6a-4d27-445a-80ee-870ea0dd893c",Mattress,
4dc2e07a-34a8-484e-af81-8347df1d0aef,VISH-2026-0004,,77c3a6fd-4651-d880-29aa-abd19c8324df,C21,77dab2f4-7c09-59d1-5a0a-8473cdf46d8d,e2aa2aaa-8af6-4807-9a4e-7665c5421eed,Furniture,2026-04-03 04:54:28.470268,dc0331d7-c01e-4d7f-b191-15466d6712c9,Verified,direct_asset_id,1,dc0331d7-c01e-4d7f-b191-15466d6712c9,Cot (Bed Frame),
55cdcc01-d85e-4ef7-86a5-c4ff8547afd3,VISH-2026-0001,3b02f95a-b47e-1037-4f8a-f2f31e35c98e,b0d4d2c8-f6ee-bc16-ffd7-fc33c8db8571,A23,96bb1fe8-5e0d-fdd2-0b6f-94aa78cf0ba2,a5831922-eaeb-48c2-941c-fd96fae8813d,AC Issues,2026-03-31 14:41:05.467561,35ec240d-87ee-4bcc-b912-3116c4209142,Verified,direct_asset_id,1,35ec240d-87ee-4bcc-b912-3116c4209142,Air Conditioner,
074ea4b3-1a2f-4ee8-a73c-6e16276f6bff,VIST-26-06-00088,a4709d2c-85e2-3d68-7467-1eaf879ba2c9,990e8a3e-a69c-7b31-f606-3eeb21e3d4c6,C34,f226894e-3765-1bd7-6cda-03e887bc56b3,28158382-d5c1-436c-927b-3e3d9855c2af,Electrical Issues,2026-06-24 08:26:20.119803,3cd43d6f-933d-4917-9b7d-296ae90d9d4f,Verified,direct_asset_id,1,3cd43d6f-933d-4917-9b7d-296ae90d9d4f,Fan,
3370a9f2-c854-4e94-b39e-d811d2844bbc,VISH-2026-0017,ec6bd398-2413-2c67-18db-10bdd92ee4f9,2fc42a4f-fe5a-ae08-0e4e-2c89ca71db85,B11,d41b0f34-d7f8-ce1a-36d9-c00f0100aa45,a5831922-eaeb-48c2-941c-fd96fae8813d,AC Issues,2026-04-05 09:25:30.844270,bc7caf2c-ad7b-403a-9681-01e3c22c291f,Verified,direct_asset_id,1,bc7caf2c-ad7b-403a-9681-01e3c22c291f,Air Conditioner,
5c0cde5c-e20b-40e4-8cb8-3d20e69f2841,VISH-2026-0011,,dd96a329-ec95-e96a-1348-69d976f39cd4,C12,b1a13405-1168-9d4a-5a76-9c4953645b2a,e2aa2aaa-8af6-4807-9a4e-7665c5421eed,Furniture,2026-04-03 11:28:32.551554,,Low,apartment_type_many,30,"09879342-a1db-48db-978f-abdd5471611d,0fc562f2-e95a-4e0c-90a7-834536072790,13f744d4-6712-4f57-a2c0-e01be5ff7e0a,2cbc8c56-879e-418c-84f7-cc6c53598d18,2db5cc24-d582-4257-b6f3-ab807f928e19,345049ae-57ed-4eb2-8fe8-964599ba369a,40159b54-d740-4443-98b1-737d4dbf853e,4f576513-fd80-459e-b380-4a5a8b31ab0b,514b3a8d-978b-419b-8ac7-350d2fe503d6,65502072-1cb3-47a3-81cb-3d58cef6db9a,65682bd2-39f7-48df-9dcf-132d8853120d,6a487155-d829-44f7-bef8-f8b8350b4d29,7a14979e-6e89-4006-9aa2-8705a2f07dfe,892dee30-f709-4a03-84bf-21b682baa295,914243dc-161a-454e-8327-a9ec33a6bf5e,919dced2-653d-444b-8daf-a7fb0866f7ac,93d3cb57-9f50-496b-97cf-c833cc05c66c,aafc5fd6-f6ce-40c7-b8a3-12ada933af97,ae8902c3-6b75-4c00-85ee-d7c61b87ae5c,aef6ff0b-736b-4e8b-b44f-7f28ebd311bc,b3881b60-e84d-451a-894f-e6311baff77e,bc2f294f-639a-4bb0-bbde-786be27e2db5,bec807b0-91b1-40ad-aa5e-453ff501ff28,cbd90fe2-a79c-4d75-b355-5e85441e7352,e31d55e4-28cb-4c42-ba0c-a04cdea1d579,e92e0911-2a14-4376-96d4-eb0939d1c18b,efb6f6fe-4ef8-43fa-b97d-e727a530d3d3,f0abbc27-ea3c-4be7-90a2-2950b3d8bc46,f1d60ec1-4a13-41fa-8c6b-945fd688704c,f43c6f19-35a1-4330-9869-01dc2d4d62ef",,
57812506-96c7-7960-deb3-8f03aed7e43a,VISH-26-02-0914,d6268133-5904-3e9a-6956-9493d2f78a1d,85292340-826d-52c1-65c7-7f2a9eb2c2c4,B41,07cdb453-b699-f209-d609-434a47fca737,e2aa2aaa-8af6-4807-9a4e-7665c5421eed,Furniture,,29e60f49-c6ec-4eed-b9af-5941b5b5290c,Medium,bed_type_multi,3,"29e60f49-c6ec-4eed-b9af-5941b5b5290c,a565954d-48d2-40f6-ae64-dff0cedbda28,e08dbb6a-4d27-445a-80ee-870ea0dd893c",Mattress,
bef235f1-9a2e-a1e0-0eb4-8e61181e8a58,VISH-26-02-0915,d6268133-5904-3e9a-6956-9493d2f78a1d,85292340-826d-52c1-65c7-7f2a9eb2c2c4,B41,07cdb453-b699-f209-d609-434a47fca737,e2aa2aaa-8af6-4807-9a4e-7665c5421eed,Furniture,,29e60f49-c6ec-4eed-b9af-5941b5b5290c,Medium,bed_type_multi,3,"29e60f49-c6ec-4eed-b9af-5941b5b5290c,a565954d-48d2-40f6-ae64-dff0cedbda28,e08dbb6a-4d27-445a-80ee-870ea0dd893c",Mattress,
59383f60-80a3-45ae-8e89-537056666a9a,VISH-2026-0013,491b8136-32a1-37c5-5253-b53ff3991d86,49ed1c8e-3653-c89b-ec74-16d8e20bb923,B34,15d608c9-9596-d151-b9c5-21b22647f848,e2aa2aaa-8af6-4807-9a4e-7665c5421eed,Furniture,2026-04-04 05:17:53.105947,e046c6d8-397c-4586-8fdf-c88e78da3ec5,Verified,direct_asset_id,1,e046c6d8-397c-4586-8fdf-c88e78da3ec5,Cupboard,
38bca02b-7f1a-39a5-a2f8-619a1d6258e9,VISH-26-02-0916,d6268133-5904-3e9a-6956-9493d2f78a1d,85292340-826d-52c1-65c7-7f2a9eb2c2c4,B41,07cdb453-b699-f209-d609-434a47fca737,abc84f5b-a950-406e-ab46-cefbe11df925,Cleaning Issues,,,Low,bed_issue_type_unmapped,4,,,
7a434025-9978-430b-aad6-27f67465bd9f,VISH-2026-0014,491b8136-32a1-37c5-5253-b53ff3991d86,49ed1c8e-3653-c89b-ec74-16d8e20bb923,B34,15d608c9-9596-d151-b9c5-21b22647f848,47389994-b201-4bb1-bf91-8bce4dbde510,Other,2026-04-04 05:19:31.693360,,Low,bed_issue_type_unmapped,9,,,
4258bc18-25be-8242-126d-124cf1ef33dc,VISH-26-02-0917,d6268133-5904-3e9a-6956-9493d2f78a1d,85292340-826d-52c1-65c7-7f2a9eb2c2c4,B41,07cdb453-b699-f209-d609-434a47fca737,01208ba1-4225-4a61-be39-3afe03dad690,RO Water Issues,,,Low,bed_no_type_match,0,,,
ef2570d4-44d4-3f78-f1f0-6c23a57fb96b,VISH-26-02-0918,d6268133-5904-3e9a-6956-9493d2f78a1d,85292340-826d-52c1-65c7-7f2a9eb2c2c4,B41,07cdb453-b699-f209-d609-434a47fca737,e2aa2aaa-8af6-4807-9a4e-7665c5421eed,Furniture,,29e60f49-c6ec-4eed-b9af-5941b5b5290c,Medium,bed_type_multi,3,"29e60f49-c6ec-4eed-b9af-5941b5b5290c,a565954d-48d2-40f6-ae64-dff0cedbda28,e08dbb6a-4d27-445a-80ee-870ea0dd893c",Mattress,
b01c08e7-1a87-232a-ae60-8ff001d24f41,VISH-25-11-0919,11e96dd2-92f4-f793-56db-439d5b3de156,211a2b33-4e94-3da1-7d97-406bc26036f5,A11,3c7a5a03-cf40-42aa-6d97-d087c877b352,28158382-d5c1-436c-927b-3e3d9855c2af,Electrical Issues,,37597e49-c4ae-4637-83cb-f43ea7ef8d35,High,bed_type_unique,1,37597e49-c4ae-4637-83cb-f43ea7ef8d35,Fan,
aa23d1f8-2684-c45c-6946-8d2d89b63e2d,VISH-25-11-0920,11e96dd2-92f4-f793-56db-439d5b3de156,211a2b33-4e94-3da1-7d97-406bc26036f5,A11,3c7a5a03-cf40-42aa-6d97-d087c877b352,d76dd3bd-ccb7-4991-a01f-ce158dfe908e,Plumbing,,,Low,bed_issue_type_unmapped,6,,,
cd746238-e268-40f5-950a-46720e40182d,VIST-26-07-00091,5fee0a79-3970-704a-2332-f7c7598e86c1,574de174-c7bb-bc11-f282-cff2aa2501c5,B22,a97d74e9-7adc-a35d-5a71-2ed6aea432be,7917cc13-aaca-4558-a2c2-8be5cd8fc159,Internet Issues,2026-07-28 07:25:21.222410,,Low,bed_issue_type_unmapped,5,,,
23895d1d-2d76-4fb4-9dbd-d0ff1b8eedff,VIST-26-05-00102,53416e34-aaed-471f-937d-0fea74c444b8,bde00681-ebfc-ef38-4f6e-4906a012de6b,B42,7fd152e9-2f00-0fc6-c8ed-83b426803a4d,47389994-b201-4bb1-bf91-8bce4dbde510,Other,2026-05-20 08:50:35.541450,,Low,bed_issue_type_unmapped,4,,,
87dbab50-1e1c-9e21-022a-1d4a580386d3,VISH-26-03-0921,11e96dd2-92f4-f793-56db-439d5b3de156,211a2b33-4e94-3da1-7d97-406bc26036f5,A11,3c7a5a03-cf40-42aa-6d97-d087c877b352,01208ba1-4225-4a61-be39-3afe03dad690,RO Water Issues,,,Low,bed_no_type_match,0,,,
2aff393b-0b59-8da0-9a1c-eaf8ba381c5a,VISH-25-09-0922,fd1d6483-722f-9ff9-67bd-a98f7e3f42af,79853a4a-cb02-508c-e041-7e23378aec9c,A41,e0a547db-d8f2-1e21-a742-6f7c135bd802,d76dd3bd-ccb7-4991-a01f-ce158dfe908e,Plumbing,,,Low,apartment_issue_type_unmapped,49,,,
73999906-6bab-4a7b-bb02-ee5f45f086a2,VISH-2026-0009,ec6bd398-2413-2c67-18db-10bdd92ee4f9,2fc42a4f-fe5a-ae08-0e4e-2c89ca71db85,B11,d41b0f34-d7f8-ce1a-36d9-c00f0100aa45,e2aa2aaa-8af6-4807-9a4e-7665c5421eed,Furniture,2026-04-03 09:37:00.009816,258d48fb-9fcd-4500-8724-3d5f900e042a,Verified,direct_asset_id,1,258d48fb-9fcd-4500-8724-3d5f900e042a,Cupboard,
93875bf1-b143-40b3-b27a-84bb5f57ef44,VISH-2026-0022,,fb5cedd6-2992-1c62-7fba-4a7a6b43b2ff,C43,97486463-9125-9851-3039-04f213b371d4,abc84f5b-a950-406e-ab46-cefbe11df925,Cleaning Issues,2026-04-07 04:35:19.142702,656467e0-85ba-45b6-ac40-6fa5e71d0af6,Verified,direct_asset_id,1,656467e0-85ba-45b6-ac40-6fa5e71d0af6,Cupboard,
f1d005e9-820f-3db6-3e1d-cf90adf2cca7,VISH-25-09-0923,d93d9661-c38b-55ac-e5ac-93c052d45622,82b270bf-e567-2deb-5ef3-495baafd7645,B14,5b45fa77-c694-2c4b-9657-29944633ded5,01208ba1-4225-4a61-be39-3afe03dad690,RO Water Issues,,,Low,bed_no_type_match,0,,,
b9bd090d-cea5-4596-96a5-86bfeb94b132,VISH-2026-0007,,dd96a329-ec95-e96a-1348-69d976f39cd4,C12,43a9bdbb-3395-d921-f3e4-2c43057aa600,47389994-b201-4bb1-bf91-8bce4dbde510,Other,2026-04-03 06:08:32.211195,,Low,apartment_issue_type_unmapped,48,,,
b230c8d4-47ac-4fca-bcfd-25076d66ebe0,VISH-2026-0003,18788fe2-f6a2-826e-2199-6cec118c6d00,5d204545-2f72-b89b-3190-a826b5ab6512,B12,b8451620-5c0d-e318-9cbf-5ecba152b866,a5831922-eaeb-48c2-941c-fd96fae8813d,AC Issues,2026-04-02 10:09:35.167950,0861776d-2243-4e50-815b-7d79e5acdd51,Verified,direct_asset_id,1,0861776d-2243-4e50-815b-7d79e5acdd51,Air Conditioner,
8d172be0-ab43-cb22-e839-bf58a94564bf,VISH-25-10-0924,e093abe2-fae5-a599-2ee8-ce612d47e63e,1b4d1066-8fe4-199b-7b3b-39e4bded9714,C41,18323ac7-06c3-e126-fb43-8a9b6cbb53ba,28158382-d5c1-436c-927b-3e3d9855c2af,Electrical Issues,,c6d65f33-8882-4758-a18f-9660657339e8,High,bed_type_unique,1,c6d65f33-8882-4758-a18f-9660657339e8,Fan,
42dc85fe-a356-9222-0525-2ca60fcc8e2d,VISH-25-11-0925,e093abe2-fae5-a599-2ee8-ce612d47e63e,1b4d1066-8fe4-199b-7b3b-39e4bded9714,C41,18323ac7-06c3-e126-fb43-8a9b6cbb53ba,01208ba1-4225-4a61-be39-3afe03dad690,RO Water Issues,,,Low,bed_no_type_match,0,,,
05c1d1d2-acff-3956-0c2a-366d5c690a8b,VISH-25-12-0926,e093abe2-fae5-a599-2ee8-ce612d47e63e,1b4d1066-8fe4-199b-7b3b-39e4bded9714,C41,18323ac7-06c3-e126-fb43-8a9b6cbb53ba,47389994-b201-4bb1-bf91-8bce4dbde510,Other,,,Low,bed_issue_type_unmapped,7,,,
61d72347-fcd7-4363-94c2-e82a2a80912c,VIST-26-06-00009,3b02f95a-b47e-1037-4f8a-f2f31e35c98e,b0d4d2c8-f6ee-bc16-ffd7-fc33c8db8571,A23,96bb1fe8-5e0d-fdd2-0b6f-94aa78cf0ba2,abc84f5b-a950-406e-ab46-cefbe11df925,Cleaning Issues,2026-06-03 06:50:02.084244,dccbf35d-537d-48ac-92d9-d1d792755a15,Verified,direct_asset_id,1,dccbf35d-537d-48ac-92d9-d1d792755a15,Water Heater,
4178cce0-302c-c26e-34ef-5f46a77abc1a,VISH-25-09-0588,276b5368-040e-e40e-948d-d1159a743920,b0d4d2c8-f6ee-bc16-ffd7-fc33c8db8571,A23,caf1f559-25d7-959b-c416-cb63f4ded6cc,01208ba1-4225-4a61-be39-3afe03dad690,RO Water Issues,,dccbf35d-537d-48ac-92d9-d1d792755a15,Verified,direct_asset_id,1,dccbf35d-537d-48ac-92d9-d1d792755a15,Water Heater,
5fc50886-f490-6b51-28df-166c5383b6f2,VISH-26-02-0927,79d4d3fe-73c5-a965-030f-c60220ee20cb,990e8a3e-a69c-7b31-f606-3eeb21e3d4c6,C34,7aa135ce-55b9-8787-a51c-fa6c42aad3b2,a5831922-eaeb-48c2-941c-fd96fae8813d,AC Issues,,,Low,bed_no_type_match,0,,,
f4f01648-706d-45b9-95cc-6b116b5a749b,VISH-2026-0006,,dd96a329-ec95-e96a-1348-69d976f39cd4,C12,5dd54516-df42-d086-0eef-3495660d438f,e2aa2aaa-8af6-4807-9a4e-7665c5421eed,Furniture,2026-04-03 06:05:41.009490,,Low,bed_type_many,6,"514b3a8d-978b-419b-8ac7-350d2fe503d6,914243dc-161a-454e-8327-a9ec33a6bf5e,93d3cb57-9f50-496b-97cf-c833cc05c66c,aafc5fd6-f6ce-40c7-b8a3-12ada933af97,e31d55e4-28cb-4c42-ba0c-a04cdea1d579,f43c6f19-35a1-4330-9869-01dc2d4d62ef",,
36e7ab35-4d46-f2af-6003-ff1c720d7703,VISH-25-10-0928,f8723af2-2adb-2870-b160-e1ad562524be,2fc42a4f-fe5a-ae08-0e4e-2c89ca71db85,B11,3f71f5af-8bd3-fe23-4d09-0210257ad798,e2aa2aaa-8af6-4807-9a4e-7665c5421eed,Furniture,,0764fb38-4356-4c1d-8420-8af99c7c9bc6,Medium,bed_type_multi,3,"0764fb38-4356-4c1d-8420-8af99c7c9bc6,cf29d69d-f8ee-4a65-ac6a-248a197f33fe,f6f42966-c39d-4201-aa55-164b01430395",Cupboard,
0663a0d4-f2cc-0202-976b-8181ff7dd772,VISH-25-10-0929,f8723af2-2adb-2870-b160-e1ad562524be,2fc42a4f-fe5a-ae08-0e4e-2c89ca71db85,B11,3f71f5af-8bd3-fe23-4d09-0210257ad798,01208ba1-4225-4a61-be39-3afe03dad690,RO Water Issues,,,Low,bed_no_type_match,0,,,
d6f54fbb-2bd4-dcc0-5a49-e29867b4754a,VISH-26-02-0930,f8723af2-2adb-2870-b160-e1ad562524be,2fc42a4f-fe5a-ae08-0e4e-2c89ca71db85,B11,3f71f5af-8bd3-fe23-4d09-0210257ad798,e2aa2aaa-8af6-4807-9a4e-7665c5421eed,Furniture,,0764fb38-4356-4c1d-8420-8af99c7c9bc6,Medium,bed_type_multi,3,"0764fb38-4356-4c1d-8420-8af99c7c9bc6,cf29d69d-f8ee-4a65-ac6a-248a197f33fe,f6f42966-c39d-4201-aa55-164b01430395",Cupboard,
2191b23d-eeba-66fc-7983-f3ce989917ce,VISH-26-02-0931,f8723af2-2adb-2870-b160-e1ad562524be,2fc42a4f-fe5a-ae08-0e4e-2c89ca71db85,B11,3f71f5af-8bd3-fe23-4d09-0210257ad798,a5831922-eaeb-48c2-941c-fd96fae8813d,AC Issues,,40273ebc-52da-4130-82f8-a28b466d4adc,High,bed_type_unique,1,40273ebc-52da-4130-82f8-a28b466d4adc,Air Conditioner,
2d2f4aaa-e9db-12ef-bb50-f74383e74434,VISH-26-02-0932,f8723af2-2adb-2870-b160-e1ad562524be,2fc42a4f-fe5a-ae08-0e4e-2c89ca71db85,B11,3f71f5af-8bd3-fe23-4d09-0210257ad798,a5831922-eaeb-48c2-941c-fd96fae8813d,AC Issues,,40273ebc-52da-4130-82f8-a28b466d4adc,High,bed_type_unique,1,40273ebc-52da-4130-82f8-a28b466d4adc,Air Conditioner,
31dbf808-b397-8ee5-d368-3cac57b8507c,VISH-25-10-0933,3b02f95a-b47e-1037-4f8a-f2f31e35c98e,b0d4d2c8-f6ee-bc16-ffd7-fc33c8db8571,A23,96bb1fe8-5e0d-fdd2-0b6f-94aa78cf0ba2,28158382-d5c1-436c-927b-3e3d9855c2af,Electrical Issues,,69cb270b-e8f3-410e-9142-2752016b44f9,High,bed_type_unique,1,69cb270b-e8f3-410e-9142-2752016b44f9,Fan,
adf1259b-d291-fb77-ec80-a0ac71781819,VISH-25-10-0934,3b02f95a-b47e-1037-4f8a-f2f31e35c98e,b0d4d2c8-f6ee-bc16-ffd7-fc33c8db8571,A23,96bb1fe8-5e0d-fdd2-0b6f-94aa78cf0ba2,e2aa2aaa-8af6-4807-9a4e-7665c5421eed,Furniture,,,Low,bed_type_many,6,"15055f35-2f83-4054-97be-d4a5ebe1f0c4,6cc39c41-14cb-4612-be32-381c348ffdff,a231cb7f-1f73-4c71-b744-141ab46351ac,bab4a438-b9fd-4b22-8f52-42ccf8d8a96c,c8821692-1886-4706-9b60-6d3fee0b640a,ef6a6d30-c70e-4162-8adf-0bd6063ba0a3",,
44d8d40e-1945-d69f-fba6-b0836b9d2ac8,VISH-25-10-0935,3b02f95a-b47e-1037-4f8a-f2f31e35c98e,b0d4d2c8-f6ee-bc16-ffd7-fc33c8db8571,A23,96bb1fe8-5e0d-fdd2-0b6f-94aa78cf0ba2,abc84f5b-a950-406e-ab46-cefbe11df925,Cleaning Issues,,,Low,bed_issue_type_unmapped,9,,,
8ebfcd5d-e530-732b-7a4b-ea5cb5c43f71,VISH-25-10-0936,3b02f95a-b47e-1037-4f8a-f2f31e35c98e,b0d4d2c8-f6ee-bc16-ffd7-fc33c8db8571,A23,96bb1fe8-5e0d-fdd2-0b6f-94aa78cf0ba2,01208ba1-4225-4a61-be39-3afe03dad690,RO Water Issues,,,Low,bed_no_type_match,0,,,
b5a9d8e5-7aff-3007-8a07-0cae008936bb,VISH-25-12-0937,3b02f95a-b47e-1037-4f8a-f2f31e35c98e,b0d4d2c8-f6ee-bc16-ffd7-fc33c8db8571,A23,96bb1fe8-5e0d-fdd2-0b6f-94aa78cf0ba2,caf6381e-5189-4c1f-bf0a-4dfd99d9b9e7,Washing machine Issue,,,Low,bed_no_type_match,0,,,
7f308902-292b-d2d1-bb4b-76c5bf00aa54,VISH-26-01-0938,3b02f95a-b47e-1037-4f8a-f2f31e35c98e,b0d4d2c8-f6ee-bc16-ffd7-fc33c8db8571,A23,96bb1fe8-5e0d-fdd2-0b6f-94aa78cf0ba2,e2aa2aaa-8af6-4807-9a4e-7665c5421eed,Furniture,,,Low,bed_type_many,6,"15055f35-2f83-4054-97be-d4a5ebe1f0c4,6cc39c41-14cb-4612-be32-381c348ffdff,a231cb7f-1f73-4c71-b744-141ab46351ac,bab4a438-b9fd-4b22-8f52-42ccf8d8a96c,c8821692-1886-4706-9b60-6d3fee0b640a,ef6a6d30-c70e-4162-8adf-0bd6063ba0a3",,
8aa5cc61-6d57-4c38-ac7a-f4ac6c478ff1,VIST-26-05-00008,,85292340-826d-52c1-65c7-7f2a9eb2c2c4,B41,4692433b-f9b8-9bdd-a2ff-4cd11d36de58,47389994-b201-4bb1-bf91-8bce4dbde510,Other,2026-05-02 06:04:19.983409,,Low,bed_issue_type_unmapped,3,,,
195b33de-b770-4b0e-bd94-babf652a0704,VISH-2026-000191,e99afa10-6249-3f5b-4364-da75f89e34f9,dd96a329-ec95-e96a-1348-69d976f39cd4,C12,f64ad55d-d5e9-6b9e-9676-efeb66d20201,abc84f5b-a950-406e-ab46-cefbe11df925,Cleaning Issues,2026-05-06 09:26:44.428337,,Low,bed_issue_type_unmapped,3,,,
a02e92b4-4619-4b7b-87f5-d1fd8f77c22a,VISH-2026-0027,4505ca5d-0961-03c9-5943-ffda2a5ae270,c17c5093-48b7-139f-ebfc-1cd33ef5179c,D12,5926f2d3-f34a-ae71-03bd-8c67d6660d49,47389994-b201-4bb1-bf91-8bce4dbde510,Other,2026-04-07 17:20:30.197441,cdaaab49-8984-492d-811b-4fcb93508155,Verified,direct_asset_id,1,cdaaab49-8984-492d-811b-4fcb93508155,Cupboard,
358e878a-d9f2-cb1c-06a6-cbe99a7af07c,VISH-25-03-0579,276b5368-040e-e40e-948d-d1159a743920,b0d4d2c8-f6ee-bc16-ffd7-fc33c8db8571,A23,caf1f559-25d7-959b-c416-cb63f4ded6cc,01208ba1-4225-4a61-be39-3afe03dad690,RO Water Issues,,98885f45-4010-403c-8884-8649d4cdd02a,Verified,direct_asset_id,1,98885f45-4010-403c-8884-8649d4cdd02a,RO Water Purifier,2023-03-30
fb30b031-d325-23a7-1bee-a92b3483fb9e,VISH-26-01-0939,3b02f95a-b47e-1037-4f8a-f2f31e35c98e,b0d4d2c8-f6ee-bc16-ffd7-fc33c8db8571,A23,96bb1fe8-5e0d-fdd2-0b6f-94aa78cf0ba2,caf6381e-5189-4c1f-bf0a-4dfd99d9b9e7,Washing machine Issue,,,Low,bed_no_type_match,0,,,
441c340c-01f0-bc40-79bb-5f4ae5242cfc,VISH-26-02-0940,3b02f95a-b47e-1037-4f8a-f2f31e35c98e,b0d4d2c8-f6ee-bc16-ffd7-fc33c8db8571,A23,96bb1fe8-5e0d-fdd2-0b6f-94aa78cf0ba2,caf6381e-5189-4c1f-bf0a-4dfd99d9b9e7,Washing machine Issue,,,Low,bed_no_type_match,0,,,
b82b0ffd-2e21-2699-d0b5-28465ae7b470,VISH-26-02-0941,3b02f95a-b47e-1037-4f8a-f2f31e35c98e,b0d4d2c8-f6ee-bc16-ffd7-fc33c8db8571,A23,96bb1fe8-5e0d-fdd2-0b6f-94aa78cf0ba2,abc84f5b-a950-406e-ab46-cefbe11df925,Cleaning Issues,,,Low,bed_issue_type_unmapped,9,,,
da4b522e-88ea-8369-3cab-234db640ae87,VISH-26-03-0942,3b02f95a-b47e-1037-4f8a-f2f31e35c98e,b0d4d2c8-f6ee-bc16-ffd7-fc33c8db8571,A23,96bb1fe8-5e0d-fdd2-0b6f-94aa78cf0ba2,abc84f5b-a950-406e-ab46-cefbe11df925,Cleaning Issues,,,Low,bed_issue_type_unmapped,9,,,
73e91292-d62f-e4de-8f61-4991e760bf42,VISH-26-03-0943,3b02f95a-b47e-1037-4f8a-f2f31e35c98e,b0d4d2c8-f6ee-bc16-ffd7-fc33c8db8571,A23,96bb1fe8-5e0d-fdd2-0b6f-94aa78cf0ba2,caf6381e-5189-4c1f-bf0a-4dfd99d9b9e7,Washing machine Issue,,,Low,bed_no_type_match,0,,,
14707aae-6ecc-b4d1-f07b-1cbbef577d15,VISH-25-10-0944,53c9ff97-f078-6148-923e-9d1a21b9bb60,86ad1ceb-8d81-a926-d998-3a2f1cafba06,C24,e7028e9f-6d8f-c1b2-9104-a6c79b6f1c44,caf6381e-5189-4c1f-bf0a-4dfd99d9b9e7,Washing machine Issue,,,Low,bed_no_type_match,0,,,
f36a3de9-8f2a-8d34-9b71-173e85d0d430,VISH-26-03-0945,2c1980eb-be51-916e-8f61-1e8fe83afb0c,2fc42a4f-fe5a-ae08-0e4e-2c89ca71db85,B11,04c251ff-5d8d-dc9e-d27d-0a96efe3a6b3,a5831922-eaeb-48c2-941c-fd96fae8813d,AC Issues,,3f41cc65-e037-4c1e-863a-cc49813984d6,High,bed_type_unique,1,3f41cc65-e037-4c1e-863a-cc49813984d6,Air Conditioner,
ca767982-0311-9ec4-0efb-66d254fe43ea,VISH-26-03-0946,2c1980eb-be51-916e-8f61-1e8fe83afb0c,2fc42a4f-fe5a-ae08-0e4e-2c89ca71db85,B11,04c251ff-5d8d-dc9e-d27d-0a96efe3a6b3,a5831922-eaeb-48c2-941c-fd96fae8813d,AC Issues,,3f41cc65-e037-4c1e-863a-cc49813984d6,High,bed_type_unique,1,3f41cc65-e037-4c1e-863a-cc49813984d6,Air Conditioner,
ec2ccc9a-c9fb-d6dc-1c0c-8b5431541f70,VISH-26-03-0947,2c1980eb-be51-916e-8f61-1e8fe83afb0c,2fc42a4f-fe5a-ae08-0e4e-2c89ca71db85,B11,04c251ff-5d8d-dc9e-d27d-0a96efe3a6b3,a5831922-eaeb-48c2-941c-fd96fae8813d,AC Issues,,3f41cc65-e037-4c1e-863a-cc49813984d6,High,bed_type_unique,1,3f41cc65-e037-4c1e-863a-cc49813984d6,Air Conditioner,
66ec0fed-ffa4-0ad9-019d-2c639998a9d9,VISH-25-09-0948,982397b8-b96b-4d87-eb8b-62916e148d45,d2298bb8-a5e5-735a-c8ca-9b18c7daacd6,D41,3e28154d-1bfe-92b4-2fff-f295a9f54738,a5831922-eaeb-48c2-941c-fd96fae8813d,AC Issues,,137edf51-8c3c-42ba-8ee2-fa5b316f6e55,Medium,bed_type_multi,2,"137edf51-8c3c-42ba-8ee2-fa5b316f6e55,5113f32c-70bb-4e71-9b7f-f7160c4ecb3e",Air Conditioner,
d30b22b5-0ac7-75a6-e420-6b0a5b9f5fcd,VISH-26-03-0949,982397b8-b96b-4d87-eb8b-62916e148d45,d2298bb8-a5e5-735a-c8ca-9b18c7daacd6,D41,3e28154d-1bfe-92b4-2fff-f295a9f54738,47389994-b201-4bb1-bf91-8bce4dbde510,Other,,,Low,bed_issue_type_unmapped,9,,,
ca339a54-3c9f-62d9-dfda-fc897926f7f2,VISH-26-03-0950,982397b8-b96b-4d87-eb8b-62916e148d45,d2298bb8-a5e5-735a-c8ca-9b18c7daacd6,D41,3e28154d-1bfe-92b4-2fff-f295a9f54738,a5831922-eaeb-48c2-941c-fd96fae8813d,AC Issues,,137edf51-8c3c-42ba-8ee2-fa5b316f6e55,Medium,bed_type_multi,2,"137edf51-8c3c-42ba-8ee2-fa5b316f6e55,5113f32c-70bb-4e71-9b7f-f7160c4ecb3e",Air Conditioner,
e81e2e0c-2011-bd98-1c48-b355cc939fd1,VISH-26-03-0951,982397b8-b96b-4d87-eb8b-62916e148d45,d2298bb8-a5e5-735a-c8ca-9b18c7daacd6,D41,3e28154d-1bfe-92b4-2fff-f295a9f54738,d76dd3bd-ccb7-4991-a01f-ce158dfe908e,Plumbing,,,Low,bed_issue_type_unmapped,9,,,
f3d254a5-84be-aba0-e9f6-18960051c6e9,VISH-25-10-0952,4505ca5d-0961-03c9-5943-ffda2a5ae270,c17c5093-48b7-139f-ebfc-1cd33ef5179c,D12,5926f2d3-f34a-ae71-03bd-8c67d6660d49,28158382-d5c1-436c-927b-3e3d9855c2af,Electrical Issues,,3466151e-b985-4928-a03b-037084dcf9ae,High,bed_type_unique,1,3466151e-b985-4928-a03b-037084dcf9ae,Fan,
3e6e0a31-07cc-d3e1-2828-76327d86404f,VISH-25-11-0953,4505ca5d-0961-03c9-5943-ffda2a5ae270,c17c5093-48b7-139f-ebfc-1cd33ef5179c,D12,5926f2d3-f34a-ae71-03bd-8c67d6660d49,28158382-d5c1-436c-927b-3e3d9855c2af,Electrical Issues,,3466151e-b985-4928-a03b-037084dcf9ae,High,bed_type_unique,1,3466151e-b985-4928-a03b-037084dcf9ae,Fan,
42c3224a-e332-3f39-2a9e-dd50aa7623b6,VISH-25-12-0954,4505ca5d-0961-03c9-5943-ffda2a5ae270,c17c5093-48b7-139f-ebfc-1cd33ef5179c,D12,5926f2d3-f34a-ae71-03bd-8c67d6660d49,a5831922-eaeb-48c2-941c-fd96fae8813d,AC Issues,,01358eaa-06be-455c-b086-9d9ced1d02c9,High,bed_type_unique,1,01358eaa-06be-455c-b086-9d9ced1d02c9,Air Conditioner,
a6d9a817-9434-9ab9-78b4-9738e6e4a9f0,VISH-25-12-0955,4505ca5d-0961-03c9-5943-ffda2a5ae270,c17c5093-48b7-139f-ebfc-1cd33ef5179c,D12,5926f2d3-f34a-ae71-03bd-8c67d6660d49,e2aa2aaa-8af6-4807-9a4e-7665c5421eed,Furniture,,1743aa57-2c5a-41e0-8c7d-600589983b09,Medium,bed_type_multi,3,"1743aa57-2c5a-41e0-8c7d-600589983b09,9967095e-fa20-4c7b-8c3f-6bc419b14c46,cdaaab49-8984-492d-811b-4fcb93508155",Mattress,
8e5d4904-2f0d-9258-d8be-15f59b27f94a,VISH-25-12-0956,4505ca5d-0961-03c9-5943-ffda2a5ae270,c17c5093-48b7-139f-ebfc-1cd33ef5179c,D12,5926f2d3-f34a-ae71-03bd-8c67d6660d49,01208ba1-4225-4a61-be39-3afe03dad690,RO Water Issues,,,Low,bed_no_type_match,0,,,
d3846174-ddb9-2777-dc63-a9e6bf1aed4c,VISH-26-01-0957,104a66bf-0d87-2acc-ec03-a73d1c1cfd53,ffbd5fe0-d9b3-cb55-cfd7-2d72a3498109,B43,9e254d9d-fe84-3236-eca3-7adff58dafa1,a5831922-eaeb-48c2-941c-fd96fae8813d,AC Issues,,bb236be0-2a55-43fa-b798-b41eb5132d2d,High,bed_type_unique,1,bb236be0-2a55-43fa-b798-b41eb5132d2d,Air Conditioner,
16712bef-057a-b054-b0df-fad8102616f9,VISH-26-01-0958,104a66bf-0d87-2acc-ec03-a73d1c1cfd53,ffbd5fe0-d9b3-cb55-cfd7-2d72a3498109,B43,9e254d9d-fe84-3236-eca3-7adff58dafa1,a5831922-eaeb-48c2-941c-fd96fae8813d,AC Issues,,bb236be0-2a55-43fa-b798-b41eb5132d2d,High,bed_type_unique,1,bb236be0-2a55-43fa-b798-b41eb5132d2d,Air Conditioner,
79e3e2e1-77a4-48ba-c2df-77280c9b9a2a,VISH-26-02-0959,104a66bf-0d87-2acc-ec03-a73d1c1cfd53,ffbd5fe0-d9b3-cb55-cfd7-2d72a3498109,B43,9e254d9d-fe84-3236-eca3-7adff58dafa1,a5831922-eaeb-48c2-941c-fd96fae8813d,AC Issues,,bb236be0-2a55-43fa-b798-b41eb5132d2d,High,bed_type_unique,1,bb236be0-2a55-43fa-b798-b41eb5132d2d,Air Conditioner,
53509283-e332-a848-f033-f156ba9bd243,VISH-26-03-0960,104a66bf-0d87-2acc-ec03-a73d1c1cfd53,ffbd5fe0-d9b3-cb55-cfd7-2d72a3498109,B43,9e254d9d-fe84-3236-eca3-7adff58dafa1,01208ba1-4225-4a61-be39-3afe03dad690,RO Water Issues,,,Low,bed_no_type_match,0,,,
ca95c03f-1dae-5565-d8ef-6fd6180b77ce,VISH-25-10-0961,af16fe79-211b-993d-45cc-0c97af4a725c,a361bd0d-c2c1-2aee-6303-d65de004edd0,B24,8aaf14fc-4fb9-d280-3018-d757243c952b,28158382-d5c1-436c-927b-3e3d9855c2af,Electrical Issues,,,Low,apartment_type_many,5,"59bcd00f-90a9-4dc0-b1cd-bf61401d5de7,a53f936a-4736-41c6-9315-d946a3c071d0,c3958dee-851d-470b-904b-2481b8a86eef,c7f7b971-19fa-46c7-849d-4c5982a86ff7,d3a112e4-d578-4d5c-ac52-9a9c551f924a",,
392a0c6e-211c-42ad-e5fa-a33537d5df26,VISH-25-10-0962,af16fe79-211b-993d-45cc-0c97af4a725c,a361bd0d-c2c1-2aee-6303-d65de004edd0,B24,8aaf14fc-4fb9-d280-3018-d757243c952b,28158382-d5c1-436c-927b-3e3d9855c2af,Electrical Issues,,,Low,apartment_type_many,5,"59bcd00f-90a9-4dc0-b1cd-bf61401d5de7,a53f936a-4736-41c6-9315-d946a3c071d0,c3958dee-851d-470b-904b-2481b8a86eef,c7f7b971-19fa-46c7-849d-4c5982a86ff7,d3a112e4-d578-4d5c-ac52-9a9c551f924a",,
6a0a6c7a-96ad-4250-bb4e-b959e0104b63,VISH-25-10-0963,af16fe79-211b-993d-45cc-0c97af4a725c,a361bd0d-c2c1-2aee-6303-d65de004edd0,B24,8aaf14fc-4fb9-d280-3018-d757243c952b,a5831922-eaeb-48c2-941c-fd96fae8813d,AC Issues,,1f66dc02-27aa-4363-bd97-2df70371ebb0,Medium,apartment_type_multi,2,"1f66dc02-27aa-4363-bd97-2df70371ebb0,ce9964be-389f-4a84-b81c-ea22ddc62eb4",Air Conditioner,
84508b32-6d5e-64fe-b469-9bdf32f62409,VISH-25-10-0964,af16fe79-211b-993d-45cc-0c97af4a725c,a361bd0d-c2c1-2aee-6303-d65de004edd0,B24,8aaf14fc-4fb9-d280-3018-d757243c952b,28158382-d5c1-436c-927b-3e3d9855c2af,Electrical Issues,,,Low,apartment_type_many,5,"59bcd00f-90a9-4dc0-b1cd-bf61401d5de7,a53f936a-4736-41c6-9315-d946a3c071d0,c3958dee-851d-470b-904b-2481b8a86eef,c7f7b971-19fa-46c7-849d-4c5982a86ff7,d3a112e4-d578-4d5c-ac52-9a9c551f924a",,
b251a63a-cfc3-adbc-edd9-8cd1e968f45c,VISH-25-11-0965,af16fe79-211b-993d-45cc-0c97af4a725c,a361bd0d-c2c1-2aee-6303-d65de004edd0,B24,8aaf14fc-4fb9-d280-3018-d757243c952b,7917cc13-aaca-4558-a2c2-8be5cd8fc159,Internet Issues,,,Low,apartment_issue_type_unmapped,40,,,
ba05cf16-9e6f-fea7-8a18-d319411a2aad,VISH-25-11-0966,a64019d6-e321-3cb8-e823-478ced6ff4c2,0a839c14-2a88-9896-c2f2-8d51fe610405,A24,19becc73-ba94-4a59-e2ef-19d1d342aee3,47389994-b201-4bb1-bf91-8bce4dbde510,Other,,,Low,bed_issue_type_unmapped,5,,,
16a68c05-d6f0-5226-4818-eb0fb78a93bd,VISH-25-10-0967,128bd731-e1fe-63b6-3451-759840d80453,1b4d1066-8fe4-199b-7b3b-39e4bded9714,C41,e490e3a6-9e5c-a6b8-a156-bfb492b8b0a4,abc84f5b-a950-406e-ab46-cefbe11df925,Cleaning Issues,,,Low,bed_issue_type_unmapped,5,,,
6650481d-5a62-3022-687f-6542f0a05b3a,VISH-25-10-0968,128bd731-e1fe-63b6-3451-759840d80453,1b4d1066-8fe4-199b-7b3b-39e4bded9714,C41,e490e3a6-9e5c-a6b8-a156-bfb492b8b0a4,47389994-b201-4bb1-bf91-8bce4dbde510,Other,,,Low,bed_issue_type_unmapped,5,,,
821cbec5-596a-7f0e-6daa-f71788c6f3dc,VISH-25-10-0969,e51d0052-6144-0814-9748-12b1e6c3b68a,aa73cade-c28c-dc5b-5980-55801ea0d415,B33,e240e3e5-c69e-eb28-28a3-e88cb6561735,e2aa2aaa-8af6-4807-9a4e-7665c5421eed,Furniture,,34df9a0b-4208-4901-baa8-c1b03076e57a,Medium,bed_type_multi,3,"34df9a0b-4208-4901-baa8-c1b03076e57a,544b7073-6afc-400a-bb6d-561234a7664d,57eb404d-4ae5-4503-846c-7fbf696a0e79",Mattress,
0805c9b9-4ad2-eee5-4d20-2e2b186860bc,VISH-25-10-0970,e51d0052-6144-0814-9748-12b1e6c3b68a,aa73cade-c28c-dc5b-5980-55801ea0d415,B33,e240e3e5-c69e-eb28-28a3-e88cb6561735,e2aa2aaa-8af6-4807-9a4e-7665c5421eed,Furniture,,34df9a0b-4208-4901-baa8-c1b03076e57a,Medium,bed_type_multi,3,"34df9a0b-4208-4901-baa8-c1b03076e57a,544b7073-6afc-400a-bb6d-561234a7664d,57eb404d-4ae5-4503-846c-7fbf696a0e79",Mattress,
a719dcef-1785-485c-64ae-61d1a0ff249b,VISH-25-12-0971,e51d0052-6144-0814-9748-12b1e6c3b68a,aa73cade-c28c-dc5b-5980-55801ea0d415,B33,e240e3e5-c69e-eb28-28a3-e88cb6561735,a5831922-eaeb-48c2-941c-fd96fae8813d,AC Issues,,,Low,bed_no_type_match,0,,,
57973195-46ef-4872-a4bc-28f3eab8fd71,VIST-26-04-00006,cda37b51-1bbc-af0d-a560-49af88fdc751,79853a4a-cb02-508c-e041-7e23378aec9c,A41,f108b08d-b6c6-e6fe-5782-ba89ca9c16ad,28158382-d5c1-436c-927b-3e3d9855c2af,Electrical Issues,2026-04-20 04:58:25.112180,9d1e311a-cb0a-4ed0-a1a5-54bafa0ca837,High,bed_type_unique,1,9d1e311a-cb0a-4ed0-a1a5-54bafa0ca837,Fan,
93e4010d-b202-4327-4291-8608090b4249,VISH-26-02-1033,6f622055-47c5-9b2c-b332-2d5d01953e51,0a839c14-2a88-9896-c2f2-8d51fe610405,A24,2225fe89-e491-892a-6af9-3161efe26613,a5831922-eaeb-48c2-941c-fd96fae8813d,AC Issues,,84fadbc1-0050-4330-a93c-81d5666058b8,Verified,direct_asset_id,1,84fadbc1-0050-4330-a93c-81d5666058b8,Air Conditioner,
ab512c3f-da9f-2cf3-0a27-98f2af55e3e9,VISH-25-10-0972,b285539d-6e4c-f6f5-ee68-2dc683541067,aa73cade-c28c-dc5b-5980-55801ea0d415,B33,50d7a816-da06-6897-ffe0-cb694a257dec,7917cc13-aaca-4558-a2c2-8be5cd8fc159,Internet Issues,,,Low,bed_issue_type_unmapped,5,,,
b6192ba9-f4c2-080e-2cac-5c0a8a33d47d,VISH-25-10-0973,b285539d-6e4c-f6f5-ee68-2dc683541067,aa73cade-c28c-dc5b-5980-55801ea0d415,B33,50d7a816-da06-6897-ffe0-cb694a257dec,caf6381e-5189-4c1f-bf0a-4dfd99d9b9e7,Washing machine Issue,,,Low,bed_no_type_match,0,,,
1493d90e-ab4a-15f0-9f8b-2547f4e3d840,VISH-25-10-0974,b285539d-6e4c-f6f5-ee68-2dc683541067,aa73cade-c28c-dc5b-5980-55801ea0d415,B33,50d7a816-da06-6897-ffe0-cb694a257dec,e2aa2aaa-8af6-4807-9a4e-7665c5421eed,Furniture,,482ebc6b-9875-4f32-b96c-ea193c4fe7ad,Medium,bed_type_multi,3,"482ebc6b-9875-4f32-b96c-ea193c4fe7ad,b23f3ed6-3bba-4a28-85bc-ebea924f5eb6,ff1e9e8a-fddb-4d0a-a735-4f9d8166e956",Cupboard,
77ac97b6-db0c-f7ed-82b2-d93e60dd841b,VISH-25-11-0975,b285539d-6e4c-f6f5-ee68-2dc683541067,aa73cade-c28c-dc5b-5980-55801ea0d415,B33,50d7a816-da06-6897-ffe0-cb694a257dec,caf6381e-5189-4c1f-bf0a-4dfd99d9b9e7,Washing machine Issue,,,Low,bed_no_type_match,0,,,
4cc5dd3d-04d1-7f06-9ae3-afc57770ff48,VISH-25-11-0976,b285539d-6e4c-f6f5-ee68-2dc683541067,aa73cade-c28c-dc5b-5980-55801ea0d415,B33,50d7a816-da06-6897-ffe0-cb694a257dec,caf6381e-5189-4c1f-bf0a-4dfd99d9b9e7,Washing machine Issue,,,Low,bed_no_type_match,0,,,
e0e96049-7aab-68ce-ff57-adba7d041458,VISH-25-11-0977,b285539d-6e4c-f6f5-ee68-2dc683541067,aa73cade-c28c-dc5b-5980-55801ea0d415,B33,50d7a816-da06-6897-ffe0-cb694a257dec,caf6381e-5189-4c1f-bf0a-4dfd99d9b9e7,Washing machine Issue,,,Low,bed_no_type_match,0,,,
da7b9309-d948-ccad-e28e-28896693e56e,VISH-25-11-0978,b285539d-6e4c-f6f5-ee68-2dc683541067,aa73cade-c28c-dc5b-5980-55801ea0d415,B33,50d7a816-da06-6897-ffe0-cb694a257dec,abc84f5b-a950-406e-ab46-cefbe11df925,Cleaning Issues,,,Low,bed_issue_type_unmapped,5,,,
0a18b8da-f50d-17cf-cfc6-fbf63a5b2cd5,VISH-25-11-0979,b285539d-6e4c-f6f5-ee68-2dc683541067,aa73cade-c28c-dc5b-5980-55801ea0d415,B33,50d7a816-da06-6897-ffe0-cb694a257dec,28158382-d5c1-436c-927b-3e3d9855c2af,Electrical Issues,,c7d66935-49df-474a-af4e-5db892413e2e,High,bed_type_unique,1,c7d66935-49df-474a-af4e-5db892413e2e,Fan,
e59b8693-c216-f7a0-2b8d-e0f32303ee18,VISH-25-12-0980,b285539d-6e4c-f6f5-ee68-2dc683541067,aa73cade-c28c-dc5b-5980-55801ea0d415,B33,50d7a816-da06-6897-ffe0-cb694a257dec,47389994-b201-4bb1-bf91-8bce4dbde510,Other,,,Low,bed_issue_type_unmapped,5,,,
17328753-a5c5-1f60-e28a-9b49fa7d88b5,VISH-26-01-0981,b285539d-6e4c-f6f5-ee68-2dc683541067,aa73cade-c28c-dc5b-5980-55801ea0d415,B33,50d7a816-da06-6897-ffe0-cb694a257dec,a5831922-eaeb-48c2-941c-fd96fae8813d,AC Issues,,999d799d-ddf8-4e3e-9913-bf8a20411d21,High,bed_type_unique,1,999d799d-ddf8-4e3e-9913-bf8a20411d21,Air Conditioner,
5a2444ea-07e6-ed92-4e88-8ce8c301eabb,VISH-25-11-0982,55e6e452-fae2-a5ac-3c12-21424bffbcac,9d5d0096-0b78-a663-1142-be871dfa2bda,C42,5964e174-4d85-43f8-388d-3f66a1ecbd0e,e2aa2aaa-8af6-4807-9a4e-7665c5421eed,Furniture,,,Low,bed_type_many,4,"2596d296-c644-4c8a-b053-c799b6510ebb,95b84f44-77e6-4a6b-a2e2-551fcd7be487,beeb0025-1b3b-46c5-9285-606f4ef9a426,eda39682-5ae1-4636-b877-59618e5ad714",,
9065ed47-28c5-ddb8-a33c-4b971bea31d9,VISH-25-11-0983,55e6e452-fae2-a5ac-3c12-21424bffbcac,9d5d0096-0b78-a663-1142-be871dfa2bda,C42,5964e174-4d85-43f8-388d-3f66a1ecbd0e,d76dd3bd-ccb7-4991-a01f-ce158dfe908e,Plumbing,,,Low,bed_issue_type_unmapped,4,,,
af5bb683-0bb1-484c-812a-6c365e52ad8a,VISH-25-10-0984,8b018cc7-2387-99c8-5b29-d1ab1f7b635e,2fc42a4f-fe5a-ae08-0e4e-2c89ca71db85,B11,f874f74a-642d-0943-eaae-4c54a18982cf,01208ba1-4225-4a61-be39-3afe03dad690,RO Water Issues,,,Low,bed_no_type_match,0,,,
e4cac291-f415-0324-2de7-52b987aafabc,VISH-25-12-0985,8b018cc7-2387-99c8-5b29-d1ab1f7b635e,2fc42a4f-fe5a-ae08-0e4e-2c89ca71db85,B11,f874f74a-642d-0943-eaae-4c54a18982cf,d76dd3bd-ccb7-4991-a01f-ce158dfe908e,Plumbing,,,Low,bed_issue_type_unmapped,5,,,
90c31ba1-869a-fdc8-be8e-965549b7287d,VISH-25-12-0986,8b018cc7-2387-99c8-5b29-d1ab1f7b635e,2fc42a4f-fe5a-ae08-0e4e-2c89ca71db85,B11,f874f74a-642d-0943-eaae-4c54a18982cf,d76dd3bd-ccb7-4991-a01f-ce158dfe908e,Plumbing,,,Low,bed_issue_type_unmapped,5,,,
f07c107b-1e23-b654-2ba7-81e6d9650bd7,VISH-26-02-0987,8b018cc7-2387-99c8-5b29-d1ab1f7b635e,2fc42a4f-fe5a-ae08-0e4e-2c89ca71db85,B11,f874f74a-642d-0943-eaae-4c54a18982cf,caf6381e-5189-4c1f-bf0a-4dfd99d9b9e7,Washing machine Issue,,,Low,bed_no_type_match,0,,,
f30105ad-0686-e5c3-9260-847b452c3f09,VISH-26-02-0988,8b018cc7-2387-99c8-5b29-d1ab1f7b635e,2fc42a4f-fe5a-ae08-0e4e-2c89ca71db85,B11,f874f74a-642d-0943-eaae-4c54a18982cf,47389994-b201-4bb1-bf91-8bce4dbde510,Other,,,Low,bed_issue_type_unmapped,5,,,
f786ac47-d29a-9f0b-acd2-c179e0d5c49e,VISH-26-02-0989,8b018cc7-2387-99c8-5b29-d1ab1f7b635e,2fc42a4f-fe5a-ae08-0e4e-2c89ca71db85,B11,f874f74a-642d-0943-eaae-4c54a18982cf,a5831922-eaeb-48c2-941c-fd96fae8813d,AC Issues,,,Low,bed_no_type_match,0,,,
6c82af21-3118-bc00-d7d7-b17d04a03d84,VISH-26-03-0990,8b018cc7-2387-99c8-5b29-d1ab1f7b635e,2fc42a4f-fe5a-ae08-0e4e-2c89ca71db85,B11,f874f74a-642d-0943-eaae-4c54a18982cf,a5831922-eaeb-48c2-941c-fd96fae8813d,AC Issues,,,Low,bed_no_type_match,0,,,
0a89b554-b3fb-a037-300d-b6700f9ea741,VISH-26-02-0997,21e237d1-286e-324e-0cef-45725d629768,b0d4d2c8-f6ee-bc16-ffd7-fc33c8db8571,A23,3adf68ca-04d2-f3f2-6459-8418efbb3e0a,01208ba1-4225-4a61-be39-3afe03dad690,RO Water Issues,,98885f45-4010-403c-8884-8649d4cdd02a,Verified,direct_asset_id,1,98885f45-4010-403c-8884-8649d4cdd02a,RO Water Purifier,2023-03-30
1fdfe0db-a50f-8eb9-b0ef-6eb600ad4b20,VISH-25-12-0991,e10472f5-6434-2a96-6c28-13939f90427f,03edc7c5-4c46-b55e-523d-9fb7be29910b,A44,69a06a67-b0da-0493-6495-0620f46df91c,47389994-b201-4bb1-bf91-8bce4dbde510,Other,,,Low,bed_issue_type_unmapped,5,,,
ec1414fb-cf85-4da2-c91b-435bcbe0bedf,VISH-26-03-0992,4f75b0ca-7bed-c37c-cfd4-1e361a1bb6d4,79853a4a-cb02-508c-e041-7e23378aec9c,A41,46708e4f-0f36-d317-bc46-7cc2bcfc59ea,01208ba1-4225-4a61-be39-3afe03dad690,RO Water Issues,,,Low,bed_no_type_match,0,,,
f76bea3c-a024-2745-4b06-c1021739cddf,VISH-26-03-0993,4f75b0ca-7bed-c37c-cfd4-1e361a1bb6d4,79853a4a-cb02-508c-e041-7e23378aec9c,A41,46708e4f-0f36-d317-bc46-7cc2bcfc59ea,caf6381e-5189-4c1f-bf0a-4dfd99d9b9e7,Washing machine Issue,,,Low,bed_no_type_match,0,,,
7fb63f92-3d08-f01c-d3bb-36d5a14e53a1,VISH-26-03-0994,011b7d1c-5697-5394-c05b-fa0473640657,82b270bf-e567-2deb-5ef3-495baafd7645,B14,5b45fa77-c694-2c4b-9657-29944633ded5,28158382-d5c1-436c-927b-3e3d9855c2af,Electrical Issues,,affc59e1-4e50-4b39-9026-c4adbf601fdb,High,bed_type_unique,1,affc59e1-4e50-4b39-9026-c4adbf601fdb,Fan,
b784ebad-ba4a-a89b-f48b-765c27359637,VISH-26-03-0995,011b7d1c-5697-5394-c05b-fa0473640657,82b270bf-e567-2deb-5ef3-495baafd7645,B14,5b45fa77-c694-2c4b-9657-29944633ded5,e2aa2aaa-8af6-4807-9a4e-7665c5421eed,Furniture,,,Low,bed_type_many,5,"02467f34-667c-4200-bf02-090ec6274180,027f3f55-ff33-4f42-80c7-3057a240005c,3d922a51-fe63-417d-8da2-a5bf53202a07,4f41137c-adb3-4668-b87a-609c7cbe34ba,69d9c8cf-57c5-475e-a120-c23829948970",,
f48d3aa0-e5e8-3cfe-115b-f5106cf97e9f,VISH-26-02-0996,21e237d1-286e-324e-0cef-45725d629768,b0d4d2c8-f6ee-bc16-ffd7-fc33c8db8571,A23,3adf68ca-04d2-f3f2-6459-8418efbb3e0a,a5831922-eaeb-48c2-941c-fd96fae8813d,AC Issues,,bb6e04f9-78bd-4e10-921f-10a2f48b185f,High,bed_type_unique,1,bb6e04f9-78bd-4e10-921f-10a2f48b185f,Air Conditioner,
aaf86792-b98d-1597-72ca-01e51d266008,VISH-26-01-0998,a4709d2c-85e2-3d68-7467-1eaf879ba2c9,990e8a3e-a69c-7b31-f606-3eeb21e3d4c6,C34,f226894e-3765-1bd7-6cda-03e887bc56b3,abc84f5b-a950-406e-ab46-cefbe11df925,Cleaning Issues,,,Low,bed_issue_type_unmapped,4,,,
a6ec090b-d381-1f63-6f28-1bb81b6d0ec5,VISH-26-02-0999,a4709d2c-85e2-3d68-7467-1eaf879ba2c9,990e8a3e-a69c-7b31-f606-3eeb21e3d4c6,C34,f226894e-3765-1bd7-6cda-03e887bc56b3,7917cc13-aaca-4558-a2c2-8be5cd8fc159,Internet Issues,,,Low,bed_issue_type_unmapped,4,,,
0572540d-7d3d-cd44-9ef0-84a477a4859b,VISH-26-02-1000,a4709d2c-85e2-3d68-7467-1eaf879ba2c9,990e8a3e-a69c-7b31-f606-3eeb21e3d4c6,C34,f226894e-3765-1bd7-6cda-03e887bc56b3,7917cc13-aaca-4558-a2c2-8be5cd8fc159,Internet Issues,,,Low,bed_issue_type_unmapped,4,,,
13ee6ea9-d5b3-fd62-c035-e9bb1d8e7fe6,VISH-26-02-1001,a4709d2c-85e2-3d68-7467-1eaf879ba2c9,990e8a3e-a69c-7b31-f606-3eeb21e3d4c6,C34,f226894e-3765-1bd7-6cda-03e887bc56b3,7917cc13-aaca-4558-a2c2-8be5cd8fc159,Internet Issues,,,Low,bed_issue_type_unmapped,4,,,
480e1668-6e43-9dc4-959d-3963c3e3241d,VISH-26-03-1002,a4709d2c-85e2-3d68-7467-1eaf879ba2c9,990e8a3e-a69c-7b31-f606-3eeb21e3d4c6,C34,f226894e-3765-1bd7-6cda-03e887bc56b3,7917cc13-aaca-4558-a2c2-8be5cd8fc159,Internet Issues,,,Low,bed_issue_type_unmapped,4,,,
14d0b195-1ffe-975f-40ea-5fe1145df246,VISH-26-02-1003,0d81cbb9-7b2a-918b-bd00-d151c65848ea,b0d4d2c8-f6ee-bc16-ffd7-fc33c8db8571,A23,caf1f559-25d7-959b-c416-cb63f4ded6cc,caf6381e-5189-4c1f-bf0a-4dfd99d9b9e7,Washing machine Issue,,,Low,bed_no_type_match,0,,,
5cb7e17e-1c68-3dd4-1d87-b0da116c9bff,VISH-26-02-1004,0d81cbb9-7b2a-918b-bd00-d151c65848ea,b0d4d2c8-f6ee-bc16-ffd7-fc33c8db8571,A23,caf1f559-25d7-959b-c416-cb63f4ded6cc,a5831922-eaeb-48c2-941c-fd96fae8813d,AC Issues,,9a617a18-45e3-4139-8e9b-4babbc1c20eb,High,bed_type_unique,1,9a617a18-45e3-4139-8e9b-4babbc1c20eb,Air Conditioner,
08f019f5-aa34-6393-259c-8e382deecf44,VISH-26-02-1005,0d81cbb9-7b2a-918b-bd00-d151c65848ea,b0d4d2c8-f6ee-bc16-ffd7-fc33c8db8571,A23,caf1f559-25d7-959b-c416-cb63f4ded6cc,47389994-b201-4bb1-bf91-8bce4dbde510,Other,,,Low,bed_issue_type_unmapped,6,,,
5ffb0b10-ca2c-0d93-3b99-c455861c885c,VISH-26-02-1006,0d81cbb9-7b2a-918b-bd00-d151c65848ea,b0d4d2c8-f6ee-bc16-ffd7-fc33c8db8571,A23,caf1f559-25d7-959b-c416-cb63f4ded6cc,d76dd3bd-ccb7-4991-a01f-ce158dfe908e,Plumbing,,,Low,bed_issue_type_unmapped,6,,,
89cf9415-cb4b-a9d1-bb61-ecb5e2aaa387,VISH-26-03-1007,1a3b6c74-26e1-7124-0b5c-7f783d71624d,ffbd5fe0-d9b3-cb55-cfd7-2d72a3498109,B43,717b9b58-969a-8452-088a-972edaf5da24,d76dd3bd-ccb7-4991-a01f-ce158dfe908e,Plumbing,,,Low,bed_issue_type_unmapped,4,,,
4e65b997-6dbd-5e6a-2790-5433ef5a8664,VISH-26-02-1008,c3c77367-5f51-f7a7-e667-0e3480f53751,a361bd0d-c2c1-2aee-6303-d65de004edd0,B24,ac9af09e-62c0-08f5-e71e-d14dc5f83e6d,01208ba1-4225-4a61-be39-3afe03dad690,RO Water Issues,,,Low,bed_no_type_match,0,,,
1aba1441-2df9-79da-5819-d950afda374e,VISH-26-02-1009,c3c77367-5f51-f7a7-e667-0e3480f53751,a361bd0d-c2c1-2aee-6303-d65de004edd0,B24,ac9af09e-62c0-08f5-e71e-d14dc5f83e6d,a5831922-eaeb-48c2-941c-fd96fae8813d,AC Issues,,1f66dc02-27aa-4363-bd97-2df70371ebb0,High,bed_type_unique,1,1f66dc02-27aa-4363-bd97-2df70371ebb0,Air Conditioner,
1297c3c4-025b-4f26-c633-718fc36ed0ee,VISH-26-02-1010,c3c77367-5f51-f7a7-e667-0e3480f53751,a361bd0d-c2c1-2aee-6303-d65de004edd0,B24,ac9af09e-62c0-08f5-e71e-d14dc5f83e6d,e2aa2aaa-8af6-4807-9a4e-7665c5421eed,Furniture,,3df1c8ab-d1ad-4212-85a2-df0bf0d916a6,Medium,bed_type_multi,3,"3df1c8ab-d1ad-4212-85a2-df0bf0d916a6,9119d443-02f9-4dc5-8235-c98702f25ce2,c6d34ded-032e-40a5-93c1-9762e101bab5",Mattress,
8d69ff83-3b77-b53e-15d6-cb22c193e5a1,VISH-26-02-1011,c3c77367-5f51-f7a7-e667-0e3480f53751,a361bd0d-c2c1-2aee-6303-d65de004edd0,B24,ac9af09e-62c0-08f5-e71e-d14dc5f83e6d,a5831922-eaeb-48c2-941c-fd96fae8813d,AC Issues,,1f66dc02-27aa-4363-bd97-2df70371ebb0,High,bed_type_unique,1,1f66dc02-27aa-4363-bd97-2df70371ebb0,Air Conditioner,
ea45107c-8117-e94f-238f-5a2a66b9f1ee,VISH-26-03-1012,c3c77367-5f51-f7a7-e667-0e3480f53751,a361bd0d-c2c1-2aee-6303-d65de004edd0,B24,ac9af09e-62c0-08f5-e71e-d14dc5f83e6d,47389994-b201-4bb1-bf91-8bce4dbde510,Other,,,Low,bed_issue_type_unmapped,4,,,
d8ac9d4d-262c-01ac-c1f9-4436162b2e95,VISH-26-03-1013,c3c77367-5f51-f7a7-e667-0e3480f53751,a361bd0d-c2c1-2aee-6303-d65de004edd0,B24,ac9af09e-62c0-08f5-e71e-d14dc5f83e6d,7917cc13-aaca-4558-a2c2-8be5cd8fc159,Internet Issues,,,Low,bed_issue_type_unmapped,4,,,
27f8d0e4-1105-9ba5-cbdf-1b73d5c8f7fa,VISH-26-03-1014,c3c77367-5f51-f7a7-e667-0e3480f53751,a361bd0d-c2c1-2aee-6303-d65de004edd0,B24,ac9af09e-62c0-08f5-e71e-d14dc5f83e6d,a5831922-eaeb-48c2-941c-fd96fae8813d,AC Issues,,1f66dc02-27aa-4363-bd97-2df70371ebb0,High,bed_type_unique,1,1f66dc02-27aa-4363-bd97-2df70371ebb0,Air Conditioner,
69c81b2b-edb9-f6b2-751a-223d282840df,VISH-26-03-1015,c3c77367-5f51-f7a7-e667-0e3480f53751,a361bd0d-c2c1-2aee-6303-d65de004edd0,B24,ac9af09e-62c0-08f5-e71e-d14dc5f83e6d,47389994-b201-4bb1-bf91-8bce4dbde510,Other,,,Low,bed_issue_type_unmapped,4,,,
621220cf-d586-225a-2015-4c269cdcce23,VISH-26-02-1016,26b16f30-da65-8aa3-d1ec-4867ac2a8f35,a361bd0d-c2c1-2aee-6303-d65de004edd0,B24,a4def813-d3a1-fa98-de2f-18ad2a9699a7,a5831922-eaeb-48c2-941c-fd96fae8813d,AC Issues,,,Low,bed_no_type_match,0,,,
d5372a25-6e83-df83-ddec-2223d3361967,VISH-26-02-1017,26b16f30-da65-8aa3-d1ec-4867ac2a8f35,a361bd0d-c2c1-2aee-6303-d65de004edd0,B24,a4def813-d3a1-fa98-de2f-18ad2a9699a7,01208ba1-4225-4a61-be39-3afe03dad690,RO Water Issues,,,Low,bed_no_type_match,0,,,
76d4e83a-f486-5e8c-e50a-fae0a7740d4b,VISH-26-02-1018,26b16f30-da65-8aa3-d1ec-4867ac2a8f35,a361bd0d-c2c1-2aee-6303-d65de004edd0,B24,a4def813-d3a1-fa98-de2f-18ad2a9699a7,a5831922-eaeb-48c2-941c-fd96fae8813d,AC Issues,,,Low,bed_no_type_match,0,,,
03dd5932-a744-d556-f6df-d587ca1d1a8f,VISH-26-03-1019,26b16f30-da65-8aa3-d1ec-4867ac2a8f35,a361bd0d-c2c1-2aee-6303-d65de004edd0,B24,a4def813-d3a1-fa98-de2f-18ad2a9699a7,a5831922-eaeb-48c2-941c-fd96fae8813d,AC Issues,,,Low,bed_no_type_match,0,,,
7f38453a-97e7-d781-41c6-ae3e648a45c7,VISH-26-03-1020,73715344-908a-b7fa-00cc-34358ffb16f0,ffbd5fe0-d9b3-cb55-cfd7-2d72a3498109,B43,7fe69b36-41b0-fb38-f990-b56311e3fbad,ec405235-70e9-407e-9aa2-b877f8f36af8,Fridge Issues,,,Low,bed_no_type_match,0,,,
614e6ff4-beb4-bf82-cda2-ad9fd855eaf4,VISH-26-03-1021,73715344-908a-b7fa-00cc-34358ffb16f0,ffbd5fe0-d9b3-cb55-cfd7-2d72a3498109,B43,7fe69b36-41b0-fb38-f990-b56311e3fbad,e2aa2aaa-8af6-4807-9a4e-7665c5421eed,Furniture,,,Low,bed_type_many,4,"0967fd74-fd2c-4539-b4b1-7cb49990aef4,63704af6-b3ea-4ce1-86a1-99d81f36ea95,6eda6c3d-1ec3-4341-9ce9-3bea1aeed91d,fc002b3d-8e01-4321-b31b-f5935107966b",,
9f554f6d-697f-0963-d5c1-2d14d15be9ce,VISH-26-01-1022,e99afa10-6249-3f5b-4364-da75f89e34f9,86ad1ceb-8d81-a926-d998-3a2f1cafba06,C24,f64ad55d-d5e9-6b9e-9676-efeb66d20201,01208ba1-4225-4a61-be39-3afe03dad690,RO Water Issues,,,Low,bed_no_type_match,0,,,
1edfb329-5f3a-1274-ed2d-d13041a43352,VISH-26-02-1023,e99afa10-6249-3f5b-4364-da75f89e34f9,86ad1ceb-8d81-a926-d998-3a2f1cafba06,C24,f64ad55d-d5e9-6b9e-9676-efeb66d20201,a5831922-eaeb-48c2-941c-fd96fae8813d,AC Issues,,,Low,bed_no_type_match,0,,,
e02ffcaf-5ebc-8c38-d6f8-b784d77ec015,VISH-26-02-1024,e99afa10-6249-3f5b-4364-da75f89e34f9,86ad1ceb-8d81-a926-d998-3a2f1cafba06,C24,f64ad55d-d5e9-6b9e-9676-efeb66d20201,abc84f5b-a950-406e-ab46-cefbe11df925,Cleaning Issues,,,Low,bed_issue_type_unmapped,3,,,
b63d6c63-ac9e-04e3-8068-387d8a2604ac,VISH-26-02-1025,e99afa10-6249-3f5b-4364-da75f89e34f9,86ad1ceb-8d81-a926-d998-3a2f1cafba06,C24,f64ad55d-d5e9-6b9e-9676-efeb66d20201,abc84f5b-a950-406e-ab46-cefbe11df925,Cleaning Issues,,,Low,bed_issue_type_unmapped,3,,,
47460e2a-6de5-9f3c-e85d-26a87e88b9f9,VISH-26-02-1026,e99afa10-6249-3f5b-4364-da75f89e34f9,86ad1ceb-8d81-a926-d998-3a2f1cafba06,C24,f64ad55d-d5e9-6b9e-9676-efeb66d20201,abc84f5b-a950-406e-ab46-cefbe11df925,Cleaning Issues,,,Low,bed_issue_type_unmapped,3,,,
91b192c9-411f-105d-d6ec-927d7c2dee6b,VISH-26-02-1027,e99afa10-6249-3f5b-4364-da75f89e34f9,86ad1ceb-8d81-a926-d998-3a2f1cafba06,C24,f64ad55d-d5e9-6b9e-9676-efeb66d20201,e2aa2aaa-8af6-4807-9a4e-7665c5421eed,Furniture,,40159b54-d740-4443-98b1-737d4dbf853e,Medium,bed_type_multi,2,"40159b54-d740-4443-98b1-737d4dbf853e,4f576513-fd80-459e-b380-4a5a8b31ab0b",Cot (Bed Frame),
356c677e-db70-f33b-f02f-ce37c899ca6e,VISH-26-03-1028,e99afa10-6249-3f5b-4364-da75f89e34f9,86ad1ceb-8d81-a926-d998-3a2f1cafba06,C24,f64ad55d-d5e9-6b9e-9676-efeb66d20201,e2aa2aaa-8af6-4807-9a4e-7665c5421eed,Furniture,,40159b54-d740-4443-98b1-737d4dbf853e,Medium,bed_type_multi,2,"40159b54-d740-4443-98b1-737d4dbf853e,4f576513-fd80-459e-b380-4a5a8b31ab0b",Cot (Bed Frame),
6ad64ebc-fb2d-1b48-26e8-7981913864c5,VISH-26-03-1029,e99afa10-6249-3f5b-4364-da75f89e34f9,86ad1ceb-8d81-a926-d998-3a2f1cafba06,C24,f64ad55d-d5e9-6b9e-9676-efeb66d20201,d76dd3bd-ccb7-4991-a01f-ce158dfe908e,Plumbing,,,Low,bed_issue_type_unmapped,3,,,
e78bc5cf-1343-a638-4a87-8217095ae1d3,VISH-26-03-1030,e99afa10-6249-3f5b-4364-da75f89e34f9,86ad1ceb-8d81-a926-d998-3a2f1cafba06,C24,f64ad55d-d5e9-6b9e-9676-efeb66d20201,28158382-d5c1-436c-927b-3e3d9855c2af,Electrical Issues,,ab789334-fbcd-43c7-bee0-ff6a046cfaab,High,bed_type_unique,1,ab789334-fbcd-43c7-bee0-ff6a046cfaab,Fan,
80eb03c0-513c-da92-e47b-dd2f93a5f84b,VISH-26-01-1031,6f622055-47c5-9b2c-b332-2d5d01953e51,0a839c14-2a88-9896-c2f2-8d51fe610405,A24,2225fe89-e491-892a-6af9-3161efe26613,d76dd3bd-ccb7-4991-a01f-ce158dfe908e,Plumbing,,,Low,bed_issue_type_unmapped,9,,,
ebd37461-93f5-9c36-a2fb-878d4d81fd60,VISH-26-02-1032,6f622055-47c5-9b2c-b332-2d5d01953e51,0a839c14-2a88-9896-c2f2-8d51fe610405,A24,2225fe89-e491-892a-6af9-3161efe26613,47389994-b201-4bb1-bf91-8bce4dbde510,Other,,,Low,bed_issue_type_unmapped,9,,,
6467266a-fc62-74a4-2746-da4c889a1cb8,VISH-26-02-1034,1a171004-7682-1c39-e6a2-758b668c33b0,a361bd0d-c2c1-2aee-6303-d65de004edd0,B24,8aaf14fc-4fb9-d280-3018-d757243c952b,01208ba1-4225-4a61-be39-3afe03dad690,RO Water Issues,,3b8bb692-7a19-4edd-9e46-ac377618d820,Medium,apartment_type_unique,1,3b8bb692-7a19-4edd-9e46-ac377618d820,RO Water Purifier,2026-02-09
1e804873-1f01-2439-a1b2-e24dface96d9,VISH-26-02-1035,1a171004-7682-1c39-e6a2-758b668c33b0,a361bd0d-c2c1-2aee-6303-d65de004edd0,B24,8aaf14fc-4fb9-d280-3018-d757243c952b,47389994-b201-4bb1-bf91-8bce4dbde510,Other,,,Low,apartment_issue_type_unmapped,40,,,
57584f0a-35f3-99af-bc46-f728d7ce662b,VISH-26-02-1036,1422ace8-beea-6d1b-73fd-1d30597b40d5,9d5d0096-0b78-a663-1142-be871dfa2bda,C42,235bd597-22a1-f0f2-0d40-a0a2f59f41fd,a5831922-eaeb-48c2-941c-fd96fae8813d,AC Issues,,38024f17-c961-4963-a0ed-d681e192a3f6,High,bed_type_unique,1,38024f17-c961-4963-a0ed-d681e192a3f6,Air Conditioner,
a110dcd6-57ff-f65e-a9f4-ad68d52f5ed7,VISH-26-03-1037,1422ace8-beea-6d1b-73fd-1d30597b40d5,9d5d0096-0b78-a663-1142-be871dfa2bda,C42,235bd597-22a1-f0f2-0d40-a0a2f59f41fd,7917cc13-aaca-4558-a2c2-8be5cd8fc159,Internet Issues,,,Low,bed_issue_type_unmapped,8,,,
a0fd9654-eb9e-da53-7b73-6db617b432e2,VISH-26-01-1038,00ff5468-3680-2a12-23e4-82855ab3c697,10c6863d-07c3-4fc4-94f9-6adc29157ce1,C31,32dfa2d6-dbf8-4dd2-90a0-e664e838b0ac,a5831922-eaeb-48c2-941c-fd96fae8813d,AC Issues,,d9a2ce08-6abd-43c3-bbf2-33b0c187a3b5,High,bed_type_unique,1,d9a2ce08-6abd-43c3-bbf2-33b0c187a3b5,Air Conditioner,
53a8bb41-b03a-6d85-efe4-aed7c835660c,VISH-26-03-1039,00ff5468-3680-2a12-23e4-82855ab3c697,10c6863d-07c3-4fc4-94f9-6adc29157ce1,C31,32dfa2d6-dbf8-4dd2-90a0-e664e838b0ac,a5831922-eaeb-48c2-941c-fd96fae8813d,AC Issues,,d9a2ce08-6abd-43c3-bbf2-33b0c187a3b5,High,bed_type_unique,1,d9a2ce08-6abd-43c3-bbf2-33b0c187a3b5,Air Conditioner,
014cb7c7-f017-ac40-2dae-689e423794d2,VISH-26-03-1040,00ff5468-3680-2a12-23e4-82855ab3c697,10c6863d-07c3-4fc4-94f9-6adc29157ce1,C31,32dfa2d6-dbf8-4dd2-90a0-e664e838b0ac,abc84f5b-a950-406e-ab46-cefbe11df925,Cleaning Issues,,,Low,bed_issue_type_unmapped,6,,,
ae693564-6289-cfb1-cead-e6d8e4e9ba2c,VISH-26-03-1041,00ff5468-3680-2a12-23e4-82855ab3c697,10c6863d-07c3-4fc4-94f9-6adc29157ce1,C31,32dfa2d6-dbf8-4dd2-90a0-e664e838b0ac,a5831922-eaeb-48c2-941c-fd96fae8813d,AC Issues,,d9a2ce08-6abd-43c3-bbf2-33b0c187a3b5,High,bed_type_unique,1,d9a2ce08-6abd-43c3-bbf2-33b0c187a3b5,Air Conditioner,
97beeab7-5ad1-8122-7784-1c690ab3e70b,VISH-26-03-1042,a7dadee2-80e3-eba0-084f-5f1847bb3aa4,10c6863d-07c3-4fc4-94f9-6adc29157ce1,C31,96eb4dcb-a6ae-3881-7690-8a119a4506bc,28158382-d5c1-436c-927b-3e3d9855c2af,Electrical Issues,,7a8faef7-aab4-43c5-bf03-b4a1561577db,High,bed_type_unique,1,7a8faef7-aab4-43c5-bf03-b4a1561577db,Fan,
f7eef293-0543-ae3f-98e3-6366264442e5,VISH-26-03-1043,a7dadee2-80e3-eba0-084f-5f1847bb3aa4,10c6863d-07c3-4fc4-94f9-6adc29157ce1,C31,96eb4dcb-a6ae-3881-7690-8a119a4506bc,28158382-d5c1-436c-927b-3e3d9855c2af,Electrical Issues,,7a8faef7-aab4-43c5-bf03-b4a1561577db,High,bed_type_unique,1,7a8faef7-aab4-43c5-bf03-b4a1561577db,Fan,
e1b17952-5bbe-3339-31a2-20244c2c0f99,VISH-26-02-1044,618f174c-7c45-cb54-907b-cacc78483918,c17c5093-48b7-139f-ebfc-1cd33ef5179c,D12,d938459f-29e8-72b7-85d9-59b6df6db501,e2aa2aaa-8af6-4807-9a4e-7665c5421eed,Furniture,,,Low,bed_type_many,5,"2a5cb961-86a5-4c0d-a730-b691db804bb0,65d588f4-b541-48b2-9392-1b7bb582b347,7238ef91-06c5-4a76-9ddc-94e3f935f5e5,99abf431-7de0-45fc-8e98-374b58a9fcb1,a6d320f2-c368-4074-98ed-25444e6287d3",,
9110e092-c877-fb73-70df-be1c73151790,VISH-26-03-1045,7e2a1e58-e10a-4352-ca15-59fd22f2c07e,ffbd5fe0-d9b3-cb55-cfd7-2d72a3498109,B43,d896c15c-52be-8a4e-6bcf-b598f12b31af,a5831922-eaeb-48c2-941c-fd96fae8813d,AC Issues,,,Low,bed_no_type_match,0,,,
47b2b55c-b767-6e9a-26cb-5622dc4edd18,VISH-26-02-1046,55e779dc-a32b-2acb-173b-7de67750927a,9d5d0096-0b78-a663-1142-be871dfa2bda,C42,b67440c5-1089-ccdb-bb31-3211a4ee4d0e,e2aa2aaa-8af6-4807-9a4e-7665c5421eed,Furniture,,b211cd49-7305-410d-bc24-cc4f1ea90650,Medium,bed_type_multi,3,"b211cd49-7305-410d-bc24-cc4f1ea90650,df003ccd-9975-45d2-b416-99adf7f5c5c6,f866875c-8a32-49d0-b600-259b7d35c158",Mattress,
49b58c99-5f2f-43ea-aa8e-87a305d018af,VIST-26-05-00131,,dd96a329-ec95-e96a-1348-69d976f39cd4,C12,5dd54516-df42-d086-0eef-3495660d438f,e2aa2aaa-8af6-4807-9a4e-7665c5421eed,Furniture,2026-05-27 08:29:33.572957,f43c6f19-35a1-4330-9869-01dc2d4d62ef,Verified,direct_asset_id,1,f43c6f19-35a1-4330-9869-01dc2d4d62ef,Bedside Table,
524eeb41-a60a-79da-43ac-8bc88c3c896d,VISH-26-02-1047,55e779dc-a32b-2acb-173b-7de67750927a,9d5d0096-0b78-a663-1142-be871dfa2bda,C42,b67440c5-1089-ccdb-bb31-3211a4ee4d0e,47389994-b201-4bb1-bf91-8bce4dbde510,Other,,,Low,bed_issue_type_unmapped,6,,,
1df9b841-b039-6bcd-9e05-d24b1c3734f6,VISH-26-03-1048,55e779dc-a32b-2acb-173b-7de67750927a,9d5d0096-0b78-a663-1142-be871dfa2bda,C42,b67440c5-1089-ccdb-bb31-3211a4ee4d0e,a5831922-eaeb-48c2-941c-fd96fae8813d,AC Issues,,690f675a-c094-4d91-98ac-96d339f5ef64,High,bed_type_unique,1,690f675a-c094-4d91-98ac-96d339f5ef64,Air Conditioner,
e54040bc-7aed-d0df-3aa7-bed6b9f9f947,VISH-26-03-1049,55e779dc-a32b-2acb-173b-7de67750927a,9d5d0096-0b78-a663-1142-be871dfa2bda,C42,b67440c5-1089-ccdb-bb31-3211a4ee4d0e,47389994-b201-4bb1-bf91-8bce4dbde510,Other,,,Low,bed_issue_type_unmapped,6,,,
498461fa-8dd5-2b1e-cda5-8f1433301f13,VISH-26-02-1050,43774f3c-9ce6-fc78-7857-b8607c3e1966,a361bd0d-c2c1-2aee-6303-d65de004edd0,B24,9b9feba7-c6ce-bf0e-4b62-7c7541025927,47389994-b201-4bb1-bf91-8bce4dbde510,Other,,,Low,bed_issue_type_unmapped,8,,,
f207d573-6afe-b507-8793-1d3c151d84ef,VISH-26-02-1051,43774f3c-9ce6-fc78-7857-b8607c3e1966,a361bd0d-c2c1-2aee-6303-d65de004edd0,B24,9b9feba7-c6ce-bf0e-4b62-7c7541025927,abc84f5b-a950-406e-ab46-cefbe11df925,Cleaning Issues,,,Low,bed_issue_type_unmapped,8,,,
68bd2885-5f97-208d-4f8a-dc5e09d6afde,VISH-26-02-1052,43774f3c-9ce6-fc78-7857-b8607c3e1966,a361bd0d-c2c1-2aee-6303-d65de004edd0,B24,9b9feba7-c6ce-bf0e-4b62-7c7541025927,e2aa2aaa-8af6-4807-9a4e-7665c5421eed,Furniture,,,Low,bed_type_many,4,"3020afd9-cee6-49de-90d3-77a18023d86e,3dbc7592-a86c-46d0-b08c-dadf816e376c,67d91b82-ea9e-47f0-8158-fa6627a209fa,8daf1183-8fe8-4151-843a-b7e337863cfc",,
09cae616-8152-3e63-adc9-7e7a2e6095b0,VISH-26-02-1053,43774f3c-9ce6-fc78-7857-b8607c3e1966,a361bd0d-c2c1-2aee-6303-d65de004edd0,B24,9b9feba7-c6ce-bf0e-4b62-7c7541025927,abc84f5b-a950-406e-ab46-cefbe11df925,Cleaning Issues,,,Low,bed_issue_type_unmapped,8,,,
784240b2-b503-0cee-4a69-b79ff2613149,VISH-26-03-1054,f59fa4ad-6dca-c7e7-d459-5326609a6412,211a2b33-4e94-3da1-7d97-406bc26036f5,A11,de80c560-5aa1-225e-9921-7b9695802cc3,47389994-b201-4bb1-bf91-8bce4dbde510,Other,,,Low,bed_issue_type_unmapped,5,,,
afb8cf37-0927-b4d3-8281-30726617bf6a,VISH-26-03-1055,5fa2b264-379d-b6b2-9929-86237eb38f30,bde00681-ebfc-ef38-4f6e-4906a012de6b,B42,83a7b624-6ba5-7e9f-53eb-acd6d0ab5bb4,a5831922-eaeb-48c2-941c-fd96fae8813d,AC Issues,,ad75c377-9acf-491b-a138-6bf57009111c,High,bed_type_unique,1,ad75c377-9acf-491b-a138-6bf57009111c,Air Conditioner,
fb1f6a8e-4b6d-2eb3-ed71-10704003ca93,VISH-26-03-1056,a4ef95bf-1c7c-4c4d-0497-ae38085af6cc,990e8a3e-a69c-7b31-f606-3eeb21e3d4c6,C34,28adcae8-d3f2-7d01-473b-45f62020cdc0,47389994-b201-4bb1-bf91-8bce4dbde510,Other,,,Low,bed_issue_type_unmapped,9,,,
9a513701-4c62-424e-9aa7-c38eff6c017b,VISH-26-03-1057,a4ef95bf-1c7c-4c4d-0497-ae38085af6cc,990e8a3e-a69c-7b31-f606-3eeb21e3d4c6,C34,28adcae8-d3f2-7d01-473b-45f62020cdc0,47389994-b201-4bb1-bf91-8bce4dbde510,Other,,,Low,bed_issue_type_unmapped,9,,,
cc8dabc0-557f-445d-9bf0-6297ded41835,VIST-26-05-00068,257579ca-bef0-99b8-f916-e518891ffdab,fad74a92-8e64-787e-38c3-8ebdb9db6511,D15,808fbd05-1708-47c3-a3ed-acb300c719aa,28158382-d5c1-436c-927b-3e3d9855c2af,Electrical Issues,2026-05-11 15:50:40.311763,,Unmapped,no_allocation_pool,0,,,
0a249101-dd5f-4a12-9c3a-07a92226137a,VIST-26-04-00013,3b02f95a-b47e-1037-4f8a-f2f31e35c98e,b0d4d2c8-f6ee-bc16-ffd7-fc33c8db8571,A23,96bb1fe8-5e0d-fdd2-0b6f-94aa78cf0ba2,abc84f5b-a950-406e-ab46-cefbe11df925,Cleaning Issues,2026-04-21 14:01:19.909610,,Low,bed_issue_type_unmapped,9,,,
c1b52572-c0ee-4d6f-8b4b-19e97105217b,VIST-26-04-00049,,77c3a6fd-4651-d880-29aa-abd19c8324df,C21,77dab2f4-7c09-59d1-5a0a-8473cdf46d8d,caf6381e-5189-4c1f-bf0a-4dfd99d9b9e7,Washing machine Issue,2026-04-27 09:03:26.184497,6bb4484a-8055-40b3-8309-ba92c7a3fb62,Verified,direct_asset_id,1,6bb4484a-8055-40b3-8309-ba92c7a3fb62,Washing Machine,
ad083df7-9c0d-12d8-d880-224050e43b60,VISH-25-04-0001,9e64e0fa-e34a-1c76-8e4a-1452643fab9a,9d5d0096-0b78-a663-1142-be871dfa2bda,C42,5964e174-4d85-43f8-388d-3f66a1ecbd0e,e2aa2aaa-8af6-4807-9a4e-7665c5421eed,Furniture,,,Low,bed_type_many,4,"2596d296-c644-4c8a-b053-c799b6510ebb,95b84f44-77e6-4a6b-a2e2-551fcd7be487,beeb0025-1b3b-46c5-9285-606f4ef9a426,eda39682-5ae1-4636-b877-59618e5ad714",,
e80fac36-7f85-ed6e-9b77-6ebc94fbad08,VISH-25-04-0002,5d4122d1-48a3-607c-cb72-e1956caece73,bde00681-ebfc-ef38-4f6e-4906a012de6b,B42,7fd152e9-2f00-0fc6-c8ed-83b426803a4d,e2aa2aaa-8af6-4807-9a4e-7665c5421eed,Furniture,,,Low,bed_type_many,4,"1d27ebfe-ce34-436a-917c-88cbf923ab8e,2e477ae3-b641-4f2e-b4c8-3b9e7bfb40f1,5fcf6db2-7d8e-4ca8-a423-6506e0233127,8c5c5736-64f8-4847-a7cf-d6247a7fcd3a",,
482b850c-7344-192d-6f61-7c2f30322ece,VISH-25-04-0003,5d4122d1-48a3-607c-cb72-e1956caece73,bde00681-ebfc-ef38-4f6e-4906a012de6b,B42,7fd152e9-2f00-0fc6-c8ed-83b426803a4d,01208ba1-4225-4a61-be39-3afe03dad690,RO Water Issues,,,Low,bed_no_type_match,0,,,
d081735b-45d5-6930-7ecc-9ba290d94909,VISH-25-04-0004,5d4122d1-48a3-607c-cb72-e1956caece73,bde00681-ebfc-ef38-4f6e-4906a012de6b,B42,7fd152e9-2f00-0fc6-c8ed-83b426803a4d,01208ba1-4225-4a61-be39-3afe03dad690,RO Water Issues,,,Low,bed_no_type_match,0,,,
63b7cc7b-7577-a332-84d8-3363422b089a,VISH-25-07-0005,5d4122d1-48a3-607c-cb72-e1956caece73,bde00681-ebfc-ef38-4f6e-4906a012de6b,B42,7fd152e9-2f00-0fc6-c8ed-83b426803a4d,7917cc13-aaca-4558-a2c2-8be5cd8fc159,Internet Issues,,,Low,bed_issue_type_unmapped,4,,,
b3e1c5b7-dadf-5ebd-3b5e-8e9da2466dc7,VISH-25-07-0006,5d4122d1-48a3-607c-cb72-e1956caece73,bde00681-ebfc-ef38-4f6e-4906a012de6b,B42,7fd152e9-2f00-0fc6-c8ed-83b426803a4d,01208ba1-4225-4a61-be39-3afe03dad690,RO Water Issues,,,Low,bed_no_type_match,0,,,
610c6ef8-9e8e-ad7d-53c5-259a0e43c9cb,VISH-25-09-0007,5d4122d1-48a3-607c-cb72-e1956caece73,bde00681-ebfc-ef38-4f6e-4906a012de6b,B42,7fd152e9-2f00-0fc6-c8ed-83b426803a4d,47389994-b201-4bb1-bf91-8bce4dbde510,Other,,,Low,bed_issue_type_unmapped,4,,,
c7fbe84d-8e28-db31-8a39-da887d69982c,VISH-25-09-0008,5d4122d1-48a3-607c-cb72-e1956caece73,bde00681-ebfc-ef38-4f6e-4906a012de6b,B42,7fd152e9-2f00-0fc6-c8ed-83b426803a4d,47389994-b201-4bb1-bf91-8bce4dbde510,Other,,,Low,bed_issue_type_unmapped,4,,,
c817bd3e-161f-a005-b447-e0679be1418c,VISH-25-09-0009,5d4122d1-48a3-607c-cb72-e1956caece73,bde00681-ebfc-ef38-4f6e-4906a012de6b,B42,7fd152e9-2f00-0fc6-c8ed-83b426803a4d,47389994-b201-4bb1-bf91-8bce4dbde510,Other,,,Low,bed_issue_type_unmapped,4,,,
b0f62c52-692f-b276-0bbd-50005572c3ef,VISH-25-12-0010,5d4122d1-48a3-607c-cb72-e1956caece73,bde00681-ebfc-ef38-4f6e-4906a012de6b,B42,7fd152e9-2f00-0fc6-c8ed-83b426803a4d,47389994-b201-4bb1-bf91-8bce4dbde510,Other,,,Low,bed_issue_type_unmapped,4,,,
6689d353-c81c-120f-019c-b088c521dafb,VISH-25-12-0011,5d4122d1-48a3-607c-cb72-e1956caece73,bde00681-ebfc-ef38-4f6e-4906a012de6b,B42,7fd152e9-2f00-0fc6-c8ed-83b426803a4d,e2aa2aaa-8af6-4807-9a4e-7665c5421eed,Furniture,,,Low,bed_type_many,4,"1d27ebfe-ce34-436a-917c-88cbf923ab8e,2e477ae3-b641-4f2e-b4c8-3b9e7bfb40f1,5fcf6db2-7d8e-4ca8-a423-6506e0233127,8c5c5736-64f8-4847-a7cf-d6247a7fcd3a",,
b87825e2-0121-09f6-274d-8d5148be80f7,VISH-26-03-0012,5d4122d1-48a3-607c-cb72-e1956caece73,bde00681-ebfc-ef38-4f6e-4906a012de6b,B42,7fd152e9-2f00-0fc6-c8ed-83b426803a4d,7917cc13-aaca-4558-a2c2-8be5cd8fc159,Internet Issues,,,Low,bed_issue_type_unmapped,4,,,
2219302c-fd07-0f43-2d78-9271b8c38dae,VISH-26-03-0013,5d4122d1-48a3-607c-cb72-e1956caece73,bde00681-ebfc-ef38-4f6e-4906a012de6b,B42,7fd152e9-2f00-0fc6-c8ed-83b426803a4d,7917cc13-aaca-4558-a2c2-8be5cd8fc159,Internet Issues,,,Low,bed_issue_type_unmapped,4,,,
9201790b-de85-739c-a3bd-a8185eb484fc,VISH-26-03-0014,5d4122d1-48a3-607c-cb72-e1956caece73,bde00681-ebfc-ef38-4f6e-4906a012de6b,B42,7fd152e9-2f00-0fc6-c8ed-83b426803a4d,f3614e6e-8394-40cd-bbb3-b1f78e9f17c2,Billing Issues,,,Low,bed_issue_type_unmapped,4,,,
be11261f-5493-9e7c-0155-16852657b8b9,VISH-26-03-0015,5d4122d1-48a3-607c-cb72-e1956caece73,bde00681-ebfc-ef38-4f6e-4906a012de6b,B42,7fd152e9-2f00-0fc6-c8ed-83b426803a4d,7917cc13-aaca-4558-a2c2-8be5cd8fc159,Internet Issues,,,Low,bed_issue_type_unmapped,4,,,
6d63af98-5c89-9093-a7b6-d3cfe37dc9c7,VISH-26-03-0016,5d4122d1-48a3-607c-cb72-e1956caece73,bde00681-ebfc-ef38-4f6e-4906a012de6b,B42,7fd152e9-2f00-0fc6-c8ed-83b426803a4d,7917cc13-aaca-4558-a2c2-8be5cd8fc159,Internet Issues,,,Low,bed_issue_type_unmapped,4,,,
434ca6ed-8fc5-cbb9-8ff2-999b535f94b7,VISH-25-03-0017,ac5ee6bc-de6f-6f5a-a196-731bff043dc7,c17c5093-48b7-139f-ebfc-1cd33ef5179c,D12,d938459f-29e8-72b7-85d9-59b6df6db501,d76dd3bd-ccb7-4991-a01f-ce158dfe908e,Plumbing,,,Low,bed_issue_type_unmapped,7,,,
08f20369-8c81-9bfe-f8f1-e5b66940a311,VISH-25-03-0018,ac5ee6bc-de6f-6f5a-a196-731bff043dc7,c17c5093-48b7-139f-ebfc-1cd33ef5179c,D12,d938459f-29e8-72b7-85d9-59b6df6db501,7917cc13-aaca-4558-a2c2-8be5cd8fc159,Internet Issues,,,Low,bed_issue_type_unmapped,7,,,
197c1909-c115-b48f-c7db-608feb7f6151,VISH-25-04-0019,ac5ee6bc-de6f-6f5a-a196-731bff043dc7,c17c5093-48b7-139f-ebfc-1cd33ef5179c,D12,d938459f-29e8-72b7-85d9-59b6df6db501,e2aa2aaa-8af6-4807-9a4e-7665c5421eed,Furniture,,,Low,bed_type_many,5,"2a5cb961-86a5-4c0d-a730-b691db804bb0,65d588f4-b541-48b2-9392-1b7bb582b347,7238ef91-06c5-4a76-9ddc-94e3f935f5e5,99abf431-7de0-45fc-8e98-374b58a9fcb1,a6d320f2-c368-4074-98ed-25444e6287d3",,
d0567dac-8c86-d7cb-d1ea-30f478982a88,VISH-25-05-0020,ac5ee6bc-de6f-6f5a-a196-731bff043dc7,c17c5093-48b7-139f-ebfc-1cd33ef5179c,D12,d938459f-29e8-72b7-85d9-59b6df6db501,a5831922-eaeb-48c2-941c-fd96fae8813d,AC Issues,,64446452-f9e9-42d6-98d4-dc9aab5f2985,High,bed_type_unique,1,64446452-f9e9-42d6-98d4-dc9aab5f2985,Air Conditioner,
fc7c612f-84e9-ac8a-17de-f68fb024d3d9,VISH-25-05-0021,ac5ee6bc-de6f-6f5a-a196-731bff043dc7,c17c5093-48b7-139f-ebfc-1cd33ef5179c,D12,d938459f-29e8-72b7-85d9-59b6df6db501,7917cc13-aaca-4558-a2c2-8be5cd8fc159,Internet Issues,,,Low,bed_issue_type_unmapped,7,,,
6461b6d0-fd1c-df62-937d-770556f3ca78,VISH-25-05-0022,ac5ee6bc-de6f-6f5a-a196-731bff043dc7,c17c5093-48b7-139f-ebfc-1cd33ef5179c,D12,d938459f-29e8-72b7-85d9-59b6df6db501,7917cc13-aaca-4558-a2c2-8be5cd8fc159,Internet Issues,,,Low,bed_issue_type_unmapped,7,,,
5df1f489-5450-e236-8313-402f7e12d88a,VISH-25-05-0023,ac5ee6bc-de6f-6f5a-a196-731bff043dc7,c17c5093-48b7-139f-ebfc-1cd33ef5179c,D12,d938459f-29e8-72b7-85d9-59b6df6db501,7917cc13-aaca-4558-a2c2-8be5cd8fc159,Internet Issues,,,Low,bed_issue_type_unmapped,7,,,
3f4db417-d4d8-acce-3be1-0c7922e53e2e,VISH-25-05-0024,ac5ee6bc-de6f-6f5a-a196-731bff043dc7,c17c5093-48b7-139f-ebfc-1cd33ef5179c,D12,d938459f-29e8-72b7-85d9-59b6df6db501,7917cc13-aaca-4558-a2c2-8be5cd8fc159,Internet Issues,,,Low,bed_issue_type_unmapped,7,,,
70ae761f-808e-7c4b-f576-6287eb0ce294,VISH-25-06-0025,ac5ee6bc-de6f-6f5a-a196-731bff043dc7,c17c5093-48b7-139f-ebfc-1cd33ef5179c,D12,d938459f-29e8-72b7-85d9-59b6df6db501,47389994-b201-4bb1-bf91-8bce4dbde510,Other,,,Low,bed_issue_type_unmapped,7,,,
b6178ef3-4c72-e931-f379-1822fc371017,VISH-25-03-0026,e6dde6a9-4da9-d1a2-802a-faf5db207e8e,85292340-826d-52c1-65c7-7f2a9eb2c2c4,B41,07cdb453-b699-f209-d609-434a47fca737,47389994-b201-4bb1-bf91-8bce4dbde510,Other,,,Low,bed_issue_type_unmapped,4,,,
5c308b09-2750-c596-2408-e88621129da4,VISH-25-03-0027,e6dde6a9-4da9-d1a2-802a-faf5db207e8e,85292340-826d-52c1-65c7-7f2a9eb2c2c4,B41,07cdb453-b699-f209-d609-434a47fca737,47389994-b201-4bb1-bf91-8bce4dbde510,Other,,,Low,bed_issue_type_unmapped,4,,,
4df5928b-5c95-6cd9-d960-33626578ae6c,VISH-25-11-0028,e6dde6a9-4da9-d1a2-802a-faf5db207e8e,85292340-826d-52c1-65c7-7f2a9eb2c2c4,B41,f8438f04-74bb-497b-3e33-ff6f52b77043,28158382-d5c1-436c-927b-3e3d9855c2af,Electrical Issues,,5255813b-afa8-4222-9151-d1b9ecbf3f06,High,bed_type_unique,1,5255813b-afa8-4222-9151-d1b9ecbf3f06,Fan,
a5ec4e65-3b89-709f-a548-7a4e84fdae41,VISH-25-05-0029,52bfd1fd-5813-000e-3603-19146a2ecd4e,79853a4a-cb02-508c-e041-7e23378aec9c,A41,0153ccf1-dd56-71dd-4156-d4c3c648531b,e2aa2aaa-8af6-4807-9a4e-7665c5421eed,Furniture,,,Low,bed_type_many,5,"9e26b5fd-92ba-4ba4-844b-3a547d867fec,b9d6b81f-65a1-4273-b510-0dea90aca2dd,badbe9bd-5cdb-4a9a-a0a2-b005df1d813e,d25fbf4d-158f-4669-a6af-85515d8e50b0,da67e176-0e39-4bc3-98f9-0592785ee4f8",,
77ba3295-631e-26cd-3785-48da40448148,VISH-25-07-0030,52bfd1fd-5813-000e-3603-19146a2ecd4e,79853a4a-cb02-508c-e041-7e23378aec9c,A41,0153ccf1-dd56-71dd-4156-d4c3c648531b,caf6381e-5189-4c1f-bf0a-4dfd99d9b9e7,Washing machine Issue,,,Low,bed_no_type_match,0,,,
4133b508-ad94-d651-c631-effeae31b33d,VISH-25-08-0031,52bfd1fd-5813-000e-3603-19146a2ecd4e,79853a4a-cb02-508c-e041-7e23378aec9c,A41,0153ccf1-dd56-71dd-4156-d4c3c648531b,caf6381e-5189-4c1f-bf0a-4dfd99d9b9e7,Washing machine Issue,,,Low,bed_no_type_match,0,,,
d7e7be03-0135-651d-000d-837d6b3fa476,VISH-25-05-0032,17dd0f21-a84d-a57c-7de4-9d5897c7181b,b0875d50-a469-821b-57c3-03ac62809198,C11,ac589718-81c1-c7cb-c032-0f81fc39d1db,47389994-b201-4bb1-bf91-8bce4dbde510,Other,,,Low,bed_issue_type_unmapped,4,,,
5e0ecf89-2b66-8ad0-7146-430737109586,VISH-25-06-0033,17dd0f21-a84d-a57c-7de4-9d5897c7181b,b0875d50-a469-821b-57c3-03ac62809198,C11,ac589718-81c1-c7cb-c032-0f81fc39d1db,47389994-b201-4bb1-bf91-8bce4dbde510,Other,,,Low,bed_issue_type_unmapped,4,,,
e75be53b-546d-2a9e-7f23-8f298c88ad5c,VISH-25-08-0034,17dd0f21-a84d-a57c-7de4-9d5897c7181b,b0875d50-a469-821b-57c3-03ac62809198,C11,50d7a816-da06-6897-ffe0-cb694a257dec,47389994-b201-4bb1-bf91-8bce4dbde510,Other,,,Low,bed_issue_type_unmapped,5,,,
1c5f7abc-2c5c-2539-629e-2cd16a08ab09,VISH-25-04-0035,fede9d18-47bd-03b2-a0a3-73ae43fbcf88,d2298bb8-a5e5-735a-c8ca-9b18c7daacd6,D41,3e28154d-1bfe-92b4-2fff-f295a9f54738,7917cc13-aaca-4558-a2c2-8be5cd8fc159,Internet Issues,,,Low,bed_issue_type_unmapped,9,,,
4d3d7725-09ab-e4fa-d5ae-3ec2f9008155,VISH-25-04-0036,fede9d18-47bd-03b2-a0a3-73ae43fbcf88,d2298bb8-a5e5-735a-c8ca-9b18c7daacd6,D41,3e28154d-1bfe-92b4-2fff-f295a9f54738,abc84f5b-a950-406e-ab46-cefbe11df925,Cleaning Issues,,,Low,bed_issue_type_unmapped,9,,,
3ed32b48-c463-50fb-814c-3de0afc29a2e,VISH-25-04-0037,fede9d18-47bd-03b2-a0a3-73ae43fbcf88,d2298bb8-a5e5-735a-c8ca-9b18c7daacd6,D41,3e28154d-1bfe-92b4-2fff-f295a9f54738,abc84f5b-a950-406e-ab46-cefbe11df925,Cleaning Issues,,,Low,bed_issue_type_unmapped,9,,,
0df78abe-895d-6b2d-2c0e-d08c2cc09528,VISH-25-04-0038,fede9d18-47bd-03b2-a0a3-73ae43fbcf88,d2298bb8-a5e5-735a-c8ca-9b18c7daacd6,D41,3e28154d-1bfe-92b4-2fff-f295a9f54738,d76dd3bd-ccb7-4991-a01f-ce158dfe908e,Plumbing,,,Low,bed_issue_type_unmapped,9,,,
2afbc190-ef89-547a-a712-5a1baf55e2c0,VISH-25-05-0039,fede9d18-47bd-03b2-a0a3-73ae43fbcf88,d2298bb8-a5e5-735a-c8ca-9b18c7daacd6,D41,3e28154d-1bfe-92b4-2fff-f295a9f54738,caf6381e-5189-4c1f-bf0a-4dfd99d9b9e7,Washing machine Issue,,,Low,bed_no_type_match,0,,,
cb88e974-53e8-cb0b-72fb-1e8409b7b2fd,VISH-25-05-0040,6ce85c3e-5f40-4297-8c38-22ac7432420e,990e8a3e-a69c-7b31-f606-3eeb21e3d4c6,C34,a53594cb-07e9-75eb-d239-771b29f1bdab,d76dd3bd-ccb7-4991-a01f-ce158dfe908e,Plumbing,,,Low,bed_issue_type_unmapped,5,,,
7fd5bc9b-4cb3-8e7b-e296-aacc70fe390e,VISH-25-05-0041,6ce85c3e-5f40-4297-8c38-22ac7432420e,990e8a3e-a69c-7b31-f606-3eeb21e3d4c6,C34,a53594cb-07e9-75eb-d239-771b29f1bdab,a5831922-eaeb-48c2-941c-fd96fae8813d,AC Issues,,,Low,bed_no_type_match,0,,,
79e5bb21-22c6-8b79-43b3-505f455eb348,VISH-25-05-0042,6ce85c3e-5f40-4297-8c38-22ac7432420e,990e8a3e-a69c-7b31-f606-3eeb21e3d4c6,C34,a53594cb-07e9-75eb-d239-771b29f1bdab,28158382-d5c1-436c-927b-3e3d9855c2af,Electrical Issues,,,Low,bed_no_type_match,0,,,
24e69fce-725c-f859-23d2-09810c7e72d4,VISH-25-09-0043,6ce85c3e-5f40-4297-8c38-22ac7432420e,990e8a3e-a69c-7b31-f606-3eeb21e3d4c6,C34,a53594cb-07e9-75eb-d239-771b29f1bdab,47389994-b201-4bb1-bf91-8bce4dbde510,Other,,,Low,bed_issue_type_unmapped,5,,,
09963920-afc7-8fcd-7829-b30987557b55,VISH-25-10-0044,6ce85c3e-5f40-4297-8c38-22ac7432420e,990e8a3e-a69c-7b31-f606-3eeb21e3d4c6,C34,a53594cb-07e9-75eb-d239-771b29f1bdab,f3614e6e-8394-40cd-bbb3-b1f78e9f17c2,Billing Issues,,,Low,bed_issue_type_unmapped,5,,,
c571eabe-749c-29ef-9207-0956a6800bb5,VISH-25-09-0045,25b63db3-6d1d-cb00-d25c-dfd8b4b17909,9d5d0096-0b78-a663-1142-be871dfa2bda,C42,54634a96-25c7-022f-0239-fef1800aebd4,28158382-d5c1-436c-927b-3e3d9855c2af,Electrical Issues,,9ed56090-544a-4a8e-942c-109b962ba12b,High,bed_type_unique,1,9ed56090-544a-4a8e-942c-109b962ba12b,Fan,
ddf94358-0ea9-0871-0ed0-f48cc421d721,VISH-25-08-0046,cda37b51-1bbc-af0d-a560-49af88fdc751,1b4d1066-8fe4-199b-7b3b-39e4bded9714,C41,f108b08d-b6c6-e6fe-5782-ba89ca9c16ad,01208ba1-4225-4a61-be39-3afe03dad690,RO Water Issues,,,Low,bed_no_type_match,0,,,
ce6db03e-7f9f-4564-73e7-e9d29ff78ab4,VISH-25-08-0047,cda37b51-1bbc-af0d-a560-49af88fdc751,1b4d1066-8fe4-199b-7b3b-39e4bded9714,C41,f108b08d-b6c6-e6fe-5782-ba89ca9c16ad,28158382-d5c1-436c-927b-3e3d9855c2af,Electrical Issues,,9d1e311a-cb0a-4ed0-a1a5-54bafa0ca837,High,bed_type_unique,1,9d1e311a-cb0a-4ed0-a1a5-54bafa0ca837,Fan,
aea3d88b-c517-2783-3d05-48f0546c4c57,VISH-25-09-0048,cda37b51-1bbc-af0d-a560-49af88fdc751,1b4d1066-8fe4-199b-7b3b-39e4bded9714,C41,f108b08d-b6c6-e6fe-5782-ba89ca9c16ad,28158382-d5c1-436c-927b-3e3d9855c2af,Electrical Issues,,9d1e311a-cb0a-4ed0-a1a5-54bafa0ca837,High,bed_type_unique,1,9d1e311a-cb0a-4ed0-a1a5-54bafa0ca837,Fan,
1142fbaa-dcc7-de1b-7bd8-be142ffa15cc,VISH-25-09-0049,cda37b51-1bbc-af0d-a560-49af88fdc751,1b4d1066-8fe4-199b-7b3b-39e4bded9714,C41,f108b08d-b6c6-e6fe-5782-ba89ca9c16ad,7917cc13-aaca-4558-a2c2-8be5cd8fc159,Internet Issues,,,Low,bed_issue_type_unmapped,5,,,
09f81b2c-72e7-709d-5ba1-360f8646c884,VISH-25-09-0050,cda37b51-1bbc-af0d-a560-49af88fdc751,1b4d1066-8fe4-199b-7b3b-39e4bded9714,C41,f108b08d-b6c6-e6fe-5782-ba89ca9c16ad,ec405235-70e9-407e-9aa2-b877f8f36af8,Fridge Issues,,,Low,bed_no_type_match,0,,,
1656ff84-c36f-d856-7314-b0a25a415913,VISH-25-09-0051,cda37b51-1bbc-af0d-a560-49af88fdc751,1b4d1066-8fe4-199b-7b3b-39e4bded9714,C41,f108b08d-b6c6-e6fe-5782-ba89ca9c16ad,d76dd3bd-ccb7-4991-a01f-ce158dfe908e,Plumbing,,,Low,bed_issue_type_unmapped,5,,,
0c08f06f-7a08-3220-ee9c-6522b0b93825,VISH-25-09-0052,cda37b51-1bbc-af0d-a560-49af88fdc751,1b4d1066-8fe4-199b-7b3b-39e4bded9714,C41,f108b08d-b6c6-e6fe-5782-ba89ca9c16ad,28158382-d5c1-436c-927b-3e3d9855c2af,Electrical Issues,,9d1e311a-cb0a-4ed0-a1a5-54bafa0ca837,High,bed_type_unique,1,9d1e311a-cb0a-4ed0-a1a5-54bafa0ca837,Fan,
e81d0e92-c8ae-73c9-50de-586fcc1cbdf3,VISH-25-09-0053,cda37b51-1bbc-af0d-a560-49af88fdc751,1b4d1066-8fe4-199b-7b3b-39e4bded9714,C41,f108b08d-b6c6-e6fe-5782-ba89ca9c16ad,28158382-d5c1-436c-927b-3e3d9855c2af,Electrical Issues,,9d1e311a-cb0a-4ed0-a1a5-54bafa0ca837,High,bed_type_unique,1,9d1e311a-cb0a-4ed0-a1a5-54bafa0ca837,Fan,
2a3327d0-872c-007c-4a67-2a0a9b03c93b,VISH-25-09-0054,cda37b51-1bbc-af0d-a560-49af88fdc751,1b4d1066-8fe4-199b-7b3b-39e4bded9714,C41,f108b08d-b6c6-e6fe-5782-ba89ca9c16ad,28158382-d5c1-436c-927b-3e3d9855c2af,Electrical Issues,,9d1e311a-cb0a-4ed0-a1a5-54bafa0ca837,High,bed_type_unique,1,9d1e311a-cb0a-4ed0-a1a5-54bafa0ca837,Fan,
e61cc2bb-931d-59e6-1e2e-316293ff05e4,VISH-25-09-0055,cda37b51-1bbc-af0d-a560-49af88fdc751,1b4d1066-8fe4-199b-7b3b-39e4bded9714,C41,f108b08d-b6c6-e6fe-5782-ba89ca9c16ad,28158382-d5c1-436c-927b-3e3d9855c2af,Electrical Issues,,9d1e311a-cb0a-4ed0-a1a5-54bafa0ca837,High,bed_type_unique,1,9d1e311a-cb0a-4ed0-a1a5-54bafa0ca837,Fan,
10811cf6-6fa4-5c54-010e-863a8da4067e,VISH-25-10-0056,cda37b51-1bbc-af0d-a560-49af88fdc751,1b4d1066-8fe4-199b-7b3b-39e4bded9714,C41,f108b08d-b6c6-e6fe-5782-ba89ca9c16ad,d76dd3bd-ccb7-4991-a01f-ce158dfe908e,Plumbing,,,Low,bed_issue_type_unmapped,5,,,
85bd1fef-51ab-3b14-6151-74d7fb0d6b7c,VISH-25-10-0057,cda37b51-1bbc-af0d-a560-49af88fdc751,1b4d1066-8fe4-199b-7b3b-39e4bded9714,C41,f108b08d-b6c6-e6fe-5782-ba89ca9c16ad,a5831922-eaeb-48c2-941c-fd96fae8813d,AC Issues,,71701352-6d07-4b20-b6f7-7b70117dd5a3,High,bed_type_unique,1,71701352-6d07-4b20-b6f7-7b70117dd5a3,Air Conditioner,
abf38d2d-6fbf-d102-0915-ad1fa7488dca,VISH-25-10-0058,cda37b51-1bbc-af0d-a560-49af88fdc751,1b4d1066-8fe4-199b-7b3b-39e4bded9714,C41,f108b08d-b6c6-e6fe-5782-ba89ca9c16ad,caf6381e-5189-4c1f-bf0a-4dfd99d9b9e7,Washing machine Issue,,,Low,bed_no_type_match,0,,,
e61d9b86-53e5-4ae3-755d-e8cb399dac7d,VISH-25-10-0059,cda37b51-1bbc-af0d-a560-49af88fdc751,1b4d1066-8fe4-199b-7b3b-39e4bded9714,C41,f108b08d-b6c6-e6fe-5782-ba89ca9c16ad,01208ba1-4225-4a61-be39-3afe03dad690,RO Water Issues,,,Low,bed_no_type_match,0,,,
bfe6d0a1-db47-03ef-da0c-0b770d03b44b,VISH-25-11-0060,cda37b51-1bbc-af0d-a560-49af88fdc751,1b4d1066-8fe4-199b-7b3b-39e4bded9714,C41,f108b08d-b6c6-e6fe-5782-ba89ca9c16ad,01208ba1-4225-4a61-be39-3afe03dad690,RO Water Issues,,,Low,bed_no_type_match,0,,,
8507f042-7a29-c3b6-3408-e31b541a76c2,VISH-25-11-0061,cda37b51-1bbc-af0d-a560-49af88fdc751,1b4d1066-8fe4-199b-7b3b-39e4bded9714,C41,f108b08d-b6c6-e6fe-5782-ba89ca9c16ad,d76dd3bd-ccb7-4991-a01f-ce158dfe908e,Plumbing,,,Low,bed_issue_type_unmapped,5,,,
68f2b79b-99a7-fd31-c664-933f4296a50d,VISH-25-11-0062,cda37b51-1bbc-af0d-a560-49af88fdc751,1b4d1066-8fe4-199b-7b3b-39e4bded9714,C41,f108b08d-b6c6-e6fe-5782-ba89ca9c16ad,28158382-d5c1-436c-927b-3e3d9855c2af,Electrical Issues,,9d1e311a-cb0a-4ed0-a1a5-54bafa0ca837,High,bed_type_unique,1,9d1e311a-cb0a-4ed0-a1a5-54bafa0ca837,Fan,
fd95aa3b-dc52-7809-ca1e-c3a77c98640a,VISH-26-02-0063,cda37b51-1bbc-af0d-a560-49af88fdc751,1b4d1066-8fe4-199b-7b3b-39e4bded9714,C41,f108b08d-b6c6-e6fe-5782-ba89ca9c16ad,a5831922-eaeb-48c2-941c-fd96fae8813d,AC Issues,,71701352-6d07-4b20-b6f7-7b70117dd5a3,High,bed_type_unique,1,71701352-6d07-4b20-b6f7-7b70117dd5a3,Air Conditioner,
247a627c-f744-8179-498c-0e2e95528e61,VISH-26-02-0064,cda37b51-1bbc-af0d-a560-49af88fdc751,1b4d1066-8fe4-199b-7b3b-39e4bded9714,C41,f108b08d-b6c6-e6fe-5782-ba89ca9c16ad,caf6381e-5189-4c1f-bf0a-4dfd99d9b9e7,Washing machine Issue,,,Low,bed_no_type_match,0,,,
cc6809fa-9153-7415-8aae-5e6e06e85431,VISH-26-02-0065,cda37b51-1bbc-af0d-a560-49af88fdc751,1b4d1066-8fe4-199b-7b3b-39e4bded9714,C41,f108b08d-b6c6-e6fe-5782-ba89ca9c16ad,a5831922-eaeb-48c2-941c-fd96fae8813d,AC Issues,,71701352-6d07-4b20-b6f7-7b70117dd5a3,High,bed_type_unique,1,71701352-6d07-4b20-b6f7-7b70117dd5a3,Air Conditioner,
d452baaa-641a-24de-db04-0e27f16ba62c,VISH-26-02-0066,cda37b51-1bbc-af0d-a560-49af88fdc751,1b4d1066-8fe4-199b-7b3b-39e4bded9714,C41,f108b08d-b6c6-e6fe-5782-ba89ca9c16ad,01208ba1-4225-4a61-be39-3afe03dad690,RO Water Issues,,,Low,bed_no_type_match,0,,,
85ca321f-ffd0-7ab3-e1f7-8924bcc14eef,VISH-26-02-0067,cda37b51-1bbc-af0d-a560-49af88fdc751,1b4d1066-8fe4-199b-7b3b-39e4bded9714,C41,f108b08d-b6c6-e6fe-5782-ba89ca9c16ad,ec405235-70e9-407e-9aa2-b877f8f36af8,Fridge Issues,,,Low,bed_no_type_match,0,,,
28ec0694-a088-19c4-4323-cd4553956079,VISH-26-03-0068,cda37b51-1bbc-af0d-a560-49af88fdc751,1b4d1066-8fe4-199b-7b3b-39e4bded9714,C41,f108b08d-b6c6-e6fe-5782-ba89ca9c16ad,a5831922-eaeb-48c2-941c-fd96fae8813d,AC Issues,,71701352-6d07-4b20-b6f7-7b70117dd5a3,High,bed_type_unique,1,71701352-6d07-4b20-b6f7-7b70117dd5a3,Air Conditioner,
1e57c28b-1320-4b79-cf80-804c62ce33b0,VISH-26-03-0069,cda37b51-1bbc-af0d-a560-49af88fdc751,1b4d1066-8fe4-199b-7b3b-39e4bded9714,C41,f108b08d-b6c6-e6fe-5782-ba89ca9c16ad,d76dd3bd-ccb7-4991-a01f-ce158dfe908e,Plumbing,,,Low,bed_issue_type_unmapped,5,,,
03531a0e-3965-ab08-3d56-2dd34942f46c,VISH-26-03-0070,cda37b51-1bbc-af0d-a560-49af88fdc751,1b4d1066-8fe4-199b-7b3b-39e4bded9714,C41,f108b08d-b6c6-e6fe-5782-ba89ca9c16ad,d76dd3bd-ccb7-4991-a01f-ce158dfe908e,Plumbing,,,Low,bed_issue_type_unmapped,5,,,
9f53b279-80bb-d6c2-ac64-4a431b95bc5b,VISH-26-03-0071,cda37b51-1bbc-af0d-a560-49af88fdc751,1b4d1066-8fe4-199b-7b3b-39e4bded9714,C41,f108b08d-b6c6-e6fe-5782-ba89ca9c16ad,a5831922-eaeb-48c2-941c-fd96fae8813d,AC Issues,,71701352-6d07-4b20-b6f7-7b70117dd5a3,High,bed_type_unique,1,71701352-6d07-4b20-b6f7-7b70117dd5a3,Air Conditioner,
df177e35-34fa-282b-99e3-d357ab89c159,VISH-25-06-0072,38069f8b-d44e-0b86-a0d1-dafac5ae1232,86ad1ceb-8d81-a926-d998-3a2f1cafba06,C24,c46d93e3-a810-2d16-e3f0-d30f9a288817,47389994-b201-4bb1-bf91-8bce4dbde510,Other,,,Low,bed_issue_type_unmapped,5,,,
62d4d454-72a1-4a9c-bf74-5e76d38d73a1,VISH-25-06-0073,38069f8b-d44e-0b86-a0d1-dafac5ae1232,86ad1ceb-8d81-a926-d998-3a2f1cafba06,C24,c46d93e3-a810-2d16-e3f0-d30f9a288817,47389994-b201-4bb1-bf91-8bce4dbde510,Other,,,Low,bed_issue_type_unmapped,5,,,
1dbdc9f9-607f-b4cc-0686-3b37b5ff8e2f,VISH-26-01-0074,38069f8b-d44e-0b86-a0d1-dafac5ae1232,86ad1ceb-8d81-a926-d998-3a2f1cafba06,C24,c46d93e3-a810-2d16-e3f0-d30f9a288817,01208ba1-4225-4a61-be39-3afe03dad690,RO Water Issues,,,Low,bed_no_type_match,0,,,
2e931b7a-d306-ca07-b025-a6de8424a0ef,VISH-26-01-0075,38069f8b-d44e-0b86-a0d1-dafac5ae1232,86ad1ceb-8d81-a926-d998-3a2f1cafba06,C24,c46d93e3-a810-2d16-e3f0-d30f9a288817,47389994-b201-4bb1-bf91-8bce4dbde510,Other,,,Low,bed_issue_type_unmapped,5,,,
4847fed3-1b82-6638-f5a1-7a9693648c96,VISH-26-01-0076,6ce637bf-a5e4-da07-b2a7-e56253fe17bd,79853a4a-cb02-508c-e041-7e23378aec9c,A41,19becc73-ba94-4a59-e2ef-19d1d342aee3,d76dd3bd-ccb7-4991-a01f-ce158dfe908e,Plumbing,,,Low,bed_issue_type_unmapped,5,,,
5a925b9c-d1f8-0566-47d4-8ed4dd46dbb8,VISH-26-02-0077,6ce637bf-a5e4-da07-b2a7-e56253fe17bd,79853a4a-cb02-508c-e041-7e23378aec9c,A41,19becc73-ba94-4a59-e2ef-19d1d342aee3,47389994-b201-4bb1-bf91-8bce4dbde510,Other,,,Low,bed_issue_type_unmapped,5,,,
24b7914b-5e48-2a00-b1ea-b8902ec62020,VISH-26-02-0079,6ce637bf-a5e4-da07-b2a7-e56253fe17bd,79853a4a-cb02-508c-e041-7e23378aec9c,A41,19becc73-ba94-4a59-e2ef-19d1d342aee3,28158382-d5c1-436c-927b-3e3d9855c2af,Electrical Issues,,df1d62da-3735-4274-b898-260ef96db619,High,bed_type_unique,1,df1d62da-3735-4274-b898-260ef96db619,Fan,
0a4cd8f2-2db8-9935-1b30-54c32fcbc537,VISH-25-02-0080,c0791d4c-9325-bf1b-30af-7af648c26338,aa73cade-c28c-dc5b-5980-55801ea0d415,B33,ee1fb02c-fb9a-533e-3afc-8a9125d2a24c,a5831922-eaeb-48c2-941c-fd96fae8813d,AC Issues,,,Low,bed_no_type_match,0,,,
203ce1fb-f4ef-1b37-08de-ac71a6646312,VISH-25-02-0081,c0791d4c-9325-bf1b-30af-7af648c26338,aa73cade-c28c-dc5b-5980-55801ea0d415,B33,ee1fb02c-fb9a-533e-3afc-8a9125d2a24c,28158382-d5c1-436c-927b-3e3d9855c2af,Electrical Issues,,,Low,bed_no_type_match,0,,,
0e58e701-d08d-a59c-2ad8-3f1a8c69219c,VISH-25-03-0082,c0791d4c-9325-bf1b-30af-7af648c26338,aa73cade-c28c-dc5b-5980-55801ea0d415,B33,ee1fb02c-fb9a-533e-3afc-8a9125d2a24c,d76dd3bd-ccb7-4991-a01f-ce158dfe908e,Plumbing,,,Low,bed_issue_type_unmapped,4,,,
23404ee7-bf50-01a4-3fac-ca1189241380,VISH-25-04-0083,c0791d4c-9325-bf1b-30af-7af648c26338,aa73cade-c28c-dc5b-5980-55801ea0d415,B33,ee1fb02c-fb9a-533e-3afc-8a9125d2a24c,a5831922-eaeb-48c2-941c-fd96fae8813d,AC Issues,,,Low,bed_no_type_match,0,,,
e3104f55-5184-c89b-8fdd-b79b306522b5,VISH-25-05-0084,c0791d4c-9325-bf1b-30af-7af648c26338,aa73cade-c28c-dc5b-5980-55801ea0d415,B33,ee1fb02c-fb9a-533e-3afc-8a9125d2a24c,a5831922-eaeb-48c2-941c-fd96fae8813d,AC Issues,,,Low,bed_no_type_match,0,,,
447d278c-ec24-ea0d-d97e-612c035047aa,VISH-25-05-0085,c0791d4c-9325-bf1b-30af-7af648c26338,aa73cade-c28c-dc5b-5980-55801ea0d415,B33,ee1fb02c-fb9a-533e-3afc-8a9125d2a24c,a5831922-eaeb-48c2-941c-fd96fae8813d,AC Issues,,,Low,bed_no_type_match,0,,,
a6ec186d-73a9-1f62-04cf-cc99bb49e59b,VISH-25-11-0086,c0791d4c-9325-bf1b-30af-7af648c26338,aa73cade-c28c-dc5b-5980-55801ea0d415,B33,1de2d676-6b57-57c9-570d-27116c18b3cc,28158382-d5c1-436c-927b-3e3d9855c2af,Electrical Issues,,,Low,bed_no_type_match,0,,,
a0b9da19-2d75-f36c-381c-cc12226c6796,VISH-26-03-0087,c0791d4c-9325-bf1b-30af-7af648c26338,aa73cade-c28c-dc5b-5980-55801ea0d415,B33,e0a547db-d8f2-1e21-a742-6f7c135bd802,01208ba1-4225-4a61-be39-3afe03dad690,RO Water Issues,,09e4c408-b20f-4da1-bd5b-918b9ba224d2,Medium,apartment_type_unique,1,09e4c408-b20f-4da1-bd5b-918b9ba224d2,RO Water Purifier,2025-07-16
8a8311f9-e077-c1eb-9d82-bf29c1cb8760,VISH-25-03-0088,74c6b975-b0ab-c8b3-8acd-2cf53597a72b,bc7f358d-0d6d-f95f-ff80-9089eefdef69,B44,4afa5689-5806-e349-ab1d-a4358f44e1d6,01208ba1-4225-4a61-be39-3afe03dad690,RO Water Issues,,,Low,bed_no_type_match,0,,,
dad411af-d52f-f78c-9f02-9e68d034ff23,VISH-25-03-0089,74c6b975-b0ab-c8b3-8acd-2cf53597a72b,bc7f358d-0d6d-f95f-ff80-9089eefdef69,B44,4afa5689-5806-e349-ab1d-a4358f44e1d6,01208ba1-4225-4a61-be39-3afe03dad690,RO Water Issues,,,Low,bed_no_type_match,0,,,
ac3b2089-fd17-8405-c0da-36694478e99a,VISH-25-09-0090,74c6b975-b0ab-c8b3-8acd-2cf53597a72b,bc7f358d-0d6d-f95f-ff80-9089eefdef69,B44,4afa5689-5806-e349-ab1d-a4358f44e1d6,d76dd3bd-ccb7-4991-a01f-ce158dfe908e,Plumbing,,,Low,bed_issue_type_unmapped,5,,,
e3380041-43a8-3990-0d7e-afbde37b3059,VISH-25-10-0091,74c6b975-b0ab-c8b3-8acd-2cf53597a72b,bc7f358d-0d6d-f95f-ff80-9089eefdef69,B44,4afa5689-5806-e349-ab1d-a4358f44e1d6,7917cc13-aaca-4558-a2c2-8be5cd8fc159,Internet Issues,,,Low,bed_issue_type_unmapped,5,,,
4127a382-8952-99ca-1643-4cdf2ad23be1,VISH-26-02-0092,74c6b975-b0ab-c8b3-8acd-2cf53597a72b,bc7f358d-0d6d-f95f-ff80-9089eefdef69,B44,4afa5689-5806-e349-ab1d-a4358f44e1d6,e2aa2aaa-8af6-4807-9a4e-7665c5421eed,Furniture,,11ec207e-e6f6-49b7-ac69-d4c595537c09,Medium,bed_type_multi,3,"11ec207e-e6f6-49b7-ac69-d4c595537c09,65c3743a-5ada-4841-b404-5caa26763b61,763d357a-c096-4573-bc9f-22c615990521",Cot (Bed Frame),2025-06-17
c0b69336-c6f6-d65a-f712-53e612261f9e,VISH-26-02-0093,74c6b975-b0ab-c8b3-8acd-2cf53597a72b,bc7f358d-0d6d-f95f-ff80-9089eefdef69,B44,4afa5689-5806-e349-ab1d-a4358f44e1d6,e2aa2aaa-8af6-4807-9a4e-7665c5421eed,Furniture,,11ec207e-e6f6-49b7-ac69-d4c595537c09,Medium,bed_type_multi,3,"11ec207e-e6f6-49b7-ac69-d4c595537c09,65c3743a-5ada-4841-b404-5caa26763b61,763d357a-c096-4573-bc9f-22c615990521",Cot (Bed Frame),2025-06-17
5eca8d51-c2b6-ec11-b6e6-89dd2897b075,VISH-26-02-0094,74c6b975-b0ab-c8b3-8acd-2cf53597a72b,bc7f358d-0d6d-f95f-ff80-9089eefdef69,B44,4afa5689-5806-e349-ab1d-a4358f44e1d6,caf6381e-5189-4c1f-bf0a-4dfd99d9b9e7,Washing machine Issue,,,Low,bed_no_type_match,0,,,
bc76ebbc-cb82-bdd7-d9c6-de4748cd0326,VISH-26-02-0095,74c6b975-b0ab-c8b3-8acd-2cf53597a72b,bc7f358d-0d6d-f95f-ff80-9089eefdef69,B44,4afa5689-5806-e349-ab1d-a4358f44e1d6,e2aa2aaa-8af6-4807-9a4e-7665c5421eed,Furniture,,11ec207e-e6f6-49b7-ac69-d4c595537c09,Medium,bed_type_multi,3,"11ec207e-e6f6-49b7-ac69-d4c595537c09,65c3743a-5ada-4841-b404-5caa26763b61,763d357a-c096-4573-bc9f-22c615990521",Cot (Bed Frame),2025-06-17
981261d4-3c5b-8adc-db69-ae84bcc1dba3,VISH-25-04-0096,49355947-7605-ec5f-7d81-a6597f38d76b,5d204545-2f72-b89b-3190-a826b5ab6512,B12,85eff0e3-3d5f-9fe4-005e-7501036edcbb,a5831922-eaeb-48c2-941c-fd96fae8813d,AC Issues,,b40ecc8b-216d-40e6-93a8-ca852ecd0b88,High,bed_type_unique,1,b40ecc8b-216d-40e6-93a8-ca852ecd0b88,Air Conditioner,
1a1395c3-f76b-19bf-1d27-c52cc4711aa6,VISH-25-04-0097,49355947-7605-ec5f-7d81-a6597f38d76b,5d204545-2f72-b89b-3190-a826b5ab6512,B12,85eff0e3-3d5f-9fe4-005e-7501036edcbb,a5831922-eaeb-48c2-941c-fd96fae8813d,AC Issues,,b40ecc8b-216d-40e6-93a8-ca852ecd0b88,High,bed_type_unique,1,b40ecc8b-216d-40e6-93a8-ca852ecd0b88,Air Conditioner,
05d64e3b-69dd-31cc-8145-43d4e66a50f4,VISH-25-04-0098,49355947-7605-ec5f-7d81-a6597f38d76b,5d204545-2f72-b89b-3190-a826b5ab6512,B12,85eff0e3-3d5f-9fe4-005e-7501036edcbb,7917cc13-aaca-4558-a2c2-8be5cd8fc159,Internet Issues,,,Low,bed_issue_type_unmapped,5,,,
d9460800-359b-4052-f607-37cbccea4f3e,VISH-25-04-0099,49355947-7605-ec5f-7d81-a6597f38d76b,5d204545-2f72-b89b-3190-a826b5ab6512,B12,85eff0e3-3d5f-9fe4-005e-7501036edcbb,e2aa2aaa-8af6-4807-9a4e-7665c5421eed,Furniture,,91441c91-6ca6-4489-9af6-eeccdaf615a5,Medium,bed_type_multi,3,"91441c91-6ca6-4489-9af6-eeccdaf615a5,c9715ff6-e06a-4a35-8915-1a712e51d81f,faa2ad38-cfce-4914-943b-1a566a3c3b88",Cupboard,
f9dad515-1c6b-4b4f-4de5-8520cd2993b5,VISH-25-04-0100,49355947-7605-ec5f-7d81-a6597f38d76b,5d204545-2f72-b89b-3190-a826b5ab6512,B12,85eff0e3-3d5f-9fe4-005e-7501036edcbb,d76dd3bd-ccb7-4991-a01f-ce158dfe908e,Plumbing,,,Low,bed_issue_type_unmapped,5,,,
fb51ea4d-9db5-2145-4d51-c0cc488c77cc,VISH-25-06-0101,49355947-7605-ec5f-7d81-a6597f38d76b,5d204545-2f72-b89b-3190-a826b5ab6512,B12,85eff0e3-3d5f-9fe4-005e-7501036edcbb,a5831922-eaeb-48c2-941c-fd96fae8813d,AC Issues,,b40ecc8b-216d-40e6-93a8-ca852ecd0b88,High,bed_type_unique,1,b40ecc8b-216d-40e6-93a8-ca852ecd0b88,Air Conditioner,
51eaca41-c28a-29b0-99c6-ab86a1ece54b,VISH-25-06-0102,49355947-7605-ec5f-7d81-a6597f38d76b,5d204545-2f72-b89b-3190-a826b5ab6512,B12,85eff0e3-3d5f-9fe4-005e-7501036edcbb,e2aa2aaa-8af6-4807-9a4e-7665c5421eed,Furniture,,91441c91-6ca6-4489-9af6-eeccdaf615a5,Medium,bed_type_multi,3,"91441c91-6ca6-4489-9af6-eeccdaf615a5,c9715ff6-e06a-4a35-8915-1a712e51d81f,faa2ad38-cfce-4914-943b-1a566a3c3b88",Cupboard,
39be7a6d-dc55-7d43-7ebc-b1224b409f99,VISH-25-06-0103,49355947-7605-ec5f-7d81-a6597f38d76b,5d204545-2f72-b89b-3190-a826b5ab6512,B12,85eff0e3-3d5f-9fe4-005e-7501036edcbb,caf6381e-5189-4c1f-bf0a-4dfd99d9b9e7,Washing machine Issue,,,Low,bed_no_type_match,0,,,
426a131a-c589-9ad6-e71c-7850a464b002,VISH-25-07-0104,49355947-7605-ec5f-7d81-a6597f38d76b,5d204545-2f72-b89b-3190-a826b5ab6512,B12,85eff0e3-3d5f-9fe4-005e-7501036edcbb,47389994-b201-4bb1-bf91-8bce4dbde510,Other,,,Low,bed_issue_type_unmapped,5,,,
2f805829-2fb8-7a88-3d1c-2e6f3078d664,VISH-25-07-0105,49355947-7605-ec5f-7d81-a6597f38d76b,5d204545-2f72-b89b-3190-a826b5ab6512,B12,85eff0e3-3d5f-9fe4-005e-7501036edcbb,47389994-b201-4bb1-bf91-8bce4dbde510,Other,,,Low,bed_issue_type_unmapped,5,,,
426fd85d-0eae-4e36-2d0a-74ee0148d9b4,VISH-25-05-0106,77dd12b8-a20b-05c8-2372-79ba1b1624a9,b0d4d2c8-f6ee-bc16-ffd7-fc33c8db8571,A23,382e6330-c64e-2a4c-b734-e519ba94dc2c,47389994-b201-4bb1-bf91-8bce4dbde510,Other,,,Low,bed_issue_type_unmapped,4,,,
912e14a6-6b54-baf4-5eaf-c485f59e5529,VISH-25-05-0107,77dd12b8-a20b-05c8-2372-79ba1b1624a9,b0d4d2c8-f6ee-bc16-ffd7-fc33c8db8571,A23,382e6330-c64e-2a4c-b734-e519ba94dc2c,47389994-b201-4bb1-bf91-8bce4dbde510,Other,,,Low,bed_issue_type_unmapped,4,,,
1dc17326-126e-c888-59c5-f65ba7f151b3,VISH-25-05-0108,77dd12b8-a20b-05c8-2372-79ba1b1624a9,b0d4d2c8-f6ee-bc16-ffd7-fc33c8db8571,A23,382e6330-c64e-2a4c-b734-e519ba94dc2c,47389994-b201-4bb1-bf91-8bce4dbde510,Other,,,Low,bed_issue_type_unmapped,4,,,
f3acbb18-9cf1-6150-3522-83ecf16cc409,VISH-25-08-0109,950dd22f-78fa-d205-48b3-fe5a5cc7438e,82b270bf-e567-2deb-5ef3-495baafd7645,B14,5c31f9fd-7275-3511-295a-a2740dc3ff01,e2aa2aaa-8af6-4807-9a4e-7665c5421eed,Furniture,,08635064-b234-4460-b461-39a5eb86c144,Medium,bed_type_multi,3,"08635064-b234-4460-b461-39a5eb86c144,1b74d82c-0c6e-489d-b7bb-95ccf07e22a0,d8d662fd-0f62-42d0-bcf2-4f22a9ab23ea",Mattress,
ea46b250-7c89-56bc-6da1-73cddb149d51,VISH-25-02-0110,b111e4dd-be1d-2c79-3945-480547761b5f,5d204545-2f72-b89b-3190-a826b5ab6512,B12,41f5e6bc-d64a-b8a7-f9d4-2826bba3d899,a5831922-eaeb-48c2-941c-fd96fae8813d,AC Issues,,,Low,bed_no_type_match,0,,,
16824e25-1f75-89a0-9bc8-1d0749eccfa8,VISH-25-04-0111,b111e4dd-be1d-2c79-3945-480547761b5f,5d204545-2f72-b89b-3190-a826b5ab6512,B12,41f5e6bc-d64a-b8a7-f9d4-2826bba3d899,a5831922-eaeb-48c2-941c-fd96fae8813d,AC Issues,,,Low,bed_no_type_match,0,,,
3bc479ca-6d81-09b6-6ecb-30ec2cf68781,VISH-25-04-0112,b111e4dd-be1d-2c79-3945-480547761b5f,5d204545-2f72-b89b-3190-a826b5ab6512,B12,41f5e6bc-d64a-b8a7-f9d4-2826bba3d899,28158382-d5c1-436c-927b-3e3d9855c2af,Electrical Issues,,,Low,bed_no_type_match,0,,,
0ccf2132-aaa6-a3d2-640d-87700fd8d69c,VISH-25-04-0113,b111e4dd-be1d-2c79-3945-480547761b5f,5d204545-2f72-b89b-3190-a826b5ab6512,B12,41f5e6bc-d64a-b8a7-f9d4-2826bba3d899,d76dd3bd-ccb7-4991-a01f-ce158dfe908e,Plumbing,,,Low,bed_issue_type_unmapped,3,,,
61d44faa-d7f1-67a8-b8fe-8dda77dcc66c,VISH-25-04-0114,b111e4dd-be1d-2c79-3945-480547761b5f,5d204545-2f72-b89b-3190-a826b5ab6512,B12,41f5e6bc-d64a-b8a7-f9d4-2826bba3d899,caf6381e-5189-4c1f-bf0a-4dfd99d9b9e7,Washing machine Issue,,,Low,bed_no_type_match,0,,,
fb2a8321-828e-f0b6-2f8e-4edc9a9f8bc0,VISH-25-04-0115,b111e4dd-be1d-2c79-3945-480547761b5f,5d204545-2f72-b89b-3190-a826b5ab6512,B12,41f5e6bc-d64a-b8a7-f9d4-2826bba3d899,caf6381e-5189-4c1f-bf0a-4dfd99d9b9e7,Washing machine Issue,,,Low,bed_no_type_match,0,,,
41b155ae-0f70-9866-7ebd-1596f05e95c4,VISH-25-04-0116,b111e4dd-be1d-2c79-3945-480547761b5f,5d204545-2f72-b89b-3190-a826b5ab6512,B12,41f5e6bc-d64a-b8a7-f9d4-2826bba3d899,a5831922-eaeb-48c2-941c-fd96fae8813d,AC Issues,,,Low,bed_no_type_match,0,,,
645aeafa-c16f-4cfc-0e99-6cf755a10311,VISH-25-04-0117,b111e4dd-be1d-2c79-3945-480547761b5f,5d204545-2f72-b89b-3190-a826b5ab6512,B12,41f5e6bc-d64a-b8a7-f9d4-2826bba3d899,a5831922-eaeb-48c2-941c-fd96fae8813d,AC Issues,,,Low,bed_no_type_match,0,,,
8e402122-6b6b-6fc7-cace-ed00f0853c59,VISH-25-05-0118,b111e4dd-be1d-2c79-3945-480547761b5f,5d204545-2f72-b89b-3190-a826b5ab6512,B12,41f5e6bc-d64a-b8a7-f9d4-2826bba3d899,a5831922-eaeb-48c2-941c-fd96fae8813d,AC Issues,,,Low,bed_no_type_match,0,,,
41d3cf70-f318-b786-4010-902e3fd05280,VISH-25-08-0119,b111e4dd-be1d-2c79-3945-480547761b5f,5d204545-2f72-b89b-3190-a826b5ab6512,B12,41f5e6bc-d64a-b8a7-f9d4-2826bba3d899,a5831922-eaeb-48c2-941c-fd96fae8813d,AC Issues,,,Low,bed_no_type_match,0,,,
46bb75e7-11af-198c-0abf-9e1bffda7010,VISH-25-08-0120,b111e4dd-be1d-2c79-3945-480547761b5f,5d204545-2f72-b89b-3190-a826b5ab6512,B12,41f5e6bc-d64a-b8a7-f9d4-2826bba3d899,e2aa2aaa-8af6-4807-9a4e-7665c5421eed,Furniture,,1566e7c3-52cf-43b5-97bf-e077bded9f62,Medium,bed_type_multi,3,"1566e7c3-52cf-43b5-97bf-e077bded9f62,42653db6-c3f4-4ab2-b9b5-932188acad7b,a6c370a7-a51e-4831-85ae-fb4e663c61e3",Mattress,
f88b2c3f-8ae0-b291-402a-962c760dfe06,VISH-25-08-0121,b111e4dd-be1d-2c79-3945-480547761b5f,5d204545-2f72-b89b-3190-a826b5ab6512,B12,41f5e6bc-d64a-b8a7-f9d4-2826bba3d899,abc84f5b-a950-406e-ab46-cefbe11df925,Cleaning Issues,,,Low,bed_issue_type_unmapped,3,,,
09c5b0a5-24b7-28fb-288c-8469809c38fe,VISH-25-09-0122,b111e4dd-be1d-2c79-3945-480547761b5f,5d204545-2f72-b89b-3190-a826b5ab6512,B12,41f5e6bc-d64a-b8a7-f9d4-2826bba3d899,d76dd3bd-ccb7-4991-a01f-ce158dfe908e,Plumbing,,,Low,bed_issue_type_unmapped,3,,,
54541597-831f-7957-88dd-62cedd74b747,VISH-25-10-0123,b111e4dd-be1d-2c79-3945-480547761b5f,5d204545-2f72-b89b-3190-a826b5ab6512,B12,41f5e6bc-d64a-b8a7-f9d4-2826bba3d899,28158382-d5c1-436c-927b-3e3d9855c2af,Electrical Issues,,,Low,bed_no_type_match,0,,,
117f9f22-b73f-e9dd-8f22-c26ca7f4570d,VISH-25-11-0124,b111e4dd-be1d-2c79-3945-480547761b5f,5d204545-2f72-b89b-3190-a826b5ab6512,B12,41f5e6bc-d64a-b8a7-f9d4-2826bba3d899,caf6381e-5189-4c1f-bf0a-4dfd99d9b9e7,Washing machine Issue,,,Low,bed_no_type_match,0,,,
b6d17344-d2da-e8d7-812e-f76c7a390e58,VISH-26-01-0125,b111e4dd-be1d-2c79-3945-480547761b5f,5d204545-2f72-b89b-3190-a826b5ab6512,B12,41f5e6bc-d64a-b8a7-f9d4-2826bba3d899,28158382-d5c1-436c-927b-3e3d9855c2af,Electrical Issues,,,Low,bed_no_type_match,0,,,
3ab4faa5-abf5-31b8-fdbf-8ffb543cdbb0,VISH-25-08-0126,10f3edc6-4b03-b82d-8df1-09ddaf031c0c,dc4adc21-f501-0573-2e9a-d7bbbc89e5d6,D11,f75d07e9-5c50-45b0-86bc-61a93dbb4d17,a5831922-eaeb-48c2-941c-fd96fae8813d,AC Issues,,5da6f131-fa1e-4f4a-bd3e-736bee9f59d2,Medium,apartment_type_multi,3,"5da6f131-fa1e-4f4a-bd3e-736bee9f59d2,9de4f299-90f7-4a53-a8c5-8000e64f1b8c,ae778bb1-a990-49a0-b433-d37eaff89aa9",Air Conditioner,
74049431-1314-fb4a-0d41-7894a6035d00,VISH-25-09-0127,10f3edc6-4b03-b82d-8df1-09ddaf031c0c,dc4adc21-f501-0573-2e9a-d7bbbc89e5d6,D11,f75d07e9-5c50-45b0-86bc-61a93dbb4d17,d76dd3bd-ccb7-4991-a01f-ce158dfe908e,Plumbing,,,Low,apartment_issue_type_unmapped,41,,,
2cb9a7fb-76a2-068b-b739-041830b3edd7,VISH-25-09-0128,10f3edc6-4b03-b82d-8df1-09ddaf031c0c,dc4adc21-f501-0573-2e9a-d7bbbc89e5d6,D11,f75d07e9-5c50-45b0-86bc-61a93dbb4d17,01208ba1-4225-4a61-be39-3afe03dad690,RO Water Issues,,5fbc29f6-4bf5-49ea-8394-626682cbaa98,Medium,apartment_type_unique,1,5fbc29f6-4bf5-49ea-8394-626682cbaa98,RO Water Purifier,2025-09-16
cc629fcc-fb15-5872-b444-904e2646d3f3,VISH-25-09-0129,10f3edc6-4b03-b82d-8df1-09ddaf031c0c,dc4adc21-f501-0573-2e9a-d7bbbc89e5d6,D11,f75d07e9-5c50-45b0-86bc-61a93dbb4d17,7917cc13-aaca-4558-a2c2-8be5cd8fc159,Internet Issues,,,Low,apartment_issue_type_unmapped,41,,,
6071c6e8-f56c-00d1-94a1-f3a3de65dce0,VISH-25-10-0130,10f3edc6-4b03-b82d-8df1-09ddaf031c0c,dc4adc21-f501-0573-2e9a-d7bbbc89e5d6,D11,f75d07e9-5c50-45b0-86bc-61a93dbb4d17,47389994-b201-4bb1-bf91-8bce4dbde510,Other,,,Low,apartment_issue_type_unmapped,41,,,
760c7838-d6cc-4adc-250b-62e58c4d778b,VISH-25-10-0131,10f3edc6-4b03-b82d-8df1-09ddaf031c0c,dc4adc21-f501-0573-2e9a-d7bbbc89e5d6,D11,f75d07e9-5c50-45b0-86bc-61a93dbb4d17,e2aa2aaa-8af6-4807-9a4e-7665c5421eed,Furniture,,,Low,apartment_type_many,27,"0ea8c39f-bb94-4db7-a15c-172e6f74e4d8,10d695bc-f929-4f9a-835e-f5f272128e47,17957fac-cf0a-45ec-a106-d445925da1e0,25a7ebc5-6cf7-4eab-8a97-6a1347eea0bb,2f4632a4-122d-4877-8f71-bc3618e56677,3d8a59c1-825f-4b5f-97d1-ef05e6260424,3f10af6c-d4e1-4d29-89f8-56c741d2c8b9,40a65f50-20cf-4631-b949-2be9a125a7cd,4a517757-b1a9-468c-9dba-216e104e9ad9,5fac2cd5-3c3b-404b-8787-fe7496fe76f6,6ccbe5a4-2e5d-4ece-9074-039a98590de0,6d1785a8-1f78-4c30-ab03-dda0f15a282e,718a0082-d5e2-4e95-ac15-70bc14f4dd18,7e97db74-404f-43de-950c-2fb34dbd70db,84b5415d-929f-4555-af57-6320e96ad816,92552377-55a9-4b88-8f83-998d8bfcb72b,a1558217-d3cf-4def-885b-e0db879fd72e,aa849c29-c7ab-4374-ba10-cd79a303f3af,b04c7975-b41a-4a6a-b82c-15c29e4d7f32,b574a563-60e4-4abc-828f-0208ffa9840b,b5878a56-04de-4945-9873-41959ba93e37,ce9b9756-33b0-4d04-b64a-6af7fcbca6cf,d62e228c-2695-46b3-8a0a-c307c04b84c8,d6431127-7862-4964-a4d8-3e15e2118a4b,e570c8cf-9460-4125-97cc-4c2924fe5882,ea804b5d-ce6d-455f-b01a-8cc27d0595eb,f0ab2a84-12dd-46f5-bdb4-496336356ecb",,
3e853e5e-a856-aa19-34e3-dcb41b13f242,VISH-25-10-0132,10f3edc6-4b03-b82d-8df1-09ddaf031c0c,dc4adc21-f501-0573-2e9a-d7bbbc89e5d6,D11,f75d07e9-5c50-45b0-86bc-61a93dbb4d17,47389994-b201-4bb1-bf91-8bce4dbde510,Other,,,Low,apartment_issue_type_unmapped,41,,,
4536fcf1-5efd-28ec-bb95-8f03c474f0e8,VISH-26-03-0133,10f3edc6-4b03-b82d-8df1-09ddaf031c0c,dc4adc21-f501-0573-2e9a-d7bbbc89e5d6,D11,f75d07e9-5c50-45b0-86bc-61a93dbb4d17,a5831922-eaeb-48c2-941c-fd96fae8813d,AC Issues,,5da6f131-fa1e-4f4a-bd3e-736bee9f59d2,Medium,apartment_type_multi,3,"5da6f131-fa1e-4f4a-bd3e-736bee9f59d2,9de4f299-90f7-4a53-a8c5-8000e64f1b8c,ae778bb1-a990-49a0-b433-d37eaff89aa9",Air Conditioner,
8a25d154-e210-da76-4518-9865e5e371aa,VISH-26-03-0134,10f3edc6-4b03-b82d-8df1-09ddaf031c0c,dc4adc21-f501-0573-2e9a-d7bbbc89e5d6,D11,f75d07e9-5c50-45b0-86bc-61a93dbb4d17,e2aa2aaa-8af6-4807-9a4e-7665c5421eed,Furniture,,,Low,apartment_type_many,27,"0ea8c39f-bb94-4db7-a15c-172e6f74e4d8,10d695bc-f929-4f9a-835e-f5f272128e47,17957fac-cf0a-45ec-a106-d445925da1e0,25a7ebc5-6cf7-4eab-8a97-6a1347eea0bb,2f4632a4-122d-4877-8f71-bc3618e56677,3d8a59c1-825f-4b5f-97d1-ef05e6260424,3f10af6c-d4e1-4d29-89f8-56c741d2c8b9,40a65f50-20cf-4631-b949-2be9a125a7cd,4a517757-b1a9-468c-9dba-216e104e9ad9,5fac2cd5-3c3b-404b-8787-fe7496fe76f6,6ccbe5a4-2e5d-4ece-9074-039a98590de0,6d1785a8-1f78-4c30-ab03-dda0f15a282e,718a0082-d5e2-4e95-ac15-70bc14f4dd18,7e97db74-404f-43de-950c-2fb34dbd70db,84b5415d-929f-4555-af57-6320e96ad816,92552377-55a9-4b88-8f83-998d8bfcb72b,a1558217-d3cf-4def-885b-e0db879fd72e,aa849c29-c7ab-4374-ba10-cd79a303f3af,b04c7975-b41a-4a6a-b82c-15c29e4d7f32,b574a563-60e4-4abc-828f-0208ffa9840b,b5878a56-04de-4945-9873-41959ba93e37,ce9b9756-33b0-4d04-b64a-6af7fcbca6cf,d62e228c-2695-46b3-8a0a-c307c04b84c8,d6431127-7862-4964-a4d8-3e15e2118a4b,e570c8cf-9460-4125-97cc-4c2924fe5882,ea804b5d-ce6d-455f-b01a-8cc27d0595eb,f0ab2a84-12dd-46f5-bdb4-496336356ecb",,
b4b7dc1d-1b9a-63b3-30cb-7aa3d300777f,VISH-26-03-0135,10f3edc6-4b03-b82d-8df1-09ddaf031c0c,dc4adc21-f501-0573-2e9a-d7bbbc89e5d6,D11,f75d07e9-5c50-45b0-86bc-61a93dbb4d17,47389994-b201-4bb1-bf91-8bce4dbde510,Other,,,Low,apartment_issue_type_unmapped,41,,,
fb578592-2baf-dd51-b8b9-02d1693c76bf,VISH-26-03-0136,10f3edc6-4b03-b82d-8df1-09ddaf031c0c,dc4adc21-f501-0573-2e9a-d7bbbc89e5d6,D11,f75d07e9-5c50-45b0-86bc-61a93dbb4d17,a5831922-eaeb-48c2-941c-fd96fae8813d,AC Issues,,5da6f131-fa1e-4f4a-bd3e-736bee9f59d2,Medium,apartment_type_multi,3,"5da6f131-fa1e-4f4a-bd3e-736bee9f59d2,9de4f299-90f7-4a53-a8c5-8000e64f1b8c,ae778bb1-a990-49a0-b433-d37eaff89aa9",Air Conditioner,
6f80f35f-b19a-21b3-8506-ce7c8bc05b65,VISH-26-03-0137,10f3edc6-4b03-b82d-8df1-09ddaf031c0c,dc4adc21-f501-0573-2e9a-d7bbbc89e5d6,D11,f75d07e9-5c50-45b0-86bc-61a93dbb4d17,47389994-b201-4bb1-bf91-8bce4dbde510,Other,,,Low,apartment_issue_type_unmapped,41,,,
97309cb0-0ca8-b857-156e-e16a7dc4efd2,VISH-25-04-0138,5a4bd906-07d0-3c04-680d-6ee01f174660,dd96a329-ec95-e96a-1348-69d976f39cd4,C12,f64ad55d-d5e9-6b9e-9676-efeb66d20201,d76dd3bd-ccb7-4991-a01f-ce158dfe908e,Plumbing,,,Low,bed_issue_type_unmapped,3,,,
070592e9-2623-5baa-060d-4ec50c858f8a,VISH-25-04-0139,5a4bd906-07d0-3c04-680d-6ee01f174660,dd96a329-ec95-e96a-1348-69d976f39cd4,C12,f64ad55d-d5e9-6b9e-9676-efeb66d20201,a5831922-eaeb-48c2-941c-fd96fae8813d,AC Issues,,,Low,bed_no_type_match,0,,,
ad41337b-a0e9-0cf0-1699-b242bd846869,VISH-25-09-0140,5a4bd906-07d0-3c04-680d-6ee01f174660,dd96a329-ec95-e96a-1348-69d976f39cd4,C12,f64ad55d-d5e9-6b9e-9676-efeb66d20201,d76dd3bd-ccb7-4991-a01f-ce158dfe908e,Plumbing,,,Low,bed_issue_type_unmapped,3,,,
f5439bfe-94e3-9824-71c6-0421874bdb74,VISH-25-09-0141,5a4bd906-07d0-3c04-680d-6ee01f174660,dd96a329-ec95-e96a-1348-69d976f39cd4,C12,f64ad55d-d5e9-6b9e-9676-efeb66d20201,28158382-d5c1-436c-927b-3e3d9855c2af,Electrical Issues,,ab789334-fbcd-43c7-bee0-ff6a046cfaab,High,bed_type_unique,1,ab789334-fbcd-43c7-bee0-ff6a046cfaab,Fan,
e8b6876e-8665-cbc6-95b3-2037ef921736,VISH-25-02-0142,1fc0c3bb-f35c-8d5d-a4fa-a9c1723cd8ab,49ed1c8e-3653-c89b-ec74-16d8e20bb923,B34,1171b668-e4d4-65e2-411e-0989dc9a3b6f,47389994-b201-4bb1-bf91-8bce4dbde510,Other,,,Low,bed_issue_type_unmapped,6,,,
c8756a49-286a-a3f4-4a90-af32c2bb21b1,VISH-25-06-0143,1fc0c3bb-f35c-8d5d-a4fa-a9c1723cd8ab,49ed1c8e-3653-c89b-ec74-16d8e20bb923,B34,1171b668-e4d4-65e2-411e-0989dc9a3b6f,47389994-b201-4bb1-bf91-8bce4dbde510,Other,,,Low,bed_issue_type_unmapped,6,,,
a23925d3-7c20-2966-b16a-0a16d0d973bf,VISH-25-06-0144,1fc0c3bb-f35c-8d5d-a4fa-a9c1723cd8ab,49ed1c8e-3653-c89b-ec74-16d8e20bb923,B34,1171b668-e4d4-65e2-411e-0989dc9a3b6f,e2aa2aaa-8af6-4807-9a4e-7665c5421eed,Furniture,,,Low,bed_type_many,5,"0c1c9397-410e-4953-9049-5d4ba960c4e2,11769019-5f59-45b0-b47b-2adda63e8f82,b22b676a-e30b-49ef-bacd-3c84f73da5a7,c6d5341f-7b4d-4ca4-9c07-bc2b0a29233a,d84c53da-8f7e-49fb-9be2-15f0fb332997",,
332a0b92-f032-da4b-e51c-31a35375db98,VISH-25-08-0145,1fc0c3bb-f35c-8d5d-a4fa-a9c1723cd8ab,49ed1c8e-3653-c89b-ec74-16d8e20bb923,B34,1171b668-e4d4-65e2-411e-0989dc9a3b6f,d76dd3bd-ccb7-4991-a01f-ce158dfe908e,Plumbing,,,Low,bed_issue_type_unmapped,6,,,
aadff554-5571-6661-3741-dc22842e3252,VISH-26-02-0146,1fc0c3bb-f35c-8d5d-a4fa-a9c1723cd8ab,49ed1c8e-3653-c89b-ec74-16d8e20bb923,B34,b9880845-d37b-c083-ffd7-adcaa279cb30,28158382-d5c1-436c-927b-3e3d9855c2af,Electrical Issues,,,Low,bed_no_type_match,0,,,
326e574d-22b2-1849-ac5c-b2677b7cf820,VISH-25-02-0147,8aacbc78-5e56-b3c0-f8bc-fcb5490b94f3,990e8a3e-a69c-7b31-f606-3eeb21e3d4c6,C34,64cc49bd-a361-2d41-45ab-ba260eff90bc,a5831922-eaeb-48c2-941c-fd96fae8813d,AC Issues,,03f8aa98-9864-42fd-921e-06eddab47e98,High,bed_type_unique,1,03f8aa98-9864-42fd-921e-06eddab47e98,Air Conditioner,
79a4fa68-ffe9-5fc6-32cf-fcbc279047db,VISH-25-06-0148,8aacbc78-5e56-b3c0-f8bc-fcb5490b94f3,990e8a3e-a69c-7b31-f606-3eeb21e3d4c6,C34,64cc49bd-a361-2d41-45ab-ba260eff90bc,abc84f5b-a950-406e-ab46-cefbe11df925,Cleaning Issues,,,Low,bed_issue_type_unmapped,6,,,
7239c720-1796-50ef-ae84-dfd071ee0282,VISH-25-06-0149,8aacbc78-5e56-b3c0-f8bc-fcb5490b94f3,990e8a3e-a69c-7b31-f606-3eeb21e3d4c6,C34,64cc49bd-a361-2d41-45ab-ba260eff90bc,e2aa2aaa-8af6-4807-9a4e-7665c5421eed,Furniture,,,Low,bed_type_many,4,"5234a811-e5d6-4f40-8bf4-8d722f1c3a5e,c1635bf9-84fe-4950-8d89-57c157a57cea,ca7e5ae6-5cdc-4eb6-9bca-f77f46073e56,de3adc91-55a2-4fea-b7b5-af818e51d2d2",,
1dd2c106-4258-400a-1a32-7d97685a4147,VISH-25-02-0150,8aacbc78-5e56-b3c0-f8bc-fcb5490b94f3,990e8a3e-a69c-7b31-f606-3eeb21e3d4c6,C34,64cc49bd-a361-2d41-45ab-ba260eff90bc,a5831922-eaeb-48c2-941c-fd96fae8813d,AC Issues,,03f8aa98-9864-42fd-921e-06eddab47e98,High,bed_type_unique,1,03f8aa98-9864-42fd-921e-06eddab47e98,Air Conditioner,
eb28aba7-2121-5158-67cd-31bd0f594c53,VISH-25-06-0151,8aacbc78-5e56-b3c0-f8bc-fcb5490b94f3,990e8a3e-a69c-7b31-f606-3eeb21e3d4c6,C34,64cc49bd-a361-2d41-45ab-ba260eff90bc,abc84f5b-a950-406e-ab46-cefbe11df925,Cleaning Issues,,,Low,bed_issue_type_unmapped,6,,,
56bf799d-78dc-cf98-7c9c-ae28fd077b67,VISH-25-06-0152,8aacbc78-5e56-b3c0-f8bc-fcb5490b94f3,990e8a3e-a69c-7b31-f606-3eeb21e3d4c6,C34,64cc49bd-a361-2d41-45ab-ba260eff90bc,e2aa2aaa-8af6-4807-9a4e-7665c5421eed,Furniture,,,Low,bed_type_many,4,"5234a811-e5d6-4f40-8bf4-8d722f1c3a5e,c1635bf9-84fe-4950-8d89-57c157a57cea,ca7e5ae6-5cdc-4eb6-9bca-f77f46073e56,de3adc91-55a2-4fea-b7b5-af818e51d2d2",,
23a9dd24-c837-a686-d288-270f0c83192f,VISH-25-08-0153,8aacbc78-5e56-b3c0-f8bc-fcb5490b94f3,990e8a3e-a69c-7b31-f606-3eeb21e3d4c6,C34,64cc49bd-a361-2d41-45ab-ba260eff90bc,abc84f5b-a950-406e-ab46-cefbe11df925,Cleaning Issues,,,Low,bed_issue_type_unmapped,6,,,
62a23cb9-2c0d-f789-7ca4-2116d1668f48,VISH-25-08-0154,8aacbc78-5e56-b3c0-f8bc-fcb5490b94f3,990e8a3e-a69c-7b31-f606-3eeb21e3d4c6,C34,64cc49bd-a361-2d41-45ab-ba260eff90bc,abc84f5b-a950-406e-ab46-cefbe11df925,Cleaning Issues,,,Low,bed_issue_type_unmapped,6,,,
a845ff25-034e-46d8-1eb7-bb5369cb3262,VISH-25-10-0155,8aacbc78-5e56-b3c0-f8bc-fcb5490b94f3,990e8a3e-a69c-7b31-f606-3eeb21e3d4c6,C34,64cc49bd-a361-2d41-45ab-ba260eff90bc,28158382-d5c1-436c-927b-3e3d9855c2af,Electrical Issues,,3cd43d6f-933d-4917-9b7d-296ae90d9d4f,High,bed_type_unique,1,3cd43d6f-933d-4917-9b7d-296ae90d9d4f,Fan,
66204206-a7b6-515d-6da6-70b6ff4e2312,VISH-25-04-0156,bf46b9e6-83d0-c4a0-a0af-0a7effeaee30,aa73cade-c28c-dc5b-5980-55801ea0d415,B33,50d7a816-da06-6897-ffe0-cb694a257dec,47389994-b201-4bb1-bf91-8bce4dbde510,Other,,,Low,bed_issue_type_unmapped,5,,,
252031ca-0ef5-8c6b-d2ff-1a00ca847936,VISH-25-04-0157,bf46b9e6-83d0-c4a0-a0af-0a7effeaee30,aa73cade-c28c-dc5b-5980-55801ea0d415,B33,50d7a816-da06-6897-ffe0-cb694a257dec,47389994-b201-4bb1-bf91-8bce4dbde510,Other,,,Low,bed_issue_type_unmapped,5,,,
807d886e-74a3-8db1-e062-0491b7e0026f,VISH-25-04-0158,bf46b9e6-83d0-c4a0-a0af-0a7effeaee30,aa73cade-c28c-dc5b-5980-55801ea0d415,B33,50d7a816-da06-6897-ffe0-cb694a257dec,47389994-b201-4bb1-bf91-8bce4dbde510,Other,,,Low,bed_issue_type_unmapped,5,,,
29997340-f115-502b-0d6c-7637b887e4dc,VISH-25-04-0159,bf46b9e6-83d0-c4a0-a0af-0a7effeaee30,aa73cade-c28c-dc5b-5980-55801ea0d415,B33,50d7a816-da06-6897-ffe0-cb694a257dec,47389994-b201-4bb1-bf91-8bce4dbde510,Other,,,Low,bed_issue_type_unmapped,5,,,
23177e98-39bc-a0ed-8a61-e1f8d8d4f79d,VISH-25-02-0160,18788fe2-f6a2-826e-2199-6cec118c6d00,5d204545-2f72-b89b-3190-a826b5ab6512,B12,b8451620-5c0d-e318-9cbf-5ecba152b866,47389994-b201-4bb1-bf91-8bce4dbde510,Other,,,Low,bed_issue_type_unmapped,4,,,
40ee49ea-91ec-0756-6c17-e660f8b67350,VISH-25-02-0161,18788fe2-f6a2-826e-2199-6cec118c6d00,5d204545-2f72-b89b-3190-a826b5ab6512,B12,b8451620-5c0d-e318-9cbf-5ecba152b866,47389994-b201-4bb1-bf91-8bce4dbde510,Other,,,Low,bed_issue_type_unmapped,4,,,
7e427e2e-e414-cbed-387c-0e94af7907ab,VISH-25-02-0162,18788fe2-f6a2-826e-2199-6cec118c6d00,5d204545-2f72-b89b-3190-a826b5ab6512,B12,b8451620-5c0d-e318-9cbf-5ecba152b866,47389994-b201-4bb1-bf91-8bce4dbde510,Other,,,Low,bed_issue_type_unmapped,4,,,
05e3d7c7-fc5a-f79b-ef5d-864e7e757deb,VISH-25-02-0163,18788fe2-f6a2-826e-2199-6cec118c6d00,5d204545-2f72-b89b-3190-a826b5ab6512,B12,b8451620-5c0d-e318-9cbf-5ecba152b866,47389994-b201-4bb1-bf91-8bce4dbde510,Other,,,Low,bed_issue_type_unmapped,4,,,
dc6209b1-1df4-0207-754d-0d66d1a873d7,VISH-25-03-0164,18788fe2-f6a2-826e-2199-6cec118c6d00,5d204545-2f72-b89b-3190-a826b5ab6512,B12,b8451620-5c0d-e318-9cbf-5ecba152b866,28158382-d5c1-436c-927b-3e3d9855c2af,Electrical Issues,,f1f8b383-aa8d-4f9d-b51d-b4e8816bf9db,High,bed_type_unique,1,f1f8b383-aa8d-4f9d-b51d-b4e8816bf9db,Fan,
9305429f-7bd9-af86-eb51-38dd47e9db23,VISH-25-04-0165,18788fe2-f6a2-826e-2199-6cec118c6d00,5d204545-2f72-b89b-3190-a826b5ab6512,B12,b8451620-5c0d-e318-9cbf-5ecba152b866,a5831922-eaeb-48c2-941c-fd96fae8813d,AC Issues,,,Low,bed_no_type_match,0,,,
dc849f5b-a5bb-60fc-84b4-b2f4a25f0ea2,VISH-25-04-0166,18788fe2-f6a2-826e-2199-6cec118c6d00,5d204545-2f72-b89b-3190-a826b5ab6512,B12,b8451620-5c0d-e318-9cbf-5ecba152b866,7917cc13-aaca-4558-a2c2-8be5cd8fc159,Internet Issues,,,Low,bed_issue_type_unmapped,4,,,
74120f49-0b22-3537-b5ec-d3c5572da009,VISH-25-09-0167,18788fe2-f6a2-826e-2199-6cec118c6d00,5d204545-2f72-b89b-3190-a826b5ab6512,B12,b8451620-5c0d-e318-9cbf-5ecba152b866,a5831922-eaeb-48c2-941c-fd96fae8813d,AC Issues,,,Low,bed_no_type_match,0,,,
ecdc4f67-27c8-d1ea-11dd-e41dcf5dfe6d,VISH-25-10-0168,18788fe2-f6a2-826e-2199-6cec118c6d00,5d204545-2f72-b89b-3190-a826b5ab6512,B12,b8451620-5c0d-e318-9cbf-5ecba152b866,47389994-b201-4bb1-bf91-8bce4dbde510,Other,,,Low,bed_issue_type_unmapped,4,,,
59b655fe-f97b-daf6-e89d-fdb0e1945f1d,VISH-25-10-0169,18788fe2-f6a2-826e-2199-6cec118c6d00,5d204545-2f72-b89b-3190-a826b5ab6512,B12,b8451620-5c0d-e318-9cbf-5ecba152b866,47389994-b201-4bb1-bf91-8bce4dbde510,Other,,,Low,bed_issue_type_unmapped,4,,,
e6e82b56-81dd-d808-0199-2e8da2bd3838,VISH-25-11-0170,18788fe2-f6a2-826e-2199-6cec118c6d00,5d204545-2f72-b89b-3190-a826b5ab6512,B12,b8451620-5c0d-e318-9cbf-5ecba152b866,47389994-b201-4bb1-bf91-8bce4dbde510,Other,,,Low,bed_issue_type_unmapped,4,,,
f061e3f1-87fc-7754-0f2f-84162a953251,VISH-25-02-0171,a974c0ea-b223-c4ff-2027-207ec4a462ac,77c3a6fd-4651-d880-29aa-abd19c8324df,C21,1bb2080e-607b-e17c-487b-3fc55b233158,caf6381e-5189-4c1f-bf0a-4dfd99d9b9e7,Washing machine Issue,,,Low,bed_no_type_match,0,,,
fafbbe54-c3ff-f3c5-595a-a06cdb43c848,VISH-25-05-0172,a974c0ea-b223-c4ff-2027-207ec4a462ac,77c3a6fd-4651-d880-29aa-abd19c8324df,C21,1bb2080e-607b-e17c-487b-3fc55b233158,a5831922-eaeb-48c2-941c-fd96fae8813d,AC Issues,,,Low,bed_no_type_match,0,,,
4c3f7bae-781c-1224-0222-ad3f94ce381d,VISH-25-02-0173,4628a4bf-d4c5-9e5d-471c-271b9f3e7d03,82b270bf-e567-2deb-5ef3-495baafd7645,B14,a99a7569-c4ba-31c0-62a9-b5fdc33d6863,caf6381e-5189-4c1f-bf0a-4dfd99d9b9e7,Washing machine Issue,,,Low,bed_no_type_match,0,,,
0286eca6-c356-4481-081f-29a964923811,VISH-25-02-0174,4628a4bf-d4c5-9e5d-471c-271b9f3e7d03,82b270bf-e567-2deb-5ef3-495baafd7645,B14,a99a7569-c4ba-31c0-62a9-b5fdc33d6863,caf6381e-5189-4c1f-bf0a-4dfd99d9b9e7,Washing machine Issue,,,Low,bed_no_type_match,0,,,
f40e33ee-142d-488a-db13-058960c1e4af,VISH-25-04-0175,4628a4bf-d4c5-9e5d-471c-271b9f3e7d03,82b270bf-e567-2deb-5ef3-495baafd7645,B14,a99a7569-c4ba-31c0-62a9-b5fdc33d6863,e2aa2aaa-8af6-4807-9a4e-7665c5421eed,Furniture,,4127c641-b61c-4c57-911b-849032138a56,Medium,bed_type_multi,3,"4127c641-b61c-4c57-911b-849032138a56,5cafe387-b6ea-41dc-a4bc-777ac1e84b85,ba532fbf-5f15-446a-9c1e-8b34b5f0adba",Cupboard,
a2c8ff46-ac0a-424a-bcae-582dfd6db28e,VISH-2026-0024,3b02f95a-b47e-1037-4f8a-f2f31e35c98e,b0d4d2c8-f6ee-bc16-ffd7-fc33c8db8571,A23,96bb1fe8-5e0d-fdd2-0b6f-94aa78cf0ba2,e2aa2aaa-8af6-4807-9a4e-7665c5421eed,Furniture,2026-04-07 13:39:43.076881,15055f35-2f83-4054-97be-d4a5ebe1f0c4,Verified,direct_asset_id,1,15055f35-2f83-4054-97be-d4a5ebe1f0c4,Cot (Bed Frame),
c21ada41-f39e-4dc2-a692-e977fc9d3772,VIST-26-06-00101,9541a16d-d020-eb78-80f1-a4a2d4b7775f,77c3a6fd-4651-d880-29aa-abd19c8324df,C21,2ac95711-7b8e-8315-eae3-c0ad2ace7ade,a25aca1b-211b-41d3-ab08-78bd2b9541e8,Toilet Issues,2026-06-28 00:22:09.718234,1ecc31a0-bd06-47cd-97d6-08a6fc66b684,Verified,direct_asset_id,1,1ecc31a0-bd06-47cd-97d6-08a6fc66b684,Air Conditioner,
8acb89e3-ea87-4013-8fdf-7f56b6d7f6b2,VIST-26-05-00132,6dd50e39-9843-4442-cc09-3b49fbe97fb9,2fc42a4f-fe5a-ae08-0e4e-2c89ca71db85,B11,b8e2da25-71c4-1b06-f7dd-e06f7f8f7741,a5831922-eaeb-48c2-941c-fd96fae8813d,AC Issues,2026-05-27 14:34:11.333624,40273ebc-52da-4130-82f8-a28b466d4adc,Verified,direct_asset_id,1,40273ebc-52da-4130-82f8-a28b466d4adc,Air Conditioner,
6a9b6d23-6feb-e775-0c8e-83fe76169010,VISH-25-04-0176,4628a4bf-d4c5-9e5d-471c-271b9f3e7d03,82b270bf-e567-2deb-5ef3-495baafd7645,B14,a99a7569-c4ba-31c0-62a9-b5fdc33d6863,ec405235-70e9-407e-9aa2-b877f8f36af8,Fridge Issues,,,Low,bed_no_type_match,0,,,
fa14fd02-b868-e37a-92b7-c20d6f0a5c10,VISH-25-08-0177,4628a4bf-d4c5-9e5d-471c-271b9f3e7d03,82b270bf-e567-2deb-5ef3-495baafd7645,B14,a99a7569-c4ba-31c0-62a9-b5fdc33d6863,47389994-b201-4bb1-bf91-8bce4dbde510,Other,,,Low,bed_issue_type_unmapped,3,,,
51807d31-16f9-9a56-70b6-59405dae842e,VISH-25-10-0178,4628a4bf-d4c5-9e5d-471c-271b9f3e7d03,82b270bf-e567-2deb-5ef3-495baafd7645,B14,a99a7569-c4ba-31c0-62a9-b5fdc33d6863,caf6381e-5189-4c1f-bf0a-4dfd99d9b9e7,Washing machine Issue,,,Low,bed_no_type_match,0,,,
8718b796-91e6-9c0c-92d2-c6d81c681770,VISH-25-10-0179,4628a4bf-d4c5-9e5d-471c-271b9f3e7d03,82b270bf-e567-2deb-5ef3-495baafd7645,B14,a99a7569-c4ba-31c0-62a9-b5fdc33d6863,47389994-b201-4bb1-bf91-8bce4dbde510,Other,,,Low,bed_issue_type_unmapped,3,,,
e8ed3a95-48e4-c823-b90e-b0e406766bf4,VISH-25-05-0180,23f7ef5f-6b26-a104-b616-b438d7e9243c,dc4adc21-f501-0573-2e9a-d7bbbc89e5d6,D11,fd583622-d483-7a0e-b288-a9d0d1e0807a,28158382-d5c1-436c-927b-3e3d9855c2af,Electrical Issues,,,Low,bed_no_type_match,0,,,
fa5cda43-b643-29b8-8e7b-2cdf427a67e3,VISH-25-05-0181,23f7ef5f-6b26-a104-b616-b438d7e9243c,dc4adc21-f501-0573-2e9a-d7bbbc89e5d6,D11,fd583622-d483-7a0e-b288-a9d0d1e0807a,abc84f5b-a950-406e-ab46-cefbe11df925,Cleaning Issues,,,Low,bed_issue_type_unmapped,3,,,
f064a275-3ae8-940a-4616-4aa677a8a5d6,VISH-25-07-0182,23f7ef5f-6b26-a104-b616-b438d7e9243c,dc4adc21-f501-0573-2e9a-d7bbbc89e5d6,D11,fd583622-d483-7a0e-b288-a9d0d1e0807a,d76dd3bd-ccb7-4991-a01f-ce158dfe908e,Plumbing,,,Low,bed_issue_type_unmapped,3,,,
aa5246b5-42ec-df14-577c-9ae981cb4ff6,VISH-25-07-0183,23f7ef5f-6b26-a104-b616-b438d7e9243c,dc4adc21-f501-0573-2e9a-d7bbbc89e5d6,D11,fd583622-d483-7a0e-b288-a9d0d1e0807a,abc84f5b-a950-406e-ab46-cefbe11df925,Cleaning Issues,,,Low,bed_issue_type_unmapped,3,,,
f4273f95-362a-d869-093c-d42cd4d9de4f,VISH-25-07-0184,23f7ef5f-6b26-a104-b616-b438d7e9243c,dc4adc21-f501-0573-2e9a-d7bbbc89e5d6,D11,fd583622-d483-7a0e-b288-a9d0d1e0807a,d76dd3bd-ccb7-4991-a01f-ce158dfe908e,Plumbing,,,Low,bed_issue_type_unmapped,3,,,
fa7d7055-c9d0-ff03-059c-9735424dc6bd,VISH-25-09-0185,23f7ef5f-6b26-a104-b616-b438d7e9243c,dc4adc21-f501-0573-2e9a-d7bbbc89e5d6,D11,fd583622-d483-7a0e-b288-a9d0d1e0807a,abc84f5b-a950-406e-ab46-cefbe11df925,Cleaning Issues,,,Low,bed_issue_type_unmapped,3,,,
c7648a8a-650a-798f-c536-b41de048c7dd,VISH-25-09-0186,23f7ef5f-6b26-a104-b616-b438d7e9243c,dc4adc21-f501-0573-2e9a-d7bbbc89e5d6,D11,fd583622-d483-7a0e-b288-a9d0d1e0807a,47389994-b201-4bb1-bf91-8bce4dbde510,Other,,,Low,bed_issue_type_unmapped,3,,,
0403bcc2-8ef7-44ec-1da3-00dd82ed1fab,VISH-25-11-0187,23f7ef5f-6b26-a104-b616-b438d7e9243c,dc4adc21-f501-0573-2e9a-d7bbbc89e5d6,D11,fd583622-d483-7a0e-b288-a9d0d1e0807a,d76dd3bd-ccb7-4991-a01f-ce158dfe908e,Plumbing,,,Low,bed_issue_type_unmapped,3,,,
651e134c-2a52-efdf-1276-13543df66fd4,VISH-25-11-0188,23f7ef5f-6b26-a104-b616-b438d7e9243c,dc4adc21-f501-0573-2e9a-d7bbbc89e5d6,D11,fd583622-d483-7a0e-b288-a9d0d1e0807a,d76dd3bd-ccb7-4991-a01f-ce158dfe908e,Plumbing,,,Low,bed_issue_type_unmapped,3,,,
0724df23-fa13-e288-2a8f-17e148ea51fb,VISH-25-12-0189,23f7ef5f-6b26-a104-b616-b438d7e9243c,dc4adc21-f501-0573-2e9a-d7bbbc89e5d6,D11,fd583622-d483-7a0e-b288-a9d0d1e0807a,47389994-b201-4bb1-bf91-8bce4dbde510,Other,,,Low,bed_issue_type_unmapped,3,,,
ae224d05-9645-7216-1523-43113a40dbbe,VISH-26-02-0190,23f7ef5f-6b26-a104-b616-b438d7e9243c,dc4adc21-f501-0573-2e9a-d7bbbc89e5d6,D11,fd583622-d483-7a0e-b288-a9d0d1e0807a,28158382-d5c1-436c-927b-3e3d9855c2af,Electrical Issues,,,Low,bed_no_type_match,0,,,
3f10393c-cd77-74ab-4261-2a3eeafd8217,VISH-26-02-0191,23f7ef5f-6b26-a104-b616-b438d7e9243c,dc4adc21-f501-0573-2e9a-d7bbbc89e5d6,D11,fd583622-d483-7a0e-b288-a9d0d1e0807a,28158382-d5c1-436c-927b-3e3d9855c2af,Electrical Issues,,,Low,bed_no_type_match,0,,,
902b2478-df95-2995-4a94-9c6a45f500f7,VISH-26-02-0192,23f7ef5f-6b26-a104-b616-b438d7e9243c,dc4adc21-f501-0573-2e9a-d7bbbc89e5d6,D11,fd583622-d483-7a0e-b288-a9d0d1e0807a,d76dd3bd-ccb7-4991-a01f-ce158dfe908e,Plumbing,,,Low,bed_issue_type_unmapped,3,,,
066cfbbc-b43a-c487-b9ca-a3e19c3bd308,VISH-26-02-0193,23f7ef5f-6b26-a104-b616-b438d7e9243c,dc4adc21-f501-0573-2e9a-d7bbbc89e5d6,D11,fd583622-d483-7a0e-b288-a9d0d1e0807a,abc84f5b-a950-406e-ab46-cefbe11df925,Cleaning Issues,,,Low,bed_issue_type_unmapped,3,,,
668fbf0a-6179-f053-0294-57280ffe5cb5,VISH-26-02-0194,23f7ef5f-6b26-a104-b616-b438d7e9243c,dc4adc21-f501-0573-2e9a-d7bbbc89e5d6,D11,fd583622-d483-7a0e-b288-a9d0d1e0807a,abc84f5b-a950-406e-ab46-cefbe11df925,Cleaning Issues,,,Low,bed_issue_type_unmapped,3,,,
7ad00c6e-9014-bbe1-8b23-68a6e4b22ad7,VISH-26-02-0195,23f7ef5f-6b26-a104-b616-b438d7e9243c,dc4adc21-f501-0573-2e9a-d7bbbc89e5d6,D11,fd583622-d483-7a0e-b288-a9d0d1e0807a,e2aa2aaa-8af6-4807-9a4e-7665c5421eed,Furniture,,81e4237c-0382-4c38-9e68-b23c53b66f44,Medium,bed_type_multi,3,"81e4237c-0382-4c38-9e68-b23c53b66f44,acad55b2-f580-47ec-9ef1-5693687695ce,e4f42a04-4332-4ddb-a9ed-0275422c0c35",Cupboard,
9f9b8f73-6644-3bed-a6ea-6334e8b89337,VISH-26-02-0196,23f7ef5f-6b26-a104-b616-b438d7e9243c,dc4adc21-f501-0573-2e9a-d7bbbc89e5d6,D11,fd583622-d483-7a0e-b288-a9d0d1e0807a,01208ba1-4225-4a61-be39-3afe03dad690,RO Water Issues,,,Low,bed_no_type_match,0,,,
8bbc5f47-0b85-27d2-d660-bb4bbeb005ec,VISH-26-02-0197,23f7ef5f-6b26-a104-b616-b438d7e9243c,dc4adc21-f501-0573-2e9a-d7bbbc89e5d6,D11,fd583622-d483-7a0e-b288-a9d0d1e0807a,abc84f5b-a950-406e-ab46-cefbe11df925,Cleaning Issues,,,Low,bed_issue_type_unmapped,3,,,
e106bcdc-78ba-02cf-9589-368dc10bb2dc,VISH-25-03-0198,a66a39a1-af53-6290-1e0b-7fc51cc20608,ffbd5fe0-d9b3-cb55-cfd7-2d72a3498109,B43,6e45aca0-18fa-334d-4711-4da7cc94e30f,28158382-d5c1-436c-927b-3e3d9855c2af,Electrical Issues,,3005c67a-dd3b-4a53-a457-4b155602758d,High,bed_type_unique,1,3005c67a-dd3b-4a53-a457-4b155602758d,Fan,
144a737a-98cb-64f8-3ec4-0406d92af671,VISH-25-03-0199,a66a39a1-af53-6290-1e0b-7fc51cc20608,ffbd5fe0-d9b3-cb55-cfd7-2d72a3498109,B43,6e45aca0-18fa-334d-4711-4da7cc94e30f,28158382-d5c1-436c-927b-3e3d9855c2af,Electrical Issues,,3005c67a-dd3b-4a53-a457-4b155602758d,High,bed_type_unique,1,3005c67a-dd3b-4a53-a457-4b155602758d,Fan,
3c22fcd8-7379-4ce2-00f6-fd114d84f389,VISH-25-07-0200,146a8458-f956-54ed-317f-b99f7d16fff8,10c6863d-07c3-4fc4-94f9-6adc29157ce1,C31,dcfddc61-693e-2180-1cf6-f3e8e0dd40d8,7917cc13-aaca-4558-a2c2-8be5cd8fc159,Internet Issues,,,Low,bed_issue_type_unmapped,4,,,
4ffdcd63-b570-acda-f773-7073709ae98f,VISH-26-03-0201,146a8458-f956-54ed-317f-b99f7d16fff8,10c6863d-07c3-4fc4-94f9-6adc29157ce1,C31,dcfddc61-693e-2180-1cf6-f3e8e0dd40d8,ec405235-70e9-407e-9aa2-b877f8f36af8,Fridge Issues,,,Low,bed_no_type_match,0,,,
ad3474ad-6bd6-40ba-42f7-b62a14f0cb6e,VISH-26-03-0202,146a8458-f956-54ed-317f-b99f7d16fff8,10c6863d-07c3-4fc4-94f9-6adc29157ce1,C31,dcfddc61-693e-2180-1cf6-f3e8e0dd40d8,caf6381e-5189-4c1f-bf0a-4dfd99d9b9e7,Washing machine Issue,,,Low,bed_no_type_match,0,,,
1eae2b63-2af5-bd4b-7f4a-57394ae9cb75,VISH-26-03-0203,146a8458-f956-54ed-317f-b99f7d16fff8,10c6863d-07c3-4fc4-94f9-6adc29157ce1,C31,dcfddc61-693e-2180-1cf6-f3e8e0dd40d8,47389994-b201-4bb1-bf91-8bce4dbde510,Other,,,Low,bed_issue_type_unmapped,4,,,
c0a5fa74-cdcd-c23e-2d58-e3b1b502fa1b,VISH-25-02-0204,6162731a-4a9c-e887-e586-1ea574985777,dd96a329-ec95-e96a-1348-69d976f39cd4,C12,5dd54516-df42-d086-0eef-3495660d438f,a5831922-eaeb-48c2-941c-fd96fae8813d,AC Issues,,572c3a43-35ae-48cc-941e-77484386f1bd,High,bed_type_unique,1,572c3a43-35ae-48cc-941e-77484386f1bd,Air Conditioner,
8c944ff6-cd23-6076-4cf5-20fdde397111,VISH-25-02-0205,6162731a-4a9c-e887-e586-1ea574985777,dd96a329-ec95-e96a-1348-69d976f39cd4,C12,5dd54516-df42-d086-0eef-3495660d438f,a5831922-eaeb-48c2-941c-fd96fae8813d,AC Issues,,572c3a43-35ae-48cc-941e-77484386f1bd,High,bed_type_unique,1,572c3a43-35ae-48cc-941e-77484386f1bd,Air Conditioner,
78d47d55-37ad-f2cc-c16c-bb5f3647ccc0,VISH-25-02-0206,6162731a-4a9c-e887-e586-1ea574985777,dd96a329-ec95-e96a-1348-69d976f39cd4,C12,5dd54516-df42-d086-0eef-3495660d438f,01208ba1-4225-4a61-be39-3afe03dad690,RO Water Issues,,,Low,bed_no_type_match,0,,,
0e2940ea-1484-9537-8245-126de31ead97,VISH-25-02-0207,6162731a-4a9c-e887-e586-1ea574985777,dd96a329-ec95-e96a-1348-69d976f39cd4,C12,5dd54516-df42-d086-0eef-3495660d438f,01208ba1-4225-4a61-be39-3afe03dad690,RO Water Issues,,,Low,bed_no_type_match,0,,,
9d8efa81-f0ba-b4ba-ed77-a34da3d41735,VISH-25-02-0208,6162731a-4a9c-e887-e586-1ea574985777,dd96a329-ec95-e96a-1348-69d976f39cd4,C12,5dd54516-df42-d086-0eef-3495660d438f,01208ba1-4225-4a61-be39-3afe03dad690,RO Water Issues,,,Low,bed_no_type_match,0,,,
201b5206-df00-626c-98ad-e448bdb1551d,VISH-25-02-0209,6162731a-4a9c-e887-e586-1ea574985777,dd96a329-ec95-e96a-1348-69d976f39cd4,C12,5dd54516-df42-d086-0eef-3495660d438f,01208ba1-4225-4a61-be39-3afe03dad690,RO Water Issues,,,Low,bed_no_type_match,0,,,
386d9101-8d34-b85e-4c35-5567e05fc0e3,VISH-25-02-0210,6162731a-4a9c-e887-e586-1ea574985777,dd96a329-ec95-e96a-1348-69d976f39cd4,C12,5dd54516-df42-d086-0eef-3495660d438f,01208ba1-4225-4a61-be39-3afe03dad690,RO Water Issues,,,Low,bed_no_type_match,0,,,
33c4fcea-1fab-9705-5e7a-49ead1f1a919,VISH-25-02-0211,6162731a-4a9c-e887-e586-1ea574985777,dd96a329-ec95-e96a-1348-69d976f39cd4,C12,5dd54516-df42-d086-0eef-3495660d438f,01208ba1-4225-4a61-be39-3afe03dad690,RO Water Issues,,,Low,bed_no_type_match,0,,,
f880a3de-eff2-2145-29f1-5664ee9c6984,VISH-25-03-0212,6162731a-4a9c-e887-e586-1ea574985777,dd96a329-ec95-e96a-1348-69d976f39cd4,C12,5dd54516-df42-d086-0eef-3495660d438f,a5831922-eaeb-48c2-941c-fd96fae8813d,AC Issues,,572c3a43-35ae-48cc-941e-77484386f1bd,High,bed_type_unique,1,572c3a43-35ae-48cc-941e-77484386f1bd,Air Conditioner,
de81cb45-76db-b939-c204-b73655735f8c,VISH-25-03-0213,6162731a-4a9c-e887-e586-1ea574985777,dd96a329-ec95-e96a-1348-69d976f39cd4,C12,5dd54516-df42-d086-0eef-3495660d438f,28158382-d5c1-436c-927b-3e3d9855c2af,Electrical Issues,,,Low,bed_no_type_match,0,,,
409160f3-8c48-9b1d-923f-ea28f3d96126,VISH-25-04-0214,6162731a-4a9c-e887-e586-1ea574985777,dd96a329-ec95-e96a-1348-69d976f39cd4,C12,5dd54516-df42-d086-0eef-3495660d438f,d76dd3bd-ccb7-4991-a01f-ce158dfe908e,Plumbing,,,Low,bed_issue_type_unmapped,7,,,
352a7be8-13bb-a32f-579c-73f8dc725e5c,VISH-25-04-0215,6162731a-4a9c-e887-e586-1ea574985777,dd96a329-ec95-e96a-1348-69d976f39cd4,C12,5dd54516-df42-d086-0eef-3495660d438f,a5831922-eaeb-48c2-941c-fd96fae8813d,AC Issues,,572c3a43-35ae-48cc-941e-77484386f1bd,High,bed_type_unique,1,572c3a43-35ae-48cc-941e-77484386f1bd,Air Conditioner,
6efda9c4-a92a-a6b4-5580-c8d804c8a8ea,VISH-25-06-0216,6162731a-4a9c-e887-e586-1ea574985777,dd96a329-ec95-e96a-1348-69d976f39cd4,C12,5dd54516-df42-d086-0eef-3495660d438f,a5831922-eaeb-48c2-941c-fd96fae8813d,AC Issues,,572c3a43-35ae-48cc-941e-77484386f1bd,High,bed_type_unique,1,572c3a43-35ae-48cc-941e-77484386f1bd,Air Conditioner,
aa9b998c-8efc-80b2-88d8-761f59792a85,VISH-25-06-0217,6162731a-4a9c-e887-e586-1ea574985777,dd96a329-ec95-e96a-1348-69d976f39cd4,C12,5dd54516-df42-d086-0eef-3495660d438f,01208ba1-4225-4a61-be39-3afe03dad690,RO Water Issues,,,Low,bed_no_type_match,0,,,
b20da449-07a7-3597-12d9-d3ef305fd475,VISH-25-06-0218,6162731a-4a9c-e887-e586-1ea574985777,dd96a329-ec95-e96a-1348-69d976f39cd4,C12,5dd54516-df42-d086-0eef-3495660d438f,01208ba1-4225-4a61-be39-3afe03dad690,RO Water Issues,,,Low,bed_no_type_match,0,,,
6cf515d2-ca6f-3da8-6801-8d62a1fc00d9,VISH-25-06-0219,6162731a-4a9c-e887-e586-1ea574985777,dd96a329-ec95-e96a-1348-69d976f39cd4,C12,5dd54516-df42-d086-0eef-3495660d438f,a5831922-eaeb-48c2-941c-fd96fae8813d,AC Issues,,572c3a43-35ae-48cc-941e-77484386f1bd,High,bed_type_unique,1,572c3a43-35ae-48cc-941e-77484386f1bd,Air Conditioner,
f4d00892-b71c-2af8-dabd-11e1be17f340,VISH-25-06-0220,6162731a-4a9c-e887-e586-1ea574985777,dd96a329-ec95-e96a-1348-69d976f39cd4,C12,5dd54516-df42-d086-0eef-3495660d438f,a5831922-eaeb-48c2-941c-fd96fae8813d,AC Issues,,572c3a43-35ae-48cc-941e-77484386f1bd,High,bed_type_unique,1,572c3a43-35ae-48cc-941e-77484386f1bd,Air Conditioner,
adeaf389-d252-4d24-c3ab-0e50e8a2fbed,VISH-25-07-0221,6162731a-4a9c-e887-e586-1ea574985777,dd96a329-ec95-e96a-1348-69d976f39cd4,C12,5dd54516-df42-d086-0eef-3495660d438f,a5831922-eaeb-48c2-941c-fd96fae8813d,AC Issues,,572c3a43-35ae-48cc-941e-77484386f1bd,High,bed_type_unique,1,572c3a43-35ae-48cc-941e-77484386f1bd,Air Conditioner,
ae6da258-9c81-624d-2934-34953f25defb,VISH-25-07-0222,6162731a-4a9c-e887-e586-1ea574985777,dd96a329-ec95-e96a-1348-69d976f39cd4,C12,5dd54516-df42-d086-0eef-3495660d438f,28158382-d5c1-436c-927b-3e3d9855c2af,Electrical Issues,,,Low,bed_no_type_match,0,,,
a6f40061-a4af-80b8-51a0-add777415e10,VISH-25-08-0223,6162731a-4a9c-e887-e586-1ea574985777,dd96a329-ec95-e96a-1348-69d976f39cd4,C12,5dd54516-df42-d086-0eef-3495660d438f,28158382-d5c1-436c-927b-3e3d9855c2af,Electrical Issues,,,Low,bed_no_type_match,0,,,
740813a9-6573-e8d0-b8c4-6adbbab8dd17,VISH-26-02-0224,6162731a-4a9c-e887-e586-1ea574985777,dd96a329-ec95-e96a-1348-69d976f39cd4,C12,5dd54516-df42-d086-0eef-3495660d438f,a5831922-eaeb-48c2-941c-fd96fae8813d,AC Issues,,572c3a43-35ae-48cc-941e-77484386f1bd,High,bed_type_unique,1,572c3a43-35ae-48cc-941e-77484386f1bd,Air Conditioner,
a2b3733c-b903-2965-c49d-16bd14e93f9d,VISH-26-03-0225,6162731a-4a9c-e887-e586-1ea574985777,dd96a329-ec95-e96a-1348-69d976f39cd4,C12,5dd54516-df42-d086-0eef-3495660d438f,47389994-b201-4bb1-bf91-8bce4dbde510,Other,,,Low,bed_issue_type_unmapped,7,,,
15cd3e09-fb20-9a8f-2e8d-f91350af41ea,VISH-26-03-0226,6162731a-4a9c-e887-e586-1ea574985777,dd96a329-ec95-e96a-1348-69d976f39cd4,C12,5dd54516-df42-d086-0eef-3495660d438f,47389994-b201-4bb1-bf91-8bce4dbde510,Other,,,Low,bed_issue_type_unmapped,7,,,
6ceff8a6-da56-9ccc-ea8c-8698a0c1845c,VISH-26-03-0227,6162731a-4a9c-e887-e586-1ea574985777,dd96a329-ec95-e96a-1348-69d976f39cd4,C12,5dd54516-df42-d086-0eef-3495660d438f,47389994-b201-4bb1-bf91-8bce4dbde510,Other,,,Low,bed_issue_type_unmapped,7,,,
af1012ed-deed-ab6e-1e17-a21d716ef235,VISH-26-03-0228,6162731a-4a9c-e887-e586-1ea574985777,dd96a329-ec95-e96a-1348-69d976f39cd4,C12,5dd54516-df42-d086-0eef-3495660d438f,47389994-b201-4bb1-bf91-8bce4dbde510,Other,,,Low,bed_issue_type_unmapped,7,,,
78aca685-0f96-6e02-9ab4-69d619fb88ae,VISH-26-03-0229,6162731a-4a9c-e887-e586-1ea574985777,dd96a329-ec95-e96a-1348-69d976f39cd4,C12,5dd54516-df42-d086-0eef-3495660d438f,47389994-b201-4bb1-bf91-8bce4dbde510,Other,,,Low,bed_issue_type_unmapped,7,,,
b529d44c-b728-aa47-0506-a4f4c85bfff1,VISH-26-03-0230,6162731a-4a9c-e887-e586-1ea574985777,dd96a329-ec95-e96a-1348-69d976f39cd4,C12,5dd54516-df42-d086-0eef-3495660d438f,47389994-b201-4bb1-bf91-8bce4dbde510,Other,,,Low,bed_issue_type_unmapped,7,,,
9e288426-3f88-8f59-6175-0669bba6e4cf,VISH-26-03-0231,6162731a-4a9c-e887-e586-1ea574985777,dd96a329-ec95-e96a-1348-69d976f39cd4,C12,5dd54516-df42-d086-0eef-3495660d438f,47389994-b201-4bb1-bf91-8bce4dbde510,Other,,,Low,bed_issue_type_unmapped,7,,,
e850b127-0860-cf3a-f986-b59dcb42fb37,VISH-25-03-0232,66fbcb59-3d06-d8cc-b1d5-53f38a599207,c2ff0c11-4d1b-7b9b-b93c-aa37c9b6c40b,D21,0dd3b0c2-ddcf-ddb3-1f9f-e19c9273b218,a5831922-eaeb-48c2-941c-fd96fae8813d,AC Issues,,,Low,apartment_type_many,4,"00b7fd23-69e7-46fd-82ef-ca35a3f56394,0605d972-00d7-4e1c-9717-1b4bdb98227b,561ea125-de43-46ef-b0b5-c9748b1e06ad,da8e458f-b860-4736-acbb-059435162885",,
c3dcca55-b6b6-d12c-4b0c-e07a1ccdd1ef,VISH-25-03-0233,66fbcb59-3d06-d8cc-b1d5-53f38a599207,c2ff0c11-4d1b-7b9b-b93c-aa37c9b6c40b,D21,0dd3b0c2-ddcf-ddb3-1f9f-e19c9273b218,01208ba1-4225-4a61-be39-3afe03dad690,RO Water Issues,,1fac099b-4e9f-4260-bfa2-9ecdd23b97fb,Medium,apartment_type_unique,1,1fac099b-4e9f-4260-bfa2-9ecdd23b97fb,RO Water Purifier,2023-08-30
788837e8-e58b-c0e7-3452-69b046dea975,VISH-25-08-0234,66fbcb59-3d06-d8cc-b1d5-53f38a599207,c2ff0c11-4d1b-7b9b-b93c-aa37c9b6c40b,D21,0dd3b0c2-ddcf-ddb3-1f9f-e19c9273b218,47389994-b201-4bb1-bf91-8bce4dbde510,Other,,,Low,apartment_issue_type_unmapped,39,,,
92f2ed4a-b852-4e6b-4bb3-497b0a50ef0d,VISH-25-08-0235,66fbcb59-3d06-d8cc-b1d5-53f38a599207,c2ff0c11-4d1b-7b9b-b93c-aa37c9b6c40b,D21,0dd3b0c2-ddcf-ddb3-1f9f-e19c9273b218,28158382-d5c1-436c-927b-3e3d9855c2af,Electrical Issues,,1c7e8258-9896-4a48-a5b7-f04e6beba3b8,Medium,apartment_type_multi,3,"1c7e8258-9896-4a48-a5b7-f04e6beba3b8,5afb5cb0-85ac-4667-a503-73f76261a726,8ad4378e-8b51-4c43-8690-81aba71ae42a",Fan,
5da92ddf-bf0f-b6b3-1723-91cc27df4de4,VISH-25-09-0236,66fbcb59-3d06-d8cc-b1d5-53f38a599207,c2ff0c11-4d1b-7b9b-b93c-aa37c9b6c40b,D21,0dd3b0c2-ddcf-ddb3-1f9f-e19c9273b218,28158382-d5c1-436c-927b-3e3d9855c2af,Electrical Issues,,1c7e8258-9896-4a48-a5b7-f04e6beba3b8,Medium,apartment_type_multi,3,"1c7e8258-9896-4a48-a5b7-f04e6beba3b8,5afb5cb0-85ac-4667-a503-73f76261a726,8ad4378e-8b51-4c43-8690-81aba71ae42a",Fan,
83cb1e0e-e87b-ef82-d677-edb30f541e33,VISH-25-09-0237,66fbcb59-3d06-d8cc-b1d5-53f38a599207,c2ff0c11-4d1b-7b9b-b93c-aa37c9b6c40b,D21,0dd3b0c2-ddcf-ddb3-1f9f-e19c9273b218,01208ba1-4225-4a61-be39-3afe03dad690,RO Water Issues,,1fac099b-4e9f-4260-bfa2-9ecdd23b97fb,Medium,apartment_type_unique,1,1fac099b-4e9f-4260-bfa2-9ecdd23b97fb,RO Water Purifier,2023-08-30
75ff20a3-da1c-37f4-53e2-60d3fcaacc1a,VISH-25-09-0238,66fbcb59-3d06-d8cc-b1d5-53f38a599207,c2ff0c11-4d1b-7b9b-b93c-aa37c9b6c40b,D21,0dd3b0c2-ddcf-ddb3-1f9f-e19c9273b218,47389994-b201-4bb1-bf91-8bce4dbde510,Other,,,Low,apartment_issue_type_unmapped,39,,,
cca7e70a-48a3-002d-0e3f-d90608447fd9,VISH-25-09-0239,66fbcb59-3d06-d8cc-b1d5-53f38a599207,c2ff0c11-4d1b-7b9b-b93c-aa37c9b6c40b,D21,0dd3b0c2-ddcf-ddb3-1f9f-e19c9273b218,a5831922-eaeb-48c2-941c-fd96fae8813d,AC Issues,,,Low,apartment_type_many,4,"00b7fd23-69e7-46fd-82ef-ca35a3f56394,0605d972-00d7-4e1c-9717-1b4bdb98227b,561ea125-de43-46ef-b0b5-c9748b1e06ad,da8e458f-b860-4736-acbb-059435162885",,
2cea25f0-3677-3f84-58bd-03342209e0c5,VISH-25-10-0240,66fbcb59-3d06-d8cc-b1d5-53f38a599207,c2ff0c11-4d1b-7b9b-b93c-aa37c9b6c40b,D21,0dd3b0c2-ddcf-ddb3-1f9f-e19c9273b218,a5831922-eaeb-48c2-941c-fd96fae8813d,AC Issues,,,Low,apartment_type_many,4,"00b7fd23-69e7-46fd-82ef-ca35a3f56394,0605d972-00d7-4e1c-9717-1b4bdb98227b,561ea125-de43-46ef-b0b5-c9748b1e06ad,da8e458f-b860-4736-acbb-059435162885",,
b347e660-2ad1-0ea5-d0cd-f352f7a075d2,VISH-25-10-0241,66fbcb59-3d06-d8cc-b1d5-53f38a599207,c2ff0c11-4d1b-7b9b-b93c-aa37c9b6c40b,D21,0dd3b0c2-ddcf-ddb3-1f9f-e19c9273b218,01208ba1-4225-4a61-be39-3afe03dad690,RO Water Issues,,1fac099b-4e9f-4260-bfa2-9ecdd23b97fb,Medium,apartment_type_unique,1,1fac099b-4e9f-4260-bfa2-9ecdd23b97fb,RO Water Purifier,2023-08-30
576979ef-7d9e-dc4a-e304-e55db3134e9c,VISH-25-10-0242,66fbcb59-3d06-d8cc-b1d5-53f38a599207,c2ff0c11-4d1b-7b9b-b93c-aa37c9b6c40b,D21,0dd3b0c2-ddcf-ddb3-1f9f-e19c9273b218,28158382-d5c1-436c-927b-3e3d9855c2af,Electrical Issues,,1c7e8258-9896-4a48-a5b7-f04e6beba3b8,Medium,apartment_type_multi,3,"1c7e8258-9896-4a48-a5b7-f04e6beba3b8,5afb5cb0-85ac-4667-a503-73f76261a726,8ad4378e-8b51-4c43-8690-81aba71ae42a",Fan,
18132a2d-a10a-9c1c-adfe-d20dbd81998c,VISH-25-02-0243,f15d8a38-9297-759e-500a-7a65371fd2c8,a361bd0d-c2c1-2aee-6303-d65de004edd0,B24,a4def813-d3a1-fa98-de2f-18ad2a9699a7,28158382-d5c1-436c-927b-3e3d9855c2af,Electrical Issues,,a53f936a-4736-41c6-9315-d946a3c071d0,High,bed_type_unique,1,a53f936a-4736-41c6-9315-d946a3c071d0,Fan,
802ef082-7491-427a-4efd-63fbdc8a985a,VISH-25-07-0244,df5ea39c-c069-5211-271d-f0d3831adefa,bde00681-ebfc-ef38-4f6e-4906a012de6b,B42,3a185413-10c3-cb63-5dcd-e49b06ca0d51,a5831922-eaeb-48c2-941c-fd96fae8813d,AC Issues,,32c898f1-bb0e-4759-ae8b-a79021d7b7e1,High,bed_type_unique,1,32c898f1-bb0e-4759-ae8b-a79021d7b7e1,Air Conditioner,
70315a1d-017d-534e-f9bb-ea32e750971a,VISH-25-08-0245,df5ea39c-c069-5211-271d-f0d3831adefa,,,3a185413-10c3-cb63-5dcd-e49b06ca0d51,d76dd3bd-ccb7-4991-a01f-ce158dfe908e,Plumbing,,,Low,bed_issue_type_unmapped,6,,,
de1d21af-d109-809c-3d33-14b4fded184e,VISH-25-08-0246,9aab8e6f-97e4-131f-c6cd-a91d11668656,fb5cedd6-2992-1c62-7fba-4a7a6b43b2ff,C43,9803c12a-e08e-d213-5575-c44623241381,caf6381e-5189-4c1f-bf0a-4dfd99d9b9e7,Washing machine Issue,,,Low,bed_no_type_match,0,,,
9f1260cf-ea83-34dc-2480-97fd1c8d60d1,VISH-25-10-0247,9aab8e6f-97e4-131f-c6cd-a91d11668656,fb5cedd6-2992-1c62-7fba-4a7a6b43b2ff,C43,9803c12a-e08e-d213-5575-c44623241381,a5831922-eaeb-48c2-941c-fd96fae8813d,AC Issues,,1d23efda-47c5-4f25-a9a9-fb25f27f1555,High,bed_type_unique,1,1d23efda-47c5-4f25-a9a9-fb25f27f1555,Air Conditioner,
beb4698e-dd6c-2ed1-0fb3-6ce50bba12db,VISH-25-11-0248,9aab8e6f-97e4-131f-c6cd-a91d11668656,fb5cedd6-2992-1c62-7fba-4a7a6b43b2ff,C43,9803c12a-e08e-d213-5575-c44623241381,caf6381e-5189-4c1f-bf0a-4dfd99d9b9e7,Washing machine Issue,,,Low,bed_no_type_match,0,,,
e20883ba-5965-1056-585e-bfb2d50f7cb5,VISH-25-03-0249,2794ccf7-4966-f00d-35d6-34ac17db73ea,d2298bb8-a5e5-735a-c8ca-9b18c7daacd6,D41,e5918d8e-46b0-075e-14d9-60f3b60511e3,a5831922-eaeb-48c2-941c-fd96fae8813d,AC Issues,,,Low,apartment_type_many,4,"137edf51-8c3c-42ba-8ee2-fa5b316f6e55,5113f32c-70bb-4e71-9b7f-f7160c4ecb3e,60ad83ea-7645-4c2d-a861-30436cfb0eb0,c9545faa-61af-4983-9522-3fa31a3924ac",,
e49ff129-587a-a108-850f-4c8afbe08afe,VISH-25-03-0250,2794ccf7-4966-f00d-35d6-34ac17db73ea,d2298bb8-a5e5-735a-c8ca-9b18c7daacd6,D41,e5918d8e-46b0-075e-14d9-60f3b60511e3,47389994-b201-4bb1-bf91-8bce4dbde510,Other,,,Low,apartment_issue_type_unmapped,60,,,
fbebc0bd-1769-1c5d-3878-6f2be50d1b26,VISH-25-03-0251,2794ccf7-4966-f00d-35d6-34ac17db73ea,d2298bb8-a5e5-735a-c8ca-9b18c7daacd6,D41,e5918d8e-46b0-075e-14d9-60f3b60511e3,47389994-b201-4bb1-bf91-8bce4dbde510,Other,,,Low,apartment_issue_type_unmapped,60,,,
a965778b-1704-86cc-cb17-5d919a86ca02,VISH-25-12-0252,2794ccf7-4966-f00d-35d6-34ac17db73ea,d2298bb8-a5e5-735a-c8ca-9b18c7daacd6,D41,e5918d8e-46b0-075e-14d9-60f3b60511e3,47389994-b201-4bb1-bf91-8bce4dbde510,Other,,,Low,apartment_issue_type_unmapped,60,,,
ba2f26ba-8f9a-c2e9-9611-c96add20458b,VISH-26-03-0253,2794ccf7-4966-f00d-35d6-34ac17db73ea,d2298bb8-a5e5-735a-c8ca-9b18c7daacd6,D41,e5918d8e-46b0-075e-14d9-60f3b60511e3,28158382-d5c1-436c-927b-3e3d9855c2af,Electrical Issues,,,Low,apartment_type_many,4,"0a389b6f-ad27-4dc9-a68e-66537642d7b8,1c198d17-d14b-4355-ab9e-86e4839480d0,6aa5096b-7c03-4394-bcdf-432cbf0a10ba,fff00394-bda1-4ac1-b428-6227e3920406",,
78fa54cb-492c-4f7e-a1fc-dc5973d0fab7,VISH-26-03-0254,2794ccf7-4966-f00d-35d6-34ac17db73ea,d2298bb8-a5e5-735a-c8ca-9b18c7daacd6,D41,e5918d8e-46b0-075e-14d9-60f3b60511e3,47389994-b201-4bb1-bf91-8bce4dbde510,Other,,,Low,apartment_issue_type_unmapped,60,,,
ecad523b-e901-dd1a-de6c-3bb757fc543d,VISH-26-02-0255,8fd367e7-7404-4ef6-530b-a40219a48f1e,a361bd0d-c2c1-2aee-6303-d65de004edd0,B24,54634a96-25c7-022f-0239-fef1800aebd4,a5831922-eaeb-48c2-941c-fd96fae8813d,AC Issues,,376d7336-cbff-4759-ac43-c1781e99e148,High,bed_type_unique,1,376d7336-cbff-4759-ac43-c1781e99e148,Air Conditioner,
0397b467-57d0-b37d-dfe3-7d8bb951857d,VISH-26-02-0256,8fd367e7-7404-4ef6-530b-a40219a48f1e,a361bd0d-c2c1-2aee-6303-d65de004edd0,B24,54634a96-25c7-022f-0239-fef1800aebd4,d76dd3bd-ccb7-4991-a01f-ce158dfe908e,Plumbing,,,Low,bed_issue_type_unmapped,6,,,
58218adb-02ff-5b72-2208-7f6ec4d8608f,VISH-26-02-0257,8fd367e7-7404-4ef6-530b-a40219a48f1e,a361bd0d-c2c1-2aee-6303-d65de004edd0,B24,54634a96-25c7-022f-0239-fef1800aebd4,d76dd3bd-ccb7-4991-a01f-ce158dfe908e,Plumbing,,,Low,bed_issue_type_unmapped,6,,,
7571d8e8-af13-bd15-9bb8-855a9e93f163,VISH-26-02-0258,8fd367e7-7404-4ef6-530b-a40219a48f1e,a361bd0d-c2c1-2aee-6303-d65de004edd0,B24,54634a96-25c7-022f-0239-fef1800aebd4,01208ba1-4225-4a61-be39-3afe03dad690,RO Water Issues,,,Low,bed_no_type_match,0,,,
3cb8d4ac-5716-7e0e-cb7f-6ade786edbff,VISH-26-02-0259,8fd367e7-7404-4ef6-530b-a40219a48f1e,a361bd0d-c2c1-2aee-6303-d65de004edd0,B24,54634a96-25c7-022f-0239-fef1800aebd4,e2aa2aaa-8af6-4807-9a4e-7665c5421eed,Furniture,,,Low,bed_type_many,4,"092ae4c4-c5a9-4e47-9194-ddb53c903c42,201290dd-e2b7-4ca8-b639-97803f09c885,55f98c26-30ef-4a92-a566-d559f592b234,a2531dee-49e7-45c7-a015-1480f2d71131",,
ba238862-0dfd-1ebd-d77d-ba00518ec191,VISH-26-03-0260,8fd367e7-7404-4ef6-530b-a40219a48f1e,a361bd0d-c2c1-2aee-6303-d65de004edd0,B24,54634a96-25c7-022f-0239-fef1800aebd4,7917cc13-aaca-4558-a2c2-8be5cd8fc159,Internet Issues,,,Low,bed_issue_type_unmapped,6,,,
b7b58dd6-555a-7a6e-9642-b178021124e3,VISH-26-03-0261,8fd367e7-7404-4ef6-530b-a40219a48f1e,a361bd0d-c2c1-2aee-6303-d65de004edd0,B24,54634a96-25c7-022f-0239-fef1800aebd4,7917cc13-aaca-4558-a2c2-8be5cd8fc159,Internet Issues,,,Low,bed_issue_type_unmapped,6,,,
817ac95b-3731-26b7-a06a-fca260f98dbf,VISH-25-04-0262,cdfd7474-0325-1b45-657c-35abca5b28ee,2fc42a4f-fe5a-ae08-0e4e-2c89ca71db85,B11,04c251ff-5d8d-dc9e-d27d-0a96efe3a6b3,a5831922-eaeb-48c2-941c-fd96fae8813d,AC Issues,,3f41cc65-e037-4c1e-863a-cc49813984d6,High,bed_type_unique,1,3f41cc65-e037-4c1e-863a-cc49813984d6,Air Conditioner,
07fb873e-dafe-8564-9e3b-1f4d0a454b70,VISH-25-02-0263,a7798da2-f8ee-1840-a1f3-f29a9e764b97,bde00681-ebfc-ef38-4f6e-4906a012de6b,B42,1d409b50-0f02-94aa-63c7-737e000c8120,e2aa2aaa-8af6-4807-9a4e-7665c5421eed,Furniture,,,Low,bed_type_many,4,"9c958763-2d9c-46a4-8f4e-44f491ee63ef,a528d0c8-fdd5-498e-8aa7-c815480fdacc,e90136a2-ecaa-4438-b1c4-80cee5005e51,f0dbb86d-ecab-4fe2-b135-b21b6c52e265",,
4b006b0d-44ab-79c3-f2b5-3dddee58d837,VISH-25-03-0264,a7798da2-f8ee-1840-a1f3-f29a9e764b97,bde00681-ebfc-ef38-4f6e-4906a012de6b,B42,1d409b50-0f02-94aa-63c7-737e000c8120,e2aa2aaa-8af6-4807-9a4e-7665c5421eed,Furniture,,,Low,bed_type_many,4,"9c958763-2d9c-46a4-8f4e-44f491ee63ef,a528d0c8-fdd5-498e-8aa7-c815480fdacc,e90136a2-ecaa-4438-b1c4-80cee5005e51,f0dbb86d-ecab-4fe2-b135-b21b6c52e265",,
2070934b-bd8c-4500-1b23-affc5cf07912,VISH-25-03-0265,a7798da2-f8ee-1840-a1f3-f29a9e764b97,bde00681-ebfc-ef38-4f6e-4906a012de6b,B42,1d409b50-0f02-94aa-63c7-737e000c8120,a5831922-eaeb-48c2-941c-fd96fae8813d,AC Issues,,d6b0afc8-bfb7-42fb-8a6f-f026ee1a26e1,High,bed_type_unique,1,d6b0afc8-bfb7-42fb-8a6f-f026ee1a26e1,Air Conditioner,
fc6b7111-6e0c-71da-3de2-dc02748de68a,VISH-25-03-0266,a7798da2-f8ee-1840-a1f3-f29a9e764b97,bde00681-ebfc-ef38-4f6e-4906a012de6b,B42,1d409b50-0f02-94aa-63c7-737e000c8120,d76dd3bd-ccb7-4991-a01f-ce158dfe908e,Plumbing,,,Low,bed_issue_type_unmapped,7,,,
08efd0fa-d081-c5c1-1566-e7d3972f7055,VISH-25-07-0267,a7798da2-f8ee-1840-a1f3-f29a9e764b97,bde00681-ebfc-ef38-4f6e-4906a012de6b,B42,1d409b50-0f02-94aa-63c7-737e000c8120,caf6381e-5189-4c1f-bf0a-4dfd99d9b9e7,Washing machine Issue,,,Low,bed_no_type_match,0,,,
ef67ad06-86bc-9e25-520a-15e911742c77,VISH-25-07-0268,a7798da2-f8ee-1840-a1f3-f29a9e764b97,bde00681-ebfc-ef38-4f6e-4906a012de6b,B42,1d409b50-0f02-94aa-63c7-737e000c8120,e2aa2aaa-8af6-4807-9a4e-7665c5421eed,Furniture,,,Low,bed_type_many,4,"9c958763-2d9c-46a4-8f4e-44f491ee63ef,a528d0c8-fdd5-498e-8aa7-c815480fdacc,e90136a2-ecaa-4438-b1c4-80cee5005e51,f0dbb86d-ecab-4fe2-b135-b21b6c52e265",,
a3fbff99-ca37-6bdc-b0e8-710adfef4145,VISH-25-07-0269,a7798da2-f8ee-1840-a1f3-f29a9e764b97,bde00681-ebfc-ef38-4f6e-4906a012de6b,B42,1d409b50-0f02-94aa-63c7-737e000c8120,a5831922-eaeb-48c2-941c-fd96fae8813d,AC Issues,,d6b0afc8-bfb7-42fb-8a6f-f026ee1a26e1,High,bed_type_unique,1,d6b0afc8-bfb7-42fb-8a6f-f026ee1a26e1,Air Conditioner,
861f306f-1a6c-7c5a-06e9-08a42702b082,VISH-25-07-0270,a7798da2-f8ee-1840-a1f3-f29a9e764b97,bde00681-ebfc-ef38-4f6e-4906a012de6b,B42,1d409b50-0f02-94aa-63c7-737e000c8120,7917cc13-aaca-4558-a2c2-8be5cd8fc159,Internet Issues,,,Low,bed_issue_type_unmapped,7,,,
f556a7f0-1d8b-9856-85eb-81deb402c084,VISH-25-08-0271,a7798da2-f8ee-1840-a1f3-f29a9e764b97,bde00681-ebfc-ef38-4f6e-4906a012de6b,B42,1d409b50-0f02-94aa-63c7-737e000c8120,01208ba1-4225-4a61-be39-3afe03dad690,RO Water Issues,,,Low,bed_no_type_match,0,,,
287b88f6-8a4d-af36-efcf-607de8d6a938,VISH-25-08-0272,a7798da2-f8ee-1840-a1f3-f29a9e764b97,bde00681-ebfc-ef38-4f6e-4906a012de6b,B42,1d409b50-0f02-94aa-63c7-737e000c8120,abc84f5b-a950-406e-ab46-cefbe11df925,Cleaning Issues,,,Low,bed_issue_type_unmapped,7,,,
bc3e63d8-eeb8-75a9-cd14-ac2398d366b6,VISH-25-09-0273,a7798da2-f8ee-1840-a1f3-f29a9e764b97,bde00681-ebfc-ef38-4f6e-4906a012de6b,B42,1d409b50-0f02-94aa-63c7-737e000c8120,caf6381e-5189-4c1f-bf0a-4dfd99d9b9e7,Washing machine Issue,,,Low,bed_no_type_match,0,,,
3c60087f-1aa0-429f-1396-d28a4a92510b,VISH-25-09-0274,a7798da2-f8ee-1840-a1f3-f29a9e764b97,bde00681-ebfc-ef38-4f6e-4906a012de6b,B42,1d409b50-0f02-94aa-63c7-737e000c8120,01208ba1-4225-4a61-be39-3afe03dad690,RO Water Issues,,,Low,bed_no_type_match,0,,,
78b4112e-81f8-8ed5-b7a6-2500532aeac0,VISH-25-09-0275,a7798da2-f8ee-1840-a1f3-f29a9e764b97,bde00681-ebfc-ef38-4f6e-4906a012de6b,B42,1d409b50-0f02-94aa-63c7-737e000c8120,caf6381e-5189-4c1f-bf0a-4dfd99d9b9e7,Washing machine Issue,,,Low,bed_no_type_match,0,,,
6b50bea0-a7ab-e535-3602-269f6ff51a72,VISH-25-10-0276,a7798da2-f8ee-1840-a1f3-f29a9e764b97,bde00681-ebfc-ef38-4f6e-4906a012de6b,B42,1d409b50-0f02-94aa-63c7-737e000c8120,a5831922-eaeb-48c2-941c-fd96fae8813d,AC Issues,,d6b0afc8-bfb7-42fb-8a6f-f026ee1a26e1,High,bed_type_unique,1,d6b0afc8-bfb7-42fb-8a6f-f026ee1a26e1,Air Conditioner,
36a40325-baf0-48bd-2f2f-a612a265adc3,VISH-25-10-0277,a7798da2-f8ee-1840-a1f3-f29a9e764b97,bde00681-ebfc-ef38-4f6e-4906a012de6b,B42,1d409b50-0f02-94aa-63c7-737e000c8120,28158382-d5c1-436c-927b-3e3d9855c2af,Electrical Issues,,63478105-cb45-42c7-a539-896abd5618d4,High,bed_type_unique,1,63478105-cb45-42c7-a539-896abd5618d4,Fan,
4f665432-00ea-bd48-1e0d-5295a8d5143c,VISH-25-10-0278,a7798da2-f8ee-1840-a1f3-f29a9e764b97,bde00681-ebfc-ef38-4f6e-4906a012de6b,B42,1d409b50-0f02-94aa-63c7-737e000c8120,abc84f5b-a950-406e-ab46-cefbe11df925,Cleaning Issues,,,Low,bed_issue_type_unmapped,7,,,
7611c5ad-a10a-6498-8240-5dd57102a83a,VISH-25-10-0279,a7798da2-f8ee-1840-a1f3-f29a9e764b97,bde00681-ebfc-ef38-4f6e-4906a012de6b,B42,1d409b50-0f02-94aa-63c7-737e000c8120,01208ba1-4225-4a61-be39-3afe03dad690,RO Water Issues,,,Low,bed_no_type_match,0,,,
238c890d-5faa-10e2-b209-0bc3e6b4e85c,VISH-25-10-0280,a7798da2-f8ee-1840-a1f3-f29a9e764b97,bde00681-ebfc-ef38-4f6e-4906a012de6b,B42,1d409b50-0f02-94aa-63c7-737e000c8120,caf6381e-5189-4c1f-bf0a-4dfd99d9b9e7,Washing machine Issue,,,Low,bed_no_type_match,0,,,
65a008e5-41ea-54a8-5942-f4ddae4ca21a,VISH-25-10-0281,a7798da2-f8ee-1840-a1f3-f29a9e764b97,bde00681-ebfc-ef38-4f6e-4906a012de6b,B42,1d409b50-0f02-94aa-63c7-737e000c8120,e2aa2aaa-8af6-4807-9a4e-7665c5421eed,Furniture,,,Low,bed_type_many,4,"9c958763-2d9c-46a4-8f4e-44f491ee63ef,a528d0c8-fdd5-498e-8aa7-c815480fdacc,e90136a2-ecaa-4438-b1c4-80cee5005e51,f0dbb86d-ecab-4fe2-b135-b21b6c52e265",,
207d4f79-ca3b-81d7-a278-ccadd9a91e9e,VISH-25-10-0282,a7798da2-f8ee-1840-a1f3-f29a9e764b97,bde00681-ebfc-ef38-4f6e-4906a012de6b,B42,1d409b50-0f02-94aa-63c7-737e000c8120,caf6381e-5189-4c1f-bf0a-4dfd99d9b9e7,Washing machine Issue,,,Low,bed_no_type_match,0,,,
582213a7-6b49-1557-034d-3a32966dd4cb,VISH-25-10-0283,a7798da2-f8ee-1840-a1f3-f29a9e764b97,bde00681-ebfc-ef38-4f6e-4906a012de6b,B42,1d409b50-0f02-94aa-63c7-737e000c8120,01208ba1-4225-4a61-be39-3afe03dad690,RO Water Issues,,,Low,bed_no_type_match,0,,,
47d3316d-9540-1d59-ba29-32ee477f1e8a,VISH-26-02-0284,a7798da2-f8ee-1840-a1f3-f29a9e764b97,bde00681-ebfc-ef38-4f6e-4906a012de6b,B42,1d409b50-0f02-94aa-63c7-737e000c8120,abc84f5b-a950-406e-ab46-cefbe11df925,Cleaning Issues,,,Low,bed_issue_type_unmapped,7,,,
ffc10678-e45d-21f8-0d52-0e877f6f9077,VISH-26-02-0285,a7798da2-f8ee-1840-a1f3-f29a9e764b97,bde00681-ebfc-ef38-4f6e-4906a012de6b,B42,1d409b50-0f02-94aa-63c7-737e000c8120,47389994-b201-4bb1-bf91-8bce4dbde510,Other,,,Low,bed_issue_type_unmapped,7,,,
37a08cad-31d2-3601-42de-28737d8758e3,VISH-26-03-0286,a7798da2-f8ee-1840-a1f3-f29a9e764b97,bde00681-ebfc-ef38-4f6e-4906a012de6b,B42,1d409b50-0f02-94aa-63c7-737e000c8120,47389994-b201-4bb1-bf91-8bce4dbde510,Other,,,Low,bed_issue_type_unmapped,7,,,
4e7ca839-263d-d5ae-62e2-4d0501932052,VISH-26-03-0287,a7798da2-f8ee-1840-a1f3-f29a9e764b97,bde00681-ebfc-ef38-4f6e-4906a012de6b,B42,1d409b50-0f02-94aa-63c7-737e000c8120,28158382-d5c1-436c-927b-3e3d9855c2af,Electrical Issues,,63478105-cb45-42c7-a539-896abd5618d4,High,bed_type_unique,1,63478105-cb45-42c7-a539-896abd5618d4,Fan,
8ae5df29-ab68-511e-a2a7-bd1ea02aa7b0,VISH-26-03-0288,a7798da2-f8ee-1840-a1f3-f29a9e764b97,bde00681-ebfc-ef38-4f6e-4906a012de6b,B42,1d409b50-0f02-94aa-63c7-737e000c8120,d76dd3bd-ccb7-4991-a01f-ce158dfe908e,Plumbing,,,Low,bed_issue_type_unmapped,7,,,
62b61c4a-7479-1cc3-c45d-23f16ea6618e,VISH-26-03-0289,a7798da2-f8ee-1840-a1f3-f29a9e764b97,bde00681-ebfc-ef38-4f6e-4906a012de6b,B42,1d409b50-0f02-94aa-63c7-737e000c8120,abc84f5b-a950-406e-ab46-cefbe11df925,Cleaning Issues,,,Low,bed_issue_type_unmapped,7,,,
59a5749f-8b02-97c4-3172-28242d56af23,VISH-25-02-0290,8208282e-43b7-930c-251f-223cdeecd947,990e8a3e-a69c-7b31-f606-3eeb21e3d4c6,C34,6a9383e4-a0ac-1ecc-cbac-8ac4dfd10b7e,01208ba1-4225-4a61-be39-3afe03dad690,RO Water Issues,,,Low,bed_no_type_match,0,,,
cc4b4376-b317-e31e-1e2b-39351662b6c9,VISH-25-02-0291,8208282e-43b7-930c-251f-223cdeecd947,990e8a3e-a69c-7b31-f606-3eeb21e3d4c6,C34,6a9383e4-a0ac-1ecc-cbac-8ac4dfd10b7e,01208ba1-4225-4a61-be39-3afe03dad690,RO Water Issues,,,Low,bed_no_type_match,0,,,
f547b148-c128-bc17-19fd-6e8757e29acc,VISH-25-02-0292,8208282e-43b7-930c-251f-223cdeecd947,990e8a3e-a69c-7b31-f606-3eeb21e3d4c6,C34,6a9383e4-a0ac-1ecc-cbac-8ac4dfd10b7e,47389994-b201-4bb1-bf91-8bce4dbde510,Other,,,Low,bed_issue_type_unmapped,3,,,
811495b9-9031-6fab-2798-6f6be148fb5f,VISH-25-02-0293,8208282e-43b7-930c-251f-223cdeecd947,990e8a3e-a69c-7b31-f606-3eeb21e3d4c6,C34,6a9383e4-a0ac-1ecc-cbac-8ac4dfd10b7e,a5831922-eaeb-48c2-941c-fd96fae8813d,AC Issues,,,Low,bed_no_type_match,0,,,
c08369d1-2076-2c4d-0beb-61c89c02e94a,VISH-25-02-0294,8208282e-43b7-930c-251f-223cdeecd947,990e8a3e-a69c-7b31-f606-3eeb21e3d4c6,C34,6a9383e4-a0ac-1ecc-cbac-8ac4dfd10b7e,01208ba1-4225-4a61-be39-3afe03dad690,RO Water Issues,,,Low,bed_no_type_match,0,,,
f9ea4ca4-cd17-d171-7335-6b95146b4564,VISH-25-02-0295,8208282e-43b7-930c-251f-223cdeecd947,990e8a3e-a69c-7b31-f606-3eeb21e3d4c6,C34,6a9383e4-a0ac-1ecc-cbac-8ac4dfd10b7e,47389994-b201-4bb1-bf91-8bce4dbde510,Other,,,Low,bed_issue_type_unmapped,3,,,
9fbf9079-7f2b-f7d0-5bbc-f83da15d958d,VISH-25-02-0296,8208282e-43b7-930c-251f-223cdeecd947,990e8a3e-a69c-7b31-f606-3eeb21e3d4c6,C34,6a9383e4-a0ac-1ecc-cbac-8ac4dfd10b7e,47389994-b201-4bb1-bf91-8bce4dbde510,Other,,,Low,bed_issue_type_unmapped,3,,,
77ee2c36-ef8e-b816-2eae-4f0bbc4ee39d,VISH-25-02-0297,8208282e-43b7-930c-251f-223cdeecd947,990e8a3e-a69c-7b31-f606-3eeb21e3d4c6,C34,6a9383e4-a0ac-1ecc-cbac-8ac4dfd10b7e,47389994-b201-4bb1-bf91-8bce4dbde510,Other,,,Low,bed_issue_type_unmapped,3,,,
6892c421-7fab-6653-4682-fdfca2a906c8,VISH-25-02-0298,8208282e-43b7-930c-251f-223cdeecd947,990e8a3e-a69c-7b31-f606-3eeb21e3d4c6,C34,6a9383e4-a0ac-1ecc-cbac-8ac4dfd10b7e,28158382-d5c1-436c-927b-3e3d9855c2af,Electrical Issues,,,Low,bed_no_type_match,0,,,
44e23c91-04f4-3014-cc4b-7763b87e61da,VISH-25-02-0299,8208282e-43b7-930c-251f-223cdeecd947,990e8a3e-a69c-7b31-f606-3eeb21e3d4c6,C34,6a9383e4-a0ac-1ecc-cbac-8ac4dfd10b7e,28158382-d5c1-436c-927b-3e3d9855c2af,Electrical Issues,,,Low,bed_no_type_match,0,,,
cb539671-0d18-c5e3-fe53-b551999fe747,VISH-25-02-0300,8208282e-43b7-930c-251f-223cdeecd947,990e8a3e-a69c-7b31-f606-3eeb21e3d4c6,C34,6a9383e4-a0ac-1ecc-cbac-8ac4dfd10b7e,28158382-d5c1-436c-927b-3e3d9855c2af,Electrical Issues,,,Low,bed_no_type_match,0,,,
9abc8bec-0de4-9fd0-aef0-aa5803996917,VISH-25-02-0301,8208282e-43b7-930c-251f-223cdeecd947,990e8a3e-a69c-7b31-f606-3eeb21e3d4c6,C34,6a9383e4-a0ac-1ecc-cbac-8ac4dfd10b7e,28158382-d5c1-436c-927b-3e3d9855c2af,Electrical Issues,,,Low,bed_no_type_match,0,,,
2929ba91-1c18-f7cd-13b4-5829e19924d8,VISH-25-05-0302,a75fdceb-021a-cc46-3632-8d5369c5f2c6,85292340-826d-52c1-65c7-7f2a9eb2c2c4,B41,4c38ecbe-c637-8a04-6f67-ffbccbd96317,47389994-b201-4bb1-bf91-8bce4dbde510,Other,,,Low,bed_issue_type_unmapped,4,,,
205c95ab-a46b-242c-fc10-d55c91470309,VISH-25-06-0303,a75fdceb-021a-cc46-3632-8d5369c5f2c6,85292340-826d-52c1-65c7-7f2a9eb2c2c4,B41,4c38ecbe-c637-8a04-6f67-ffbccbd96317,47389994-b201-4bb1-bf91-8bce4dbde510,Other,,,Low,bed_issue_type_unmapped,4,,,
9cfd931c-a7b5-be34-3f5b-62ba7660e4cf,VISH-25-07-0304,a75fdceb-021a-cc46-3632-8d5369c5f2c6,85292340-826d-52c1-65c7-7f2a9eb2c2c4,B41,4c38ecbe-c637-8a04-6f67-ffbccbd96317,47389994-b201-4bb1-bf91-8bce4dbde510,Other,,,Low,bed_issue_type_unmapped,4,,,
e006c98b-0400-0c75-92f3-8786777496cb,VISH-25-05-0305,a75fdceb-021a-cc46-3632-8d5369c5f2c6,85292340-826d-52c1-65c7-7f2a9eb2c2c4,B41,4c38ecbe-c637-8a04-6f67-ffbccbd96317,47389994-b201-4bb1-bf91-8bce4dbde510,Other,,,Low,bed_issue_type_unmapped,4,,,
77ef5f13-86e2-f97a-bba5-83cb8e39d1d3,VISH-25-06-0306,a75fdceb-021a-cc46-3632-8d5369c5f2c6,85292340-826d-52c1-65c7-7f2a9eb2c2c4,B41,4c38ecbe-c637-8a04-6f67-ffbccbd96317,47389994-b201-4bb1-bf91-8bce4dbde510,Other,,,Low,bed_issue_type_unmapped,4,,,
4fbbf771-e794-340d-5bff-7eeb3173c838,VISH-25-07-0307,a75fdceb-021a-cc46-3632-8d5369c5f2c6,85292340-826d-52c1-65c7-7f2a9eb2c2c4,B41,4c38ecbe-c637-8a04-6f67-ffbccbd96317,47389994-b201-4bb1-bf91-8bce4dbde510,Other,,,Low,bed_issue_type_unmapped,4,,,
edaecf35-2fb4-ab87-98c7-c676fa361e5a,VISH-25-08-0308,a75fdceb-021a-cc46-3632-8d5369c5f2c6,85292340-826d-52c1-65c7-7f2a9eb2c2c4,B41,4c38ecbe-c637-8a04-6f67-ffbccbd96317,a5831922-eaeb-48c2-941c-fd96fae8813d,AC Issues,,19232b9f-c4c0-41b7-a655-830705dd9c3b,High,bed_type_unique,1,19232b9f-c4c0-41b7-a655-830705dd9c3b,Air Conditioner,
093c0a7a-c19c-81e7-72ca-31bc9601eb7d,VISH-25-10-0309,a75fdceb-021a-cc46-3632-8d5369c5f2c6,85292340-826d-52c1-65c7-7f2a9eb2c2c4,B41,4c38ecbe-c637-8a04-6f67-ffbccbd96317,28158382-d5c1-436c-927b-3e3d9855c2af,Electrical Issues,,,Low,bed_no_type_match,0,,,
637093ef-09b8-483f-4f8b-b67af18f2353,VISH-25-10-0310,a75fdceb-021a-cc46-3632-8d5369c5f2c6,85292340-826d-52c1-65c7-7f2a9eb2c2c4,B41,4c38ecbe-c637-8a04-6f67-ffbccbd96317,a5831922-eaeb-48c2-941c-fd96fae8813d,AC Issues,,19232b9f-c4c0-41b7-a655-830705dd9c3b,High,bed_type_unique,1,19232b9f-c4c0-41b7-a655-830705dd9c3b,Air Conditioner,
42aecabe-fbf4-d28d-d450-269841d649ef,VISH-25-10-0311,a75fdceb-021a-cc46-3632-8d5369c5f2c6,85292340-826d-52c1-65c7-7f2a9eb2c2c4,B41,4c38ecbe-c637-8a04-6f67-ffbccbd96317,47389994-b201-4bb1-bf91-8bce4dbde510,Other,,,Low,bed_issue_type_unmapped,4,,,
760e351d-c2d9-1245-080d-215a8ecd29d3,VISH-25-02-0312,b19dfc6c-a5d5-734c-3d3d-6389c281b3bb,323c0dff-be56-f6ee-f053-ee37de806dea,B32,d3a51c07-b151-013a-a133-40382989bfdf,a5831922-eaeb-48c2-941c-fd96fae8813d,AC Issues,,,Low,bed_no_type_match,0,,,
300fa212-08e8-4189-885b-bdc30e7bf240,VISH-25-02-0313,b19dfc6c-a5d5-734c-3d3d-6389c281b3bb,323c0dff-be56-f6ee-f053-ee37de806dea,B32,d3a51c07-b151-013a-a133-40382989bfdf,caf6381e-5189-4c1f-bf0a-4dfd99d9b9e7,Washing machine Issue,,,Low,bed_no_type_match,0,,,
cf40b8a0-c908-ff56-b4d8-4f541a1b2ac6,VISH-25-02-0314,b19dfc6c-a5d5-734c-3d3d-6389c281b3bb,323c0dff-be56-f6ee-f053-ee37de806dea,B32,d3a51c07-b151-013a-a133-40382989bfdf,caf6381e-5189-4c1f-bf0a-4dfd99d9b9e7,Washing machine Issue,,,Low,bed_no_type_match,0,,,
111e348f-68e6-7d8c-8c09-5e38605a53dd,VISH-25-02-0315,b19dfc6c-a5d5-734c-3d3d-6389c281b3bb,323c0dff-be56-f6ee-f053-ee37de806dea,B32,d3a51c07-b151-013a-a133-40382989bfdf,28158382-d5c1-436c-927b-3e3d9855c2af,Electrical Issues,,,Low,bed_no_type_match,0,,,
b9f94071-f23d-e472-7c81-2debe5c2461c,VISH-25-02-0316,b19dfc6c-a5d5-734c-3d3d-6389c281b3bb,323c0dff-be56-f6ee-f053-ee37de806dea,B32,d3a51c07-b151-013a-a133-40382989bfdf,47389994-b201-4bb1-bf91-8bce4dbde510,Other,,,Low,bed_issue_type_unmapped,4,,,
3edd585d-7e13-57a4-de13-fd9301cd93fd,VISH-25-03-0317,b19dfc6c-a5d5-734c-3d3d-6389c281b3bb,323c0dff-be56-f6ee-f053-ee37de806dea,B32,d3a51c07-b151-013a-a133-40382989bfdf,a5831922-eaeb-48c2-941c-fd96fae8813d,AC Issues,,,Low,bed_no_type_match,0,,,
a0b0ed3b-343e-d090-3df8-c7d0c7b25fe0,VISH-25-06-0318,b19dfc6c-a5d5-734c-3d3d-6389c281b3bb,323c0dff-be56-f6ee-f053-ee37de806dea,B32,d3a51c07-b151-013a-a133-40382989bfdf,a5831922-eaeb-48c2-941c-fd96fae8813d,AC Issues,,,Low,bed_no_type_match,0,,,
d59bee09-a26f-d2c5-bd2f-0bb7c904cb90,VISH-25-09-0319,cf1318a5-0564-4af6-d90e-c3e76de1ef08,5d204545-2f72-b89b-3190-a826b5ab6512,B12,f5f9de92-380f-d57b-ad87-139022e4d27a,d76dd3bd-ccb7-4991-a01f-ce158dfe908e,Plumbing,,,Low,bed_issue_type_unmapped,5,,,
fad548cb-59ec-7aa4-3d5e-3ac417ffd350,VISH-25-09-0320,cf1318a5-0564-4af6-d90e-c3e76de1ef08,5d204545-2f72-b89b-3190-a826b5ab6512,B12,f5f9de92-380f-d57b-ad87-139022e4d27a,28158382-d5c1-436c-927b-3e3d9855c2af,Electrical Issues,,,Low,bed_no_type_match,0,,,
49454c62-50e8-2d73-503b-70773180abbd,VISH-26-03-0321,cf1318a5-0564-4af6-d90e-c3e76de1ef08,5d204545-2f72-b89b-3190-a826b5ab6512,B12,f5f9de92-380f-d57b-ad87-139022e4d27a,a5831922-eaeb-48c2-941c-fd96fae8813d,AC Issues,,0861776d-2243-4e50-815b-7d79e5acdd51,High,bed_type_unique,1,0861776d-2243-4e50-815b-7d79e5acdd51,Air Conditioner,
5b2cc5a3-5b3f-a619-2d5d-7fed31bd05eb,VISH-26-03-0322,cf1318a5-0564-4af6-d90e-c3e76de1ef08,5d204545-2f72-b89b-3190-a826b5ab6512,B12,f5f9de92-380f-d57b-ad87-139022e4d27a,a5831922-eaeb-48c2-941c-fd96fae8813d,AC Issues,,0861776d-2243-4e50-815b-7d79e5acdd51,High,bed_type_unique,1,0861776d-2243-4e50-815b-7d79e5acdd51,Air Conditioner,
335f863d-05ce-f6a9-bfd3-4569834cf6c6,VISH-26-03-0323,cf1318a5-0564-4af6-d90e-c3e76de1ef08,5d204545-2f72-b89b-3190-a826b5ab6512,B12,f5f9de92-380f-d57b-ad87-139022e4d27a,a5831922-eaeb-48c2-941c-fd96fae8813d,AC Issues,,0861776d-2243-4e50-815b-7d79e5acdd51,High,bed_type_unique,1,0861776d-2243-4e50-815b-7d79e5acdd51,Air Conditioner,
72f6c638-6f52-cada-9b0e-04aef9433883,VISH-25-03-0324,227f376b-633a-5615-5670-c29559d0a08b,fb5cedd6-2992-1c62-7fba-4a7a6b43b2ff,C43,f9e98282-6ed1-2655-561b-5122ac7d94a1,e2aa2aaa-8af6-4807-9a4e-7665c5421eed,Furniture,,1b082c2f-dcc3-45a2-ba43-3308caf04844,Medium,bed_type_multi,3,"1b082c2f-dcc3-45a2-ba43-3308caf04844,3cd2bf5c-660d-430e-b19b-b376f73544ab,6ebb5f10-e5c9-43fa-aa88-2d588f3b05e9",Cot (Bed Frame),
e11108e5-6b8a-d0d5-672b-2d31712fea6a,VISH-25-05-0325,227f376b-633a-5615-5670-c29559d0a08b,fb5cedd6-2992-1c62-7fba-4a7a6b43b2ff,C43,f9e98282-6ed1-2655-561b-5122ac7d94a1,a5831922-eaeb-48c2-941c-fd96fae8813d,AC Issues,,,Low,bed_no_type_match,0,,,
819913a6-a5ae-b42e-359d-04f2998be437,VISH-25-06-0326,227f376b-633a-5615-5670-c29559d0a08b,fb5cedd6-2992-1c62-7fba-4a7a6b43b2ff,C43,f9e98282-6ed1-2655-561b-5122ac7d94a1,28158382-d5c1-436c-927b-3e3d9855c2af,Electrical Issues,,,Low,bed_no_type_match,0,,,
72ad442b-df33-2fab-8499-1df42b7c85c2,VISH-25-08-0327,227f376b-633a-5615-5670-c29559d0a08b,fb5cedd6-2992-1c62-7fba-4a7a6b43b2ff,C43,f9e98282-6ed1-2655-561b-5122ac7d94a1,caf6381e-5189-4c1f-bf0a-4dfd99d9b9e7,Washing machine Issue,,,Low,bed_no_type_match,0,,,
c069f0df-b621-5b4a-e32c-9fabefaf93a6,VISH-25-08-0328,227f376b-633a-5615-5670-c29559d0a08b,fb5cedd6-2992-1c62-7fba-4a7a6b43b2ff,C43,f9e98282-6ed1-2655-561b-5122ac7d94a1,abc84f5b-a950-406e-ab46-cefbe11df925,Cleaning Issues,,,Low,bed_issue_type_unmapped,3,,,
ed5a2d28-0de4-11dd-8456-15c7cff62c2b,VISH-25-08-0329,227f376b-633a-5615-5670-c29559d0a08b,fb5cedd6-2992-1c62-7fba-4a7a6b43b2ff,C43,f9e98282-6ed1-2655-561b-5122ac7d94a1,abc84f5b-a950-406e-ab46-cefbe11df925,Cleaning Issues,,,Low,bed_issue_type_unmapped,3,,,
71870173-17e9-1be1-9c07-7e81fe929ff3,VISH-25-11-0330,227f376b-633a-5615-5670-c29559d0a08b,fb5cedd6-2992-1c62-7fba-4a7a6b43b2ff,C43,f9e98282-6ed1-2655-561b-5122ac7d94a1,28158382-d5c1-436c-927b-3e3d9855c2af,Electrical Issues,,,Low,bed_no_type_match,0,,,
f34e58b0-bc29-5a39-5d75-5e5fa487809f,VISH-26-02-0331,227f376b-633a-5615-5670-c29559d0a08b,fb5cedd6-2992-1c62-7fba-4a7a6b43b2ff,C43,f9e98282-6ed1-2655-561b-5122ac7d94a1,47389994-b201-4bb1-bf91-8bce4dbde510,Other,,,Low,bed_issue_type_unmapped,3,,,
60c7dcef-7f3c-313c-1a67-83b7d271cc70,VISH-25-03-0332,79e31f6f-69dc-a40c-27d7-3f076878f83c,bde00681-ebfc-ef38-4f6e-4906a012de6b,B42,97486463-9125-9851-3039-04f213b371d4,47389994-b201-4bb1-bf91-8bce4dbde510,Other,,,Low,bed_issue_type_unmapped,4,,,
18e7d064-3b5d-3fcf-517f-929a24a05a6d,VISH-25-06-0333,79e31f6f-69dc-a40c-27d7-3f076878f83c,bde00681-ebfc-ef38-4f6e-4906a012de6b,B42,97486463-9125-9851-3039-04f213b371d4,a5831922-eaeb-48c2-941c-fd96fae8813d,AC Issues,,,Low,bed_no_type_match,0,,,
67508b26-75de-cfc6-9d70-cbd934950149,VISH-25-11-0334,79e31f6f-69dc-a40c-27d7-3f076878f83c,bde00681-ebfc-ef38-4f6e-4906a012de6b,B42,97486463-9125-9851-3039-04f213b371d4,caf6381e-5189-4c1f-bf0a-4dfd99d9b9e7,Washing machine Issue,,,Low,bed_no_type_match,0,,,
15930406-d512-7b48-1b75-f8fb87bd1b4e,VISH-26-01-0335,79e31f6f-69dc-a40c-27d7-3f076878f83c,bde00681-ebfc-ef38-4f6e-4906a012de6b,B42,97486463-9125-9851-3039-04f213b371d4,47389994-b201-4bb1-bf91-8bce4dbde510,Other,,,Low,bed_issue_type_unmapped,4,,,
13f0b7b6-665a-39f3-8097-ceeefb6a3b10,VISH-26-03-0336,79e31f6f-69dc-a40c-27d7-3f076878f83c,bde00681-ebfc-ef38-4f6e-4906a012de6b,B42,97486463-9125-9851-3039-04f213b371d4,28158382-d5c1-436c-927b-3e3d9855c2af,Electrical Issues,,,Low,bed_no_type_match,0,,,
431bc1ba-f8e4-400c-63f9-9b161468c725,VISH-25-07-0337,cd2c3f97-4df7-b32f-d0c0-12031beae516,79853a4a-cb02-508c-e041-7e23378aec9c,A41,97739f0e-6b90-a7bd-7383-8dd160ac8f81,28158382-d5c1-436c-927b-3e3d9855c2af,Electrical Issues,,,Low,apartment_type_many,4,"2d64cbe9-9c34-495b-9ed7-f45de219c086,5759ded5-06b1-412e-b2f3-8c94605c0c14,7f864296-4fea-4704-9363-c0bdd3dcfc31,9d1e311a-cb0a-4ed0-a1a5-54bafa0ca837",,
8d934583-ba12-2b81-3728-458a50b91869,VISH-25-08-0338,cd2c3f97-4df7-b32f-d0c0-12031beae516,79853a4a-cb02-508c-e041-7e23378aec9c,A41,97739f0e-6b90-a7bd-7383-8dd160ac8f81,47389994-b201-4bb1-bf91-8bce4dbde510,Other,,,Low,apartment_issue_type_unmapped,49,,,
513b0a80-8b3f-6e60-d948-878480a5051a,VISH-26-01-0339,cd2c3f97-4df7-b32f-d0c0-12031beae516,79853a4a-cb02-508c-e041-7e23378aec9c,A41,97739f0e-6b90-a7bd-7383-8dd160ac8f81,caf6381e-5189-4c1f-bf0a-4dfd99d9b9e7,Washing machine Issue,,adb3400d-f02f-4df4-9edb-1ae6e142d858,Medium,apartment_type_unique,1,adb3400d-f02f-4df4-9edb-1ae6e142d858,Washing Machine,
063a131e-3dc4-f0a1-9bda-8a0664bd5e94,VISH-25-03-0340,b865619d-9980-0806-c5b5-97fee058322e,9d5d0096-0b78-a663-1142-be871dfa2bda,C42,235bd597-22a1-f0f2-0d40-a0a2f59f41fd,28158382-d5c1-436c-927b-3e3d9855c2af,Electrical Issues,,b7d12596-f392-485c-8766-94f3519ee625,High,bed_type_unique,1,b7d12596-f392-485c-8766-94f3519ee625,Fan,
06424d86-1df8-0db3-8464-939cc3dfdb1c,VISH-25-04-0341,b865619d-9980-0806-c5b5-97fee058322e,9d5d0096-0b78-a663-1142-be871dfa2bda,C42,235bd597-22a1-f0f2-0d40-a0a2f59f41fd,e2aa2aaa-8af6-4807-9a4e-7665c5421eed,Furniture,,,Low,bed_type_many,5,"078372c7-ea7f-4f36-83b9-f8b86d521ab6,38560dcf-e1f2-411c-a1a6-963d7ccb8486,8681bc28-a464-410d-8d97-244d0420fa3f,8a4cca51-2033-4948-88c9-f09239f357af,a31da222-104c-4580-9c1f-75329c794c12",,
fce09a0d-c068-3de8-0a06-0a027eba81a9,VISH-25-08-0342,b865619d-9980-0806-c5b5-97fee058322e,9d5d0096-0b78-a663-1142-be871dfa2bda,C42,235bd597-22a1-f0f2-0d40-a0a2f59f41fd,a5831922-eaeb-48c2-941c-fd96fae8813d,AC Issues,,38024f17-c961-4963-a0ed-d681e192a3f6,High,bed_type_unique,1,38024f17-c961-4963-a0ed-d681e192a3f6,Air Conditioner,
554ce09f-109a-ffdd-cdb7-69fa72f2f483,VISH-25-09-0343,b865619d-9980-0806-c5b5-97fee058322e,9d5d0096-0b78-a663-1142-be871dfa2bda,C42,235bd597-22a1-f0f2-0d40-a0a2f59f41fd,e2aa2aaa-8af6-4807-9a4e-7665c5421eed,Furniture,,,Low,bed_type_many,5,"078372c7-ea7f-4f36-83b9-f8b86d521ab6,38560dcf-e1f2-411c-a1a6-963d7ccb8486,8681bc28-a464-410d-8d97-244d0420fa3f,8a4cca51-2033-4948-88c9-f09239f357af,a31da222-104c-4580-9c1f-75329c794c12",,
20a82a52-d6ce-ee9f-29a2-31b4981cf48c,VISH-25-09-0344,b865619d-9980-0806-c5b5-97fee058322e,9d5d0096-0b78-a663-1142-be871dfa2bda,C42,235bd597-22a1-f0f2-0d40-a0a2f59f41fd,a5831922-eaeb-48c2-941c-fd96fae8813d,AC Issues,,38024f17-c961-4963-a0ed-d681e192a3f6,High,bed_type_unique,1,38024f17-c961-4963-a0ed-d681e192a3f6,Air Conditioner,
750de943-50cf-721e-6420-3ed5e6471663,VISH-25-02-0345,c084c357-8268-b2c6-76e0-aa7c5b28eace,323c0dff-be56-f6ee-f053-ee37de806dea,B32,cead0c81-cb47-a00d-6583-2032ac0d3b68,caf6381e-5189-4c1f-bf0a-4dfd99d9b9e7,Washing machine Issue,,63583664-7699-4bd5-892d-2123c5cc534b,High,bed_type_unique,1,63583664-7699-4bd5-892d-2123c5cc534b,Washing Machine,
f150df87-1be6-8900-b126-dcf57a1ab2ca,VISH-25-07-0346,22a9494d-0e02-6fba-4aee-7947f1e6110b,417c9738-a0f7-5a00-1091-37a9fd083dd6,B13,046c3e92-cd17-a1e9-aa97-733c3127f809,47389994-b201-4bb1-bf91-8bce4dbde510,Other,,,Low,bed_issue_type_unmapped,6,,,
235d7e98-6c9b-f842-7ba7-65747ae09ffb,VISH-25-07-0347,22a9494d-0e02-6fba-4aee-7947f1e6110b,417c9738-a0f7-5a00-1091-37a9fd083dd6,B13,046c3e92-cd17-a1e9-aa97-733c3127f809,47389994-b201-4bb1-bf91-8bce4dbde510,Other,,,Low,bed_issue_type_unmapped,6,,,
7a60f3ab-01f4-e9dd-3fca-c31a408f63c7,VISH-25-07-0348,22a9494d-0e02-6fba-4aee-7947f1e6110b,417c9738-a0f7-5a00-1091-37a9fd083dd6,B13,046c3e92-cd17-a1e9-aa97-733c3127f809,47389994-b201-4bb1-bf91-8bce4dbde510,Other,,,Low,bed_issue_type_unmapped,6,,,
d837105e-eb7b-8fcf-c460-f1dee25a26ac,VISH-25-11-0349,22a9494d-0e02-6fba-4aee-7947f1e6110b,417c9738-a0f7-5a00-1091-37a9fd083dd6,B13,046c3e92-cd17-a1e9-aa97-733c3127f809,28158382-d5c1-436c-927b-3e3d9855c2af,Electrical Issues,,14d27fc6-b43f-420e-9cc7-29bec3989775,High,bed_type_unique,1,14d27fc6-b43f-420e-9cc7-29bec3989775,Fan,
9b4230ca-e197-7b61-ca55-fd9dec1487ee,VISH-25-11-0350,22a9494d-0e02-6fba-4aee-7947f1e6110b,417c9738-a0f7-5a00-1091-37a9fd083dd6,B13,046c3e92-cd17-a1e9-aa97-733c3127f809,a5831922-eaeb-48c2-941c-fd96fae8813d,AC Issues,,d4f2ff34-b56c-4fa6-bdb2-fabb4d39c447,High,bed_type_unique,1,d4f2ff34-b56c-4fa6-bdb2-fabb4d39c447,Air Conditioner,
b26170bd-87b4-e0c9-43a5-fe6145bfaf38,VISH-25-11-0351,22a9494d-0e02-6fba-4aee-7947f1e6110b,417c9738-a0f7-5a00-1091-37a9fd083dd6,B13,046c3e92-cd17-a1e9-aa97-733c3127f809,abc84f5b-a950-406e-ab46-cefbe11df925,Cleaning Issues,,,Low,bed_issue_type_unmapped,6,,,
c14621d3-04fb-2b28-a9d3-92da337965e1,VISH-25-12-0352,22a9494d-0e02-6fba-4aee-7947f1e6110b,417c9738-a0f7-5a00-1091-37a9fd083dd6,B13,046c3e92-cd17-a1e9-aa97-733c3127f809,a5831922-eaeb-48c2-941c-fd96fae8813d,AC Issues,,d4f2ff34-b56c-4fa6-bdb2-fabb4d39c447,High,bed_type_unique,1,d4f2ff34-b56c-4fa6-bdb2-fabb4d39c447,Air Conditioner,
912ad16c-a1c2-48c6-b445-1685778c106f,VIST-26-04-00015,f284b25b-d762-1399-a12e-ba7ffa6b6f97,574de174-c7bb-bc11-f282-cff2aa2501c5,B22,8e7cf1aa-84ce-dc1b-38e7-3f51f80f357b,a5831922-eaeb-48c2-941c-fd96fae8813d,AC Issues,2026-04-22 05:17:16.579605,61507e8e-6567-48b7-b838-3e16c2397da7,Verified,direct_asset_id,1,61507e8e-6567-48b7-b838-3e16c2397da7,Air Conditioner,
7556746e-5ab5-45c5-9a9d-bb283b5604dc,VIST-26-07-00088,79d4d3fe-73c5-a965-030f-c60220ee20cb,5d204545-2f72-b89b-3190-a826b5ab6512,B12,a607e4b0-3364-b1fb-774e-01d67c4fcdf1,28158382-d5c1-436c-927b-3e3d9855c2af,Electrical Issues,2026-07-25 18:14:45.506524,3cbd4e3f-c83a-4694-901c-adab177847a6,Verified,direct_asset_id,1,3cbd4e3f-c83a-4694-901c-adab177847a6,Fan,
1b95553d-b7c7-4d17-8765-8d13ca401084,VIST-26-04-00023,,1183b300-b9ae-5e28-acb2-304cb2fd36db,D13A,,47389994-b201-4bb1-bf91-8bce4dbde510,Other,2026-04-23 04:27:11.121188,,Unmapped,no_allocation_pool,0,,,
d2b0a261-7b0d-4472-8f2d-41c343d828a4,VIST-26-04-00010,491b8136-32a1-37c5-5253-b53ff3991d86,77c3a6fd-4651-d880-29aa-abd19c8324df,C21,77dab2f4-7c09-59d1-5a0a-8473cdf46d8d,01208ba1-4225-4a61-be39-3afe03dad690,RO Water Issues,2026-04-20 07:12:31.859915,,Low,bed_no_type_match,0,,,
45229435-1d2b-cd17-9b38-1c75b7ac682c,VISH-25-12-0353,22a9494d-0e02-6fba-4aee-7947f1e6110b,417c9738-a0f7-5a00-1091-37a9fd083dd6,B13,046c3e92-cd17-a1e9-aa97-733c3127f809,a5831922-eaeb-48c2-941c-fd96fae8813d,AC Issues,,d4f2ff34-b56c-4fa6-bdb2-fabb4d39c447,High,bed_type_unique,1,d4f2ff34-b56c-4fa6-bdb2-fabb4d39c447,Air Conditioner,
44d079ab-8347-7a60-ed11-b5967b8d489a,VISH-25-12-0354,22a9494d-0e02-6fba-4aee-7947f1e6110b,417c9738-a0f7-5a00-1091-37a9fd083dd6,B13,046c3e92-cd17-a1e9-aa97-733c3127f809,7917cc13-aaca-4558-a2c2-8be5cd8fc159,Internet Issues,,,Low,bed_issue_type_unmapped,6,,,
c17b5ee9-a510-1ded-1ae6-b1fcb3925cc9,VISH-25-12-0355,22a9494d-0e02-6fba-4aee-7947f1e6110b,417c9738-a0f7-5a00-1091-37a9fd083dd6,B13,046c3e92-cd17-a1e9-aa97-733c3127f809,47389994-b201-4bb1-bf91-8bce4dbde510,Other,,,Low,bed_issue_type_unmapped,6,,,
d2d01942-cf89-b5d4-75e4-19bdcca8ef18,VISH-26-01-0356,22a9494d-0e02-6fba-4aee-7947f1e6110b,417c9738-a0f7-5a00-1091-37a9fd083dd6,B13,046c3e92-cd17-a1e9-aa97-733c3127f809,a5831922-eaeb-48c2-941c-fd96fae8813d,AC Issues,,d4f2ff34-b56c-4fa6-bdb2-fabb4d39c447,High,bed_type_unique,1,d4f2ff34-b56c-4fa6-bdb2-fabb4d39c447,Air Conditioner,
ee7cb224-1299-32b7-23c8-09fb54e4ba5e,VISH-26-02-0357,22a9494d-0e02-6fba-4aee-7947f1e6110b,417c9738-a0f7-5a00-1091-37a9fd083dd6,B13,046c3e92-cd17-a1e9-aa97-733c3127f809,a5831922-eaeb-48c2-941c-fd96fae8813d,AC Issues,,d4f2ff34-b56c-4fa6-bdb2-fabb4d39c447,High,bed_type_unique,1,d4f2ff34-b56c-4fa6-bdb2-fabb4d39c447,Air Conditioner,
4679e1a8-24a3-c557-b0a7-8eca63fda0e3,VISH-26-02-0358,22a9494d-0e02-6fba-4aee-7947f1e6110b,417c9738-a0f7-5a00-1091-37a9fd083dd6,B13,046c3e92-cd17-a1e9-aa97-733c3127f809,7917cc13-aaca-4558-a2c2-8be5cd8fc159,Internet Issues,,,Low,bed_issue_type_unmapped,6,,,
476bdbe3-9fee-cfc9-eb42-8aa89f0d0bc7,VISH-26-03-0359,22a9494d-0e02-6fba-4aee-7947f1e6110b,417c9738-a0f7-5a00-1091-37a9fd083dd6,B13,046c3e92-cd17-a1e9-aa97-733c3127f809,7917cc13-aaca-4558-a2c2-8be5cd8fc159,Internet Issues,,,Low,bed_issue_type_unmapped,6,,,
6309f690-26bb-b9a2-0fcb-bc6b6d679b18,VISH-25-02-0360,46d380ca-fe7a-07d2-4570-5de890c8fdc7,1b4d1066-8fe4-199b-7b3b-39e4bded9714,C41,18323ac7-06c3-e126-fb43-8a9b6cbb53ba,a5831922-eaeb-48c2-941c-fd96fae8813d,AC Issues,,aa6f4ce6-e2ac-44f0-917b-0f04f9a1896f,High,bed_type_unique,1,aa6f4ce6-e2ac-44f0-917b-0f04f9a1896f,Air Conditioner,
d4c81ebd-d2f4-430a-df0c-156da4e4af1e,VISH-25-03-0361,46d380ca-fe7a-07d2-4570-5de890c8fdc7,1b4d1066-8fe4-199b-7b3b-39e4bded9714,C41,18323ac7-06c3-e126-fb43-8a9b6cbb53ba,a5831922-eaeb-48c2-941c-fd96fae8813d,AC Issues,,aa6f4ce6-e2ac-44f0-917b-0f04f9a1896f,High,bed_type_unique,1,aa6f4ce6-e2ac-44f0-917b-0f04f9a1896f,Air Conditioner,
43229c71-8720-0406-37e1-14a5a64c2fe1,VISH-25-03-0362,46d380ca-fe7a-07d2-4570-5de890c8fdc7,1b4d1066-8fe4-199b-7b3b-39e4bded9714,C41,18323ac7-06c3-e126-fb43-8a9b6cbb53ba,caf6381e-5189-4c1f-bf0a-4dfd99d9b9e7,Washing machine Issue,,,Low,bed_no_type_match,0,,,
45bc3de8-d595-eb4e-1cbd-037ad2fb587f,VISH-25-08-0363,46d380ca-fe7a-07d2-4570-5de890c8fdc7,1b4d1066-8fe4-199b-7b3b-39e4bded9714,C41,18323ac7-06c3-e126-fb43-8a9b6cbb53ba,e2aa2aaa-8af6-4807-9a4e-7665c5421eed,Furniture,,,Low,bed_type_many,4,"467e67f5-5fb7-4ca2-9c43-64842541479e,8ba23bd2-c79d-47f8-bd9a-fce14d69fd65,ab3c3030-0269-46a0-b467-5c10b0dc3d24,b932db3d-4811-4992-9935-105f0939bc7f",,
9f98f5b0-6de0-cf7a-b77c-cd4fa5b650cf,VISH-25-03-0364,ee61dd03-6eb9-0d71-8bf4-a01ac422b8be,10c6863d-07c3-4fc4-94f9-6adc29157ce1,C31,51597632-5648-1987-017c-c65e2ad300f8,28158382-d5c1-436c-927b-3e3d9855c2af,Electrical Issues,,,Low,bed_no_type_match,0,,,
c6a52beb-9c1d-109f-437a-839b10c7765c,VISH-25-07-0365,ee61dd03-6eb9-0d71-8bf4-a01ac422b8be,10c6863d-07c3-4fc4-94f9-6adc29157ce1,C31,51597632-5648-1987-017c-c65e2ad300f8,e2aa2aaa-8af6-4807-9a4e-7665c5421eed,Furniture,,,Low,bed_type_many,4,"0383411b-bfd5-42ba-b86c-6195e8c99bea,0d988587-e808-4a0c-8be4-2121cf44fbe7,a129a825-8fdf-4c13-8f57-7e9214fff811,eb5bab57-d611-4b72-85e1-e8d7220049b7",,
61184fb5-8061-5ece-528b-7e5c6ca4787b,VISH-25-03-0366,02295215-68ff-b712-391f-44370ddab3fc,82b270bf-e567-2deb-5ef3-495baafd7645,B14,b9880845-d37b-c083-ffd7-adcaa279cb30,e2aa2aaa-8af6-4807-9a4e-7665c5421eed,Furniture,,24eb48f0-199e-4932-9b67-5ec3dd853112,Medium,bed_type_multi,3,"24eb48f0-199e-4932-9b67-5ec3dd853112,4acea0db-c8bc-4068-a2b3-c08755d6d370,d2c7b03e-13e6-4038-b13c-095b7a07b8d2",Mattress,
389d48cd-cf0b-2c64-9f0a-8a109cdd3827,VISH-25-02-0367,286a5d35-07d2-54bb-eb89-e9519f239c26,990e8a3e-a69c-7b31-f606-3eeb21e3d4c6,C34,28adcae8-d3f2-7d01-473b-45f62020cdc0,caf6381e-5189-4c1f-bf0a-4dfd99d9b9e7,Washing machine Issue,,,Low,bed_no_type_match,0,,,
7c30dbad-f0d5-c8c1-70cf-fee0b88ce2ec,VISH-25-02-0368,286a5d35-07d2-54bb-eb89-e9519f239c26,990e8a3e-a69c-7b31-f606-3eeb21e3d4c6,C34,28adcae8-d3f2-7d01-473b-45f62020cdc0,caf6381e-5189-4c1f-bf0a-4dfd99d9b9e7,Washing machine Issue,,,Low,bed_no_type_match,0,,,
8682c5b6-5f78-fcac-e55c-fefbfe8b2065,VISH-25-02-0369,286a5d35-07d2-54bb-eb89-e9519f239c26,990e8a3e-a69c-7b31-f606-3eeb21e3d4c6,C34,28adcae8-d3f2-7d01-473b-45f62020cdc0,caf6381e-5189-4c1f-bf0a-4dfd99d9b9e7,Washing machine Issue,,,Low,bed_no_type_match,0,,,
c0b6da96-7cb5-29f7-8ad6-b7c7d9f1982c,VISH-25-02-0370,286a5d35-07d2-54bb-eb89-e9519f239c26,990e8a3e-a69c-7b31-f606-3eeb21e3d4c6,C34,28adcae8-d3f2-7d01-473b-45f62020cdc0,caf6381e-5189-4c1f-bf0a-4dfd99d9b9e7,Washing machine Issue,,,Low,bed_no_type_match,0,,,
b84f5d4f-a5fa-d6ef-41a4-d9d75cdf3503,VISH-25-02-0371,286a5d35-07d2-54bb-eb89-e9519f239c26,990e8a3e-a69c-7b31-f606-3eeb21e3d4c6,C34,28adcae8-d3f2-7d01-473b-45f62020cdc0,caf6381e-5189-4c1f-bf0a-4dfd99d9b9e7,Washing machine Issue,,,Low,bed_no_type_match,0,,,
7222a87d-4346-8de3-8b87-e6008011b06b,VISH-25-02-0372,286a5d35-07d2-54bb-eb89-e9519f239c26,990e8a3e-a69c-7b31-f606-3eeb21e3d4c6,C34,28adcae8-d3f2-7d01-473b-45f62020cdc0,caf6381e-5189-4c1f-bf0a-4dfd99d9b9e7,Washing machine Issue,,,Low,bed_no_type_match,0,,,
29a64aae-b610-9e01-3a14-34b281ca6642,VISH-25-02-0373,286a5d35-07d2-54bb-eb89-e9519f239c26,990e8a3e-a69c-7b31-f606-3eeb21e3d4c6,C34,28adcae8-d3f2-7d01-473b-45f62020cdc0,caf6381e-5189-4c1f-bf0a-4dfd99d9b9e7,Washing machine Issue,,,Low,bed_no_type_match,0,,,
ef6fa04e-6e5c-4a6f-3c27-b0ee051ca71e,VISH-25-02-0374,510cd475-6538-7d02-413c-1a0f553ba4e6,417c9738-a0f7-5a00-1091-37a9fd083dd6,B13,1a8e227a-8e7b-102b-4e40-33fadfcb8aee,28158382-d5c1-436c-927b-3e3d9855c2af,Electrical Issues,,,Low,bed_no_type_match,0,,,
a3a3cc43-b411-0144-c92f-314ec2f831e4,VISH-25-02-0375,510cd475-6538-7d02-413c-1a0f553ba4e6,417c9738-a0f7-5a00-1091-37a9fd083dd6,B13,1a8e227a-8e7b-102b-4e40-33fadfcb8aee,28158382-d5c1-436c-927b-3e3d9855c2af,Electrical Issues,,,Low,bed_no_type_match,0,,,
3fc1b9c5-b9e6-293c-afb1-44d40a5b80b9,VISH-25-02-0376,510cd475-6538-7d02-413c-1a0f553ba4e6,417c9738-a0f7-5a00-1091-37a9fd083dd6,B13,1a8e227a-8e7b-102b-4e40-33fadfcb8aee,28158382-d5c1-436c-927b-3e3d9855c2af,Electrical Issues,,,Low,bed_no_type_match,0,,,
edb1bbfc-9549-4aff-914c-57b360a760b9,VISH-25-05-0377,510cd475-6538-7d02-413c-1a0f553ba4e6,417c9738-a0f7-5a00-1091-37a9fd083dd6,B13,1a8e227a-8e7b-102b-4e40-33fadfcb8aee,47389994-b201-4bb1-bf91-8bce4dbde510,Other,,,Low,bed_issue_type_unmapped,3,,,
cb474fda-3a48-487c-6b19-541717f82457,VISH-25-05-0378,510cd475-6538-7d02-413c-1a0f553ba4e6,417c9738-a0f7-5a00-1091-37a9fd083dd6,B13,1a8e227a-8e7b-102b-4e40-33fadfcb8aee,47389994-b201-4bb1-bf91-8bce4dbde510,Other,,,Low,bed_issue_type_unmapped,3,,,
44016b4f-2a9e-1233-731f-304761fcaaf0,VISH-25-05-0379,510cd475-6538-7d02-413c-1a0f553ba4e6,417c9738-a0f7-5a00-1091-37a9fd083dd6,B13,1a8e227a-8e7b-102b-4e40-33fadfcb8aee,47389994-b201-4bb1-bf91-8bce4dbde510,Other,,,Low,bed_issue_type_unmapped,3,,,
2d8e2b32-4f15-7ddc-adb1-75d6eee40b2c,VISH-25-05-0380,510cd475-6538-7d02-413c-1a0f553ba4e6,417c9738-a0f7-5a00-1091-37a9fd083dd6,B13,1a8e227a-8e7b-102b-4e40-33fadfcb8aee,ec405235-70e9-407e-9aa2-b877f8f36af8,Fridge Issues,,,Low,bed_no_type_match,0,,,
f9463b05-6e61-4f9c-9648-7d2b439ecee1,VISH-25-06-0381,510cd475-6538-7d02-413c-1a0f553ba4e6,417c9738-a0f7-5a00-1091-37a9fd083dd6,B13,1a8e227a-8e7b-102b-4e40-33fadfcb8aee,caf6381e-5189-4c1f-bf0a-4dfd99d9b9e7,Washing machine Issue,,,Low,bed_no_type_match,0,,,
1d8a98e7-646e-9dc0-ba56-3133d755cb9f,VISH-25-10-0382,2cd65886-67b3-a4eb-7aad-7c0a230ba95d,49ed1c8e-3653-c89b-ec74-16d8e20bb923,B34,f1cc5c44-ebb5-5f81-9dac-9887fb5bb58e,d76dd3bd-ccb7-4991-a01f-ce158dfe908e,Plumbing,,,Low,bed_issue_type_unmapped,4,,,
89ee9b87-c86b-7163-be89-5a967e802f18,VISH-25-03-0383,5f0f16ed-dd5a-936c-5dbc-f76aa297afd4,233cca0e-efcf-e631-d2fc-9997a6ba5706,C44,48942e49-dfb3-3eff-732a-2842f615cb8a,a5831922-eaeb-48c2-941c-fd96fae8813d,AC Issues,,1ac33845-439e-4379-ba39-8f2c952e8873,High,bed_type_unique,1,1ac33845-439e-4379-ba39-8f2c952e8873,Air Conditioner,
af095155-2af0-9260-a357-896fee51935d,VISH-25-01-0384,6c765a9e-b1ea-4503-e5b7-24daca7c2614,2fc42a4f-fe5a-ae08-0e4e-2c89ca71db85,B11,d41b0f34-d7f8-ce1a-36d9-c00f0100aa45,caf6381e-5189-4c1f-bf0a-4dfd99d9b9e7,Washing machine Issue,,,Low,bed_no_type_match,0,,,
d6aef305-a43f-390c-0a4e-948a5bcbaf5d,VISH-25-06-0385,b533de62-fd5f-cc73-01ad-82aaf5df2fd1,b0875d50-a469-821b-57c3-03ac62809198,C11,016f303d-6271-385d-c540-0595095bab14,a5831922-eaeb-48c2-941c-fd96fae8813d,AC Issues,,,Low,bed_no_type_match,0,,,
4303e9ad-9862-b3ac-4a96-aa8a8807780b,VISH-25-06-0386,b533de62-fd5f-cc73-01ad-82aaf5df2fd1,b0875d50-a469-821b-57c3-03ac62809198,C11,016f303d-6271-385d-c540-0595095bab14,47389994-b201-4bb1-bf91-8bce4dbde510,Other,,,Low,bed_issue_type_unmapped,3,,,
333b6033-e488-dae1-4c12-638c961cb2fa,VISH-25-09-0387,b533de62-fd5f-cc73-01ad-82aaf5df2fd1,b0875d50-a469-821b-57c3-03ac62809198,C11,e240e3e5-c69e-eb28-28a3-e88cb6561735,a5831922-eaeb-48c2-941c-fd96fae8813d,AC Issues,,,Low,bed_no_type_match,0,,,
1ef09cc6-0ee3-fe30-4482-d7d6428045dd,VISH-25-02-0388,18d86801-3cb7-11d4-8b9d-433429296014,fb5cedd6-2992-1c62-7fba-4a7a6b43b2ff,C43,be0208ae-5786-5d6b-7ab7-8ab62ebff5d0,01208ba1-4225-4a61-be39-3afe03dad690,RO Water Issues,,,Low,bed_no_type_match,0,,,
f139cab6-9934-dd1c-59fe-ceaa8ccef718,VISH-25-02-0389,18d86801-3cb7-11d4-8b9d-433429296014,fb5cedd6-2992-1c62-7fba-4a7a6b43b2ff,C43,be0208ae-5786-5d6b-7ab7-8ab62ebff5d0,01208ba1-4225-4a61-be39-3afe03dad690,RO Water Issues,,,Low,bed_no_type_match,0,,,
e0edc13c-3ffc-1e3f-88cc-7a2f9368d7ff,VISH-25-02-0390,18d86801-3cb7-11d4-8b9d-433429296014,fb5cedd6-2992-1c62-7fba-4a7a6b43b2ff,C43,be0208ae-5786-5d6b-7ab7-8ab62ebff5d0,01208ba1-4225-4a61-be39-3afe03dad690,RO Water Issues,,,Low,bed_no_type_match,0,,,
452da79e-4327-7968-e29e-940bdebd161d,VISH-25-03-0391,18d86801-3cb7-11d4-8b9d-433429296014,fb5cedd6-2992-1c62-7fba-4a7a6b43b2ff,C43,be0208ae-5786-5d6b-7ab7-8ab62ebff5d0,47389994-b201-4bb1-bf91-8bce4dbde510,Other,,,Low,bed_issue_type_unmapped,6,,,
c5f174fc-8408-5c89-b61a-c7f7df2bb9f3,VISH-25-05-0392,18d86801-3cb7-11d4-8b9d-433429296014,fb5cedd6-2992-1c62-7fba-4a7a6b43b2ff,C43,be0208ae-5786-5d6b-7ab7-8ab62ebff5d0,a5831922-eaeb-48c2-941c-fd96fae8813d,AC Issues,,b5edcf4e-54dc-432a-a6bd-f1b36e2e0813,High,bed_type_unique,1,b5edcf4e-54dc-432a-a6bd-f1b36e2e0813,Air Conditioner,
bae7431e-d5df-0eb1-0e2a-8938186ab913,VISH-25-08-0393,18d86801-3cb7-11d4-8b9d-433429296014,fb5cedd6-2992-1c62-7fba-4a7a6b43b2ff,C43,be0208ae-5786-5d6b-7ab7-8ab62ebff5d0,47389994-b201-4bb1-bf91-8bce4dbde510,Other,,,Low,bed_issue_type_unmapped,6,,,
e12b45cd-a36e-03a2-5ec1-d11c49aecab3,VISH-25-08-0394,18d86801-3cb7-11d4-8b9d-433429296014,fb5cedd6-2992-1c62-7fba-4a7a6b43b2ff,C43,be0208ae-5786-5d6b-7ab7-8ab62ebff5d0,47389994-b201-4bb1-bf91-8bce4dbde510,Other,,,Low,bed_issue_type_unmapped,6,,,
dcd80133-2740-94f2-c089-3086a6eabf56,VISH-25-08-0395,18d86801-3cb7-11d4-8b9d-433429296014,fb5cedd6-2992-1c62-7fba-4a7a6b43b2ff,C43,be0208ae-5786-5d6b-7ab7-8ab62ebff5d0,abc84f5b-a950-406e-ab46-cefbe11df925,Cleaning Issues,,,Low,bed_issue_type_unmapped,6,,,
743c41c0-cdc2-1538-1214-55334b04c359,VISH-25-11-0396,18d86801-3cb7-11d4-8b9d-433429296014,fb5cedd6-2992-1c62-7fba-4a7a6b43b2ff,C43,be0208ae-5786-5d6b-7ab7-8ab62ebff5d0,28158382-d5c1-436c-927b-3e3d9855c2af,Electrical Issues,,30d9dbfc-a9d3-49fb-bc99-c78196773658,High,bed_type_unique,1,30d9dbfc-a9d3-49fb-bc99-c78196773658,Fan,
b1e60750-e4dc-770a-caa7-e31ddf5c7625,VISH-25-03-0397,4cf13b7d-67b4-87af-6795-b532998a9b0d,b0d4d2c8-f6ee-bc16-ffd7-fc33c8db8571,A23,7a6a9299-de4c-2a5d-e8f7-c78170295aec,caf6381e-5189-4c1f-bf0a-4dfd99d9b9e7,Washing machine Issue,,,Low,bed_no_type_match,0,,,
25b9c0a6-1e32-92a8-1131-ad8a0ca431fc,VISH-25-05-0398,4cf13b7d-67b4-87af-6795-b532998a9b0d,b0d4d2c8-f6ee-bc16-ffd7-fc33c8db8571,A23,7a6a9299-de4c-2a5d-e8f7-c78170295aec,47389994-b201-4bb1-bf91-8bce4dbde510,Other,,,Low,bed_issue_type_unmapped,4,,,
f9430b56-5626-d5b9-c2c7-4960976ad3fc,VISH-25-05-0399,4cf13b7d-67b4-87af-6795-b532998a9b0d,b0d4d2c8-f6ee-bc16-ffd7-fc33c8db8571,A23,7a6a9299-de4c-2a5d-e8f7-c78170295aec,a5831922-eaeb-48c2-941c-fd96fae8813d,AC Issues,,,Low,bed_no_type_match,0,,,
99fe47c3-efb6-79b4-7aa0-502f0e1d9cab,VISH-25-09-0400,4cf13b7d-67b4-87af-6795-b532998a9b0d,b0d4d2c8-f6ee-bc16-ffd7-fc33c8db8571,A23,7a6a9299-de4c-2a5d-e8f7-c78170295aec,a5831922-eaeb-48c2-941c-fd96fae8813d,AC Issues,,,Low,bed_no_type_match,0,,,
698de39f-636f-e304-6e78-4dbe603da9ad,VISH-25-10-0401,4cf13b7d-67b4-87af-6795-b532998a9b0d,b0d4d2c8-f6ee-bc16-ffd7-fc33c8db8571,A23,7a6a9299-de4c-2a5d-e8f7-c78170295aec,28158382-d5c1-436c-927b-3e3d9855c2af,Electrical Issues,,,Low,bed_no_type_match,0,,,
9738811f-d089-6792-654e-c69bdc0c73a1,VISH-25-10-0402,4cf13b7d-67b4-87af-6795-b532998a9b0d,b0d4d2c8-f6ee-bc16-ffd7-fc33c8db8571,A23,7a6a9299-de4c-2a5d-e8f7-c78170295aec,28158382-d5c1-436c-927b-3e3d9855c2af,Electrical Issues,,,Low,bed_no_type_match,0,,,
69453db7-f136-69bd-39c5-07984f03f0ad,VISH-25-10-0403,4cf13b7d-67b4-87af-6795-b532998a9b0d,b0d4d2c8-f6ee-bc16-ffd7-fc33c8db8571,A23,7a6a9299-de4c-2a5d-e8f7-c78170295aec,e2aa2aaa-8af6-4807-9a4e-7665c5421eed,Furniture,,,Low,bed_type_many,4,"3b0b696d-a151-4741-8d8b-0637cb94eee3,85f215f4-fb81-4f11-985b-03f19f8d92db,cd09fda4-a742-40c1-8e1c-349797ca124a,ce6e8257-0ab4-41a2-8591-e64ce3268138",,
52445982-44fc-84c3-2471-6c1bf4093856,VISH-25-10-0404,4cf13b7d-67b4-87af-6795-b532998a9b0d,b0d4d2c8-f6ee-bc16-ffd7-fc33c8db8571,A23,7a6a9299-de4c-2a5d-e8f7-c78170295aec,01208ba1-4225-4a61-be39-3afe03dad690,RO Water Issues,,,Low,bed_no_type_match,0,,,
1c4cc71e-ae66-c800-6a15-4c1b2615bce2,VISH-25-10-0405,4cf13b7d-67b4-87af-6795-b532998a9b0d,b0d4d2c8-f6ee-bc16-ffd7-fc33c8db8571,A23,7a6a9299-de4c-2a5d-e8f7-c78170295aec,a5831922-eaeb-48c2-941c-fd96fae8813d,AC Issues,,,Low,bed_no_type_match,0,,,
dae281ca-87b8-d0d1-9832-fa5fe445c4dc,VISH-26-03-0406,4cf13b7d-67b4-87af-6795-b532998a9b0d,b0d4d2c8-f6ee-bc16-ffd7-fc33c8db8571,A23,7a6a9299-de4c-2a5d-e8f7-c78170295aec,47389994-b201-4bb1-bf91-8bce4dbde510,Other,,,Low,bed_issue_type_unmapped,4,,,
9a08726f-03c5-3110-ef60-e94e2b21fbbd,VISH-25-03-0407,8c10b5c6-4a40-f455-7732-69c9209c6107,03edc7c5-4c46-b55e-523d-9fb7be29910b,A44,7f5d0339-af32-1588-78ab-cfbcebe8e47f,28158382-d5c1-436c-927b-3e3d9855c2af,Electrical Issues,,8e4a1a7b-c87d-40fc-b80c-181f621c7e4a,High,bed_type_unique,1,8e4a1a7b-c87d-40fc-b80c-181f621c7e4a,Fan,
992714f0-c404-f19c-c055-3df3913fe345,VISH-25-03-0408,8c10b5c6-4a40-f455-7732-69c9209c6107,03edc7c5-4c46-b55e-523d-9fb7be29910b,A44,7f5d0339-af32-1588-78ab-cfbcebe8e47f,a5831922-eaeb-48c2-941c-fd96fae8813d,AC Issues,,,Low,bed_no_type_match,0,,,
feabad01-7299-601b-b0da-efa518fe2dd3,VISH-25-04-0409,8c10b5c6-4a40-f455-7732-69c9209c6107,03edc7c5-4c46-b55e-523d-9fb7be29910b,A44,7f5d0339-af32-1588-78ab-cfbcebe8e47f,a5831922-eaeb-48c2-941c-fd96fae8813d,AC Issues,,,Low,bed_no_type_match,0,,,
1c437840-4910-cc17-b362-8b03ad9d3196,VISH-25-05-0410,8c10b5c6-4a40-f455-7732-69c9209c6107,03edc7c5-4c46-b55e-523d-9fb7be29910b,A44,7f5d0339-af32-1588-78ab-cfbcebe8e47f,a5831922-eaeb-48c2-941c-fd96fae8813d,AC Issues,,,Low,bed_no_type_match,0,,,
a1de284e-db54-8a2f-d14c-b689d377ebd0,VISH-25-05-0411,8c10b5c6-4a40-f455-7732-69c9209c6107,03edc7c5-4c46-b55e-523d-9fb7be29910b,A44,7f5d0339-af32-1588-78ab-cfbcebe8e47f,d76dd3bd-ccb7-4991-a01f-ce158dfe908e,Plumbing,,,Low,bed_issue_type_unmapped,5,,,
ba40bb47-d80f-d60d-aaf9-5fd0db3a2409,VISH-25-05-0412,86cd2239-fa55-0389-437e-e8fd505dc931,03edc7c5-4c46-b55e-523d-9fb7be29910b,A44,abfa482f-64b8-5ca0-3072-e8345f44a317,28158382-d5c1-436c-927b-3e3d9855c2af,Electrical Issues,,563f1f66-9d2f-4054-b25b-775b06211ce1,High,bed_type_unique,1,563f1f66-9d2f-4054-b25b-775b06211ce1,Fan,
ca91bbb6-9955-0fe7-68d5-c332b6b33b8f,VISH-25-09-0413,86cd2239-fa55-0389-437e-e8fd505dc931,03edc7c5-4c46-b55e-523d-9fb7be29910b,A44,abfa482f-64b8-5ca0-3072-e8345f44a317,caf6381e-5189-4c1f-bf0a-4dfd99d9b9e7,Washing machine Issue,,,Low,bed_no_type_match,0,,,
6e1a547c-552f-d6bb-f8fc-bf69d3e7fdda,VISH-26-02-0414,86cd2239-fa55-0389-437e-e8fd505dc931,03edc7c5-4c46-b55e-523d-9fb7be29910b,A44,abfa482f-64b8-5ca0-3072-e8345f44a317,01208ba1-4225-4a61-be39-3afe03dad690,RO Water Issues,,,Low,bed_no_type_match,0,,,
3b3e98f3-d959-e46f-5af4-d528bb4d5d17,VISH-25-02-0415,72fb39cc-cecf-39cd-a55a-60d36a23f691,1b4d1066-8fe4-199b-7b3b-39e4bded9714,C41,e490e3a6-9e5c-a6b8-a156-bfb492b8b0a4,caf6381e-5189-4c1f-bf0a-4dfd99d9b9e7,Washing machine Issue,,,Low,bed_no_type_match,0,,,
edcbce8c-d7d2-09d1-1868-996d77f21166,VISH-25-02-0416,72fb39cc-cecf-39cd-a55a-60d36a23f691,1b4d1066-8fe4-199b-7b3b-39e4bded9714,C41,e490e3a6-9e5c-a6b8-a156-bfb492b8b0a4,a5831922-eaeb-48c2-941c-fd96fae8813d,AC Issues,,,Low,bed_no_type_match,0,,,
779bd59b-2cc4-3104-a645-5f4a72d218a6,VISH-25-02-0417,72fb39cc-cecf-39cd-a55a-60d36a23f691,1b4d1066-8fe4-199b-7b3b-39e4bded9714,C41,e490e3a6-9e5c-a6b8-a156-bfb492b8b0a4,a5831922-eaeb-48c2-941c-fd96fae8813d,AC Issues,,,Low,bed_no_type_match,0,,,
9b36f5bb-4887-7918-dc4b-b4041df81d47,VISH-25-03-0418,72fb39cc-cecf-39cd-a55a-60d36a23f691,1b4d1066-8fe4-199b-7b3b-39e4bded9714,C41,e490e3a6-9e5c-a6b8-a156-bfb492b8b0a4,caf6381e-5189-4c1f-bf0a-4dfd99d9b9e7,Washing machine Issue,,,Low,bed_no_type_match,0,,,
e8dfd260-1b1b-e834-8658-a1d4f3cddfa0,VISH-25-03-0419,72fb39cc-cecf-39cd-a55a-60d36a23f691,1b4d1066-8fe4-199b-7b3b-39e4bded9714,C41,e490e3a6-9e5c-a6b8-a156-bfb492b8b0a4,a5831922-eaeb-48c2-941c-fd96fae8813d,AC Issues,,,Low,bed_no_type_match,0,,,
ef838539-3c16-7e36-2740-32a4668ae4f0,VISH-25-07-0420,72fb39cc-cecf-39cd-a55a-60d36a23f691,1b4d1066-8fe4-199b-7b3b-39e4bded9714,C41,e490e3a6-9e5c-a6b8-a156-bfb492b8b0a4,47389994-b201-4bb1-bf91-8bce4dbde510,Other,,,Low,bed_issue_type_unmapped,5,,,
179deaaf-c984-bd65-bf3e-4134fe900e21,VISH-25-08-0421,72fb39cc-cecf-39cd-a55a-60d36a23f691,1b4d1066-8fe4-199b-7b3b-39e4bded9714,C41,e490e3a6-9e5c-a6b8-a156-bfb492b8b0a4,e2aa2aaa-8af6-4807-9a4e-7665c5421eed,Furniture,,,Low,bed_type_many,4,"4464c94c-a1a3-4658-ae52-805edad1df56,8a5744b9-a6dd-4648-9653-c31f8b5d6859,c4d6843e-c74f-4b27-a79b-63b2ab94c5cb,fc7c7ce3-e4f4-4022-9765-9ebce66e4bda",,
dd33fcf4-3cb2-8881-37e6-6fc22a12e3db,VISH-25-08-0422,72fb39cc-cecf-39cd-a55a-60d36a23f691,1b4d1066-8fe4-199b-7b3b-39e4bded9714,C41,e490e3a6-9e5c-a6b8-a156-bfb492b8b0a4,01208ba1-4225-4a61-be39-3afe03dad690,RO Water Issues,,,Low,bed_no_type_match,0,,,
70474ca3-d011-8286-5192-a17d91082a34,VISH-25-05-0423,31748409-1d90-3bc0-903e-6d831133e944,79853a4a-cb02-508c-e041-7e23378aec9c,A41,e0a547db-d8f2-1e21-a742-6f7c135bd802,01208ba1-4225-4a61-be39-3afe03dad690,RO Water Issues,,0c6a45fa-eea8-4b3e-925c-9e22848928f0,Medium,apartment_type_multi,2,"0c6a45fa-eea8-4b3e-925c-9e22848928f0,ca68dd62-68a5-4a63-a016-b7e64f51fba0",RO Water Purifier,2026-03-23
f9c80776-51ad-cff3-6384-83e85e2a892e,VISH-25-06-0424,82ce206e-2925-18f5-f18c-d80631a9964e,49ed1c8e-3653-c89b-ec74-16d8e20bb923,B34,15d608c9-9596-d151-b9c5-21b22647f848,e2aa2aaa-8af6-4807-9a4e-7665c5421eed,Furniture,,,Low,bed_type_many,6,"0b828bec-a402-4948-b901-0fbeb2244baa,38097fdf-f453-4dc4-ad3b-f299ee026480,4698cf3a-ede0-443a-93db-43bc526e0162,8319bbe0-4902-43ca-9d57-a0ac14359db9,e046c6d8-397c-4586-8fdf-c88e78da3ec5,ff1be0a5-7386-4949-82e8-cd4fe5387f62",,
bb4f516b-2c26-4e0d-c9bd-c532b30cffe5,VISH-25-02-0425,238b347e-e7e9-b1a3-31a8-a2f8fed99f55,85292340-826d-52c1-65c7-7f2a9eb2c2c4,B41,3d87a782-0782-2c9a-8dd1-d06d80cf917b,d76dd3bd-ccb7-4991-a01f-ce158dfe908e,Plumbing,,,Low,bed_issue_type_unmapped,3,,,
cbb86a8c-ebfa-7c9c-7bb7-c636ccab17d3,VISH-25-02-0426,238b347e-e7e9-b1a3-31a8-a2f8fed99f55,85292340-826d-52c1-65c7-7f2a9eb2c2c4,B41,3d87a782-0782-2c9a-8dd1-d06d80cf917b,a5831922-eaeb-48c2-941c-fd96fae8813d,AC Issues,,625b07e7-083b-4c9d-b00b-203844544ea3,High,bed_type_unique,1,625b07e7-083b-4c9d-b00b-203844544ea3,Air Conditioner,
f8afd35a-1ac4-d36b-eba9-ab802a840469,VISH-25-04-0427,238b347e-e7e9-b1a3-31a8-a2f8fed99f55,85292340-826d-52c1-65c7-7f2a9eb2c2c4,B41,3d87a782-0782-2c9a-8dd1-d06d80cf917b,47389994-b201-4bb1-bf91-8bce4dbde510,Other,,,Low,bed_issue_type_unmapped,3,,,
e59af8ce-c359-87da-eda3-a1014252600b,VISH-25-04-0428,238b347e-e7e9-b1a3-31a8-a2f8fed99f55,85292340-826d-52c1-65c7-7f2a9eb2c2c4,B41,3d87a782-0782-2c9a-8dd1-d06d80cf917b,a5831922-eaeb-48c2-941c-fd96fae8813d,AC Issues,,625b07e7-083b-4c9d-b00b-203844544ea3,High,bed_type_unique,1,625b07e7-083b-4c9d-b00b-203844544ea3,Air Conditioner,
df67f97f-b60c-9f57-a4e3-592bd6e49873,VISH-25-05-0429,238b347e-e7e9-b1a3-31a8-a2f8fed99f55,85292340-826d-52c1-65c7-7f2a9eb2c2c4,B41,3d87a782-0782-2c9a-8dd1-d06d80cf917b,28158382-d5c1-436c-927b-3e3d9855c2af,Electrical Issues,,a70eb2c3-706c-45d7-9af3-c0be7a59c764,High,bed_type_unique,1,a70eb2c3-706c-45d7-9af3-c0be7a59c764,Fan,
4b7163fa-28ee-607d-ae0c-3a9224e1122a,VISH-25-06-0430,238b347e-e7e9-b1a3-31a8-a2f8fed99f55,85292340-826d-52c1-65c7-7f2a9eb2c2c4,B41,3d87a782-0782-2c9a-8dd1-d06d80cf917b,7917cc13-aaca-4558-a2c2-8be5cd8fc159,Internet Issues,,,Low,bed_issue_type_unmapped,3,,,
b1a7a150-9173-13da-7bc8-7d3dc0c61f8f,VISH-25-06-0431,238b347e-e7e9-b1a3-31a8-a2f8fed99f55,85292340-826d-52c1-65c7-7f2a9eb2c2c4,B41,3d87a782-0782-2c9a-8dd1-d06d80cf917b,47389994-b201-4bb1-bf91-8bce4dbde510,Other,,,Low,bed_issue_type_unmapped,3,,,
b54d4bb6-3b47-d0c3-f106-327c79e129d6,VISH-25-06-0432,238b347e-e7e9-b1a3-31a8-a2f8fed99f55,85292340-826d-52c1-65c7-7f2a9eb2c2c4,B41,3d87a782-0782-2c9a-8dd1-d06d80cf917b,abc84f5b-a950-406e-ab46-cefbe11df925,Cleaning Issues,,,Low,bed_issue_type_unmapped,3,,,
f2b54f8b-c76d-7368-a9f5-1819d1b2525d,VISH-25-09-0433,238b347e-e7e9-b1a3-31a8-a2f8fed99f55,85292340-826d-52c1-65c7-7f2a9eb2c2c4,B41,3d87a782-0782-2c9a-8dd1-d06d80cf917b,47389994-b201-4bb1-bf91-8bce4dbde510,Other,,,Low,bed_issue_type_unmapped,3,,,
047c1201-ada6-deb9-3a98-cffaed2cbcac,VISH-25-10-0434,238b347e-e7e9-b1a3-31a8-a2f8fed99f55,85292340-826d-52c1-65c7-7f2a9eb2c2c4,B41,3d87a782-0782-2c9a-8dd1-d06d80cf917b,e2aa2aaa-8af6-4807-9a4e-7665c5421eed,Furniture,,cb1b3f5f-347b-4a3b-adee-1924192848d1,High,bed_type_unique,1,cb1b3f5f-347b-4a3b-adee-1924192848d1,Cot (Bed Frame),2025-01-01
f710248c-036c-4414-8a8b-a05f7158d60b,VISH-25-10-0435,238b347e-e7e9-b1a3-31a8-a2f8fed99f55,85292340-826d-52c1-65c7-7f2a9eb2c2c4,B41,3d87a782-0782-2c9a-8dd1-d06d80cf917b,47389994-b201-4bb1-bf91-8bce4dbde510,Other,,,Low,bed_issue_type_unmapped,3,,,
4ede64d0-95f2-9856-d368-90d7dac5e7f4,VISH-26-01-0436,238b347e-e7e9-b1a3-31a8-a2f8fed99f55,85292340-826d-52c1-65c7-7f2a9eb2c2c4,B41,3d87a782-0782-2c9a-8dd1-d06d80cf917b,caf6381e-5189-4c1f-bf0a-4dfd99d9b9e7,Washing machine Issue,,,Low,bed_no_type_match,0,,,
71d77401-e8a7-e5a5-7d79-d5e087e26af8,VISH-25-04-0437,d51c2f8f-9df6-06cb-85f3-47a79b9d5006,03edc7c5-4c46-b55e-523d-9fb7be29910b,A44,42541fce-4dd2-805a-5d01-5aa7e5db8726,a5831922-eaeb-48c2-941c-fd96fae8813d,AC Issues,,f1b25cdd-e630-44ef-a054-2f57d7add09c,High,bed_type_unique,1,f1b25cdd-e630-44ef-a054-2f57d7add09c,Air Conditioner,
6f8c20ff-35c0-c965-ce46-52a00b5644ca,VISH-25-05-0438,d51c2f8f-9df6-06cb-85f3-47a79b9d5006,03edc7c5-4c46-b55e-523d-9fb7be29910b,A44,42541fce-4dd2-805a-5d01-5aa7e5db8726,caf6381e-5189-4c1f-bf0a-4dfd99d9b9e7,Washing machine Issue,,,Low,bed_no_type_match,0,,,
4c4f2a1e-7fa7-ea18-0f2d-add3bb9fccac,VISH-25-05-0439,d51c2f8f-9df6-06cb-85f3-47a79b9d5006,03edc7c5-4c46-b55e-523d-9fb7be29910b,A44,42541fce-4dd2-805a-5d01-5aa7e5db8726,caf6381e-5189-4c1f-bf0a-4dfd99d9b9e7,Washing machine Issue,,,Low,bed_no_type_match,0,,,
a83295bf-61fa-e0b1-ea7c-e02e56fa6d9b,VISH-25-05-0440,d51c2f8f-9df6-06cb-85f3-47a79b9d5006,03edc7c5-4c46-b55e-523d-9fb7be29910b,A44,42541fce-4dd2-805a-5d01-5aa7e5db8726,caf6381e-5189-4c1f-bf0a-4dfd99d9b9e7,Washing machine Issue,,,Low,bed_no_type_match,0,,,
690ced8f-1267-4d45-b938-e08f24469ebf,VIST-26-07-00089,79d4d3fe-73c5-a965-030f-c60220ee20cb,5d204545-2f72-b89b-3190-a826b5ab6512,B12,a607e4b0-3364-b1fb-774e-01d67c4fcdf1,e2aa2aaa-8af6-4807-9a4e-7665c5421eed,Furniture,2026-07-25 18:17:50.216074,317172ac-c2bb-40a2-bf74-b4770912b83a,Verified,direct_asset_id,1,317172ac-c2bb-40a2-bf74-b4770912b83a,Cupboard,
0faa0e6f-3fbf-0984-2517-86149f652eee,VISH-25-05-0441,d51c2f8f-9df6-06cb-85f3-47a79b9d5006,03edc7c5-4c46-b55e-523d-9fb7be29910b,A44,42541fce-4dd2-805a-5d01-5aa7e5db8726,28158382-d5c1-436c-927b-3e3d9855c2af,Electrical Issues,,86cfe969-a250-4233-ae88-b25e85bfd41e,High,bed_type_unique,1,86cfe969-a250-4233-ae88-b25e85bfd41e,Fan,
96fa351d-867a-d4cd-c35b-d9d0ad8b4d99,VISH-25-05-0442,24ae889b-240e-b064-cfe8-2b27224c15b0,bc7f358d-0d6d-f95f-ff80-9089eefdef69,B44,9570bcbc-dd00-294f-7a17-6204b4b0a29b,caf6381e-5189-4c1f-bf0a-4dfd99d9b9e7,Washing machine Issue,,,Low,bed_no_type_match,0,,,
170bf74f-28d9-a03a-4e83-cd00440d2111,VISH-25-03-0443,31f3f7a3-5dc4-21cd-ba54-b41347a7822a,86ad1ceb-8d81-a926-d998-3a2f1cafba06,C24,0b5cde17-d9c1-1f3f-ebeb-c45493421ae0,caf6381e-5189-4c1f-bf0a-4dfd99d9b9e7,Washing machine Issue,,,Low,bed_no_type_match,0,,,
1de66398-8625-62e6-ef81-b42c674601be,VISH-25-03-0444,31f3f7a3-5dc4-21cd-ba54-b41347a7822a,86ad1ceb-8d81-a926-d998-3a2f1cafba06,C24,0b5cde17-d9c1-1f3f-ebeb-c45493421ae0,47389994-b201-4bb1-bf91-8bce4dbde510,Other,,,Low,bed_issue_type_unmapped,5,,,
2764d230-6756-458e-51f3-c2c97e551db0,VISH-25-10-0445,31f3f7a3-5dc4-21cd-ba54-b41347a7822a,86ad1ceb-8d81-a926-d998-3a2f1cafba06,C24,0b5cde17-d9c1-1f3f-ebeb-c45493421ae0,caf6381e-5189-4c1f-bf0a-4dfd99d9b9e7,Washing machine Issue,,,Low,bed_no_type_match,0,,,
bf96c44b-df48-3507-79e8-49f5ddcc3813,VISH-25-04-0446,bcf8ffc1-fd5c-f6ab-0453-7a73c73786dd,c2ff0c11-4d1b-7b9b-b93c-aa37c9b6c40b,D21,16d9e7d4-a079-cc9d-1fb4-b96de3cb70dd,d76dd3bd-ccb7-4991-a01f-ce158dfe908e,Plumbing,,,Low,bed_issue_type_unmapped,6,,,
cf43d7f2-22dc-b187-4375-5c5269dc4db4,VISH-25-05-0447,bcf8ffc1-fd5c-f6ab-0453-7a73c73786dd,c2ff0c11-4d1b-7b9b-b93c-aa37c9b6c40b,D21,16d9e7d4-a079-cc9d-1fb4-b96de3cb70dd,e2aa2aaa-8af6-4807-9a4e-7665c5421eed,Furniture,,,Low,bed_type_many,6,"3cbab2b0-0224-4c16-9af2-be43c8dd2f0c,7037d891-8043-422e-8870-a9c86afb316f,7e482326-2c7f-4779-a551-6587701336fc,84b2ced1-debf-4182-b973-054535294fec,e60b5fa9-81c0-4497-8bcc-72dbbfbc0198,fa801108-0a26-429b-93ec-153042dc864d",,
93892541-f9a7-723c-1ad9-d648fa30de17,VISH-25-06-0448,bcf8ffc1-fd5c-f6ab-0453-7a73c73786dd,c2ff0c11-4d1b-7b9b-b93c-aa37c9b6c40b,D21,16d9e7d4-a079-cc9d-1fb4-b96de3cb70dd,28158382-d5c1-436c-927b-3e3d9855c2af,Electrical Issues,,,Low,bed_no_type_match,0,,,
192ce7f9-44e6-f1ea-f2ce-9f7ad7f7c7eb,VISH-25-06-0449,bcf8ffc1-fd5c-f6ab-0453-7a73c73786dd,c2ff0c11-4d1b-7b9b-b93c-aa37c9b6c40b,D21,16d9e7d4-a079-cc9d-1fb4-b96de3cb70dd,e2aa2aaa-8af6-4807-9a4e-7665c5421eed,Furniture,,,Low,bed_type_many,6,"3cbab2b0-0224-4c16-9af2-be43c8dd2f0c,7037d891-8043-422e-8870-a9c86afb316f,7e482326-2c7f-4779-a551-6587701336fc,84b2ced1-debf-4182-b973-054535294fec,e60b5fa9-81c0-4497-8bcc-72dbbfbc0198,fa801108-0a26-429b-93ec-153042dc864d",,
741b147a-3947-8220-ec44-7f739ac46466,VISH-25-06-0450,bcf8ffc1-fd5c-f6ab-0453-7a73c73786dd,c2ff0c11-4d1b-7b9b-b93c-aa37c9b6c40b,D21,16d9e7d4-a079-cc9d-1fb4-b96de3cb70dd,47389994-b201-4bb1-bf91-8bce4dbde510,Other,,,Low,bed_issue_type_unmapped,6,,,
e8afdd8c-baf4-969e-c31a-0706b3eca8e1,VISH-25-06-0451,bcf8ffc1-fd5c-f6ab-0453-7a73c73786dd,c2ff0c11-4d1b-7b9b-b93c-aa37c9b6c40b,D21,16d9e7d4-a079-cc9d-1fb4-b96de3cb70dd,abc84f5b-a950-406e-ab46-cefbe11df925,Cleaning Issues,,,Low,bed_issue_type_unmapped,6,,,
0c0f9589-f77b-5e2a-c631-d2b8560b317e,VISH-25-06-0452,bcf8ffc1-fd5c-f6ab-0453-7a73c73786dd,c2ff0c11-4d1b-7b9b-b93c-aa37c9b6c40b,D21,16d9e7d4-a079-cc9d-1fb4-b96de3cb70dd,47389994-b201-4bb1-bf91-8bce4dbde510,Other,,,Low,bed_issue_type_unmapped,6,,,
062e0c15-1356-1a98-1fe6-dc0c4124900e,VISH-25-06-0453,bcf8ffc1-fd5c-f6ab-0453-7a73c73786dd,c2ff0c11-4d1b-7b9b-b93c-aa37c9b6c40b,D21,16d9e7d4-a079-cc9d-1fb4-b96de3cb70dd,ec405235-70e9-407e-9aa2-b877f8f36af8,Fridge Issues,,,Low,bed_no_type_match,0,,,
6ff44eb2-b46c-41ab-e416-1214df2f0d93,VISH-25-06-0454,bcf8ffc1-fd5c-f6ab-0453-7a73c73786dd,c2ff0c11-4d1b-7b9b-b93c-aa37c9b6c40b,D21,16d9e7d4-a079-cc9d-1fb4-b96de3cb70dd,28158382-d5c1-436c-927b-3e3d9855c2af,Electrical Issues,,,Low,bed_no_type_match,0,,,
50486ccc-afa8-8777-4574-e3022ce76fde,VISH-25-07-0455,bcf8ffc1-fd5c-f6ab-0453-7a73c73786dd,c2ff0c11-4d1b-7b9b-b93c-aa37c9b6c40b,D21,16d9e7d4-a079-cc9d-1fb4-b96de3cb70dd,abc84f5b-a950-406e-ab46-cefbe11df925,Cleaning Issues,,,Low,bed_issue_type_unmapped,6,,,
df853a74-7063-6b51-612e-43e3c51100dc,VISH-25-08-0456,bcf8ffc1-fd5c-f6ab-0453-7a73c73786dd,c2ff0c11-4d1b-7b9b-b93c-aa37c9b6c40b,D21,16d9e7d4-a079-cc9d-1fb4-b96de3cb70dd,d76dd3bd-ccb7-4991-a01f-ce158dfe908e,Plumbing,,,Low,bed_issue_type_unmapped,6,,,
74bfe4c4-80fa-9b99-091c-b5e760c3fb9e,VISH-25-08-0457,bcf8ffc1-fd5c-f6ab-0453-7a73c73786dd,c2ff0c11-4d1b-7b9b-b93c-aa37c9b6c40b,D21,16d9e7d4-a079-cc9d-1fb4-b96de3cb70dd,e2aa2aaa-8af6-4807-9a4e-7665c5421eed,Furniture,,,Low,bed_type_many,6,"3cbab2b0-0224-4c16-9af2-be43c8dd2f0c,7037d891-8043-422e-8870-a9c86afb316f,7e482326-2c7f-4779-a551-6587701336fc,84b2ced1-debf-4182-b973-054535294fec,e60b5fa9-81c0-4497-8bcc-72dbbfbc0198,fa801108-0a26-429b-93ec-153042dc864d",,
44202a80-84f2-45c8-ad8e-b69c6599ba32,VISH-2026-0032,79e31f6f-69dc-a40c-27d7-3f076878f83c,fb5cedd6-2992-1c62-7fba-4a7a6b43b2ff,C43,97486463-9125-9851-3039-04f213b371d4,e2aa2aaa-8af6-4807-9a4e-7665c5421eed,Furniture,2026-04-08 10:55:43.484161,656467e0-85ba-45b6-ac40-6fa5e71d0af6,Verified,direct_asset_id,1,656467e0-85ba-45b6-ac40-6fa5e71d0af6,Cupboard,
676634f4-5f63-4dd0-a41a-aa84ace516b2,VISH-2026-0035,1fc0c3bb-f35c-8d5d-a4fa-a9c1723cd8ab,82b270bf-e567-2deb-5ef3-495baafd7645,B14,b9880845-d37b-c083-ffd7-adcaa279cb30,28158382-d5c1-436c-927b-3e3d9855c2af,Electrical Issues,2026-04-09 04:34:34.487269,97248d4f-b62a-4315-9915-18dee0224ade,Verified,direct_asset_id,1,97248d4f-b62a-4315-9915-18dee0224ade,Fan,
9e8951d5-3a5a-777e-884c-eaef821393c0,VISH-25-08-0458,bcf8ffc1-fd5c-f6ab-0453-7a73c73786dd,c2ff0c11-4d1b-7b9b-b93c-aa37c9b6c40b,D21,16d9e7d4-a079-cc9d-1fb4-b96de3cb70dd,abc84f5b-a950-406e-ab46-cefbe11df925,Cleaning Issues,,,Low,bed_issue_type_unmapped,6,,,
8c25f955-0b01-4421-a445-3effd1208a77,VISH-2026-0033,,1183b300-b9ae-5e28-acb2-304cb2fd36db,D13A,,01208ba1-4225-4a61-be39-3afe03dad690,RO Water Issues,2026-04-08 11:11:02.986679,,Unmapped,no_allocation_pool,0,,,
000b5172-04c6-835a-0a87-b16ddb38b1b6,VISH-25-09-0459,bcf8ffc1-fd5c-f6ab-0453-7a73c73786dd,c2ff0c11-4d1b-7b9b-b93c-aa37c9b6c40b,D21,16d9e7d4-a079-cc9d-1fb4-b96de3cb70dd,abc84f5b-a950-406e-ab46-cefbe11df925,Cleaning Issues,,,Low,bed_issue_type_unmapped,6,,,
6ee7e61a-b10e-4a6d-95c2-02b365bb774e,VIST-26-07-00053,1218c50c-4da4-4f61-baec-5182a25958e3,dd96a329-ec95-e96a-1348-69d976f39cd4,C12,058f4fd0-7a5d-544c-9587-0c2f9de4528f,a5831922-eaeb-48c2-941c-fd96fae8813d,AC Issues,2026-07-18 07:24:06.651392,572c3a43-35ae-48cc-941e-77484386f1bd,Verified,direct_asset_id,1,572c3a43-35ae-48cc-941e-77484386f1bd,Air Conditioner,
70c64b62-6db0-be33-5fff-bdb78c1d6151,VISH-25-09-0460,bcf8ffc1-fd5c-f6ab-0453-7a73c73786dd,c2ff0c11-4d1b-7b9b-b93c-aa37c9b6c40b,D21,16d9e7d4-a079-cc9d-1fb4-b96de3cb70dd,a5831922-eaeb-48c2-941c-fd96fae8813d,AC Issues,,,Low,bed_no_type_match,0,,,
74736744-0a87-d445-027f-a284f49b5ac9,VISH-25-10-0461,bcf8ffc1-fd5c-f6ab-0453-7a73c73786dd,c2ff0c11-4d1b-7b9b-b93c-aa37c9b6c40b,D21,16d9e7d4-a079-cc9d-1fb4-b96de3cb70dd,abc84f5b-a950-406e-ab46-cefbe11df925,Cleaning Issues,,,Low,bed_issue_type_unmapped,6,,,
c09765e4-f4ca-a4a4-a536-4aaf58169b63,VISH-25-10-0462,bcf8ffc1-fd5c-f6ab-0453-7a73c73786dd,c2ff0c11-4d1b-7b9b-b93c-aa37c9b6c40b,D21,16d9e7d4-a079-cc9d-1fb4-b96de3cb70dd,abc84f5b-a950-406e-ab46-cefbe11df925,Cleaning Issues,,,Low,bed_issue_type_unmapped,6,,,
6c244d62-cf5b-1874-531a-3fff17373038,VISH-25-11-0463,bcf8ffc1-fd5c-f6ab-0453-7a73c73786dd,c2ff0c11-4d1b-7b9b-b93c-aa37c9b6c40b,D21,16d9e7d4-a079-cc9d-1fb4-b96de3cb70dd,28158382-d5c1-436c-927b-3e3d9855c2af,Electrical Issues,,,Low,bed_no_type_match,0,,,
c57e93d9-055a-f5e9-dd2e-42950e9758ea,VISH-25-11-0464,bcf8ffc1-fd5c-f6ab-0453-7a73c73786dd,c2ff0c11-4d1b-7b9b-b93c-aa37c9b6c40b,D21,16d9e7d4-a079-cc9d-1fb4-b96de3cb70dd,abc84f5b-a950-406e-ab46-cefbe11df925,Cleaning Issues,,,Low,bed_issue_type_unmapped,6,,,
96ac38f2-88f0-4bad-b91f-7e63474cbd8a,VIST-26-05-00092,2ba81159-3fd3-401a-b806-4cf09e7dce86,5d204545-2f72-b89b-3190-a826b5ab6512,B12,f21233ef-4976-14c5-b37d-3c30b4a3a97a,e2aa2aaa-8af6-4807-9a4e-7665c5421eed,Furniture,2026-05-18 16:56:49.415149,f2d29075-ee7d-4af7-afd3-3f1d7775d2e6,Verified,direct_asset_id,1,f2d29075-ee7d-4af7-afd3-3f1d7775d2e6,Cupboard,
7afb353a-c390-43a8-a04f-a07954bcecf6,VISH-2026-0010,,77c3a6fd-4651-d880-29aa-abd19c8324df,C21,,c5f1c3c0-af88-4c54-9730-ebffed128bc9,Kitchen Equipment,2026-04-03 11:27:25.705429,ee5277cb-c0b4-4d6c-9594-89021f5d24b3,Verified,direct_asset_id,1,ee5277cb-c0b4-4d6c-9594-89021f5d24b3,Microwave Oven,
6c91a465-4e6a-4e33-a064-54bbec48228c,VISH-2026-0021,1932ea80-c6eb-874e-eca8-12410fa7a608,c2ff0c11-4d1b-7b9b-b93c-aa37c9b6c40b,D21,f060fd98-620b-0d6c-65cd-5090be241589,e2aa2aaa-8af6-4807-9a4e-7665c5421eed,Furniture,2026-04-07 02:08:01.991842,79b14f2a-439d-42a3-973b-c0c8b17d190f,Verified,direct_asset_id,1,79b14f2a-439d-42a3-973b-c0c8b17d190f,Dining Table,
9a4115ff-94dc-47eb-5c92-1e4c30dadfe3,VISH-25-11-0465,bcf8ffc1-fd5c-f6ab-0453-7a73c73786dd,c2ff0c11-4d1b-7b9b-b93c-aa37c9b6c40b,D21,16d9e7d4-a079-cc9d-1fb4-b96de3cb70dd,abc84f5b-a950-406e-ab46-cefbe11df925,Cleaning Issues,,,Low,bed_issue_type_unmapped,6,,,
4f80da01-041a-0f8f-e169-1f258d5f4cfa,VISH-25-03-0466,14b45048-20d5-74f7-f9ff-825c862c3dd5,417c9738-a0f7-5a00-1091-37a9fd083dd6,B13,f9b73f69-33c8-b36d-daf6-c7078c00692c,47389994-b201-4bb1-bf91-8bce4dbde510,Other,,,Low,bed_issue_type_unmapped,5,,,
da4cec39-3df3-80ee-0175-f57aa45ec24f,VISH-25-03-0467,14b45048-20d5-74f7-f9ff-825c862c3dd5,417c9738-a0f7-5a00-1091-37a9fd083dd6,B13,f9b73f69-33c8-b36d-daf6-c7078c00692c,f3614e6e-8394-40cd-bbb3-b1f78e9f17c2,Billing Issues,,,Low,bed_issue_type_unmapped,5,,,
f700d88b-d513-5f3f-b277-5c4de098b3e5,VISH-25-03-0468,4b85d836-4912-f7a8-46ac-19256a4ed1d4,d2298bb8-a5e5-735a-c8ca-9b18c7daacd6,D41,d9438ef4-c18e-28ab-44ad-feab7ce72db5,d76dd3bd-ccb7-4991-a01f-ce158dfe908e,Plumbing,,,Low,bed_issue_type_unmapped,7,,,
28f1244e-46a5-772c-2442-a5265b21139d,VISH-25-03-0469,4b85d836-4912-f7a8-46ac-19256a4ed1d4,d2298bb8-a5e5-735a-c8ca-9b18c7daacd6,D41,d9438ef4-c18e-28ab-44ad-feab7ce72db5,caf6381e-5189-4c1f-bf0a-4dfd99d9b9e7,Washing machine Issue,,,Low,bed_no_type_match,0,,,
9009488b-d503-a539-4b14-a1d0aab75059,VISH-25-04-0470,4b85d836-4912-f7a8-46ac-19256a4ed1d4,d2298bb8-a5e5-735a-c8ca-9b18c7daacd6,D41,d9438ef4-c18e-28ab-44ad-feab7ce72db5,47389994-b201-4bb1-bf91-8bce4dbde510,Other,,,Low,bed_issue_type_unmapped,7,,,
49fb3511-b543-29b5-ceb6-f1dfc0c34db1,VISH-25-04-0471,4b85d836-4912-f7a8-46ac-19256a4ed1d4,d2298bb8-a5e5-735a-c8ca-9b18c7daacd6,D41,d9438ef4-c18e-28ab-44ad-feab7ce72db5,47389994-b201-4bb1-bf91-8bce4dbde510,Other,,,Low,bed_issue_type_unmapped,7,,,
d34689b0-33a6-38d1-fc9d-e363063efdc1,VISH-25-04-0472,4b85d836-4912-f7a8-46ac-19256a4ed1d4,d2298bb8-a5e5-735a-c8ca-9b18c7daacd6,D41,d9438ef4-c18e-28ab-44ad-feab7ce72db5,d76dd3bd-ccb7-4991-a01f-ce158dfe908e,Plumbing,,,Low,bed_issue_type_unmapped,7,,,
ce9e0d69-ad2b-9a1e-ec3e-87b7af65927b,VISH-25-04-0473,4b85d836-4912-f7a8-46ac-19256a4ed1d4,d2298bb8-a5e5-735a-c8ca-9b18c7daacd6,D41,d9438ef4-c18e-28ab-44ad-feab7ce72db5,28158382-d5c1-436c-927b-3e3d9855c2af,Electrical Issues,,,Low,bed_no_type_match,0,,,
bb3e7bda-ce04-ddbd-c86f-40369ce1b2bc,VISH-25-04-0474,4b85d836-4912-f7a8-46ac-19256a4ed1d4,d2298bb8-a5e5-735a-c8ca-9b18c7daacd6,D41,d9438ef4-c18e-28ab-44ad-feab7ce72db5,caf6381e-5189-4c1f-bf0a-4dfd99d9b9e7,Washing machine Issue,,,Low,bed_no_type_match,0,,,
32a2c7ab-e977-8bfe-ce83-84f3e827b856,VISH-25-05-0475,4b85d836-4912-f7a8-46ac-19256a4ed1d4,d2298bb8-a5e5-735a-c8ca-9b18c7daacd6,D41,d9438ef4-c18e-28ab-44ad-feab7ce72db5,d76dd3bd-ccb7-4991-a01f-ce158dfe908e,Plumbing,,,Low,bed_issue_type_unmapped,7,,,
cf90ed6a-84e2-81f6-e4ad-6cf19d3762c4,VISH-25-05-0476,4b85d836-4912-f7a8-46ac-19256a4ed1d4,d2298bb8-a5e5-735a-c8ca-9b18c7daacd6,D41,d9438ef4-c18e-28ab-44ad-feab7ce72db5,caf6381e-5189-4c1f-bf0a-4dfd99d9b9e7,Washing machine Issue,,,Low,bed_no_type_match,0,,,
aca386b0-7292-3927-764e-6367f410da06,VISH-25-06-0477,4b85d836-4912-f7a8-46ac-19256a4ed1d4,d2298bb8-a5e5-735a-c8ca-9b18c7daacd6,D41,d9438ef4-c18e-28ab-44ad-feab7ce72db5,caf6381e-5189-4c1f-bf0a-4dfd99d9b9e7,Washing machine Issue,,,Low,bed_no_type_match,0,,,
74d1e3cf-ee76-4d50-8896-05503b3b9e0f,VISH-2026-0020,1932ea80-c6eb-874e-eca8-12410fa7a608,c2ff0c11-4d1b-7b9b-b93c-aa37c9b6c40b,D21,f060fd98-620b-0d6c-65cd-5090be241589,47389994-b201-4bb1-bf91-8bce4dbde510,Other,2026-04-07 02:06:32.046192,b057aedf-024a-4f78-bcdf-db0b296060de,Verified,direct_asset_id,1,b057aedf-024a-4f78-bcdf-db0b296060de,Cupboard,
e63ac7d0-1380-d884-da40-c7f53e906ce3,VISH-25-06-0478,4b85d836-4912-f7a8-46ac-19256a4ed1d4,d2298bb8-a5e5-735a-c8ca-9b18c7daacd6,D41,d9438ef4-c18e-28ab-44ad-feab7ce72db5,caf6381e-5189-4c1f-bf0a-4dfd99d9b9e7,Washing machine Issue,,,Low,bed_no_type_match,0,,,
160d2e75-955e-a6a7-811e-5e4b01104b1f,VISH-25-02-0479,5fb00f2d-8a0d-5260-0006-da9487a8268d,8767525e-d22f-a295-bc29-ba104fdc589a,B31,1de2d676-6b57-57c9-570d-27116c18b3cc,47389994-b201-4bb1-bf91-8bce4dbde510,Other,,,Low,bed_issue_type_unmapped,3,,,
2c6d1260-ed14-4d39-8728-59d2af490a65,VISH-25-09-0480,d257c87f-0e42-048c-8409-362e925d86fc,1b4d1066-8fe4-199b-7b3b-39e4bded9714,C41,a7224399-02e5-e81c-026b-031bd1393be8,a5831922-eaeb-48c2-941c-fd96fae8813d,AC Issues,,1b6c25dd-0b0e-42c8-bcbe-4db643f93f0c,High,bed_type_unique,1,1b6c25dd-0b0e-42c8-bcbe-4db643f93f0c,Air Conditioner,
8c637cf9-d7b1-4183-4b29-eb5d08c1eaca,VISH-25-09-0481,d257c87f-0e42-048c-8409-362e925d86fc,1b4d1066-8fe4-199b-7b3b-39e4bded9714,C41,a7224399-02e5-e81c-026b-031bd1393be8,d76dd3bd-ccb7-4991-a01f-ce158dfe908e,Plumbing,,,Low,bed_issue_type_unmapped,2,,,
633c9c62-52a8-6252-ebe4-e07c4157da6e,VISH-25-09-0482,d257c87f-0e42-048c-8409-362e925d86fc,1b4d1066-8fe4-199b-7b3b-39e4bded9714,C41,a7224399-02e5-e81c-026b-031bd1393be8,abc84f5b-a950-406e-ab46-cefbe11df925,Cleaning Issues,,,Low,bed_issue_type_unmapped,2,,,
10a7e9c6-a89d-2ded-8da9-bfd9677184fd,VISH-25-09-0483,d257c87f-0e42-048c-8409-362e925d86fc,1b4d1066-8fe4-199b-7b3b-39e4bded9714,C41,a7224399-02e5-e81c-026b-031bd1393be8,abc84f5b-a950-406e-ab46-cefbe11df925,Cleaning Issues,,,Low,bed_issue_type_unmapped,2,,,
d1e7f60a-9d05-726a-a8b0-538f18fede55,VISH-25-09-0484,d257c87f-0e42-048c-8409-362e925d86fc,1b4d1066-8fe4-199b-7b3b-39e4bded9714,C41,a7224399-02e5-e81c-026b-031bd1393be8,abc84f5b-a950-406e-ab46-cefbe11df925,Cleaning Issues,,,Low,bed_issue_type_unmapped,2,,,
981845c3-de7f-01af-fbd2-1d8f8eaaaf12,VISH-25-09-0485,d257c87f-0e42-048c-8409-362e925d86fc,1b4d1066-8fe4-199b-7b3b-39e4bded9714,C41,a7224399-02e5-e81c-026b-031bd1393be8,47389994-b201-4bb1-bf91-8bce4dbde510,Other,,,Low,bed_issue_type_unmapped,2,,,
1a7d2c07-ed92-50de-9fd4-a47975486039,VISH-25-09-0486,d257c87f-0e42-048c-8409-362e925d86fc,1b4d1066-8fe4-199b-7b3b-39e4bded9714,C41,a7224399-02e5-e81c-026b-031bd1393be8,abc84f5b-a950-406e-ab46-cefbe11df925,Cleaning Issues,,,Low,bed_issue_type_unmapped,2,,,
5a806119-bcc5-dd17-0b34-2c6d43730967,VISH-25-09-0487,d257c87f-0e42-048c-8409-362e925d86fc,1b4d1066-8fe4-199b-7b3b-39e4bded9714,C41,a7224399-02e5-e81c-026b-031bd1393be8,abc84f5b-a950-406e-ab46-cefbe11df925,Cleaning Issues,,,Low,bed_issue_type_unmapped,2,,,
1061922a-6df4-4740-b754-7677e856b7b9,VIST-26-06-00105,e0174322-3fb7-483f-91a0-61b903ae3e49,79853a4a-cb02-508c-e041-7e23378aec9c,A41,e0a547db-d8f2-1e21-a742-6f7c135bd802,a25aca1b-211b-41d3-ab08-78bd2b9541e8,Toilet Issues,2026-06-28 17:45:42.742843,,Low,apartment_no_type_match,0,,,
b78672bf-3a6d-43b0-a988-51a5ab493f3e,VISH-2026-0029,6f622055-47c5-9b2c-b332-2d5d01953e51,0a839c14-2a88-9896-c2f2-8d51fe610405,A24,2225fe89-e491-892a-6af9-3161efe26613,28158382-d5c1-436c-927b-3e3d9855c2af,Electrical Issues,2026-04-08 07:33:40.051897,f15d0ff8-209b-4934-92c8-1900afec3fa5,Verified,direct_asset_id,1,f15d0ff8-209b-4934-92c8-1900afec3fa5,Fan,
33aba1c2-3617-474c-a622-dc3f9c58140f,VIST-26-04-00019,8b018cc7-2387-99c8-5b29-d1ab1f7b635e,2fc42a4f-fe5a-ae08-0e4e-2c89ca71db85,B11,f874f74a-642d-0943-eaae-4c54a18982cf,a25aca1b-211b-41d3-ab08-78bd2b9541e8,Toilet Issues,2026-04-22 13:38:42.476908,,Low,bed_no_type_match,0,,,
736faf3e-7bf6-46af-9b45-541ac5062166,VISH-2026-0012,491b8136-32a1-37c5-5253-b53ff3991d86,49ed1c8e-3653-c89b-ec74-16d8e20bb923,B34,15d608c9-9596-d151-b9c5-21b22647f848,c5f1c3c0-af88-4c54-9730-ebffed128bc9,Kitchen Equipment,2026-04-04 05:16:58.261005,9e43da1d-fd6f-4da2-bde3-6fb9eb6169f4,Verified,direct_asset_id,1,9e43da1d-fd6f-4da2-bde3-6fb9eb6169f4,Induction Stove,
a9138e2c-ea04-8bab-0d93-2eb03f39b99f,VISH-25-09-0488,d257c87f-0e42-048c-8409-362e925d86fc,1b4d1066-8fe4-199b-7b3b-39e4bded9714,C41,a7224399-02e5-e81c-026b-031bd1393be8,47389994-b201-4bb1-bf91-8bce4dbde510,Other,,,Low,bed_issue_type_unmapped,2,,,
88d0ee33-24c8-7df3-99f7-e0ebe4944d5a,VISH-25-11-0489,d257c87f-0e42-048c-8409-362e925d86fc,1b4d1066-8fe4-199b-7b3b-39e4bded9714,C41,a7224399-02e5-e81c-026b-031bd1393be8,abc84f5b-a950-406e-ab46-cefbe11df925,Cleaning Issues,,,Low,bed_issue_type_unmapped,2,,,
4a7cba5b-f7b2-5372-cd73-0e5495f0a9b6,VISH-25-11-0490,d257c87f-0e42-048c-8409-362e925d86fc,1b4d1066-8fe4-199b-7b3b-39e4bded9714,C41,a7224399-02e5-e81c-026b-031bd1393be8,d76dd3bd-ccb7-4991-a01f-ce158dfe908e,Plumbing,,,Low,bed_issue_type_unmapped,2,,,
badc7044-7f80-d9df-7839-fa0827ce90fc,VISH-25-11-0491,d257c87f-0e42-048c-8409-362e925d86fc,1b4d1066-8fe4-199b-7b3b-39e4bded9714,C41,a7224399-02e5-e81c-026b-031bd1393be8,47389994-b201-4bb1-bf91-8bce4dbde510,Other,,,Low,bed_issue_type_unmapped,2,,,
b8e5135d-20e0-3eba-6667-7b6fa69881b9,VISH-26-01-0492,d257c87f-0e42-048c-8409-362e925d86fc,1b4d1066-8fe4-199b-7b3b-39e4bded9714,C41,a7224399-02e5-e81c-026b-031bd1393be8,e2aa2aaa-8af6-4807-9a4e-7665c5421eed,Furniture,,,Low,bed_no_type_match,0,,,
1f565fcf-6704-cd24-9d04-ce41596e686b,VISH-26-01-0493,d257c87f-0e42-048c-8409-362e925d86fc,1b4d1066-8fe4-199b-7b3b-39e4bded9714,C41,a7224399-02e5-e81c-026b-031bd1393be8,d76dd3bd-ccb7-4991-a01f-ce158dfe908e,Plumbing,,,Low,bed_issue_type_unmapped,2,,,
e4a9a8e6-63c6-3864-1a81-c1212159b45e,VISH-26-01-0494,d257c87f-0e42-048c-8409-362e925d86fc,1b4d1066-8fe4-199b-7b3b-39e4bded9714,C41,a7224399-02e5-e81c-026b-031bd1393be8,28158382-d5c1-436c-927b-3e3d9855c2af,Electrical Issues,,1c2b1ca8-c7d4-4c53-94c8-62837e542238,High,bed_type_unique,1,1c2b1ca8-c7d4-4c53-94c8-62837e542238,Fan,
e91ac47d-4cbe-de7c-f430-80c2266996ea,VISH-26-01-0495,d257c87f-0e42-048c-8409-362e925d86fc,1b4d1066-8fe4-199b-7b3b-39e4bded9714,C41,a7224399-02e5-e81c-026b-031bd1393be8,47389994-b201-4bb1-bf91-8bce4dbde510,Other,,,Low,bed_issue_type_unmapped,2,,,
659960b4-5804-4736-8e20-c646a5ef5c4b,VIST-26-06-00067,07734943-434c-4c8b-b1fa-49d7c4e8a7fe,d2298bb8-a5e5-735a-c8ca-9b18c7daacd6,D41,3e28154d-1bfe-92b4-2fff-f295a9f54738,a25aca1b-211b-41d3-ab08-78bd2b9541e8,Toilet Issues,2026-06-17 14:57:12.250560,cb8ee2ea-5294-4841-b841-769cb00f5e9a,Verified,direct_asset_id,1,cb8ee2ea-5294-4841-b841-769cb00f5e9a,Water Heater,
c5a466e9-f41a-4436-8a4d-58621227a138,VISH-2026-0028,4505ca5d-0961-03c9-5943-ffda2a5ae270,c17c5093-48b7-139f-ebfc-1cd33ef5179c,D12,5926f2d3-f34a-ae71-03bd-8c67d6660d49,28158382-d5c1-436c-927b-3e3d9855c2af,Electrical Issues,2026-04-07 17:22:05.369429,3466151e-b985-4928-a03b-037084dcf9ae,Verified,direct_asset_id,1,3466151e-b985-4928-a03b-037084dcf9ae,Fan,
2c7741ed-97b5-0165-0f07-2e10816d9a48,VISH-26-01-0496,d257c87f-0e42-048c-8409-362e925d86fc,1b4d1066-8fe4-199b-7b3b-39e4bded9714,C41,a7224399-02e5-e81c-026b-031bd1393be8,47389994-b201-4bb1-bf91-8bce4dbde510,Other,,,Low,bed_issue_type_unmapped,2,,,
62ec3e07-d588-4248-a406-54abbe7097eb,VISH-2026-1100,d178a884-0bd1-601d-4cd1-042bac71c6db,fb5cedd6-2992-1c62-7fba-4a7a6b43b2ff,C43,9803c12a-e08e-d213-5575-c44623241381,a5831922-eaeb-48c2-941c-fd96fae8813d,AC Issues,2026-04-10 07:30:30.060629,1d23efda-47c5-4f25-a9a9-fb25f27f1555,Verified,direct_asset_id,1,1d23efda-47c5-4f25-a9a9-fb25f27f1555,Air Conditioner,
dc8d276b-8b37-3602-9510-0bc552a6ce5c,VISH-26-01-0497,d257c87f-0e42-048c-8409-362e925d86fc,1b4d1066-8fe4-199b-7b3b-39e4bded9714,C41,a7224399-02e5-e81c-026b-031bd1393be8,01208ba1-4225-4a61-be39-3afe03dad690,RO Water Issues,,,Low,bed_no_type_match,0,,,
88be3487-8eda-fded-78ec-9b5978d7bbfa,VISH-25-02-0498,1287ac56-adee-78b5-6a6b-56b3e8dd7d48,82b270bf-e567-2deb-5ef3-495baafd7645,B14,5dad6c37-ac37-145e-cdc8-33bf5ef05497,47389994-b201-4bb1-bf91-8bce4dbde510,Other,,,Low,bed_issue_type_unmapped,5,,,
6fa48ee2-ff5f-07e0-3dbc-f066854a6260,VISH-25-05-0499,93eb3d6a-d35b-ef1f-83b8-7430b6ad1674,990e8a3e-a69c-7b31-f606-3eeb21e3d4c6,C34,e5f8d124-710a-6c9f-2667-88950dcc7e60,28158382-d5c1-436c-927b-3e3d9855c2af,Electrical Issues,,,Low,bed_no_type_match,0,,,
7c1aeccd-02d9-02b2-5f80-e0a8c995bbb4,VISH-25-05-0500,93eb3d6a-d35b-ef1f-83b8-7430b6ad1674,990e8a3e-a69c-7b31-f606-3eeb21e3d4c6,C34,e5f8d124-710a-6c9f-2667-88950dcc7e60,01208ba1-4225-4a61-be39-3afe03dad690,RO Water Issues,,,Low,bed_no_type_match,0,,,
4f685155-35d5-d247-2e3f-2f08f71e94a0,VISH-25-05-0501,93eb3d6a-d35b-ef1f-83b8-7430b6ad1674,990e8a3e-a69c-7b31-f606-3eeb21e3d4c6,C34,e5f8d124-710a-6c9f-2667-88950dcc7e60,01208ba1-4225-4a61-be39-3afe03dad690,RO Water Issues,,,Low,bed_no_type_match,0,,,
51267f15-61c6-4af6-8c24-cd0ff614464d,VISH-25-05-0502,93eb3d6a-d35b-ef1f-83b8-7430b6ad1674,990e8a3e-a69c-7b31-f606-3eeb21e3d4c6,C34,e5f8d124-710a-6c9f-2667-88950dcc7e60,abc84f5b-a950-406e-ab46-cefbe11df925,Cleaning Issues,,,Low,bed_issue_type_unmapped,6,,,
7f70738b-24fd-3b01-e161-6ef52deb0381,VISH-25-09-0503,93eb3d6a-d35b-ef1f-83b8-7430b6ad1674,990e8a3e-a69c-7b31-f606-3eeb21e3d4c6,C34,e5f8d124-710a-6c9f-2667-88950dcc7e60,e2aa2aaa-8af6-4807-9a4e-7665c5421eed,Furniture,,,Low,bed_type_many,5,"24963069-d2f4-4107-9883-55c4d071fd2a,4f48d094-6bbb-4944-a409-69e8d7e7fb23,769a1796-ea59-47f9-83cc-700979abbf1c,795096e5-898a-435c-8bc9-72be48b2eb50,ef6fcdbb-25b5-4b87-a2dc-489af0a5b712",,
f528254a-4243-9753-30de-8c8477c18006,VISH-25-09-0504,93eb3d6a-d35b-ef1f-83b8-7430b6ad1674,990e8a3e-a69c-7b31-f606-3eeb21e3d4c6,C34,e5f8d124-710a-6c9f-2667-88950dcc7e60,28158382-d5c1-436c-927b-3e3d9855c2af,Electrical Issues,,,Low,bed_no_type_match,0,,,
bbd0d8a1-1699-e9ea-a6e1-beaeec60ee1a,VISH-25-09-0505,93eb3d6a-d35b-ef1f-83b8-7430b6ad1674,990e8a3e-a69c-7b31-f606-3eeb21e3d4c6,C34,e5f8d124-710a-6c9f-2667-88950dcc7e60,47389994-b201-4bb1-bf91-8bce4dbde510,Other,,,Low,bed_issue_type_unmapped,6,,,
a330ffc8-03fa-ec7c-b8c6-1afe0828d04b,VISH-25-10-0506,93eb3d6a-d35b-ef1f-83b8-7430b6ad1674,990e8a3e-a69c-7b31-f606-3eeb21e3d4c6,C34,e5f8d124-710a-6c9f-2667-88950dcc7e60,e2aa2aaa-8af6-4807-9a4e-7665c5421eed,Furniture,,,Low,bed_type_many,5,"24963069-d2f4-4107-9883-55c4d071fd2a,4f48d094-6bbb-4944-a409-69e8d7e7fb23,769a1796-ea59-47f9-83cc-700979abbf1c,795096e5-898a-435c-8bc9-72be48b2eb50,ef6fcdbb-25b5-4b87-a2dc-489af0a5b712",,
c50579e1-6a2e-452e-a149-b4be524cb522,VIST-26-06-00015,2c05db07-e980-4d52-a524-1b1ee5185554,aa73cade-c28c-dc5b-5980-55801ea0d415,B33,e240e3e5-c69e-eb28-28a3-e88cb6561735,47389994-b201-4bb1-bf91-8bce4dbde510,Other,2026-06-04 05:08:12.405531,,Low,bed_issue_type_unmapped,3,,,
8a802dd0-9027-63e1-ab3b-e98b9efd86b3,VISH-25-10-0507,93eb3d6a-d35b-ef1f-83b8-7430b6ad1674,990e8a3e-a69c-7b31-f606-3eeb21e3d4c6,C34,e5f8d124-710a-6c9f-2667-88950dcc7e60,01208ba1-4225-4a61-be39-3afe03dad690,RO Water Issues,,,Low,bed_no_type_match,0,,,
cc3ee2f8-0614-a044-0e49-2ff157a1b355,VISH-26-03-0508,93eb3d6a-d35b-ef1f-83b8-7430b6ad1674,990e8a3e-a69c-7b31-f606-3eeb21e3d4c6,C34,e5f8d124-710a-6c9f-2667-88950dcc7e60,7917cc13-aaca-4558-a2c2-8be5cd8fc159,Internet Issues,,,Low,bed_issue_type_unmapped,6,,,
3abe357b-e656-064e-0536-bb86c08c657b,VISH-26-03-0509,93eb3d6a-d35b-ef1f-83b8-7430b6ad1674,990e8a3e-a69c-7b31-f606-3eeb21e3d4c6,C34,e5f8d124-710a-6c9f-2667-88950dcc7e60,caf6381e-5189-4c1f-bf0a-4dfd99d9b9e7,Washing machine Issue,,,Low,bed_no_type_match,0,,,
4a3c32c4-7485-8604-2524-762c54aa246c,VISH-25-04-0510,e17238d1-34ce-0cbb-4dc0-f65e60ff52f7,aa73cade-c28c-dc5b-5980-55801ea0d415,B33,22718a42-c413-2da1-bcc2-87755dd1e12b,a5831922-eaeb-48c2-941c-fd96fae8813d,AC Issues,,6964752d-3abb-4921-9c1b-d1b668a1ce85,High,bed_type_unique,1,6964752d-3abb-4921-9c1b-d1b668a1ce85,Air Conditioner,
44db321f-5e76-e65a-fd8e-343be344266b,VISH-25-09-0511,e17238d1-34ce-0cbb-4dc0-f65e60ff52f7,aa73cade-c28c-dc5b-5980-55801ea0d415,B33,22718a42-c413-2da1-bcc2-87755dd1e12b,28158382-d5c1-436c-927b-3e3d9855c2af,Electrical Issues,,23613fa4-ac57-4a26-9de3-658c3f2c4b4d,High,bed_type_unique,1,23613fa4-ac57-4a26-9de3-658c3f2c4b4d,Fan,
1260f99f-80fb-7d54-d159-1b325bbe157a,VISH-25-09-0512,e17238d1-34ce-0cbb-4dc0-f65e60ff52f7,aa73cade-c28c-dc5b-5980-55801ea0d415,B33,22718a42-c413-2da1-bcc2-87755dd1e12b,e2aa2aaa-8af6-4807-9a4e-7665c5421eed,Furniture,,,Low,bed_type_many,6,"19f480ec-af4f-4bc6-824d-da6c00d1845e,2ae73dbf-d726-4520-94a1-defa8d081a97,506a76fb-c75b-4021-9a06-e33f09940382,907c3cce-3fa5-4c56-bda3-751e8e5c8d4a,b715bf1a-b8db-45b0-8ad4-15cb2c7f3a17,e12e18c7-073b-4a69-a967-675914aac5a2",,
7349071f-e4b0-b3c4-3725-6bc4b923b93b,VISH-25-09-0513,e17238d1-34ce-0cbb-4dc0-f65e60ff52f7,aa73cade-c28c-dc5b-5980-55801ea0d415,B33,22718a42-c413-2da1-bcc2-87755dd1e12b,28158382-d5c1-436c-927b-3e3d9855c2af,Electrical Issues,,23613fa4-ac57-4a26-9de3-658c3f2c4b4d,High,bed_type_unique,1,23613fa4-ac57-4a26-9de3-658c3f2c4b4d,Fan,
9fbe6091-0a0b-66fa-3ee8-675bfc9f31f7,VISH-25-03-0514,bdcc24e3-6077-3ea9-b25e-2747d0f07be7,bc7f358d-0d6d-f95f-ff80-9089eefdef69,B44,3ba3be35-43a3-79f2-d76c-617b73cd813d,a5831922-eaeb-48c2-941c-fd96fae8813d,AC Issues,,99d778f7-c033-4e7f-b205-35213a9877d6,High,bed_type_unique,1,99d778f7-c033-4e7f-b205-35213a9877d6,Air Conditioner,
7c76880a-5502-6704-3e46-176b90129218,VISH-25-03-0515,bdcc24e3-6077-3ea9-b25e-2747d0f07be7,bc7f358d-0d6d-f95f-ff80-9089eefdef69,B44,3ba3be35-43a3-79f2-d76c-617b73cd813d,a5831922-eaeb-48c2-941c-fd96fae8813d,AC Issues,,99d778f7-c033-4e7f-b205-35213a9877d6,High,bed_type_unique,1,99d778f7-c033-4e7f-b205-35213a9877d6,Air Conditioner,
bc3bceba-aa02-73f3-4b19-d40f046033ed,VISH-25-05-0516,bdcc24e3-6077-3ea9-b25e-2747d0f07be7,bc7f358d-0d6d-f95f-ff80-9089eefdef69,B44,3ba3be35-43a3-79f2-d76c-617b73cd813d,a5831922-eaeb-48c2-941c-fd96fae8813d,AC Issues,,99d778f7-c033-4e7f-b205-35213a9877d6,High,bed_type_unique,1,99d778f7-c033-4e7f-b205-35213a9877d6,Air Conditioner,
78746781-67e6-6007-e70f-7ba79e45cc51,VISH-25-05-0517,bdcc24e3-6077-3ea9-b25e-2747d0f07be7,bc7f358d-0d6d-f95f-ff80-9089eefdef69,B44,3ba3be35-43a3-79f2-d76c-617b73cd813d,a5831922-eaeb-48c2-941c-fd96fae8813d,AC Issues,,99d778f7-c033-4e7f-b205-35213a9877d6,High,bed_type_unique,1,99d778f7-c033-4e7f-b205-35213a9877d6,Air Conditioner,
0c5337c9-164e-21cf-81f8-202342521e37,VISH-25-05-0518,bdcc24e3-6077-3ea9-b25e-2747d0f07be7,bc7f358d-0d6d-f95f-ff80-9089eefdef69,B44,3ba3be35-43a3-79f2-d76c-617b73cd813d,a5831922-eaeb-48c2-941c-fd96fae8813d,AC Issues,,99d778f7-c033-4e7f-b205-35213a9877d6,High,bed_type_unique,1,99d778f7-c033-4e7f-b205-35213a9877d6,Air Conditioner,
b406781b-bb3d-b4d9-2151-762f561bc3ae,VISH-25-05-0519,bdcc24e3-6077-3ea9-b25e-2747d0f07be7,bc7f358d-0d6d-f95f-ff80-9089eefdef69,B44,3ba3be35-43a3-79f2-d76c-617b73cd813d,a5831922-eaeb-48c2-941c-fd96fae8813d,AC Issues,,99d778f7-c033-4e7f-b205-35213a9877d6,High,bed_type_unique,1,99d778f7-c033-4e7f-b205-35213a9877d6,Air Conditioner,
fd823c3e-804b-7a88-c6b4-51593d82b7b0,VISH-25-07-0520,bdcc24e3-6077-3ea9-b25e-2747d0f07be7,bc7f358d-0d6d-f95f-ff80-9089eefdef69,B44,3ba3be35-43a3-79f2-d76c-617b73cd813d,01208ba1-4225-4a61-be39-3afe03dad690,RO Water Issues,,,Low,bed_no_type_match,0,,,
2935d7db-7d58-825a-bfec-a0b93ff63808,VISH-25-08-0521,bdcc24e3-6077-3ea9-b25e-2747d0f07be7,bc7f358d-0d6d-f95f-ff80-9089eefdef69,B44,3ba3be35-43a3-79f2-d76c-617b73cd813d,47389994-b201-4bb1-bf91-8bce4dbde510,Other,,,Low,bed_issue_type_unmapped,6,,,
2008a447-537c-97dd-76c3-728d01af7ce0,VISH-25-08-0522,bdcc24e3-6077-3ea9-b25e-2747d0f07be7,bc7f358d-0d6d-f95f-ff80-9089eefdef69,B44,3ba3be35-43a3-79f2-d76c-617b73cd813d,47389994-b201-4bb1-bf91-8bce4dbde510,Other,,,Low,bed_issue_type_unmapped,6,,,
5ad350b1-43d9-ac0f-dd39-728313359724,VISH-25-11-0523,bdcc24e3-6077-3ea9-b25e-2747d0f07be7,bc7f358d-0d6d-f95f-ff80-9089eefdef69,B44,3ba3be35-43a3-79f2-d76c-617b73cd813d,caf6381e-5189-4c1f-bf0a-4dfd99d9b9e7,Washing machine Issue,,,Low,bed_no_type_match,0,,,
9863f959-61f4-677e-1720-a0c5cbe621d5,VISH-25-11-0524,bdcc24e3-6077-3ea9-b25e-2747d0f07be7,bc7f358d-0d6d-f95f-ff80-9089eefdef69,B44,3ba3be35-43a3-79f2-d76c-617b73cd813d,28158382-d5c1-436c-927b-3e3d9855c2af,Electrical Issues,,e9b3ee0b-2542-4494-bbec-af30b46f14d4,High,bed_type_unique,1,e9b3ee0b-2542-4494-bbec-af30b46f14d4,Fan,
7545e4b6-686a-973a-8b96-a070810bcf6c,VISH-25-11-0525,bdcc24e3-6077-3ea9-b25e-2747d0f07be7,bc7f358d-0d6d-f95f-ff80-9089eefdef69,B44,3ba3be35-43a3-79f2-d76c-617b73cd813d,47389994-b201-4bb1-bf91-8bce4dbde510,Other,,,Low,bed_issue_type_unmapped,6,,,
b1787bae-d6e8-4586-8858-0cb87ce35efc,VIST-26-04-00008,,dd96a329-ec95-e96a-1348-69d976f39cd4,C12,43a9bdbb-3395-d921-f3e4-2c43057aa600,e2aa2aaa-8af6-4807-9a4e-7665c5421eed,Furniture,2026-04-20 06:30:43.923994,892dee30-f709-4a03-84bf-21b682baa295,Verified,direct_asset_id,1,892dee30-f709-4a03-84bf-21b682baa295,Cupboard,
cb8dda0f-5045-04bf-3219-d58dcf7c019d,VISH-26-02-0526,bdcc24e3-6077-3ea9-b25e-2747d0f07be7,bc7f358d-0d6d-f95f-ff80-9089eefdef69,B44,3ba3be35-43a3-79f2-d76c-617b73cd813d,d76dd3bd-ccb7-4991-a01f-ce158dfe908e,Plumbing,,,Low,bed_issue_type_unmapped,6,,,
ca550b88-899a-0e4f-ae42-fdab678d02ff,VISH-25-02-0527,0fb589f6-3d4d-9f65-70ec-ffc208b12ba1,990e8a3e-a69c-7b31-f606-3eeb21e3d4c6,C34,7aa135ce-55b9-8787-a51c-fa6c42aad3b2,a5831922-eaeb-48c2-941c-fd96fae8813d,AC Issues,,,Low,bed_no_type_match,0,,,
484c2aa6-749c-3b2d-a16d-9a72c367d8ab,VISH-25-03-0528,0fb589f6-3d4d-9f65-70ec-ffc208b12ba1,990e8a3e-a69c-7b31-f606-3eeb21e3d4c6,C34,7aa135ce-55b9-8787-a51c-fa6c42aad3b2,47389994-b201-4bb1-bf91-8bce4dbde510,Other,,,Low,bed_issue_type_unmapped,5,,,
e2d05f99-3315-2702-b694-9981599b8ba9,VISH-25-06-0529,0fb589f6-3d4d-9f65-70ec-ffc208b12ba1,990e8a3e-a69c-7b31-f606-3eeb21e3d4c6,C34,7aa135ce-55b9-8787-a51c-fa6c42aad3b2,caf6381e-5189-4c1f-bf0a-4dfd99d9b9e7,Washing machine Issue,,,Low,bed_no_type_match,0,,,
b4b9567f-226d-69c0-ac66-80c7237f2e65,VISH-25-04-0530,17d13989-4f37-42a8-1eb2-88b2df3a9692,85292340-826d-52c1-65c7-7f2a9eb2c2c4,B41,4692433b-f9b8-9bdd-a2ff-4cd11d36de58,a5831922-eaeb-48c2-941c-fd96fae8813d,AC Issues,,,Low,bed_no_type_match,0,,,
2174b8b1-3e92-f759-bd00-afaa660091bd,VISH-25-02-0531,e43d640c-3d0c-c63c-52af-626feca768b5,77c3a6fd-4651-d880-29aa-abd19c8324df,C21,77dab2f4-7c09-59d1-5a0a-8473cdf46d8d,d76dd3bd-ccb7-4991-a01f-ce158dfe908e,Plumbing,,,Low,bed_issue_type_unmapped,5,,,
e9700c8e-553c-4ec3-0fee-24bcd992e599,VISH-25-03-0532,e43d640c-3d0c-c63c-52af-626feca768b5,77c3a6fd-4651-d880-29aa-abd19c8324df,C21,77dab2f4-7c09-59d1-5a0a-8473cdf46d8d,7917cc13-aaca-4558-a2c2-8be5cd8fc159,Internet Issues,,,Low,bed_issue_type_unmapped,5,,,
c54e7167-c417-43db-6d97-e6f62797743d,VISH-25-03-0533,e43d640c-3d0c-c63c-52af-626feca768b5,77c3a6fd-4651-d880-29aa-abd19c8324df,C21,77dab2f4-7c09-59d1-5a0a-8473cdf46d8d,caf6381e-5189-4c1f-bf0a-4dfd99d9b9e7,Washing machine Issue,,,Low,bed_no_type_match,0,,,
d3d079a0-12a0-14db-7072-c46c8321953d,VISH-25-06-0534,e43d640c-3d0c-c63c-52af-626feca768b5,77c3a6fd-4651-d880-29aa-abd19c8324df,C21,77dab2f4-7c09-59d1-5a0a-8473cdf46d8d,d76dd3bd-ccb7-4991-a01f-ce158dfe908e,Plumbing,,,Low,bed_issue_type_unmapped,5,,,
d0bb547e-b1b5-627c-5559-53e6b377e3e4,VISH-25-08-0535,e43d640c-3d0c-c63c-52af-626feca768b5,77c3a6fd-4651-d880-29aa-abd19c8324df,C21,77dab2f4-7c09-59d1-5a0a-8473cdf46d8d,d76dd3bd-ccb7-4991-a01f-ce158dfe908e,Plumbing,,,Low,bed_issue_type_unmapped,5,,,
39303148-fb33-05ae-a87c-0e4f44503f2e,VISH-25-08-0536,e43d640c-3d0c-c63c-52af-626feca768b5,77c3a6fd-4651-d880-29aa-abd19c8324df,C21,77dab2f4-7c09-59d1-5a0a-8473cdf46d8d,d76dd3bd-ccb7-4991-a01f-ce158dfe908e,Plumbing,,,Low,bed_issue_type_unmapped,5,,,
1343d3e0-662a-f1f6-4efa-dbdac1db41b9,VISH-25-02-0537,2631ddfd-660e-8719-1876-82cf88e13a60,77c3a6fd-4651-d880-29aa-abd19c8324df,C21,98fd7f93-0ba0-1cf1-aa22-36fa6d3816ed,01208ba1-4225-4a61-be39-3afe03dad690,RO Water Issues,,,Low,bed_no_type_match,0,,,
46a341b3-6984-6efc-f4b9-af7acc22228e,VISH-25-07-0538,2631ddfd-660e-8719-1876-82cf88e13a60,77c3a6fd-4651-d880-29aa-abd19c8324df,C21,98fd7f93-0ba0-1cf1-aa22-36fa6d3816ed,d76dd3bd-ccb7-4991-a01f-ce158dfe908e,Plumbing,,,Low,bed_issue_type_unmapped,5,,,
ceaf797f-d3ee-4198-0e34-827df4c659ff,VISH-25-10-0539,2631ddfd-660e-8719-1876-82cf88e13a60,77c3a6fd-4651-d880-29aa-abd19c8324df,C21,98fd7f93-0ba0-1cf1-aa22-36fa6d3816ed,a5831922-eaeb-48c2-941c-fd96fae8813d,AC Issues,,3efce5d2-b6c1-424a-9491-52000cca55c5,High,bed_type_unique,1,3efce5d2-b6c1-424a-9491-52000cca55c5,Air Conditioner,
5fef2cd7-c5d2-41ce-c610-e92463d0cd20,VISH-25-12-0540,2631ddfd-660e-8719-1876-82cf88e13a60,77c3a6fd-4651-d880-29aa-abd19c8324df,C21,98fd7f93-0ba0-1cf1-aa22-36fa6d3816ed,d76dd3bd-ccb7-4991-a01f-ce158dfe908e,Plumbing,,,Low,bed_issue_type_unmapped,5,,,
cc29e194-f2c7-a160-4f8a-1054aea369c7,VISH-26-03-0541,2631ddfd-660e-8719-1876-82cf88e13a60,77c3a6fd-4651-d880-29aa-abd19c8324df,C21,98fd7f93-0ba0-1cf1-aa22-36fa6d3816ed,a5831922-eaeb-48c2-941c-fd96fae8813d,AC Issues,,3efce5d2-b6c1-424a-9491-52000cca55c5,High,bed_type_unique,1,3efce5d2-b6c1-424a-9491-52000cca55c5,Air Conditioner,
07ca5293-2777-3e16-9b23-ea4ecf5b881e,VISH-25-05-0542,0a550b32-ac5f-efb6-6d3b-e9975e20a82d,ffbd5fe0-d9b3-cb55-cfd7-2d72a3498109,B43,d896c15c-52be-8a4e-6bcf-b598f12b31af,28158382-d5c1-436c-927b-3e3d9855c2af,Electrical Issues,,,Low,bed_no_type_match,0,,,
4cd40f9b-bb6c-13c2-9d3c-c9c28be825f2,VISH-25-06-0543,0a550b32-ac5f-efb6-6d3b-e9975e20a82d,ffbd5fe0-d9b3-cb55-cfd7-2d72a3498109,B43,d896c15c-52be-8a4e-6bcf-b598f12b31af,47389994-b201-4bb1-bf91-8bce4dbde510,Other,,,Low,bed_issue_type_unmapped,4,,,
04962a31-7e9f-26df-9c86-6d787aeb69ad,VISH-25-06-0544,0a550b32-ac5f-efb6-6d3b-e9975e20a82d,ffbd5fe0-d9b3-cb55-cfd7-2d72a3498109,B43,d896c15c-52be-8a4e-6bcf-b598f12b31af,28158382-d5c1-436c-927b-3e3d9855c2af,Electrical Issues,,,Low,bed_no_type_match,0,,,
1bcce9be-ab68-8fc7-6ddb-b30c01ab984b,VISH-25-07-0545,0a550b32-ac5f-efb6-6d3b-e9975e20a82d,ffbd5fe0-d9b3-cb55-cfd7-2d72a3498109,B43,d896c15c-52be-8a4e-6bcf-b598f12b31af,a5831922-eaeb-48c2-941c-fd96fae8813d,AC Issues,,,Low,bed_no_type_match,0,,,
7b4ec106-b4d2-ceaf-4938-59f0fc3b81b4,VISH-25-10-0546,0a550b32-ac5f-efb6-6d3b-e9975e20a82d,ffbd5fe0-d9b3-cb55-cfd7-2d72a3498109,B43,d896c15c-52be-8a4e-6bcf-b598f12b31af,47389994-b201-4bb1-bf91-8bce4dbde510,Other,,,Low,bed_issue_type_unmapped,4,,,
399d8292-331b-912a-28bb-50674faae87e,VISH-25-10-0547,0a550b32-ac5f-efb6-6d3b-e9975e20a82d,ffbd5fe0-d9b3-cb55-cfd7-2d72a3498109,B43,d896c15c-52be-8a4e-6bcf-b598f12b31af,a5831922-eaeb-48c2-941c-fd96fae8813d,AC Issues,,,Low,bed_no_type_match,0,,,
d3d64a71-5d62-0674-6fe7-29c2a1605089,VISH-25-10-0548,0a550b32-ac5f-efb6-6d3b-e9975e20a82d,ffbd5fe0-d9b3-cb55-cfd7-2d72a3498109,B43,d896c15c-52be-8a4e-6bcf-b598f12b31af,47389994-b201-4bb1-bf91-8bce4dbde510,Other,,,Low,bed_issue_type_unmapped,4,,,
d667ecae-ad30-7f56-4353-ac60328b5e2a,VISH-25-04-0549,876bcc88-d210-8a14-5197-f2062208f7a3,0a839c14-2a88-9896-c2f2-8d51fe610405,A24,25cdb264-370f-4be0-5004-6aeb735c94aa,7917cc13-aaca-4558-a2c2-8be5cd8fc159,Internet Issues,,,Low,bed_issue_type_unmapped,3,,,
2aaa84fc-cda7-95e1-9e7a-0036868a5b30,VISH-25-04-0550,876bcc88-d210-8a14-5197-f2062208f7a3,0a839c14-2a88-9896-c2f2-8d51fe610405,A24,25cdb264-370f-4be0-5004-6aeb735c94aa,47389994-b201-4bb1-bf91-8bce4dbde510,Other,,,Low,bed_issue_type_unmapped,3,,,
c38f19a3-aee5-951e-eed6-d03a0e5f1269,VISH-25-04-0551,876bcc88-d210-8a14-5197-f2062208f7a3,0a839c14-2a88-9896-c2f2-8d51fe610405,A24,25cdb264-370f-4be0-5004-6aeb735c94aa,01208ba1-4225-4a61-be39-3afe03dad690,RO Water Issues,,,Low,bed_no_type_match,0,,,
7115c973-7e6f-e003-5c75-3b4fb2e807e2,VISH-25-04-0552,876bcc88-d210-8a14-5197-f2062208f7a3,0a839c14-2a88-9896-c2f2-8d51fe610405,A24,25cdb264-370f-4be0-5004-6aeb735c94aa,d76dd3bd-ccb7-4991-a01f-ce158dfe908e,Plumbing,,,Low,bed_issue_type_unmapped,3,,,
f0f69534-94b0-a650-d80d-135356da12fb,VISH-25-05-0553,876bcc88-d210-8a14-5197-f2062208f7a3,0a839c14-2a88-9896-c2f2-8d51fe610405,A24,25cdb264-370f-4be0-5004-6aeb735c94aa,ec405235-70e9-407e-9aa2-b877f8f36af8,Fridge Issues,,,Low,bed_no_type_match,0,,,
fe24cfe4-0753-749a-0039-82760b6ecc79,VISH-25-05-0554,876bcc88-d210-8a14-5197-f2062208f7a3,0a839c14-2a88-9896-c2f2-8d51fe610405,A24,25cdb264-370f-4be0-5004-6aeb735c94aa,a5831922-eaeb-48c2-941c-fd96fae8813d,AC Issues,,,Low,bed_no_type_match,0,,,
a212b27f-92ed-857a-77b3-a26d9e0f652c,VISH-25-05-0555,876bcc88-d210-8a14-5197-f2062208f7a3,0a839c14-2a88-9896-c2f2-8d51fe610405,A24,25cdb264-370f-4be0-5004-6aeb735c94aa,47389994-b201-4bb1-bf91-8bce4dbde510,Other,,,Low,bed_issue_type_unmapped,3,,,
75f53352-8d66-6e0b-5432-d0b1f5cdcf5d,VISH-25-05-0556,876bcc88-d210-8a14-5197-f2062208f7a3,0a839c14-2a88-9896-c2f2-8d51fe610405,A24,25cdb264-370f-4be0-5004-6aeb735c94aa,a5831922-eaeb-48c2-941c-fd96fae8813d,AC Issues,,,Low,bed_no_type_match,0,,,
20dd9eba-2697-f9a5-66fe-67bc7809db5a,VISH-25-10-0557,876bcc88-d210-8a14-5197-f2062208f7a3,0a839c14-2a88-9896-c2f2-8d51fe610405,A24,aa6faaa7-b2dc-3312-7b5d-91d48f1f2711,f3614e6e-8394-40cd-bbb3-b1f78e9f17c2,Billing Issues,,,Low,bed_issue_type_unmapped,7,,,
3e94b85f-789e-6568-b2fa-09c6b9f029fc,VISH-25-10-0558,876bcc88-d210-8a14-5197-f2062208f7a3,0a839c14-2a88-9896-c2f2-8d51fe610405,A24,aa6faaa7-b2dc-3312-7b5d-91d48f1f2711,f3614e6e-8394-40cd-bbb3-b1f78e9f17c2,Billing Issues,,,Low,bed_issue_type_unmapped,7,,,
c7d320ae-173d-0678-125c-952d6d2e27b3,VISH-25-10-0559,876bcc88-d210-8a14-5197-f2062208f7a3,0a839c14-2a88-9896-c2f2-8d51fe610405,A24,aa6faaa7-b2dc-3312-7b5d-91d48f1f2711,d76dd3bd-ccb7-4991-a01f-ce158dfe908e,Plumbing,,,Low,bed_issue_type_unmapped,7,,,
35f03b5e-ed32-9da7-723d-c55a6e237448,VISH-25-10-0560,876bcc88-d210-8a14-5197-f2062208f7a3,0a839c14-2a88-9896-c2f2-8d51fe610405,A24,aa6faaa7-b2dc-3312-7b5d-91d48f1f2711,abc84f5b-a950-406e-ab46-cefbe11df925,Cleaning Issues,,,Low,bed_issue_type_unmapped,7,,,
a3c545a1-0dc6-685a-c0cc-0f35b3c125a5,VISH-25-10-0561,876bcc88-d210-8a14-5197-f2062208f7a3,0a839c14-2a88-9896-c2f2-8d51fe610405,A24,aa6faaa7-b2dc-3312-7b5d-91d48f1f2711,47389994-b201-4bb1-bf91-8bce4dbde510,Other,,,Low,bed_issue_type_unmapped,7,,,
c9336ea3-3cf8-4337-4133-60731a85ef41,VISH-25-05-0562,8490df60-3137-5590-8517-f882a6cff021,ffbd5fe0-d9b3-cb55-cfd7-2d72a3498109,B43,717b9b58-969a-8452-088a-972edaf5da24,28158382-d5c1-436c-927b-3e3d9855c2af,Electrical Issues,,,Low,bed_no_type_match,0,,,
272f0d92-688b-090a-9859-a3de84de0135,VISH-25-05-0563,c2329858-525d-2f70-5e31-bf9a8358eb3e,8767525e-d22f-a295-bc29-ba104fdc589a,B31,5bc695a1-231f-0c21-1a51-b7c3e9e1ea7d,01208ba1-4225-4a61-be39-3afe03dad690,RO Water Issues,,,Low,bed_no_type_match,0,,,
5a4e7d25-05b9-6a79-7ddc-7b359e089390,VISH-25-06-0564,c2329858-525d-2f70-5e31-bf9a8358eb3e,8767525e-d22f-a295-bc29-ba104fdc589a,B31,5bc695a1-231f-0c21-1a51-b7c3e9e1ea7d,01208ba1-4225-4a61-be39-3afe03dad690,RO Water Issues,,,Low,bed_no_type_match,0,,,
fa7f2f86-209a-b3e7-1c29-8c2351e2d432,VISH-25-05-0565,7d26a731-5027-abff-a77e-ce35303b21f6,bde00681-ebfc-ef38-4f6e-4906a012de6b,B42,83a7b624-6ba5-7e9f-53eb-acd6d0ab5bb4,47389994-b201-4bb1-bf91-8bce4dbde510,Other,,,Low,bed_issue_type_unmapped,9,,,
000ecd4e-efeb-8b6a-1011-b861a148ab95,VISH-25-06-0566,7d26a731-5027-abff-a77e-ce35303b21f6,bde00681-ebfc-ef38-4f6e-4906a012de6b,B42,83a7b624-6ba5-7e9f-53eb-acd6d0ab5bb4,47389994-b201-4bb1-bf91-8bce4dbde510,Other,,,Low,bed_issue_type_unmapped,9,,,
525759ba-bfa8-cafb-f399-0bd166f512e4,VISH-25-04-0567,d58d1d2f-e65b-7705-8ac2-996da0cf28c4,9d5d0096-0b78-a663-1142-be871dfa2bda,C42,b67440c5-1089-ccdb-bb31-3211a4ee4d0e,47389994-b201-4bb1-bf91-8bce4dbde510,Other,,,Low,bed_issue_type_unmapped,6,,,
a834794b-c55c-955a-d7ed-17c88725bea0,VISH-25-04-0568,d58d1d2f-e65b-7705-8ac2-996da0cf28c4,9d5d0096-0b78-a663-1142-be871dfa2bda,C42,b67440c5-1089-ccdb-bb31-3211a4ee4d0e,a5831922-eaeb-48c2-941c-fd96fae8813d,AC Issues,,690f675a-c094-4d91-98ac-96d339f5ef64,High,bed_type_unique,1,690f675a-c094-4d91-98ac-96d339f5ef64,Air Conditioner,
710e45cb-8cc5-3423-494f-45d44e23a495,VISH-25-05-0569,d58d1d2f-e65b-7705-8ac2-996da0cf28c4,9d5d0096-0b78-a663-1142-be871dfa2bda,C42,b67440c5-1089-ccdb-bb31-3211a4ee4d0e,e2aa2aaa-8af6-4807-9a4e-7665c5421eed,Furniture,,b211cd49-7305-410d-bc24-cc4f1ea90650,Medium,bed_type_multi,3,"b211cd49-7305-410d-bc24-cc4f1ea90650,df003ccd-9975-45d2-b416-99adf7f5c5c6,f866875c-8a32-49d0-b600-259b7d35c158",Mattress,
aa1a4e43-abeb-1420-46d8-ee2a7476c868,VISH-25-05-0570,d58d1d2f-e65b-7705-8ac2-996da0cf28c4,9d5d0096-0b78-a663-1142-be871dfa2bda,C42,b67440c5-1089-ccdb-bb31-3211a4ee4d0e,47389994-b201-4bb1-bf91-8bce4dbde510,Other,,,Low,bed_issue_type_unmapped,6,,,
3514fadd-6adf-e82d-b42f-5b5b1cfee140,VISH-25-08-0571,d58d1d2f-e65b-7705-8ac2-996da0cf28c4,9d5d0096-0b78-a663-1142-be871dfa2bda,C42,b67440c5-1089-ccdb-bb31-3211a4ee4d0e,a5831922-eaeb-48c2-941c-fd96fae8813d,AC Issues,,690f675a-c094-4d91-98ac-96d339f5ef64,High,bed_type_unique,1,690f675a-c094-4d91-98ac-96d339f5ef64,Air Conditioner,
d87fb98a-2c29-3aa7-b73f-6e66c6816daa,VISH-25-08-0572,d58d1d2f-e65b-7705-8ac2-996da0cf28c4,9d5d0096-0b78-a663-1142-be871dfa2bda,C42,b67440c5-1089-ccdb-bb31-3211a4ee4d0e,e2aa2aaa-8af6-4807-9a4e-7665c5421eed,Furniture,,b211cd49-7305-410d-bc24-cc4f1ea90650,Medium,bed_type_multi,3,"b211cd49-7305-410d-bc24-cc4f1ea90650,df003ccd-9975-45d2-b416-99adf7f5c5c6,f866875c-8a32-49d0-b600-259b7d35c158",Mattress,
d16c55ca-5726-898b-d70a-868dd7c1c3e9,VISH-25-08-0573,d58d1d2f-e65b-7705-8ac2-996da0cf28c4,9d5d0096-0b78-a663-1142-be871dfa2bda,C42,b67440c5-1089-ccdb-bb31-3211a4ee4d0e,d76dd3bd-ccb7-4991-a01f-ce158dfe908e,Plumbing,,,Low,bed_issue_type_unmapped,6,,,
6a2bec8f-cf3f-bcb6-2628-0a65c6101104,VISH-25-06-0574,9653a402-ff75-bbdf-8cc6-1cb0ca01f233,49ed1c8e-3653-c89b-ec74-16d8e20bb923,B34,c2468504-0b8f-0d2a-dded-dff98fde1028,a5831922-eaeb-48c2-941c-fd96fae8813d,AC Issues,,,Low,bed_no_type_match,0,,,
a1737b82-8efb-1c81-fd17-e3e4925e34d2,VISH-25-06-0575,9653a402-ff75-bbdf-8cc6-1cb0ca01f233,49ed1c8e-3653-c89b-ec74-16d8e20bb923,B34,c2468504-0b8f-0d2a-dded-dff98fde1028,47389994-b201-4bb1-bf91-8bce4dbde510,Other,,,Low,bed_issue_type_unmapped,4,,,
f94be875-b53d-855e-3154-8cd7462d6682,VISH-25-07-0576,9653a402-ff75-bbdf-8cc6-1cb0ca01f233,49ed1c8e-3653-c89b-ec74-16d8e20bb923,B34,c2468504-0b8f-0d2a-dded-dff98fde1028,01208ba1-4225-4a61-be39-3afe03dad690,RO Water Issues,,,Low,bed_no_type_match,0,,,
cf513d7d-2a03-f7be-f560-270f77ced0d2,VISH-25-11-0577,9653a402-ff75-bbdf-8cc6-1cb0ca01f233,49ed1c8e-3653-c89b-ec74-16d8e20bb923,B34,c2468504-0b8f-0d2a-dded-dff98fde1028,e2aa2aaa-8af6-4807-9a4e-7665c5421eed,Furniture,,3490481c-e2d1-4cab-9a33-2c6a2dcfa6ee,Medium,bed_type_multi,3,"3490481c-e2d1-4cab-9a33-2c6a2dcfa6ee,77e251ff-36e7-483d-a139-4ea05f1188fe,a7b51108-c41f-4cf4-80e2-7d69f2617226",Bedside Table,
37b44064-8cea-80be-279a-6cf16d20c97c,VISH-25-03-0578,276b5368-040e-e40e-948d-d1159a743920,b0d4d2c8-f6ee-bc16-ffd7-fc33c8db8571,A23,caf1f559-25d7-959b-c416-cb63f4ded6cc,28158382-d5c1-436c-927b-3e3d9855c2af,Electrical Issues,,b0bccede-ab77-4d9a-8dc5-2bdcaf8624f4,High,bed_type_unique,1,b0bccede-ab77-4d9a-8dc5-2bdcaf8624f4,Fan,
1054b931-6258-e04c-6cbe-223161c1d0be,VISH-25-03-0580,276b5368-040e-e40e-948d-d1159a743920,b0d4d2c8-f6ee-bc16-ffd7-fc33c8db8571,A23,caf1f559-25d7-959b-c416-cb63f4ded6cc,d76dd3bd-ccb7-4991-a01f-ce158dfe908e,Plumbing,,,Low,bed_issue_type_unmapped,6,,,
67c6eb85-b7d3-687e-b269-33e78554a2fe,VISH-25-03-0581,276b5368-040e-e40e-948d-d1159a743920,b0d4d2c8-f6ee-bc16-ffd7-fc33c8db8571,A23,caf1f559-25d7-959b-c416-cb63f4ded6cc,28158382-d5c1-436c-927b-3e3d9855c2af,Electrical Issues,,b0bccede-ab77-4d9a-8dc5-2bdcaf8624f4,High,bed_type_unique,1,b0bccede-ab77-4d9a-8dc5-2bdcaf8624f4,Fan,
473cffe2-6679-00f5-c199-450fca59dda6,VISH-25-03-0582,276b5368-040e-e40e-948d-d1159a743920,b0d4d2c8-f6ee-bc16-ffd7-fc33c8db8571,A23,caf1f559-25d7-959b-c416-cb63f4ded6cc,28158382-d5c1-436c-927b-3e3d9855c2af,Electrical Issues,,b0bccede-ab77-4d9a-8dc5-2bdcaf8624f4,High,bed_type_unique,1,b0bccede-ab77-4d9a-8dc5-2bdcaf8624f4,Fan,
e789a249-4377-8723-2e82-7e0d74c4c214,VISH-25-04-0583,276b5368-040e-e40e-948d-d1159a743920,b0d4d2c8-f6ee-bc16-ffd7-fc33c8db8571,A23,caf1f559-25d7-959b-c416-cb63f4ded6cc,47389994-b201-4bb1-bf91-8bce4dbde510,Other,,,Low,bed_issue_type_unmapped,6,,,
95f8cf49-fc82-79cb-a2e0-c4fb2da6992f,VISH-25-05-0584,276b5368-040e-e40e-948d-d1159a743920,b0d4d2c8-f6ee-bc16-ffd7-fc33c8db8571,A23,caf1f559-25d7-959b-c416-cb63f4ded6cc,a5831922-eaeb-48c2-941c-fd96fae8813d,AC Issues,,9a617a18-45e3-4139-8e9b-4babbc1c20eb,High,bed_type_unique,1,9a617a18-45e3-4139-8e9b-4babbc1c20eb,Air Conditioner,
3b755d32-0f1a-6810-0e79-907e3d062ab3,VISH-25-05-0585,276b5368-040e-e40e-948d-d1159a743920,b0d4d2c8-f6ee-bc16-ffd7-fc33c8db8571,A23,caf1f559-25d7-959b-c416-cb63f4ded6cc,47389994-b201-4bb1-bf91-8bce4dbde510,Other,,,Low,bed_issue_type_unmapped,6,,,
4d723aeb-5e07-1412-05d5-b19e242c249b,VISH-25-07-0586,276b5368-040e-e40e-948d-d1159a743920,b0d4d2c8-f6ee-bc16-ffd7-fc33c8db8571,A23,caf1f559-25d7-959b-c416-cb63f4ded6cc,e2aa2aaa-8af6-4807-9a4e-7665c5421eed,Furniture,,,Low,bed_type_many,4,"1a5e3c45-4b87-495a-98f2-2944342d9fde,21a53b0e-1cae-4990-a85f-49a967885075,2b63f8f7-67f0-4e72-9431-ffec03a8ae23,e4b60c59-8c73-4adf-b72b-b66cc45454f4",,
14f23ec9-b24c-6439-37b3-f63e288a2e83,VISH-25-08-0587,276b5368-040e-e40e-948d-d1159a743920,b0d4d2c8-f6ee-bc16-ffd7-fc33c8db8571,A23,caf1f559-25d7-959b-c416-cb63f4ded6cc,a5831922-eaeb-48c2-941c-fd96fae8813d,AC Issues,,9a617a18-45e3-4139-8e9b-4babbc1c20eb,High,bed_type_unique,1,9a617a18-45e3-4139-8e9b-4babbc1c20eb,Air Conditioner,
8880f2fd-e054-2496-7d85-79927381fb7f,VISH-25-09-0589,276b5368-040e-e40e-948d-d1159a743920,b0d4d2c8-f6ee-bc16-ffd7-fc33c8db8571,A23,caf1f559-25d7-959b-c416-cb63f4ded6cc,caf6381e-5189-4c1f-bf0a-4dfd99d9b9e7,Washing machine Issue,,,Low,bed_no_type_match,0,,,
a3132746-bf03-fe3a-93a2-aeb762ecfcf2,VISH-25-02-0590,6dd50e39-9843-4442-cc09-3b49fbe97fb9,2fc42a4f-fe5a-ae08-0e4e-2c89ca71db85,B11,b8e2da25-71c4-1b06-f7dd-e06f7f8f7741,e2aa2aaa-8af6-4807-9a4e-7665c5421eed,Furniture,,60e408c2-009b-454d-9ded-f057c8534a95,Medium,bed_type_multi,3,"60e408c2-009b-454d-9ded-f057c8534a95,91c93b4b-6062-4db7-a8e7-0364d02303b2,97074196-6c9c-47bc-8245-df6504c48758",Mattress,
8c8d2825-6b75-cb1c-1b01-99a5cc58e3b6,VISH-25-05-0591,6dd50e39-9843-4442-cc09-3b49fbe97fb9,2fc42a4f-fe5a-ae08-0e4e-2c89ca71db85,B11,b8e2da25-71c4-1b06-f7dd-e06f7f8f7741,d76dd3bd-ccb7-4991-a01f-ce158dfe908e,Plumbing,,,Low,bed_issue_type_unmapped,4,,,
becea167-181c-ea20-98a5-e457e3fc2077,VISH-25-08-0592,6dd50e39-9843-4442-cc09-3b49fbe97fb9,2fc42a4f-fe5a-ae08-0e4e-2c89ca71db85,B11,b8e2da25-71c4-1b06-f7dd-e06f7f8f7741,01208ba1-4225-4a61-be39-3afe03dad690,RO Water Issues,,,Low,bed_no_type_match,0,,,
99709500-2777-735a-b86f-11644a31d6b3,VISH-25-08-0593,6dd50e39-9843-4442-cc09-3b49fbe97fb9,2fc42a4f-fe5a-ae08-0e4e-2c89ca71db85,B11,b8e2da25-71c4-1b06-f7dd-e06f7f8f7741,caf6381e-5189-4c1f-bf0a-4dfd99d9b9e7,Washing machine Issue,,,Low,bed_no_type_match,0,,,
86d13ed1-e5d1-ddae-17c2-f840db540052,VISH-25-09-0594,6dd50e39-9843-4442-cc09-3b49fbe97fb9,2fc42a4f-fe5a-ae08-0e4e-2c89ca71db85,B11,b8e2da25-71c4-1b06-f7dd-e06f7f8f7741,d76dd3bd-ccb7-4991-a01f-ce158dfe908e,Plumbing,,,Low,bed_issue_type_unmapped,4,,,
b558cf98-8867-7e04-f928-35170d57165f,VISH-25-09-0595,6dd50e39-9843-4442-cc09-3b49fbe97fb9,2fc42a4f-fe5a-ae08-0e4e-2c89ca71db85,B11,b8e2da25-71c4-1b06-f7dd-e06f7f8f7741,d76dd3bd-ccb7-4991-a01f-ce158dfe908e,Plumbing,,,Low,bed_issue_type_unmapped,4,,,
6af2a08f-b861-2815-6c81-3e37eb606bd7,VISH-25-09-0596,6dd50e39-9843-4442-cc09-3b49fbe97fb9,2fc42a4f-fe5a-ae08-0e4e-2c89ca71db85,B11,b8e2da25-71c4-1b06-f7dd-e06f7f8f7741,caf6381e-5189-4c1f-bf0a-4dfd99d9b9e7,Washing machine Issue,,,Low,bed_no_type_match,0,,,
8474a0ad-d852-096f-e93b-550654ed63ee,VISH-25-09-0597,6dd50e39-9843-4442-cc09-3b49fbe97fb9,2fc42a4f-fe5a-ae08-0e4e-2c89ca71db85,B11,b8e2da25-71c4-1b06-f7dd-e06f7f8f7741,d76dd3bd-ccb7-4991-a01f-ce158dfe908e,Plumbing,,,Low,bed_issue_type_unmapped,4,,,
5fb582ea-e39e-7894-bad2-0690b24e5372,VISH-25-09-0598,6dd50e39-9843-4442-cc09-3b49fbe97fb9,2fc42a4f-fe5a-ae08-0e4e-2c89ca71db85,B11,b8e2da25-71c4-1b06-f7dd-e06f7f8f7741,a5831922-eaeb-48c2-941c-fd96fae8813d,AC Issues,,,Low,bed_no_type_match,0,,,
09f891e4-800a-9466-9d6d-901b91280d4b,VISH-25-09-0599,6dd50e39-9843-4442-cc09-3b49fbe97fb9,2fc42a4f-fe5a-ae08-0e4e-2c89ca71db85,B11,b8e2da25-71c4-1b06-f7dd-e06f7f8f7741,01208ba1-4225-4a61-be39-3afe03dad690,RO Water Issues,,,Low,bed_no_type_match,0,,,
f68ef872-15fe-196e-0870-d005777d5740,VISH-25-10-0600,6dd50e39-9843-4442-cc09-3b49fbe97fb9,2fc42a4f-fe5a-ae08-0e4e-2c89ca71db85,B11,b8e2da25-71c4-1b06-f7dd-e06f7f8f7741,01208ba1-4225-4a61-be39-3afe03dad690,RO Water Issues,,,Low,bed_no_type_match,0,,,
8a767531-6242-8f65-d47b-13865f23a709,VISH-26-02-0601,6dd50e39-9843-4442-cc09-3b49fbe97fb9,2fc42a4f-fe5a-ae08-0e4e-2c89ca71db85,B11,b8e2da25-71c4-1b06-f7dd-e06f7f8f7741,d76dd3bd-ccb7-4991-a01f-ce158dfe908e,Plumbing,,,Low,bed_issue_type_unmapped,4,,,
36c3a9da-e0cd-c718-faf0-2ca9506f9483,VISH-26-03-0602,6dd50e39-9843-4442-cc09-3b49fbe97fb9,2fc42a4f-fe5a-ae08-0e4e-2c89ca71db85,B11,b8e2da25-71c4-1b06-f7dd-e06f7f8f7741,28158382-d5c1-436c-927b-3e3d9855c2af,Electrical Issues,,,Low,bed_no_type_match,0,,,
5f906ac8-ea94-7bf1-6ab4-04c17cf1240c,VISH-25-06-0603,890d247c-e472-92eb-0db7-ca3bc375622c,990e8a3e-a69c-7b31-f606-3eeb21e3d4c6,C34,f226894e-3765-1bd7-6cda-03e887bc56b3,caf6381e-5189-4c1f-bf0a-4dfd99d9b9e7,Washing machine Issue,,,Low,bed_no_type_match,0,,,
4a900ffa-6511-3296-e676-cbb41bc6c6b5,VISH-25-06-0604,890d247c-e472-92eb-0db7-ca3bc375622c,990e8a3e-a69c-7b31-f606-3eeb21e3d4c6,C34,f226894e-3765-1bd7-6cda-03e887bc56b3,caf6381e-5189-4c1f-bf0a-4dfd99d9b9e7,Washing machine Issue,,,Low,bed_no_type_match,0,,,
cd9cb94d-c5fc-5a9e-ca80-fc2c96baa9fb,VISH-25-06-0605,890d247c-e472-92eb-0db7-ca3bc375622c,990e8a3e-a69c-7b31-f606-3eeb21e3d4c6,C34,f226894e-3765-1bd7-6cda-03e887bc56b3,caf6381e-5189-4c1f-bf0a-4dfd99d9b9e7,Washing machine Issue,,,Low,bed_no_type_match,0,,,
07dd8741-471c-8d37-22cc-cf68a4376187,VISH-25-07-0606,890d247c-e472-92eb-0db7-ca3bc375622c,990e8a3e-a69c-7b31-f606-3eeb21e3d4c6,C34,f226894e-3765-1bd7-6cda-03e887bc56b3,47389994-b201-4bb1-bf91-8bce4dbde510,Other,,,Low,bed_issue_type_unmapped,4,,,
1092389b-0072-6ff5-1052-ebd37ceed780,VISH-25-07-0607,890d247c-e472-92eb-0db7-ca3bc375622c,990e8a3e-a69c-7b31-f606-3eeb21e3d4c6,C34,f226894e-3765-1bd7-6cda-03e887bc56b3,a5831922-eaeb-48c2-941c-fd96fae8813d,AC Issues,,,Low,bed_no_type_match,0,,,
c872d60e-c5fb-ab8f-cb8e-a2d141f5e637,VISH-25-07-0608,890d247c-e472-92eb-0db7-ca3bc375622c,990e8a3e-a69c-7b31-f606-3eeb21e3d4c6,C34,f226894e-3765-1bd7-6cda-03e887bc56b3,a5831922-eaeb-48c2-941c-fd96fae8813d,AC Issues,,,Low,bed_no_type_match,0,,,
17548ff8-6ece-9208-3526-7668872174ca,VISH-25-09-0609,890d247c-e472-92eb-0db7-ca3bc375622c,990e8a3e-a69c-7b31-f606-3eeb21e3d4c6,C34,f226894e-3765-1bd7-6cda-03e887bc56b3,28158382-d5c1-436c-927b-3e3d9855c2af,Electrical Issues,,,Low,bed_no_type_match,0,,,
961ae242-f5aa-8ba5-a134-338cee740c13,VISH-25-10-0610,890d247c-e472-92eb-0db7-ca3bc375622c,990e8a3e-a69c-7b31-f606-3eeb21e3d4c6,C34,f226894e-3765-1bd7-6cda-03e887bc56b3,d76dd3bd-ccb7-4991-a01f-ce158dfe908e,Plumbing,,,Low,bed_issue_type_unmapped,4,,,
ea5bad9b-b2b8-ec88-b92d-0e7b1a618a6e,VISH-25-03-0611,3e50af3d-452f-d098-b3bc-3c2a64576d55,aa73cade-c28c-dc5b-5980-55801ea0d415,B33,fc9765ca-aee5-6f71-e441-e12679f0bb12,47389994-b201-4bb1-bf91-8bce4dbde510,Other,,,Low,bed_issue_type_unmapped,7,,,
3a1a56fb-b17e-4ff6-96dc-19b7cb2d6331,VISH-25-03-0612,3e50af3d-452f-d098-b3bc-3c2a64576d55,aa73cade-c28c-dc5b-5980-55801ea0d415,B33,fc9765ca-aee5-6f71-e441-e12679f0bb12,47389994-b201-4bb1-bf91-8bce4dbde510,Other,,,Low,bed_issue_type_unmapped,7,,,
e1b5db30-a002-7185-934a-a9366d36ab0a,VISH-25-07-0613,7be75b79-f4d2-a3ec-18cf-fb08513feeb7,c17c5093-48b7-139f-ebfc-1cd33ef5179c,D12,5926f2d3-f34a-ae71-03bd-8c67d6660d49,01208ba1-4225-4a61-be39-3afe03dad690,RO Water Issues,,,Low,bed_no_type_match,0,,,
b5d43f4c-a666-ff29-d326-42d925349ecd,VISH-25-05-0614,0ccf966f-d23f-4994-fedc-211f2f60aa4f,dc4adc21-f501-0573-2e9a-d7bbbc89e5d6,D11,d0c84d1e-4238-9b66-8d10-7665d8e44980,28158382-d5c1-436c-927b-3e3d9855c2af,Electrical Issues,,,Low,bed_no_type_match,0,,,
e63d37e6-72be-e63c-e866-c720d54f45c3,VISH-25-06-0615,0ccf966f-d23f-4994-fedc-211f2f60aa4f,dc4adc21-f501-0573-2e9a-d7bbbc89e5d6,D11,d0c84d1e-4238-9b66-8d10-7665d8e44980,a5831922-eaeb-48c2-941c-fd96fae8813d,AC Issues,,,Low,bed_no_type_match,0,,,
bf3282aa-4a76-3cd6-e2e2-9a991cbf09b0,VISH-25-05-0616,03ce56c0-8798-b95d-7125-311b80363e74,417c9738-a0f7-5a00-1091-37a9fd083dd6,B13,f9b73f69-33c8-b36d-daf6-c7078c00692c,28158382-d5c1-436c-927b-3e3d9855c2af,Electrical Issues,,58cb2e24-2d02-4c94-acad-fe4c2afaa878,High,bed_type_unique,1,58cb2e24-2d02-4c94-acad-fe4c2afaa878,Fan,
b0f23ed9-93bd-d3c3-c28b-b68a176da951,VISH-25-07-0617,03ce56c0-8798-b95d-7125-311b80363e74,417c9738-a0f7-5a00-1091-37a9fd083dd6,B13,f9b73f69-33c8-b36d-daf6-c7078c00692c,28158382-d5c1-436c-927b-3e3d9855c2af,Electrical Issues,,58cb2e24-2d02-4c94-acad-fe4c2afaa878,High,bed_type_unique,1,58cb2e24-2d02-4c94-acad-fe4c2afaa878,Fan,
c5196469-736b-1fc9-c88f-03d0369cfc1b,VISH-25-09-0618,03ce56c0-8798-b95d-7125-311b80363e74,417c9738-a0f7-5a00-1091-37a9fd083dd6,B13,f9b73f69-33c8-b36d-daf6-c7078c00692c,d76dd3bd-ccb7-4991-a01f-ce158dfe908e,Plumbing,,,Low,bed_issue_type_unmapped,5,,,
d6082536-b155-c9ed-c884-34e47cfb5fd1,VISH-25-09-0619,03ce56c0-8798-b95d-7125-311b80363e74,417c9738-a0f7-5a00-1091-37a9fd083dd6,B13,f9b73f69-33c8-b36d-daf6-c7078c00692c,d76dd3bd-ccb7-4991-a01f-ce158dfe908e,Plumbing,,,Low,bed_issue_type_unmapped,5,,,
5b15bd91-c25b-f47b-070d-e092172bce46,VISH-25-09-0620,03ce56c0-8798-b95d-7125-311b80363e74,417c9738-a0f7-5a00-1091-37a9fd083dd6,B13,f9b73f69-33c8-b36d-daf6-c7078c00692c,d76dd3bd-ccb7-4991-a01f-ce158dfe908e,Plumbing,,,Low,bed_issue_type_unmapped,5,,,
eead3b6a-d489-649b-4c95-5a676786a5ad,VISH-25-09-0621,03ce56c0-8798-b95d-7125-311b80363e74,417c9738-a0f7-5a00-1091-37a9fd083dd6,B13,f9b73f69-33c8-b36d-daf6-c7078c00692c,28158382-d5c1-436c-927b-3e3d9855c2af,Electrical Issues,,58cb2e24-2d02-4c94-acad-fe4c2afaa878,High,bed_type_unique,1,58cb2e24-2d02-4c94-acad-fe4c2afaa878,Fan,
1d7b9442-855e-49fc-fe9d-5936a5e94053,VISH-25-09-0622,03ce56c0-8798-b95d-7125-311b80363e74,417c9738-a0f7-5a00-1091-37a9fd083dd6,B13,f9b73f69-33c8-b36d-daf6-c7078c00692c,28158382-d5c1-436c-927b-3e3d9855c2af,Electrical Issues,,58cb2e24-2d02-4c94-acad-fe4c2afaa878,High,bed_type_unique,1,58cb2e24-2d02-4c94-acad-fe4c2afaa878,Fan,
cb0122d3-b3f1-a15b-dd3b-5dd6a106344b,VISH-25-09-0623,03ce56c0-8798-b95d-7125-311b80363e74,417c9738-a0f7-5a00-1091-37a9fd083dd6,B13,f9b73f69-33c8-b36d-daf6-c7078c00692c,28158382-d5c1-436c-927b-3e3d9855c2af,Electrical Issues,,58cb2e24-2d02-4c94-acad-fe4c2afaa878,High,bed_type_unique,1,58cb2e24-2d02-4c94-acad-fe4c2afaa878,Fan,
7ed612c2-7263-7df0-fef7-ca70e2346fba,VISH-25-09-0624,03ce56c0-8798-b95d-7125-311b80363e74,417c9738-a0f7-5a00-1091-37a9fd083dd6,B13,f9b73f69-33c8-b36d-daf6-c7078c00692c,28158382-d5c1-436c-927b-3e3d9855c2af,Electrical Issues,,58cb2e24-2d02-4c94-acad-fe4c2afaa878,High,bed_type_unique,1,58cb2e24-2d02-4c94-acad-fe4c2afaa878,Fan,
b4b139c4-5f07-df8d-4dde-e0de3838a827,VISH-25-04-0625,c09e703c-d287-38c8-d1c1-239145e17df9,10c6863d-07c3-4fc4-94f9-6adc29157ce1,C31,bb071334-4646-5a4c-51c0-633d5b3db352,01208ba1-4225-4a61-be39-3afe03dad690,RO Water Issues,,,Low,bed_no_type_match,0,,,
9bb84a51-aad1-34e8-c0ce-27ce36e92c88,VISH-25-08-0626,c09e703c-d287-38c8-d1c1-239145e17df9,10c6863d-07c3-4fc4-94f9-6adc29157ce1,C31,bb071334-4646-5a4c-51c0-633d5b3db352,7917cc13-aaca-4558-a2c2-8be5cd8fc159,Internet Issues,,,Low,bed_issue_type_unmapped,7,,,
a32f3f1d-4037-9d92-536a-bab43993385f,VISH-25-09-0627,c09e703c-d287-38c8-d1c1-239145e17df9,10c6863d-07c3-4fc4-94f9-6adc29157ce1,C31,bb071334-4646-5a4c-51c0-633d5b3db352,47389994-b201-4bb1-bf91-8bce4dbde510,Other,,,Low,bed_issue_type_unmapped,7,,,
1c7f0fd1-69b3-9974-9529-e09acef7dadf,VISH-25-11-0628,c09e703c-d287-38c8-d1c1-239145e17df9,10c6863d-07c3-4fc4-94f9-6adc29157ce1,C31,bb071334-4646-5a4c-51c0-633d5b3db352,d76dd3bd-ccb7-4991-a01f-ce158dfe908e,Plumbing,,,Low,bed_issue_type_unmapped,7,,,
ae52d7af-c890-08ff-1115-6ddd99ab2582,VISH-25-11-0629,c09e703c-d287-38c8-d1c1-239145e17df9,10c6863d-07c3-4fc4-94f9-6adc29157ce1,C31,bb071334-4646-5a4c-51c0-633d5b3db352,d76dd3bd-ccb7-4991-a01f-ce158dfe908e,Plumbing,,,Low,bed_issue_type_unmapped,7,,,
25821fed-d2cb-bc55-d48c-15dc576c0b0a,VISH-26-03-0630,c09e703c-d287-38c8-d1c1-239145e17df9,10c6863d-07c3-4fc4-94f9-6adc29157ce1,C31,bb071334-4646-5a4c-51c0-633d5b3db352,a5831922-eaeb-48c2-941c-fd96fae8813d,AC Issues,,8f5d7ba9-389f-4c66-9724-0e54abeb3076,High,bed_type_unique,1,8f5d7ba9-389f-4c66-9724-0e54abeb3076,Air Conditioner,
9f4f582e-815e-fc9e-9c2b-1ec7aab9b567,VISH-25-06-0631,5a97c1a1-f33d-ce97-6ee2-069836e0f76b,2fc42a4f-fe5a-ae08-0e4e-2c89ca71db85,B11,f874f74a-642d-0943-eaae-4c54a18982cf,a5831922-eaeb-48c2-941c-fd96fae8813d,AC Issues,,,Low,bed_no_type_match,0,,,
145d4767-32c5-5c11-a36b-154c53174cac,VISH-25-06-0632,5a97c1a1-f33d-ce97-6ee2-069836e0f76b,2fc42a4f-fe5a-ae08-0e4e-2c89ca71db85,B11,f874f74a-642d-0943-eaae-4c54a18982cf,d76dd3bd-ccb7-4991-a01f-ce158dfe908e,Plumbing,,,Low,bed_issue_type_unmapped,5,,,
a57be028-429e-3af4-38c8-28d8da1fa085,VISH-25-06-0633,5a97c1a1-f33d-ce97-6ee2-069836e0f76b,2fc42a4f-fe5a-ae08-0e4e-2c89ca71db85,B11,f874f74a-642d-0943-eaae-4c54a18982cf,abc84f5b-a950-406e-ab46-cefbe11df925,Cleaning Issues,,,Low,bed_issue_type_unmapped,5,,,
efc165ef-b485-4535-3dbe-75129cbd9f5a,VISH-25-05-0634,716b820e-fef7-dcf3-34be-914835261361,10c6863d-07c3-4fc4-94f9-6adc29157ce1,C31,96eb4dcb-a6ae-3881-7690-8a119a4506bc,28158382-d5c1-436c-927b-3e3d9855c2af,Electrical Issues,,7a8faef7-aab4-43c5-bf03-b4a1561577db,High,bed_type_unique,1,7a8faef7-aab4-43c5-bf03-b4a1561577db,Fan,
b9971b18-d458-52fe-ef12-03c3e9b45284,VISH-25-07-0635,716b820e-fef7-dcf3-34be-914835261361,10c6863d-07c3-4fc4-94f9-6adc29157ce1,C31,96eb4dcb-a6ae-3881-7690-8a119a4506bc,a5831922-eaeb-48c2-941c-fd96fae8813d,AC Issues,,abdc9198-3b1f-4afa-a372-6366b8627999,High,bed_type_unique,1,abdc9198-3b1f-4afa-a372-6366b8627999,Air Conditioner,
2043bae8-3194-b27c-ed6c-1f618c179f71,VISH-25-07-0636,716b820e-fef7-dcf3-34be-914835261361,10c6863d-07c3-4fc4-94f9-6adc29157ce1,C31,96eb4dcb-a6ae-3881-7690-8a119a4506bc,a5831922-eaeb-48c2-941c-fd96fae8813d,AC Issues,,abdc9198-3b1f-4afa-a372-6366b8627999,High,bed_type_unique,1,abdc9198-3b1f-4afa-a372-6366b8627999,Air Conditioner,
75e91e3f-6144-f9cb-f594-d28327caa217,VISH-25-08-0637,716b820e-fef7-dcf3-34be-914835261361,10c6863d-07c3-4fc4-94f9-6adc29157ce1,C31,96eb4dcb-a6ae-3881-7690-8a119a4506bc,abc84f5b-a950-406e-ab46-cefbe11df925,Cleaning Issues,,,Low,bed_issue_type_unmapped,2,,,
796569b1-7443-bfd0-78a5-08912f5e38af,VISH-25-08-0638,716b820e-fef7-dcf3-34be-914835261361,10c6863d-07c3-4fc4-94f9-6adc29157ce1,C31,96eb4dcb-a6ae-3881-7690-8a119a4506bc,01208ba1-4225-4a61-be39-3afe03dad690,RO Water Issues,,,Low,bed_no_type_match,0,,,
97eb9168-61dc-8e8c-d494-8eee5d4011d9,VISH-25-02-0639,251051cf-e3b5-5d37-918f-bf22b4875790,03edc7c5-4c46-b55e-523d-9fb7be29910b,A44,0b49669f-6579-fa2c-a871-13f7c9f46ae6,caf6381e-5189-4c1f-bf0a-4dfd99d9b9e7,Washing machine Issue,,,Low,bed_no_type_match,0,,,
41e93d4f-9a16-82c8-57c5-9b98854f71da,VISH-25-02-0640,251051cf-e3b5-5d37-918f-bf22b4875790,03edc7c5-4c46-b55e-523d-9fb7be29910b,A44,0b49669f-6579-fa2c-a871-13f7c9f46ae6,a5831922-eaeb-48c2-941c-fd96fae8813d,AC Issues,,13d9d678-a406-41b2-853d-8628a9ce5b31,High,bed_type_unique,1,13d9d678-a406-41b2-853d-8628a9ce5b31,Air Conditioner,
1cae60e8-dbb2-ce52-79bd-f0bd7fd3b0e5,VISH-25-02-0641,251051cf-e3b5-5d37-918f-bf22b4875790,03edc7c5-4c46-b55e-523d-9fb7be29910b,A44,0b49669f-6579-fa2c-a871-13f7c9f46ae6,abc84f5b-a950-406e-ab46-cefbe11df925,Cleaning Issues,,,Low,bed_issue_type_unmapped,7,,,
014acb2c-befd-2ad4-a2a5-1b6ec4cd5c3f,VISH-25-04-0642,251051cf-e3b5-5d37-918f-bf22b4875790,03edc7c5-4c46-b55e-523d-9fb7be29910b,A44,0b49669f-6579-fa2c-a871-13f7c9f46ae6,a5831922-eaeb-48c2-941c-fd96fae8813d,AC Issues,,13d9d678-a406-41b2-853d-8628a9ce5b31,High,bed_type_unique,1,13d9d678-a406-41b2-853d-8628a9ce5b31,Air Conditioner,
05943b5e-03d4-8c35-5d07-33ae79c63f78,VISH-25-04-0643,251051cf-e3b5-5d37-918f-bf22b4875790,03edc7c5-4c46-b55e-523d-9fb7be29910b,A44,0b49669f-6579-fa2c-a871-13f7c9f46ae6,01208ba1-4225-4a61-be39-3afe03dad690,RO Water Issues,,,Low,bed_no_type_match,0,,,
ce727e74-0aff-2cd2-a13a-73c3371f8b52,VISH-25-05-0644,251051cf-e3b5-5d37-918f-bf22b4875790,03edc7c5-4c46-b55e-523d-9fb7be29910b,A44,0b49669f-6579-fa2c-a871-13f7c9f46ae6,d76dd3bd-ccb7-4991-a01f-ce158dfe908e,Plumbing,,,Low,bed_issue_type_unmapped,7,,,
389711c4-a25b-9e60-494e-916051640061,VISH-25-05-0645,251051cf-e3b5-5d37-918f-bf22b4875790,03edc7c5-4c46-b55e-523d-9fb7be29910b,A44,0b49669f-6579-fa2c-a871-13f7c9f46ae6,47389994-b201-4bb1-bf91-8bce4dbde510,Other,,,Low,bed_issue_type_unmapped,7,,,
b82ee78f-e773-f4d6-adab-69b2f59fc030,VISH-25-06-0646,251051cf-e3b5-5d37-918f-bf22b4875790,03edc7c5-4c46-b55e-523d-9fb7be29910b,A44,0b49669f-6579-fa2c-a871-13f7c9f46ae6,a5831922-eaeb-48c2-941c-fd96fae8813d,AC Issues,,13d9d678-a406-41b2-853d-8628a9ce5b31,High,bed_type_unique,1,13d9d678-a406-41b2-853d-8628a9ce5b31,Air Conditioner,
90d9ad72-b61d-cc56-b875-9ab68aa1bb46,VISH-25-06-0647,251051cf-e3b5-5d37-918f-bf22b4875790,03edc7c5-4c46-b55e-523d-9fb7be29910b,A44,0b49669f-6579-fa2c-a871-13f7c9f46ae6,caf6381e-5189-4c1f-bf0a-4dfd99d9b9e7,Washing machine Issue,,,Low,bed_no_type_match,0,,,
e32442d6-f18e-d1f1-0836-7a155cd787a3,VISH-25-06-0648,251051cf-e3b5-5d37-918f-bf22b4875790,03edc7c5-4c46-b55e-523d-9fb7be29910b,A44,0b49669f-6579-fa2c-a871-13f7c9f46ae6,caf6381e-5189-4c1f-bf0a-4dfd99d9b9e7,Washing machine Issue,,,Low,bed_no_type_match,0,,,
4e7b7a17-bb04-272c-49c0-ba63889992ce,VISH-25-06-0649,251051cf-e3b5-5d37-918f-bf22b4875790,03edc7c5-4c46-b55e-523d-9fb7be29910b,A44,0b49669f-6579-fa2c-a871-13f7c9f46ae6,caf6381e-5189-4c1f-bf0a-4dfd99d9b9e7,Washing machine Issue,,,Low,bed_no_type_match,0,,,
477b8b5e-44bc-cf7f-3f3c-e1d676d8b3f2,VISH-25-06-0650,251051cf-e3b5-5d37-918f-bf22b4875790,03edc7c5-4c46-b55e-523d-9fb7be29910b,A44,0b49669f-6579-fa2c-a871-13f7c9f46ae6,d76dd3bd-ccb7-4991-a01f-ce158dfe908e,Plumbing,,,Low,bed_issue_type_unmapped,7,,,
0076e2fd-ff3a-a068-9a6d-58472f2045c0,VISH-25-06-0651,251051cf-e3b5-5d37-918f-bf22b4875790,03edc7c5-4c46-b55e-523d-9fb7be29910b,A44,0b49669f-6579-fa2c-a871-13f7c9f46ae6,d76dd3bd-ccb7-4991-a01f-ce158dfe908e,Plumbing,,,Low,bed_issue_type_unmapped,7,,,
c089c97d-947e-84d4-0423-5f96dcc71710,VISH-25-07-0652,251051cf-e3b5-5d37-918f-bf22b4875790,03edc7c5-4c46-b55e-523d-9fb7be29910b,A44,0b49669f-6579-fa2c-a871-13f7c9f46ae6,caf6381e-5189-4c1f-bf0a-4dfd99d9b9e7,Washing machine Issue,,,Low,bed_no_type_match,0,,,
ae4a555c-71ae-f1ba-a3bd-db1cdd0c8f6a,VISH-25-07-0653,251051cf-e3b5-5d37-918f-bf22b4875790,03edc7c5-4c46-b55e-523d-9fb7be29910b,A44,0b49669f-6579-fa2c-a871-13f7c9f46ae6,e2aa2aaa-8af6-4807-9a4e-7665c5421eed,Furniture,,,Low,bed_type_many,4,"1303088b-8cb4-4433-8a44-9385da20a6b7,5f808eec-7ba7-4136-ba85-0e2aee0f52bd,6960a9fc-4df7-4bc3-9fed-e815ba0de256,aeeed058-2d0e-4c0a-90ab-614372ddd1ac",,
51a08f03-4b9b-dfb9-3ae7-c2c2303ce8cb,VISH-25-12-0654,251051cf-e3b5-5d37-918f-bf22b4875790,03edc7c5-4c46-b55e-523d-9fb7be29910b,A44,0b49669f-6579-fa2c-a871-13f7c9f46ae6,01208ba1-4225-4a61-be39-3afe03dad690,RO Water Issues,,,Low,bed_no_type_match,0,,,
91d05d3e-89f1-081d-20d7-8bfa97aec383,VISH-26-01-0655,251051cf-e3b5-5d37-918f-bf22b4875790,03edc7c5-4c46-b55e-523d-9fb7be29910b,A44,0b49669f-6579-fa2c-a871-13f7c9f46ae6,47389994-b201-4bb1-bf91-8bce4dbde510,Other,,,Low,bed_issue_type_unmapped,7,,,
ce172fc4-b6aa-abc1-33eb-59ce80c099dc,VISH-26-02-0656,251051cf-e3b5-5d37-918f-bf22b4875790,03edc7c5-4c46-b55e-523d-9fb7be29910b,A44,0b49669f-6579-fa2c-a871-13f7c9f46ae6,47389994-b201-4bb1-bf91-8bce4dbde510,Other,,,Low,bed_issue_type_unmapped,7,,,
f845bcba-1d96-7e1b-6d6c-8ccbdd3f5a2e,VISH-26-02-0657,251051cf-e3b5-5d37-918f-bf22b4875790,03edc7c5-4c46-b55e-523d-9fb7be29910b,A44,0b49669f-6579-fa2c-a871-13f7c9f46ae6,28158382-d5c1-436c-927b-3e3d9855c2af,Electrical Issues,,b582975d-5d81-492e-8f06-a1e5d3d78fd7,High,bed_type_unique,1,b582975d-5d81-492e-8f06-a1e5d3d78fd7,Fan,
b9539b9e-c5ea-9083-29af-3d8fd832a9f4,VISH-26-02-0658,251051cf-e3b5-5d37-918f-bf22b4875790,03edc7c5-4c46-b55e-523d-9fb7be29910b,A44,0b49669f-6579-fa2c-a871-13f7c9f46ae6,caf6381e-5189-4c1f-bf0a-4dfd99d9b9e7,Washing machine Issue,,,Low,bed_no_type_match,0,,,
95bd678b-7846-3fea-8884-204e2297bcf4,VISH-26-03-0659,251051cf-e3b5-5d37-918f-bf22b4875790,03edc7c5-4c46-b55e-523d-9fb7be29910b,A44,0b49669f-6579-fa2c-a871-13f7c9f46ae6,47389994-b201-4bb1-bf91-8bce4dbde510,Other,,,Low,bed_issue_type_unmapped,7,,,
d5bf54c4-687e-3a14-6652-f9ef56f411cf,VISH-25-04-0660,abd9f8e2-40f4-994c-f326-8ad6c939bb6a,dc4adc21-f501-0573-2e9a-d7bbbc89e5d6,D11,75895052-85e6-0a26-47e6-53c1e763d4da,e2aa2aaa-8af6-4807-9a4e-7665c5421eed,Furniture,,,Low,bed_type_many,7,"17957fac-cf0a-45ec-a106-d445925da1e0,2f4632a4-122d-4877-8f71-bc3618e56677,6ccbe5a4-2e5d-4ece-9074-039a98590de0,718a0082-d5e2-4e95-ac15-70bc14f4dd18,d62e228c-2695-46b3-8a0a-c307c04b84c8,e570c8cf-9460-4125-97cc-4c2924fe5882,f0ab2a84-12dd-46f5-bdb4-496336356ecb",,
3018c82b-f528-61af-214b-15ca0ef8c47a,VISH-25-04-0661,abd9f8e2-40f4-994c-f326-8ad6c939bb6a,dc4adc21-f501-0573-2e9a-d7bbbc89e5d6,D11,75895052-85e6-0a26-47e6-53c1e763d4da,e2aa2aaa-8af6-4807-9a4e-7665c5421eed,Furniture,,,Low,bed_type_many,7,"17957fac-cf0a-45ec-a106-d445925da1e0,2f4632a4-122d-4877-8f71-bc3618e56677,6ccbe5a4-2e5d-4ece-9074-039a98590de0,718a0082-d5e2-4e95-ac15-70bc14f4dd18,d62e228c-2695-46b3-8a0a-c307c04b84c8,e570c8cf-9460-4125-97cc-4c2924fe5882,f0ab2a84-12dd-46f5-bdb4-496336356ecb",,
a977ff65-0de9-5c26-06b6-a4cc56b18734,VISH-25-04-0662,abd9f8e2-40f4-994c-f326-8ad6c939bb6a,dc4adc21-f501-0573-2e9a-d7bbbc89e5d6,D11,75895052-85e6-0a26-47e6-53c1e763d4da,abc84f5b-a950-406e-ab46-cefbe11df925,Cleaning Issues,,,Low,bed_issue_type_unmapped,12,,,
2a81ca66-0a1e-c394-4274-a520ddc66590,VISH-25-04-0663,abd9f8e2-40f4-994c-f326-8ad6c939bb6a,dc4adc21-f501-0573-2e9a-d7bbbc89e5d6,D11,75895052-85e6-0a26-47e6-53c1e763d4da,abc84f5b-a950-406e-ab46-cefbe11df925,Cleaning Issues,,,Low,bed_issue_type_unmapped,12,,,
571c40ae-7caa-7a6b-e687-aecf298761ec,VISH-25-04-0664,abd9f8e2-40f4-994c-f326-8ad6c939bb6a,dc4adc21-f501-0573-2e9a-d7bbbc89e5d6,D11,75895052-85e6-0a26-47e6-53c1e763d4da,47389994-b201-4bb1-bf91-8bce4dbde510,Other,,,Low,bed_issue_type_unmapped,12,,,
32ef6d67-4209-24af-0f24-e3525cec4dd8,VISH-25-05-0665,abd9f8e2-40f4-994c-f326-8ad6c939bb6a,dc4adc21-f501-0573-2e9a-d7bbbc89e5d6,D11,75895052-85e6-0a26-47e6-53c1e763d4da,a5831922-eaeb-48c2-941c-fd96fae8813d,AC Issues,,9de4f299-90f7-4a53-a8c5-8000e64f1b8c,Medium,bed_type_multi,2,"9de4f299-90f7-4a53-a8c5-8000e64f1b8c,ae778bb1-a990-49a0-b433-d37eaff89aa9",Air Conditioner,
3a78ee76-a177-acee-e030-45852a756f14,VISH-25-05-0666,abd9f8e2-40f4-994c-f326-8ad6c939bb6a,dc4adc21-f501-0573-2e9a-d7bbbc89e5d6,D11,75895052-85e6-0a26-47e6-53c1e763d4da,abc84f5b-a950-406e-ab46-cefbe11df925,Cleaning Issues,,,Low,bed_issue_type_unmapped,12,,,
fb3a63f4-4ce1-1a20-fb92-7f45be05dbfb,VISH-25-05-0667,abd9f8e2-40f4-994c-f326-8ad6c939bb6a,dc4adc21-f501-0573-2e9a-d7bbbc89e5d6,D11,75895052-85e6-0a26-47e6-53c1e763d4da,abc84f5b-a950-406e-ab46-cefbe11df925,Cleaning Issues,,,Low,bed_issue_type_unmapped,12,,,
1ee62743-770b-5234-e263-41dc6fe2d655,VISH-25-06-0668,abd9f8e2-40f4-994c-f326-8ad6c939bb6a,dc4adc21-f501-0573-2e9a-d7bbbc89e5d6,D11,75895052-85e6-0a26-47e6-53c1e763d4da,28158382-d5c1-436c-927b-3e3d9855c2af,Electrical Issues,,dc1020be-24a1-4aba-a4bc-ba16db1478b7,High,bed_type_unique,1,dc1020be-24a1-4aba-a4bc-ba16db1478b7,Fan,
630d09d3-0e15-6eb7-dacf-f273fc551fdc,VISH-25-06-0669,abd9f8e2-40f4-994c-f326-8ad6c939bb6a,dc4adc21-f501-0573-2e9a-d7bbbc89e5d6,D11,75895052-85e6-0a26-47e6-53c1e763d4da,d76dd3bd-ccb7-4991-a01f-ce158dfe908e,Plumbing,,,Low,bed_issue_type_unmapped,12,,,
06b68349-389b-2128-2c42-ccd288dc9c55,VISH-25-07-0670,2b785f57-1c4f-d4a8-d486-b69e7b2db5bc,574de174-c7bb-bc11-f282-cff2aa2501c5,B22,c4a7862a-03e1-25e3-920f-248bbf96eb07,d76dd3bd-ccb7-4991-a01f-ce158dfe908e,Plumbing,,,Low,bed_issue_type_unmapped,11,,,
a559bcc2-1a4a-cd0d-c2c0-0c3690a471e0,VISH-26-01-0671,2b785f57-1c4f-d4a8-d486-b69e7b2db5bc,574de174-c7bb-bc11-f282-cff2aa2501c5,B22,c4a7862a-03e1-25e3-920f-248bbf96eb07,01208ba1-4225-4a61-be39-3afe03dad690,RO Water Issues,,,Low,bed_no_type_match,0,,,
430d8e3d-cd0e-e4c7-650d-b4030914b6de,VISH-26-03-0672,2b785f57-1c4f-d4a8-d486-b69e7b2db5bc,574de174-c7bb-bc11-f282-cff2aa2501c5,B22,c4a7862a-03e1-25e3-920f-248bbf96eb07,47389994-b201-4bb1-bf91-8bce4dbde510,Other,,,Low,bed_issue_type_unmapped,11,,,
2be858da-cb47-720f-3d6a-ce43bf82799c,VISH-26-03-0673,2b785f57-1c4f-d4a8-d486-b69e7b2db5bc,574de174-c7bb-bc11-f282-cff2aa2501c5,B22,c4a7862a-03e1-25e3-920f-248bbf96eb07,a5831922-eaeb-48c2-941c-fd96fae8813d,AC Issues,,96331626-7381-4018-bbff-d488d3048929,Medium,bed_type_multi,2,"96331626-7381-4018-bbff-d488d3048929,c76bf49d-62c5-4005-8c75-3b944e8d8aaf",Air Conditioner,
45c8c911-2871-0e47-599e-c0d08ebbd28c,VISH-26-03-0674,2b785f57-1c4f-d4a8-d486-b69e7b2db5bc,574de174-c7bb-bc11-f282-cff2aa2501c5,B22,c4a7862a-03e1-25e3-920f-248bbf96eb07,47389994-b201-4bb1-bf91-8bce4dbde510,Other,,,Low,bed_issue_type_unmapped,11,,,
a2826655-ab5f-ab3f-2892-ae07e1505399,VISH-25-05-0675,1b003ea3-bdcb-0416-c3c2-8ff60f2f65f5,233cca0e-efcf-e631-d2fc-9997a6ba5706,C44,1a0c6b87-ff3f-bbf9-8751-3b329d6b9911,d76dd3bd-ccb7-4991-a01f-ce158dfe908e,Plumbing,,,Low,bed_issue_type_unmapped,4,,,
294332a5-eef9-a55b-f9e8-0b32b07fa7ec,VISH-25-09-0676,1b003ea3-bdcb-0416-c3c2-8ff60f2f65f5,233cca0e-efcf-e631-d2fc-9997a6ba5706,C44,1a0c6b87-ff3f-bbf9-8751-3b329d6b9911,a5831922-eaeb-48c2-941c-fd96fae8813d,AC Issues,,,Low,bed_no_type_match,0,,,
3c6d0938-c313-cf05-bf3b-fcba50ad70fe,VISH-25-09-0677,1b003ea3-bdcb-0416-c3c2-8ff60f2f65f5,233cca0e-efcf-e631-d2fc-9997a6ba5706,C44,1a0c6b87-ff3f-bbf9-8751-3b329d6b9911,a5831922-eaeb-48c2-941c-fd96fae8813d,AC Issues,,,Low,bed_no_type_match,0,,,
c68f70b7-035a-44ab-345c-11982a0dc096,VISH-25-09-0678,1b003ea3-bdcb-0416-c3c2-8ff60f2f65f5,233cca0e-efcf-e631-d2fc-9997a6ba5706,C44,1a0c6b87-ff3f-bbf9-8751-3b329d6b9911,abc84f5b-a950-406e-ab46-cefbe11df925,Cleaning Issues,,,Low,bed_issue_type_unmapped,4,,,
150172de-ded5-a8e6-c970-80c80241a2c7,VISH-25-09-0679,1b003ea3-bdcb-0416-c3c2-8ff60f2f65f5,233cca0e-efcf-e631-d2fc-9997a6ba5706,C44,1a0c6b87-ff3f-bbf9-8751-3b329d6b9911,d76dd3bd-ccb7-4991-a01f-ce158dfe908e,Plumbing,,,Low,bed_issue_type_unmapped,4,,,
49860e95-d5fa-1ff9-eeca-40a3bf5eba80,VISH-25-10-0680,1b003ea3-bdcb-0416-c3c2-8ff60f2f65f5,233cca0e-efcf-e631-d2fc-9997a6ba5706,C44,1a0c6b87-ff3f-bbf9-8751-3b329d6b9911,d76dd3bd-ccb7-4991-a01f-ce158dfe908e,Plumbing,,,Low,bed_issue_type_unmapped,4,,,
5cc93020-db45-07cf-0258-6b2b0fc054e8,VISH-25-10-0681,1b003ea3-bdcb-0416-c3c2-8ff60f2f65f5,233cca0e-efcf-e631-d2fc-9997a6ba5706,C44,1a0c6b87-ff3f-bbf9-8751-3b329d6b9911,caf6381e-5189-4c1f-bf0a-4dfd99d9b9e7,Washing machine Issue,,,Low,bed_no_type_match,0,,,
0690df6b-fc27-bed5-34e4-3c81e02f44fd,VISH-25-11-0682,1b003ea3-bdcb-0416-c3c2-8ff60f2f65f5,233cca0e-efcf-e631-d2fc-9997a6ba5706,C44,1a0c6b87-ff3f-bbf9-8751-3b329d6b9911,01208ba1-4225-4a61-be39-3afe03dad690,RO Water Issues,,,Low,bed_no_type_match,0,,,
29dce7bb-ef09-c925-a158-d03b5f365d3a,VISH-25-05-0683,1f386b6c-673b-b4f5-5a19-10e9869fcb75,323c0dff-be56-f6ee-f053-ee37de806dea,B32,cead0c81-cb47-a00d-6583-2032ac0d3b68,47389994-b201-4bb1-bf91-8bce4dbde510,Other,,,Low,bed_issue_type_unmapped,5,,,
318ec65d-65a2-f5a9-7489-82443e82c5a5,VISH-25-06-0684,1f386b6c-673b-b4f5-5a19-10e9869fcb75,323c0dff-be56-f6ee-f053-ee37de806dea,B32,cead0c81-cb47-a00d-6583-2032ac0d3b68,e2aa2aaa-8af6-4807-9a4e-7665c5421eed,Furniture,,10eaaa6b-156c-45b9-ace8-d1829ad106a4,Medium,bed_type_multi,3,"10eaaa6b-156c-45b9-ace8-d1829ad106a4,5bb1165b-c119-421d-95a8-1da1427bf49a,5c74efba-07f6-47ac-8eea-cc319339cb0f",Cot (Bed Frame),
c535474a-fe1a-8f58-3934-7f9ecadc16d9,VISH-25-07-0685,1932ea80-c6eb-874e-eca8-12410fa7a608,c2ff0c11-4d1b-7b9b-b93c-aa37c9b6c40b,D21,f060fd98-620b-0d6c-65cd-5090be241589,28158382-d5c1-436c-927b-3e3d9855c2af,Electrical Issues,,1c7e8258-9896-4a48-a5b7-f04e6beba3b8,Medium,apartment_type_multi,3,"1c7e8258-9896-4a48-a5b7-f04e6beba3b8,5afb5cb0-85ac-4667-a503-73f76261a726,8ad4378e-8b51-4c43-8690-81aba71ae42a",Fan,
fad4e838-b192-f880-c075-c9f3801f3eac,VISH-25-09-0686,1932ea80-c6eb-874e-eca8-12410fa7a608,c2ff0c11-4d1b-7b9b-b93c-aa37c9b6c40b,D21,f060fd98-620b-0d6c-65cd-5090be241589,caf6381e-5189-4c1f-bf0a-4dfd99d9b9e7,Washing machine Issue,,4a514fb4-b375-4a45-ae4c-fa886fa20132,Medium,apartment_type_unique,1,4a514fb4-b375-4a45-ae4c-fa886fa20132,Washing Machine,
695f5510-18f1-ae58-3fb2-b1940f54272d,VISH-25-09-0687,1932ea80-c6eb-874e-eca8-12410fa7a608,c2ff0c11-4d1b-7b9b-b93c-aa37c9b6c40b,D21,f060fd98-620b-0d6c-65cd-5090be241589,28158382-d5c1-436c-927b-3e3d9855c2af,Electrical Issues,,1c7e8258-9896-4a48-a5b7-f04e6beba3b8,Medium,apartment_type_multi,3,"1c7e8258-9896-4a48-a5b7-f04e6beba3b8,5afb5cb0-85ac-4667-a503-73f76261a726,8ad4378e-8b51-4c43-8690-81aba71ae42a",Fan,
f35dc870-caea-dd38-9828-fb058532796a,VISH-25-09-0688,1932ea80-c6eb-874e-eca8-12410fa7a608,c2ff0c11-4d1b-7b9b-b93c-aa37c9b6c40b,D21,f060fd98-620b-0d6c-65cd-5090be241589,a5831922-eaeb-48c2-941c-fd96fae8813d,AC Issues,,,Low,apartment_type_many,4,"00b7fd23-69e7-46fd-82ef-ca35a3f56394,0605d972-00d7-4e1c-9717-1b4bdb98227b,561ea125-de43-46ef-b0b5-c9748b1e06ad,da8e458f-b860-4736-acbb-059435162885",,
1bd6a170-7db9-b6ac-29f4-f80b4c43bb25,VISH-25-11-0689,1932ea80-c6eb-874e-eca8-12410fa7a608,c2ff0c11-4d1b-7b9b-b93c-aa37c9b6c40b,D21,f060fd98-620b-0d6c-65cd-5090be241589,e2aa2aaa-8af6-4807-9a4e-7665c5421eed,Furniture,,,Low,apartment_type_many,24,"0fbdb3a1-a55f-48e5-a3ba-be125d3b99f7,1606f766-3eb8-4d25-87c3-cc26222be44b,2a24262d-ef65-4f62-b7fb-d9f0c1f64a00,3cbab2b0-0224-4c16-9af2-be43c8dd2f0c,48ef7a83-122b-45c3-8fb2-f247c719a705,54597bcc-8382-45fa-b652-363a5569487f,66a42ee0-bd9f-473f-8ed1-f9fc7a42a3b0,6aa7a64b-0a14-467d-9672-2493d51b162c,7037d891-8043-422e-8870-a9c86afb316f,79b14f2a-439d-42a3-973b-c0c8b17d190f,7e482326-2c7f-4779-a551-6587701336fc,83e8e16b-83ca-41bb-892c-50f7b125305a,84b2ced1-debf-4182-b973-054535294fec,85070bcd-27ad-4549-b34f-df82054903d0,8795e09a-b5b0-43cb-b20e-12dfe95dae05,8d94b712-e1bb-43cf-be52-11ef9223ab5a,b057aedf-024a-4f78-bcdf-db0b296060de,b2adffa3-e7fd-43f8-8e0e-ab00c3b43040,b7d5f32e-9a60-4659-8605-97d9a6c24086,b8f71ee8-8960-4ba5-9398-481094286a78,b96d90b1-dbbd-4579-96b9-a2286a9411cc,d114815a-2414-4c11-b7d9-7f76b1c43ee3,e60b5fa9-81c0-4497-8bcc-72dbbfbc0198,fa801108-0a26-429b-93ec-153042dc864d",,
8d13ed87-5c3e-28b6-c8e3-b08b84289414,VISH-25-11-0690,1932ea80-c6eb-874e-eca8-12410fa7a608,c2ff0c11-4d1b-7b9b-b93c-aa37c9b6c40b,D21,f060fd98-620b-0d6c-65cd-5090be241589,e2aa2aaa-8af6-4807-9a4e-7665c5421eed,Furniture,,,Low,apartment_type_many,24,"0fbdb3a1-a55f-48e5-a3ba-be125d3b99f7,1606f766-3eb8-4d25-87c3-cc26222be44b,2a24262d-ef65-4f62-b7fb-d9f0c1f64a00,3cbab2b0-0224-4c16-9af2-be43c8dd2f0c,48ef7a83-122b-45c3-8fb2-f247c719a705,54597bcc-8382-45fa-b652-363a5569487f,66a42ee0-bd9f-473f-8ed1-f9fc7a42a3b0,6aa7a64b-0a14-467d-9672-2493d51b162c,7037d891-8043-422e-8870-a9c86afb316f,79b14f2a-439d-42a3-973b-c0c8b17d190f,7e482326-2c7f-4779-a551-6587701336fc,83e8e16b-83ca-41bb-892c-50f7b125305a,84b2ced1-debf-4182-b973-054535294fec,85070bcd-27ad-4549-b34f-df82054903d0,8795e09a-b5b0-43cb-b20e-12dfe95dae05,8d94b712-e1bb-43cf-be52-11ef9223ab5a,b057aedf-024a-4f78-bcdf-db0b296060de,b2adffa3-e7fd-43f8-8e0e-ab00c3b43040,b7d5f32e-9a60-4659-8605-97d9a6c24086,b8f71ee8-8960-4ba5-9398-481094286a78,b96d90b1-dbbd-4579-96b9-a2286a9411cc,d114815a-2414-4c11-b7d9-7f76b1c43ee3,e60b5fa9-81c0-4497-8bcc-72dbbfbc0198,fa801108-0a26-429b-93ec-153042dc864d",,
cc319de0-96a2-2ab8-8f6e-5d0c8f0c2fee,VISH-25-11-0691,1932ea80-c6eb-874e-eca8-12410fa7a608,c2ff0c11-4d1b-7b9b-b93c-aa37c9b6c40b,D21,f060fd98-620b-0d6c-65cd-5090be241589,28158382-d5c1-436c-927b-3e3d9855c2af,Electrical Issues,,1c7e8258-9896-4a48-a5b7-f04e6beba3b8,Medium,apartment_type_multi,3,"1c7e8258-9896-4a48-a5b7-f04e6beba3b8,5afb5cb0-85ac-4667-a503-73f76261a726,8ad4378e-8b51-4c43-8690-81aba71ae42a",Fan,
dc9ecc49-bbd1-843a-63eb-706ba8037826,VISH-25-11-0692,1932ea80-c6eb-874e-eca8-12410fa7a608,c2ff0c11-4d1b-7b9b-b93c-aa37c9b6c40b,D21,f060fd98-620b-0d6c-65cd-5090be241589,abc84f5b-a950-406e-ab46-cefbe11df925,Cleaning Issues,,,Low,apartment_issue_type_unmapped,39,,,
249174cc-e5f5-8f8c-4db0-c145a73ddd3d,VISH-25-12-0693,1932ea80-c6eb-874e-eca8-12410fa7a608,c2ff0c11-4d1b-7b9b-b93c-aa37c9b6c40b,D21,f060fd98-620b-0d6c-65cd-5090be241589,01208ba1-4225-4a61-be39-3afe03dad690,RO Water Issues,,1fac099b-4e9f-4260-bfa2-9ecdd23b97fb,Medium,apartment_type_unique,1,1fac099b-4e9f-4260-bfa2-9ecdd23b97fb,RO Water Purifier,2023-08-30
d0f6ed1c-2d83-56be-a03a-1421b787b29a,VISH-25-12-0694,1932ea80-c6eb-874e-eca8-12410fa7a608,c2ff0c11-4d1b-7b9b-b93c-aa37c9b6c40b,D21,f060fd98-620b-0d6c-65cd-5090be241589,e2aa2aaa-8af6-4807-9a4e-7665c5421eed,Furniture,,,Low,apartment_type_many,24,"0fbdb3a1-a55f-48e5-a3ba-be125d3b99f7,1606f766-3eb8-4d25-87c3-cc26222be44b,2a24262d-ef65-4f62-b7fb-d9f0c1f64a00,3cbab2b0-0224-4c16-9af2-be43c8dd2f0c,48ef7a83-122b-45c3-8fb2-f247c719a705,54597bcc-8382-45fa-b652-363a5569487f,66a42ee0-bd9f-473f-8ed1-f9fc7a42a3b0,6aa7a64b-0a14-467d-9672-2493d51b162c,7037d891-8043-422e-8870-a9c86afb316f,79b14f2a-439d-42a3-973b-c0c8b17d190f,7e482326-2c7f-4779-a551-6587701336fc,83e8e16b-83ca-41bb-892c-50f7b125305a,84b2ced1-debf-4182-b973-054535294fec,85070bcd-27ad-4549-b34f-df82054903d0,8795e09a-b5b0-43cb-b20e-12dfe95dae05,8d94b712-e1bb-43cf-be52-11ef9223ab5a,b057aedf-024a-4f78-bcdf-db0b296060de,b2adffa3-e7fd-43f8-8e0e-ab00c3b43040,b7d5f32e-9a60-4659-8605-97d9a6c24086,b8f71ee8-8960-4ba5-9398-481094286a78,b96d90b1-dbbd-4579-96b9-a2286a9411cc,d114815a-2414-4c11-b7d9-7f76b1c43ee3,e60b5fa9-81c0-4497-8bcc-72dbbfbc0198,fa801108-0a26-429b-93ec-153042dc864d",,
66b1f33a-bcbe-9146-f375-564d62923815,VISH-26-03-0695,1932ea80-c6eb-874e-eca8-12410fa7a608,c2ff0c11-4d1b-7b9b-b93c-aa37c9b6c40b,D21,f060fd98-620b-0d6c-65cd-5090be241589,abc84f5b-a950-406e-ab46-cefbe11df925,Cleaning Issues,,,Low,apartment_issue_type_unmapped,39,,,
071f0184-d34c-42cf-9601-436c165be255,VISH-25-06-0696,0ea0c6d9-a99f-89ea-6b85-9ae409698bd3,a361bd0d-c2c1-2aee-6303-d65de004edd0,B24,9b9feba7-c6ce-bf0e-4b62-7c7541025927,28158382-d5c1-436c-927b-3e3d9855c2af,Electrical Issues,,c3958dee-851d-470b-904b-2481b8a86eef,Medium,bed_type_multi,2,"c3958dee-851d-470b-904b-2481b8a86eef,c7f7b971-19fa-46c7-849d-4c5982a86ff7",Table Fan (Wall),
75f6b923-fe2b-029a-a4f5-44f679a75045,VISH-25-04-0697,ba8dd5e0-ed0e-8b6a-7098-2732476feb31,dc4adc21-f501-0573-2e9a-d7bbbc89e5d6,D11,433269e6-beef-04d8-7738-12f887009657,caf6381e-5189-4c1f-bf0a-4dfd99d9b9e7,Washing machine Issue,,8aa65042-22ee-45b4-9708-36f743ae7cf9,Medium,apartment_type_unique,1,8aa65042-22ee-45b4-9708-36f743ae7cf9,Washing Machine,
fddbbd18-5181-bc01-0b33-12744b53888e,VISH-25-04-0698,ba8dd5e0-ed0e-8b6a-7098-2732476feb31,dc4adc21-f501-0573-2e9a-d7bbbc89e5d6,D11,433269e6-beef-04d8-7738-12f887009657,caf6381e-5189-4c1f-bf0a-4dfd99d9b9e7,Washing machine Issue,,8aa65042-22ee-45b4-9708-36f743ae7cf9,Medium,apartment_type_unique,1,8aa65042-22ee-45b4-9708-36f743ae7cf9,Washing Machine,
872eb121-c785-416c-b0f2-20227d911d53,VIST-26-04-00011,890b32d9-f754-8150-5a18-8a21fcdf3828,c2ff0c11-4d1b-7b9b-b93c-aa37c9b6c40b,D21,f825c883-6815-d3b1-7a49-620004f0a7ae,caf6381e-5189-4c1f-bf0a-4dfd99d9b9e7,Washing machine Issue,2026-04-20 17:26:25.033415,,Low,bed_no_type_match,0,,,
2a619afd-a49f-45c5-a21c-eb85d9784f98,VIST-26-06-00041,8709ca2e-a8a6-48a4-b8ce-e813c4796ab9,c17c5093-48b7-139f-ebfc-1cd33ef5179c,D12,4afa5689-5806-e349-ab1d-a4358f44e1d6,28158382-d5c1-436c-927b-3e3d9855c2af,Electrical Issues,2026-06-12 04:01:33.898957,3415582a-1981-4e36-9a42-e1fb2f44736a,Verified,direct_asset_id,1,3415582a-1981-4e36-9a42-e1fb2f44736a,Fan,
3292aeda-c013-4eff-8508-3770a7fc120e,VIST-26-04-00005,79e31f6f-69dc-a40c-27d7-3f076878f83c,fb5cedd6-2992-1c62-7fba-4a7a6b43b2ff,C43,97486463-9125-9851-3039-04f213b371d4,a5831922-eaeb-48c2-941c-fd96fae8813d,AC Issues,2026-04-19 16:32:27.345282,,Low,bed_no_type_match,0,,,
4e9d33a9-b6bd-5f22-d5f4-07a5af55c30c,VISH-25-04-0699,ba8dd5e0-ed0e-8b6a-7098-2732476feb31,dc4adc21-f501-0573-2e9a-d7bbbc89e5d6,D11,433269e6-beef-04d8-7738-12f887009657,e2aa2aaa-8af6-4807-9a4e-7665c5421eed,Furniture,,,Low,apartment_type_many,27,"0ea8c39f-bb94-4db7-a15c-172e6f74e4d8,10d695bc-f929-4f9a-835e-f5f272128e47,17957fac-cf0a-45ec-a106-d445925da1e0,25a7ebc5-6cf7-4eab-8a97-6a1347eea0bb,2f4632a4-122d-4877-8f71-bc3618e56677,3d8a59c1-825f-4b5f-97d1-ef05e6260424,3f10af6c-d4e1-4d29-89f8-56c741d2c8b9,40a65f50-20cf-4631-b949-2be9a125a7cd,4a517757-b1a9-468c-9dba-216e104e9ad9,5fac2cd5-3c3b-404b-8787-fe7496fe76f6,6ccbe5a4-2e5d-4ece-9074-039a98590de0,6d1785a8-1f78-4c30-ab03-dda0f15a282e,718a0082-d5e2-4e95-ac15-70bc14f4dd18,7e97db74-404f-43de-950c-2fb34dbd70db,84b5415d-929f-4555-af57-6320e96ad816,92552377-55a9-4b88-8f83-998d8bfcb72b,a1558217-d3cf-4def-885b-e0db879fd72e,aa849c29-c7ab-4374-ba10-cd79a303f3af,b04c7975-b41a-4a6a-b82c-15c29e4d7f32,b574a563-60e4-4abc-828f-0208ffa9840b,b5878a56-04de-4945-9873-41959ba93e37,ce9b9756-33b0-4d04-b64a-6af7fcbca6cf,d62e228c-2695-46b3-8a0a-c307c04b84c8,d6431127-7862-4964-a4d8-3e15e2118a4b,e570c8cf-9460-4125-97cc-4c2924fe5882,ea804b5d-ce6d-455f-b01a-8cc27d0595eb,f0ab2a84-12dd-46f5-bdb4-496336356ecb",,
b3c70f02-2c0c-6495-4d19-c1e002ddfe2a,VISH-25-06-0700,ba8dd5e0-ed0e-8b6a-7098-2732476feb31,dc4adc21-f501-0573-2e9a-d7bbbc89e5d6,D11,433269e6-beef-04d8-7738-12f887009657,01208ba1-4225-4a61-be39-3afe03dad690,RO Water Issues,,5fbc29f6-4bf5-49ea-8394-626682cbaa98,Medium,apartment_type_unique,1,5fbc29f6-4bf5-49ea-8394-626682cbaa98,RO Water Purifier,2025-09-16
ba7461ee-0857-d716-3a54-bf089620c88c,VISH-25-06-0701,ba8dd5e0-ed0e-8b6a-7098-2732476feb31,dc4adc21-f501-0573-2e9a-d7bbbc89e5d6,D11,433269e6-beef-04d8-7738-12f887009657,47389994-b201-4bb1-bf91-8bce4dbde510,Other,,,Low,apartment_issue_type_unmapped,41,,,
27802b90-02f6-1a32-622f-cecb85f530af,VISH-25-07-0702,ba8dd5e0-ed0e-8b6a-7098-2732476feb31,dc4adc21-f501-0573-2e9a-d7bbbc89e5d6,D11,433269e6-beef-04d8-7738-12f887009657,d76dd3bd-ccb7-4991-a01f-ce158dfe908e,Plumbing,,,Low,apartment_issue_type_unmapped,41,,,
0e43b079-2dcd-cc2e-a59b-231a4d09d320,VISH-26-01-0703,ba8dd5e0-ed0e-8b6a-7098-2732476feb31,dc4adc21-f501-0573-2e9a-d7bbbc89e5d6,D11,433269e6-beef-04d8-7738-12f887009657,ec405235-70e9-407e-9aa2-b877f8f36af8,Fridge Issues,,3a808621-2515-4b75-9e29-7b16e340da4f,Medium,apartment_type_unique,1,3a808621-2515-4b75-9e29-7b16e340da4f,Refrigerator,
a448afd9-369a-e509-9010-7734cf53c877,VISH-26-01-0704,ba8dd5e0-ed0e-8b6a-7098-2732476feb31,dc4adc21-f501-0573-2e9a-d7bbbc89e5d6,D11,433269e6-beef-04d8-7738-12f887009657,28158382-d5c1-436c-927b-3e3d9855c2af,Electrical Issues,,8e7bf2ce-20ff-42de-910d-4a24921515b6,Medium,apartment_type_multi,3,"8e7bf2ce-20ff-42de-910d-4a24921515b6,dc1020be-24a1-4aba-a4bc-ba16db1478b7,ea09bed0-6ebb-449c-be27-c8f65cc49f17",Fan,
b519061a-2bff-2978-51a8-7017cdadf313,VISH-26-01-0705,ba8dd5e0-ed0e-8b6a-7098-2732476feb31,dc4adc21-f501-0573-2e9a-d7bbbc89e5d6,D11,433269e6-beef-04d8-7738-12f887009657,28158382-d5c1-436c-927b-3e3d9855c2af,Electrical Issues,,8e7bf2ce-20ff-42de-910d-4a24921515b6,Medium,apartment_type_multi,3,"8e7bf2ce-20ff-42de-910d-4a24921515b6,dc1020be-24a1-4aba-a4bc-ba16db1478b7,ea09bed0-6ebb-449c-be27-c8f65cc49f17",Fan,
c757d6be-997f-f232-b648-4a9b0ba03a7c,VISH-26-01-0706,04ba1c6f-6c06-819d-9ecc-a0c5f795b922,c17c5093-48b7-139f-ebfc-1cd33ef5179c,D12,b5a4ef5b-dfab-12e9-96d2-c7657d00fb50,47389994-b201-4bb1-bf91-8bce4dbde510,Other,,,Low,bed_issue_type_unmapped,3,,,
00aef037-ca9a-488a-86a1-c7605be66701,VISH-25-05-0707,122c395f-56fd-4482-fe33-7fa3c3cd30b5,79853a4a-cb02-508c-e041-7e23378aec9c,A41,d6055fee-34a1-8a0d-f508-a9469caccc68,47389994-b201-4bb1-bf91-8bce4dbde510,Other,,,Low,bed_issue_type_unmapped,3,,,
4831aa4a-92b3-41f6-9693-765438f95119,VISH-25-07-0708,122c395f-56fd-4482-fe33-7fa3c3cd30b5,79853a4a-cb02-508c-e041-7e23378aec9c,A41,d6055fee-34a1-8a0d-f508-a9469caccc68,caf6381e-5189-4c1f-bf0a-4dfd99d9b9e7,Washing machine Issue,,,Low,bed_no_type_match,0,,,
8d9f1e78-0f45-e5f7-7960-4240ab34b5c4,VISH-25-08-0709,122c395f-56fd-4482-fe33-7fa3c3cd30b5,79853a4a-cb02-508c-e041-7e23378aec9c,A41,d6055fee-34a1-8a0d-f508-a9469caccc68,d76dd3bd-ccb7-4991-a01f-ce158dfe908e,Plumbing,,,Low,bed_issue_type_unmapped,3,,,
bdf35e69-d40f-6c19-56d0-04ddde233c19,VISH-25-09-0710,122c395f-56fd-4482-fe33-7fa3c3cd30b5,79853a4a-cb02-508c-e041-7e23378aec9c,A41,d6055fee-34a1-8a0d-f508-a9469caccc68,47389994-b201-4bb1-bf91-8bce4dbde510,Other,,,Low,bed_issue_type_unmapped,3,,,
4d5a5dd0-3caf-e73c-3a12-2397611a6c6e,VISH-25-11-0711,122c395f-56fd-4482-fe33-7fa3c3cd30b5,79853a4a-cb02-508c-e041-7e23378aec9c,A41,d6055fee-34a1-8a0d-f508-a9469caccc68,47389994-b201-4bb1-bf91-8bce4dbde510,Other,,,Low,bed_issue_type_unmapped,3,,,
f0576a1c-1517-c150-6fa3-d7d6f2865c9c,VISH-26-03-0712,af12a12c-92bf-088b-3073-292fe4dfc478,85292340-826d-52c1-65c7-7f2a9eb2c2c4,B41,93663979-f41a-3ec8-8da2-3f87ea43e72e,28158382-d5c1-436c-927b-3e3d9855c2af,Electrical Issues,,78771496-d60c-4fe0-b6bd-cd95b52e12dd,High,bed_type_unique,1,78771496-d60c-4fe0-b6bd-cd95b52e12dd,Fan,
93040aef-2f10-5fc0-0067-39e9dd5b030f,VISH-26-03-0713,af12a12c-92bf-088b-3073-292fe4dfc478,85292340-826d-52c1-65c7-7f2a9eb2c2c4,B41,93663979-f41a-3ec8-8da2-3f87ea43e72e,28158382-d5c1-436c-927b-3e3d9855c2af,Electrical Issues,,78771496-d60c-4fe0-b6bd-cd95b52e12dd,High,bed_type_unique,1,78771496-d60c-4fe0-b6bd-cd95b52e12dd,Fan,
c1157f92-8766-d7f6-ca9d-6497b7ece3bc,VISH-26-03-0714,af12a12c-92bf-088b-3073-292fe4dfc478,85292340-826d-52c1-65c7-7f2a9eb2c2c4,B41,93663979-f41a-3ec8-8da2-3f87ea43e72e,caf6381e-5189-4c1f-bf0a-4dfd99d9b9e7,Washing machine Issue,,,Low,bed_no_type_match,0,,,
6bb1bd0e-5231-060f-ceb1-904e1c8db58c,VISH-26-03-0715,af12a12c-92bf-088b-3073-292fe4dfc478,85292340-826d-52c1-65c7-7f2a9eb2c2c4,B41,93663979-f41a-3ec8-8da2-3f87ea43e72e,d76dd3bd-ccb7-4991-a01f-ce158dfe908e,Plumbing,,,Low,bed_issue_type_unmapped,7,,,
1e6c4796-afdc-5d3e-44c4-5e150f583e35,VISH-25-06-0716,344a43f4-d005-00e3-d3f4-5da6b944af56,82b270bf-e567-2deb-5ef3-495baafd7645,B14,5b45fa77-c694-2c4b-9657-29944633ded5,01208ba1-4225-4a61-be39-3afe03dad690,RO Water Issues,,,Low,bed_no_type_match,0,,,
6e0ed47c-6053-4a00-c050-db6f98c3d292,VISH-25-05-0717,d4a34184-ec1a-8b67-030d-6910715f4ccb,03edc7c5-4c46-b55e-523d-9fb7be29910b,A44,2ac95711-7b8e-8315-eae3-c0ad2ace7ade,a5831922-eaeb-48c2-941c-fd96fae8813d,AC Issues,,,Low,bed_no_type_match,0,,,
4026b298-7f62-e4e3-37ad-3520e342d500,VISH-25-05-0718,d4a34184-ec1a-8b67-030d-6910715f4ccb,03edc7c5-4c46-b55e-523d-9fb7be29910b,A44,2ac95711-7b8e-8315-eae3-c0ad2ace7ade,d76dd3bd-ccb7-4991-a01f-ce158dfe908e,Plumbing,,,Low,bed_issue_type_unmapped,1,,,
ed012943-19b6-b729-4180-d633c01ca969,VISH-25-05-0719,d4a34184-ec1a-8b67-030d-6910715f4ccb,03edc7c5-4c46-b55e-523d-9fb7be29910b,A44,2ac95711-7b8e-8315-eae3-c0ad2ace7ade,d76dd3bd-ccb7-4991-a01f-ce158dfe908e,Plumbing,,,Low,bed_issue_type_unmapped,1,,,
596ab94b-6133-1973-ad92-2e948c8fb433,VISH-25-05-0720,d4a34184-ec1a-8b67-030d-6910715f4ccb,03edc7c5-4c46-b55e-523d-9fb7be29910b,A44,2ac95711-7b8e-8315-eae3-c0ad2ace7ade,28158382-d5c1-436c-927b-3e3d9855c2af,Electrical Issues,,b9a701c4-e0fd-49c9-aa3a-14ff9e9e30be,High,bed_type_unique,1,b9a701c4-e0fd-49c9-aa3a-14ff9e9e30be,Fan,
db3176fe-965e-03eb-f8ea-f988afe63312,VISH-25-06-0721,be91915d-edd2-04f3-15af-9a0d8c70881a,10c6863d-07c3-4fc4-94f9-6adc29157ce1,C31,84952c96-2043-cf2d-46cc-061e64428c28,d76dd3bd-ccb7-4991-a01f-ce158dfe908e,Plumbing,,,Low,bed_issue_type_unmapped,9,,,
509bb2c0-5ae3-facc-e3a2-d883e7bc3899,VISH-25-06-0722,0278721a-a690-833b-298a-16a351fb7a3a,dd96a329-ec95-e96a-1348-69d976f39cd4,C12,cd504af3-aa51-0793-c3fc-fb030590ae09,a5831922-eaeb-48c2-941c-fd96fae8813d,AC Issues,,147c451f-29c0-4333-a9e7-a73d1cdb9a1b,High,bed_type_unique,1,147c451f-29c0-4333-a9e7-a73d1cdb9a1b,Air Conditioner,
99acbcd6-f5e2-3464-257e-6307c5f8240c,VISH-25-06-0723,0278721a-a690-833b-298a-16a351fb7a3a,dd96a329-ec95-e96a-1348-69d976f39cd4,C12,cd504af3-aa51-0793-c3fc-fb030590ae09,47389994-b201-4bb1-bf91-8bce4dbde510,Other,,,Low,bed_issue_type_unmapped,8,,,
c8f319c5-f656-22c6-d89e-4b26a228daec,VISH-25-09-0724,0278721a-a690-833b-298a-16a351fb7a3a,dd96a329-ec95-e96a-1348-69d976f39cd4,C12,cd504af3-aa51-0793-c3fc-fb030590ae09,47389994-b201-4bb1-bf91-8bce4dbde510,Other,,,Low,bed_issue_type_unmapped,8,,,
8e13a3cb-24ca-2eab-a37c-d0550bcd342a,VISH-25-11-0725,0278721a-a690-833b-298a-16a351fb7a3a,dd96a329-ec95-e96a-1348-69d976f39cd4,C12,cd504af3-aa51-0793-c3fc-fb030590ae09,a5831922-eaeb-48c2-941c-fd96fae8813d,AC Issues,,147c451f-29c0-4333-a9e7-a73d1cdb9a1b,High,bed_type_unique,1,147c451f-29c0-4333-a9e7-a73d1cdb9a1b,Air Conditioner,
31dae01f-f799-0430-6c7b-08b070a7a3d8,VISH-25-11-0726,0278721a-a690-833b-298a-16a351fb7a3a,dd96a329-ec95-e96a-1348-69d976f39cd4,C12,cd504af3-aa51-0793-c3fc-fb030590ae09,47389994-b201-4bb1-bf91-8bce4dbde510,Other,,,Low,bed_issue_type_unmapped,8,,,
d630d3b6-570c-f6f8-987e-75eab5891d77,VISH-25-11-0727,0278721a-a690-833b-298a-16a351fb7a3a,dd96a329-ec95-e96a-1348-69d976f39cd4,C12,cd504af3-aa51-0793-c3fc-fb030590ae09,28158382-d5c1-436c-927b-3e3d9855c2af,Electrical Issues,,6eb2d076-e348-4bfc-856d-86723e94ab90,High,bed_type_unique,1,6eb2d076-e348-4bfc-856d-86723e94ab90,Fan,
a6e758c2-52fe-42aa-3e2d-75eab932be02,VISH-25-11-0728,0278721a-a690-833b-298a-16a351fb7a3a,dd96a329-ec95-e96a-1348-69d976f39cd4,C12,cd504af3-aa51-0793-c3fc-fb030590ae09,47389994-b201-4bb1-bf91-8bce4dbde510,Other,,,Low,bed_issue_type_unmapped,8,,,
6d726407-9326-f5d9-2b31-8ea0a3b6fd5a,VISH-26-01-0729,0278721a-a690-833b-298a-16a351fb7a3a,dd96a329-ec95-e96a-1348-69d976f39cd4,C12,cd504af3-aa51-0793-c3fc-fb030590ae09,caf6381e-5189-4c1f-bf0a-4dfd99d9b9e7,Washing machine Issue,,,Low,bed_no_type_match,0,,,
ccacfcd3-ab18-2e8e-46b6-d1cd9718f4a6,VISH-26-01-0730,0278721a-a690-833b-298a-16a351fb7a3a,dd96a329-ec95-e96a-1348-69d976f39cd4,C12,cd504af3-aa51-0793-c3fc-fb030590ae09,abc84f5b-a950-406e-ab46-cefbe11df925,Cleaning Issues,,,Low,bed_issue_type_unmapped,8,,,
0f791ac8-3e49-03a5-38a5-52b9f0faf333,VISH-26-02-0731,0278721a-a690-833b-298a-16a351fb7a3a,dd96a329-ec95-e96a-1348-69d976f39cd4,C12,cd504af3-aa51-0793-c3fc-fb030590ae09,abc84f5b-a950-406e-ab46-cefbe11df925,Cleaning Issues,,,Low,bed_issue_type_unmapped,8,,,
b1635ae1-58e8-c773-c965-7465fd7e581b,VISH-25-06-0732,7076f26b-5297-bb18-64d7-ba48dd2e64b2,79853a4a-cb02-508c-e041-7e23378aec9c,A41,f108b08d-b6c6-e6fe-5782-ba89ca9c16ad,a5831922-eaeb-48c2-941c-fd96fae8813d,AC Issues,,71701352-6d07-4b20-b6f7-7b70117dd5a3,High,bed_type_unique,1,71701352-6d07-4b20-b6f7-7b70117dd5a3,Air Conditioner,
e6b169cb-f485-f929-0c10-3390d853cdef,VISH-25-06-0733,7076f26b-5297-bb18-64d7-ba48dd2e64b2,79853a4a-cb02-508c-e041-7e23378aec9c,A41,f108b08d-b6c6-e6fe-5782-ba89ca9c16ad,d76dd3bd-ccb7-4991-a01f-ce158dfe908e,Plumbing,,,Low,bed_issue_type_unmapped,5,,,
f94f3fc8-0a93-1476-3735-1226c6c07a25,VISH-25-06-0734,7076f26b-5297-bb18-64d7-ba48dd2e64b2,79853a4a-cb02-508c-e041-7e23378aec9c,A41,f108b08d-b6c6-e6fe-5782-ba89ca9c16ad,a5831922-eaeb-48c2-941c-fd96fae8813d,AC Issues,,71701352-6d07-4b20-b6f7-7b70117dd5a3,High,bed_type_unique,1,71701352-6d07-4b20-b6f7-7b70117dd5a3,Air Conditioner,
fbef5564-61db-b880-111a-a820c57dad7e,VISH-26-03-0735,ec6bd398-2413-2c67-18db-10bdd92ee4f9,2fc42a4f-fe5a-ae08-0e4e-2c89ca71db85,B11,d41b0f34-d7f8-ce1a-36d9-c00f0100aa45,e2aa2aaa-8af6-4807-9a4e-7665c5421eed,Furniture,,258d48fb-9fcd-4500-8724-3d5f900e042a,High,bed_type_unique,1,258d48fb-9fcd-4500-8724-3d5f900e042a,Cupboard,
78c963c5-baa9-1759-2f33-ee3cfab9a695,VISH-26-03-0736,ec6bd398-2413-2c67-18db-10bdd92ee4f9,2fc42a4f-fe5a-ae08-0e4e-2c89ca71db85,B11,d41b0f34-d7f8-ce1a-36d9-c00f0100aa45,abc84f5b-a950-406e-ab46-cefbe11df925,Cleaning Issues,,,Low,bed_issue_type_unmapped,3,,,
3abdc501-c2d0-afab-127c-d3875c9a508f,VISH-26-03-0737,ec6bd398-2413-2c67-18db-10bdd92ee4f9,2fc42a4f-fe5a-ae08-0e4e-2c89ca71db85,B11,d41b0f34-d7f8-ce1a-36d9-c00f0100aa45,a5831922-eaeb-48c2-941c-fd96fae8813d,AC Issues,,bc7caf2c-ad7b-403a-9681-01e3c22c291f,High,bed_type_unique,1,bc7caf2c-ad7b-403a-9681-01e3c22c291f,Air Conditioner,
c39b8002-c7ea-36ec-acba-ca6b76bd84be,VISH-26-01-0738,bb91db20-f031-af83-8e52-9b613ace7567,dd96a329-ec95-e96a-1348-69d976f39cd4,C12,0584f4bb-c204-0301-4599-fc18ed551828,7917cc13-aaca-4558-a2c2-8be5cd8fc159,Internet Issues,,,Low,bed_issue_type_unmapped,5,,,
e3cf4f01-f971-d717-ecbb-142e0961de9b,VISH-26-01-0739,bb91db20-f031-af83-8e52-9b613ace7567,dd96a329-ec95-e96a-1348-69d976f39cd4,C12,0584f4bb-c204-0301-4599-fc18ed551828,28158382-d5c1-436c-927b-3e3d9855c2af,Electrical Issues,,f52710af-1fbb-4cf8-b113-084ced145f7d,High,bed_type_unique,1,f52710af-1fbb-4cf8-b113-084ced145f7d,Fan,
d419c1b5-a37d-e94a-993d-dcfe97f22719,VISH-26-01-0740,bb91db20-f031-af83-8e52-9b613ace7567,dd96a329-ec95-e96a-1348-69d976f39cd4,C12,0584f4bb-c204-0301-4599-fc18ed551828,47389994-b201-4bb1-bf91-8bce4dbde510,Other,,,Low,bed_issue_type_unmapped,5,,,
7d73b439-48e1-a4e4-451c-9fd9d2d98814,VISH-26-02-0741,bb91db20-f031-af83-8e52-9b613ace7567,dd96a329-ec95-e96a-1348-69d976f39cd4,C12,0584f4bb-c204-0301-4599-fc18ed551828,a5831922-eaeb-48c2-941c-fd96fae8813d,AC Issues,,471a77c8-6159-471b-a7b3-910527eb1e9c,High,bed_type_unique,1,471a77c8-6159-471b-a7b3-910527eb1e9c,Air Conditioner,
e0ab7426-e4d5-9303-1698-d86175db730d,VISH-26-03-0742,bb91db20-f031-af83-8e52-9b613ace7567,dd96a329-ec95-e96a-1348-69d976f39cd4,C12,0584f4bb-c204-0301-4599-fc18ed551828,a5831922-eaeb-48c2-941c-fd96fae8813d,AC Issues,,471a77c8-6159-471b-a7b3-910527eb1e9c,High,bed_type_unique,1,471a77c8-6159-471b-a7b3-910527eb1e9c,Air Conditioner,
e7dd5af9-f2be-5172-d5b6-8253d88014ac,VISH-25-11-0743,6542b72b-196a-4538-a690-2db7cc212936,dd96a329-ec95-e96a-1348-69d976f39cd4,C12,ac589718-81c1-c7cb-c032-0f81fc39d1db,01208ba1-4225-4a61-be39-3afe03dad690,RO Water Issues,,,Low,bed_no_type_match,0,,,
c7bb8bbc-f4a4-05c6-4355-f1ce3bed257d,VISH-25-11-0744,6542b72b-196a-4538-a690-2db7cc212936,dd96a329-ec95-e96a-1348-69d976f39cd4,C12,ac589718-81c1-c7cb-c032-0f81fc39d1db,d76dd3bd-ccb7-4991-a01f-ce158dfe908e,Plumbing,,,Low,bed_issue_type_unmapped,4,,,
0f5e0109-0dcb-65ff-6100-bc19889ff88b,VISH-26-01-0745,6542b72b-196a-4538-a690-2db7cc212936,dd96a329-ec95-e96a-1348-69d976f39cd4,C12,ac589718-81c1-c7cb-c032-0f81fc39d1db,7917cc13-aaca-4558-a2c2-8be5cd8fc159,Internet Issues,,,Low,bed_issue_type_unmapped,4,,,
99777063-a06d-ca59-ae18-c19e61fd5219,VISH-26-01-0746,6542b72b-196a-4538-a690-2db7cc212936,dd96a329-ec95-e96a-1348-69d976f39cd4,C12,ac589718-81c1-c7cb-c032-0f81fc39d1db,e2aa2aaa-8af6-4807-9a4e-7665c5421eed,Furniture,,01eb02f0-c903-4e4d-8271-9516d64b5608,Medium,bed_type_multi,3,"01eb02f0-c903-4e4d-8271-9516d64b5608,2d37638b-0bdd-4247-90a6-086b86438fcf,be6f5794-929c-4332-b821-ec9e51e0c4b3",Mattress,
c2082173-cb4b-b938-20ca-c03b57ac106c,VISH-25-09-0747,3b48ac67-d1fa-b227-f284-5da0a25e5ac0,dd96a329-ec95-e96a-1348-69d976f39cd4,C12,058f4fd0-7a5d-544c-9587-0c2f9de4528f,7917cc13-aaca-4558-a2c2-8be5cd8fc159,Internet Issues,,,Low,apartment_issue_type_unmapped,48,,,
32d45079-d9b0-5d5c-175f-21583ec19e59,VISH-25-09-0748,3b48ac67-d1fa-b227-f284-5da0a25e5ac0,dd96a329-ec95-e96a-1348-69d976f39cd4,C12,058f4fd0-7a5d-544c-9587-0c2f9de4528f,d76dd3bd-ccb7-4991-a01f-ce158dfe908e,Plumbing,,,Low,apartment_issue_type_unmapped,48,,,
1d8df4cc-1924-d9c9-5d61-79eea0a3a2a2,VISH-25-10-0749,3b48ac67-d1fa-b227-f284-5da0a25e5ac0,dd96a329-ec95-e96a-1348-69d976f39cd4,C12,058f4fd0-7a5d-544c-9587-0c2f9de4528f,a5831922-eaeb-48c2-941c-fd96fae8813d,AC Issues,,,Low,apartment_type_many,4,"06fd6cbb-8d35-400c-8659-aaa0eea17971,147c451f-29c0-4333-a9e7-a73d1cdb9a1b,4e17cd4f-5f13-4f9f-8b47-4756d2a2ff05,572c3a43-35ae-48cc-941e-77484386f1bd",,
9c6e430f-4c40-78a6-78d8-801dc576521c,VISH-25-10-0750,3b48ac67-d1fa-b227-f284-5da0a25e5ac0,dd96a329-ec95-e96a-1348-69d976f39cd4,C12,058f4fd0-7a5d-544c-9587-0c2f9de4528f,01208ba1-4225-4a61-be39-3afe03dad690,RO Water Issues,,6eeaf23d-9860-46ec-a658-4c78ff614c12,Medium,apartment_type_unique,1,6eeaf23d-9860-46ec-a658-4c78ff614c12,RO Water Purifier,2025-02-28
94355d74-84df-42fc-f229-efe047e1f490,VISH-25-10-0751,3b48ac67-d1fa-b227-f284-5da0a25e5ac0,dd96a329-ec95-e96a-1348-69d976f39cd4,C12,058f4fd0-7a5d-544c-9587-0c2f9de4528f,7917cc13-aaca-4558-a2c2-8be5cd8fc159,Internet Issues,,,Low,apartment_issue_type_unmapped,48,,,
f1896899-dd41-7875-5842-26a63376833a,VISH-26-02-0752,3b48ac67-d1fa-b227-f284-5da0a25e5ac0,dd96a329-ec95-e96a-1348-69d976f39cd4,C12,058f4fd0-7a5d-544c-9587-0c2f9de4528f,d76dd3bd-ccb7-4991-a01f-ce158dfe908e,Plumbing,,,Low,apartment_issue_type_unmapped,48,,,
d0f52d78-20c3-3dc7-4639-7e9991625ac3,VISH-26-03-0753,3b48ac67-d1fa-b227-f284-5da0a25e5ac0,dd96a329-ec95-e96a-1348-69d976f39cd4,C12,058f4fd0-7a5d-544c-9587-0c2f9de4528f,e2aa2aaa-8af6-4807-9a4e-7665c5421eed,Furniture,,,Low,apartment_type_many,30,"09879342-a1db-48db-978f-abdd5471611d,0fc562f2-e95a-4e0c-90a7-834536072790,13f744d4-6712-4f57-a2c0-e01be5ff7e0a,2cbc8c56-879e-418c-84f7-cc6c53598d18,2db5cc24-d582-4257-b6f3-ab807f928e19,345049ae-57ed-4eb2-8fe8-964599ba369a,40159b54-d740-4443-98b1-737d4dbf853e,4f576513-fd80-459e-b380-4a5a8b31ab0b,514b3a8d-978b-419b-8ac7-350d2fe503d6,65502072-1cb3-47a3-81cb-3d58cef6db9a,65682bd2-39f7-48df-9dcf-132d8853120d,6a487155-d829-44f7-bef8-f8b8350b4d29,7a14979e-6e89-4006-9aa2-8705a2f07dfe,892dee30-f709-4a03-84bf-21b682baa295,914243dc-161a-454e-8327-a9ec33a6bf5e,919dced2-653d-444b-8daf-a7fb0866f7ac,93d3cb57-9f50-496b-97cf-c833cc05c66c,aafc5fd6-f6ce-40c7-b8a3-12ada933af97,ae8902c3-6b75-4c00-85ee-d7c61b87ae5c,aef6ff0b-736b-4e8b-b44f-7f28ebd311bc,b3881b60-e84d-451a-894f-e6311baff77e,bc2f294f-639a-4bb0-bbde-786be27e2db5,bec807b0-91b1-40ad-aa5e-453ff501ff28,cbd90fe2-a79c-4d75-b355-5e85441e7352,e31d55e4-28cb-4c42-ba0c-a04cdea1d579,e92e0911-2a14-4376-96d4-eb0939d1c18b,efb6f6fe-4ef8-43fa-b97d-e727a530d3d3,f0abbc27-ea3c-4be7-90a2-2950b3d8bc46,f1d60ec1-4a13-41fa-8c6b-945fd688704c,f43c6f19-35a1-4330-9869-01dc2d4d62ef",,
d52d4cfc-f3f8-b4b9-7d22-51aed9524b61,VISH-26-03-0754,3b48ac67-d1fa-b227-f284-5da0a25e5ac0,dd96a329-ec95-e96a-1348-69d976f39cd4,C12,058f4fd0-7a5d-544c-9587-0c2f9de4528f,28158382-d5c1-436c-927b-3e3d9855c2af,Electrical Issues,,,Low,apartment_type_many,4,"1ce7ec08-c4c1-4075-8392-4d98bbe5c2b6,6eb2d076-e348-4bfc-856d-86723e94ab90,ab789334-fbcd-43c7-bee0-ff6a046cfaab,c3e4cf3b-765c-4e09-8c22-383bff808a3b",,
1b25c9db-34f6-afc3-6665-ddafb484f8ef,VISH-25-08-0755,890b32d9-f754-8150-5a18-8a21fcdf3828,bc7f358d-0d6d-f95f-ff80-9089eefdef69,B44,9570bcbc-dd00-294f-7a17-6204b4b0a29b,ec405235-70e9-407e-9aa2-b877f8f36af8,Fridge Issues,,,Low,bed_no_type_match,0,,,
b76396af-a727-9d31-c000-1a46427976f9,VISH-25-08-0756,890b32d9-f754-8150-5a18-8a21fcdf3828,bc7f358d-0d6d-f95f-ff80-9089eefdef69,B44,9570bcbc-dd00-294f-7a17-6204b4b0a29b,01208ba1-4225-4a61-be39-3afe03dad690,RO Water Issues,,,Low,bed_no_type_match,0,,,
d3493b15-9a02-75ae-63ee-c9fdfb9258f7,VISH-25-10-0757,890b32d9-f754-8150-5a18-8a21fcdf3828,bc7f358d-0d6d-f95f-ff80-9089eefdef69,B44,9570bcbc-dd00-294f-7a17-6204b4b0a29b,a5831922-eaeb-48c2-941c-fd96fae8813d,AC Issues,,50fccbdd-9c3e-407c-ace9-47dd457a3b4d,High,bed_type_unique,1,50fccbdd-9c3e-407c-ace9-47dd457a3b4d,Air Conditioner,
ce0beafc-5f92-1f89-2d9c-c3b6c75f93ea,VISH-26-01-0758,890b32d9-f754-8150-5a18-8a21fcdf3828,bc7f358d-0d6d-f95f-ff80-9089eefdef69,B44,9570bcbc-dd00-294f-7a17-6204b4b0a29b,47389994-b201-4bb1-bf91-8bce4dbde510,Other,,,Low,bed_issue_type_unmapped,8,,,
8a18f425-865d-42c4-7493-379274c5d5fa,VISH-26-01-0759,890b32d9-f754-8150-5a18-8a21fcdf3828,bc7f358d-0d6d-f95f-ff80-9089eefdef69,B44,9570bcbc-dd00-294f-7a17-6204b4b0a29b,7917cc13-aaca-4558-a2c2-8be5cd8fc159,Internet Issues,,,Low,bed_issue_type_unmapped,8,,,
7381491b-7b44-3ead-7e55-a066248de0a0,VISH-26-01-0760,890b32d9-f754-8150-5a18-8a21fcdf3828,bc7f358d-0d6d-f95f-ff80-9089eefdef69,B44,9570bcbc-dd00-294f-7a17-6204b4b0a29b,01208ba1-4225-4a61-be39-3afe03dad690,RO Water Issues,,,Low,bed_no_type_match,0,,,
7d53352f-075e-2c36-a351-a7d8062b78bd,VISH-26-01-0761,890b32d9-f754-8150-5a18-8a21fcdf3828,bc7f358d-0d6d-f95f-ff80-9089eefdef69,B44,9570bcbc-dd00-294f-7a17-6204b4b0a29b,ec405235-70e9-407e-9aa2-b877f8f36af8,Fridge Issues,,,Low,bed_no_type_match,0,,,
001a2e9c-a316-5366-433e-c260965f6311,VISH-25-08-0762,fc8a412e-e0d4-35e1-37fa-5f798b7dc7f4,c2ff0c11-4d1b-7b9b-b93c-aa37c9b6c40b,D21,acc99892-cb35-8aaf-7d74-61bb7125b1bf,caf6381e-5189-4c1f-bf0a-4dfd99d9b9e7,Washing machine Issue,,,Low,bed_no_type_match,0,,,
5c70d500-7b97-fbbf-eb5e-989147ffad01,VISH-25-08-0763,fc8a412e-e0d4-35e1-37fa-5f798b7dc7f4,c2ff0c11-4d1b-7b9b-b93c-aa37c9b6c40b,D21,acc99892-cb35-8aaf-7d74-61bb7125b1bf,e2aa2aaa-8af6-4807-9a4e-7665c5421eed,Furniture,,66767d7a-1439-4b4b-8345-e907eedef209,Medium,bed_type_multi,3,"66767d7a-1439-4b4b-8345-e907eedef209,85590534-ac0f-4cbd-9ec3-3e3c4b8a4250,8fc3d945-9584-48b1-801f-5e81d9f9c1eb",Cot (Bed Frame),2025-01-01
b3826991-f8ec-6f00-00dd-fe4a11f6f050,VISH-25-08-0764,fc8a412e-e0d4-35e1-37fa-5f798b7dc7f4,c2ff0c11-4d1b-7b9b-b93c-aa37c9b6c40b,D21,acc99892-cb35-8aaf-7d74-61bb7125b1bf,e2aa2aaa-8af6-4807-9a4e-7665c5421eed,Furniture,,66767d7a-1439-4b4b-8345-e907eedef209,Medium,bed_type_multi,3,"66767d7a-1439-4b4b-8345-e907eedef209,85590534-ac0f-4cbd-9ec3-3e3c4b8a4250,8fc3d945-9584-48b1-801f-5e81d9f9c1eb",Cot (Bed Frame),2025-01-01
fa75f127-bf00-d23b-5866-729079c50097,VISH-25-10-0765,fc8a412e-e0d4-35e1-37fa-5f798b7dc7f4,c2ff0c11-4d1b-7b9b-b93c-aa37c9b6c40b,D21,acc99892-cb35-8aaf-7d74-61bb7125b1bf,e2aa2aaa-8af6-4807-9a4e-7665c5421eed,Furniture,,66767d7a-1439-4b4b-8345-e907eedef209,Medium,bed_type_multi,3,"66767d7a-1439-4b4b-8345-e907eedef209,85590534-ac0f-4cbd-9ec3-3e3c4b8a4250,8fc3d945-9584-48b1-801f-5e81d9f9c1eb",Cot (Bed Frame),2025-01-01
8a38d58b-7f4d-4e91-a87b-017f2c0084a3,VISH-25-12-0766,fc8a412e-e0d4-35e1-37fa-5f798b7dc7f4,c2ff0c11-4d1b-7b9b-b93c-aa37c9b6c40b,D21,acc99892-cb35-8aaf-7d74-61bb7125b1bf,a5831922-eaeb-48c2-941c-fd96fae8813d,AC Issues,,a01fdc02-1311-43b4-828c-ae25f1158139,High,bed_type_unique,1,a01fdc02-1311-43b4-828c-ae25f1158139,Air Conditioner,
6676bf1d-4385-3d3d-34e4-6d793f58e3db,VISH-26-01-0767,fc8a412e-e0d4-35e1-37fa-5f798b7dc7f4,c2ff0c11-4d1b-7b9b-b93c-aa37c9b6c40b,D21,acc99892-cb35-8aaf-7d74-61bb7125b1bf,7917cc13-aaca-4558-a2c2-8be5cd8fc159,Internet Issues,,,Low,bed_issue_type_unmapped,5,,,
c8b00cc6-4aff-bf85-ca89-888be9e8fe41,VISH-26-01-0768,fc8a412e-e0d4-35e1-37fa-5f798b7dc7f4,c2ff0c11-4d1b-7b9b-b93c-aa37c9b6c40b,D21,acc99892-cb35-8aaf-7d74-61bb7125b1bf,abc84f5b-a950-406e-ab46-cefbe11df925,Cleaning Issues,,,Low,bed_issue_type_unmapped,5,,,
d5031f98-f842-6fdf-1a2c-2c56422aad19,VISH-26-03-0769,fc8a412e-e0d4-35e1-37fa-5f798b7dc7f4,c2ff0c11-4d1b-7b9b-b93c-aa37c9b6c40b,D21,acc99892-cb35-8aaf-7d74-61bb7125b1bf,a5831922-eaeb-48c2-941c-fd96fae8813d,AC Issues,,a01fdc02-1311-43b4-828c-ae25f1158139,High,bed_type_unique,1,a01fdc02-1311-43b4-828c-ae25f1158139,Air Conditioner,
04e35aca-0eb1-f869-0612-b0f9095d955a,VISH-26-03-0770,fc8a412e-e0d4-35e1-37fa-5f798b7dc7f4,c2ff0c11-4d1b-7b9b-b93c-aa37c9b6c40b,D21,acc99892-cb35-8aaf-7d74-61bb7125b1bf,a5831922-eaeb-48c2-941c-fd96fae8813d,AC Issues,,a01fdc02-1311-43b4-828c-ae25f1158139,High,bed_type_unique,1,a01fdc02-1311-43b4-828c-ae25f1158139,Air Conditioner,
5f7c06e9-d4b0-231a-54ec-e7a4dd2315e6,VISH-25-06-0771,456fc08d-55ba-6a5b-7917-edad21de87b2,c17c5093-48b7-139f-ebfc-1cd33ef5179c,D12,d93f50a4-5a42-703f-d932-e75e0557b43a,47389994-b201-4bb1-bf91-8bce4dbde510,Other,,,Low,bed_issue_type_unmapped,3,,,
a5364016-84bc-0360-799f-22ca9a48092a,VISH-25-06-0772,456fc08d-55ba-6a5b-7917-edad21de87b2,c17c5093-48b7-139f-ebfc-1cd33ef5179c,D12,d93f50a4-5a42-703f-d932-e75e0557b43a,e2aa2aaa-8af6-4807-9a4e-7665c5421eed,Furniture,,6a1e4096-cd14-4e97-8b89-8611f0709834,Medium,bed_type_multi,3,"6a1e4096-cd14-4e97-8b89-8611f0709834,b02beced-4dbd-454f-950f-b6254896dae2,c082fb6f-40ac-4ceb-95b0-685704d71eee",Mattress,
65430ff7-582b-c456-3c80-561ebc995325,VISH-25-12-0773,3e99437f-aaa3-5ffe-27bc-cffb9898080d,85292340-826d-52c1-65c7-7f2a9eb2c2c4,B41,8e25f001-fe3b-3a8e-0754-b8a08d432526,a5831922-eaeb-48c2-941c-fd96fae8813d,AC Issues,,60e6badc-68a9-4456-b05b-c745c0e14502,High,bed_type_unique,1,60e6badc-68a9-4456-b05b-c745c0e14502,Air Conditioner,
2e133895-32c7-a2e2-8563-ebc8292b174c,VISH-25-09-0774,073e4bd7-f1f1-49d3-604f-c365b9952a6c,d2298bb8-a5e5-735a-c8ca-9b18c7daacd6,D41,d0c84d1e-4238-9b66-8d10-7665d8e44980,a5831922-eaeb-48c2-941c-fd96fae8813d,AC Issues,,,Low,bed_no_type_match,0,,,
a941c078-343e-4e81-6a4a-755cf6b1f454,VISH-25-09-0775,073e4bd7-f1f1-49d3-604f-c365b9952a6c,d2298bb8-a5e5-735a-c8ca-9b18c7daacd6,D41,d0c84d1e-4238-9b66-8d10-7665d8e44980,e2aa2aaa-8af6-4807-9a4e-7665c5421eed,Furniture,,,Low,bed_type_many,6,"1891221d-503f-4fb6-9c49-af064dbbc1cb,2b82128c-87b3-48f5-956e-069d386c76b3,4d04ac5b-ace9-424c-b2cf-97c3843d8d10,4d8e84db-7c8b-4272-8b87-e3ba03735706,d0b4578f-a55c-4fce-855e-f5437dce8f0c,ea6fe692-9811-419e-93dc-75a572135263",,
f6d40f5d-6f58-2716-7b95-5068e4ef3ded,VISH-26-03-0776,073e4bd7-f1f1-49d3-604f-c365b9952a6c,d2298bb8-a5e5-735a-c8ca-9b18c7daacd6,D41,d0c84d1e-4238-9b66-8d10-7665d8e44980,caf6381e-5189-4c1f-bf0a-4dfd99d9b9e7,Washing machine Issue,,,Low,bed_no_type_match,0,,,
593f2a1e-8225-5619-39ae-88e7f69cf0fa,VISH-26-03-0777,073e4bd7-f1f1-49d3-604f-c365b9952a6c,d2298bb8-a5e5-735a-c8ca-9b18c7daacd6,D41,d0c84d1e-4238-9b66-8d10-7665d8e44980,e2aa2aaa-8af6-4807-9a4e-7665c5421eed,Furniture,,,Low,bed_type_many,6,"1891221d-503f-4fb6-9c49-af064dbbc1cb,2b82128c-87b3-48f5-956e-069d386c76b3,4d04ac5b-ace9-424c-b2cf-97c3843d8d10,4d8e84db-7c8b-4272-8b87-e3ba03735706,d0b4578f-a55c-4fce-855e-f5437dce8f0c,ea6fe692-9811-419e-93dc-75a572135263",,
32bcfff6-e18a-8347-e7f2-a90565f062a4,VISH-25-07-0778,00af40b2-545a-c400-060e-9eba5e004ea3,aa73cade-c28c-dc5b-5980-55801ea0d415,B33,f108b08d-b6c6-e6fe-5782-ba89ca9c16ad,7917cc13-aaca-4558-a2c2-8be5cd8fc159,Internet Issues,,,Low,bed_issue_type_unmapped,5,,,
d0e4e252-ae00-938e-4ae4-ed68efe64f90,VISH-25-08-0779,c02eb961-2471-c285-9c28-fb9a12aaf70a,ffbd5fe0-d9b3-cb55-cfd7-2d72a3498109,B43,717b9b58-969a-8452-088a-972edaf5da24,d76dd3bd-ccb7-4991-a01f-ce158dfe908e,Plumbing,,,Low,bed_issue_type_unmapped,4,,,
433f81b9-f881-984f-d61d-0b4ecb251f7b,VISH-25-10-0780,c02eb961-2471-c285-9c28-fb9a12aaf70a,ffbd5fe0-d9b3-cb55-cfd7-2d72a3498109,B43,717b9b58-969a-8452-088a-972edaf5da24,47389994-b201-4bb1-bf91-8bce4dbde510,Other,,,Low,bed_issue_type_unmapped,4,,,
78c51919-8a58-4bcc-ac84-6e4675c707a0,VISH-2026-1098,1932ea80-c6eb-874e-eca8-12410fa7a608,c2ff0c11-4d1b-7b9b-b93c-aa37c9b6c40b,D21,f060fd98-620b-0d6c-65cd-5090be241589,abc84f5b-a950-406e-ab46-cefbe11df925,Cleaning Issues,2026-04-09 13:16:54.820908,,Low,apartment_issue_type_unmapped,39,,,
f908e919-590a-1ae4-6f73-1ddc7b017800,VISH-26-02-0781,c02eb961-2471-c285-9c28-fb9a12aaf70a,ffbd5fe0-d9b3-cb55-cfd7-2d72a3498109,B43,6e45aca0-18fa-334d-4711-4da7cc94e30f,a5831922-eaeb-48c2-941c-fd96fae8813d,AC Issues,,e033fe7f-dc31-46f7-9723-cce3793a1cca,High,bed_type_unique,1,e033fe7f-dc31-46f7-9723-cce3793a1cca,Air Conditioner,
344ec81c-a19d-f1ba-2d2c-d46f4f39d112,VISH-25-02-0782,854c86e3-8b7f-0ca8-f4ac-c6a073699611,1b4d1066-8fe4-199b-7b3b-39e4bded9714,C41,fd6cdb68-6242-d6f8-7bf2-78d3e2483220,a5831922-eaeb-48c2-941c-fd96fae8813d,AC Issues,,fd1af9e3-4206-4c49-83bb-d64ddf1b56d1,High,bed_type_unique,1,fd1af9e3-4206-4c49-83bb-d64ddf1b56d1,Air Conditioner,
35ac2c8f-988c-90b1-5729-8f4566f100a0,VISH-25-02-0783,854c86e3-8b7f-0ca8-f4ac-c6a073699611,1b4d1066-8fe4-199b-7b3b-39e4bded9714,C41,fd6cdb68-6242-d6f8-7bf2-78d3e2483220,a5831922-eaeb-48c2-941c-fd96fae8813d,AC Issues,,fd1af9e3-4206-4c49-83bb-d64ddf1b56d1,High,bed_type_unique,1,fd1af9e3-4206-4c49-83bb-d64ddf1b56d1,Air Conditioner,
a6465f30-4e23-1183-f2f8-cbd8dea48580,VISH-25-02-0784,854c86e3-8b7f-0ca8-f4ac-c6a073699611,1b4d1066-8fe4-199b-7b3b-39e4bded9714,C41,fd6cdb68-6242-d6f8-7bf2-78d3e2483220,a5831922-eaeb-48c2-941c-fd96fae8813d,AC Issues,,fd1af9e3-4206-4c49-83bb-d64ddf1b56d1,High,bed_type_unique,1,fd1af9e3-4206-4c49-83bb-d64ddf1b56d1,Air Conditioner,
a383137c-f83c-7d32-8f2a-1d6246aef0b4,VISH-25-02-0785,854c86e3-8b7f-0ca8-f4ac-c6a073699611,1b4d1066-8fe4-199b-7b3b-39e4bded9714,C41,fd6cdb68-6242-d6f8-7bf2-78d3e2483220,a5831922-eaeb-48c2-941c-fd96fae8813d,AC Issues,,fd1af9e3-4206-4c49-83bb-d64ddf1b56d1,High,bed_type_unique,1,fd1af9e3-4206-4c49-83bb-d64ddf1b56d1,Air Conditioner,
c5b6fd56-e039-ca62-4bec-520fc7d77711,VISH-25-02-0786,854c86e3-8b7f-0ca8-f4ac-c6a073699611,1b4d1066-8fe4-199b-7b3b-39e4bded9714,C41,fd6cdb68-6242-d6f8-7bf2-78d3e2483220,a5831922-eaeb-48c2-941c-fd96fae8813d,AC Issues,,fd1af9e3-4206-4c49-83bb-d64ddf1b56d1,High,bed_type_unique,1,fd1af9e3-4206-4c49-83bb-d64ddf1b56d1,Air Conditioner,
ac7b87fb-080f-3d17-374a-de3792479957,VISH-25-02-0787,854c86e3-8b7f-0ca8-f4ac-c6a073699611,1b4d1066-8fe4-199b-7b3b-39e4bded9714,C41,fd6cdb68-6242-d6f8-7bf2-78d3e2483220,a5831922-eaeb-48c2-941c-fd96fae8813d,AC Issues,,fd1af9e3-4206-4c49-83bb-d64ddf1b56d1,High,bed_type_unique,1,fd1af9e3-4206-4c49-83bb-d64ddf1b56d1,Air Conditioner,
13699593-fbb1-e74b-77c9-660cdd786638,VISH-25-02-0788,854c86e3-8b7f-0ca8-f4ac-c6a073699611,1b4d1066-8fe4-199b-7b3b-39e4bded9714,C41,fd6cdb68-6242-d6f8-7bf2-78d3e2483220,a5831922-eaeb-48c2-941c-fd96fae8813d,AC Issues,,fd1af9e3-4206-4c49-83bb-d64ddf1b56d1,High,bed_type_unique,1,fd1af9e3-4206-4c49-83bb-d64ddf1b56d1,Air Conditioner,
b1ff846d-9f93-3dff-cb1f-d10d78e7e83d,VISH-25-02-0789,854c86e3-8b7f-0ca8-f4ac-c6a073699611,1b4d1066-8fe4-199b-7b3b-39e4bded9714,C41,fd6cdb68-6242-d6f8-7bf2-78d3e2483220,a5831922-eaeb-48c2-941c-fd96fae8813d,AC Issues,,fd1af9e3-4206-4c49-83bb-d64ddf1b56d1,High,bed_type_unique,1,fd1af9e3-4206-4c49-83bb-d64ddf1b56d1,Air Conditioner,
479bf1e8-673a-9c3c-b20b-a6ae40009f7e,VISH-25-02-0790,854c86e3-8b7f-0ca8-f4ac-c6a073699611,1b4d1066-8fe4-199b-7b3b-39e4bded9714,C41,fd6cdb68-6242-d6f8-7bf2-78d3e2483220,a5831922-eaeb-48c2-941c-fd96fae8813d,AC Issues,,fd1af9e3-4206-4c49-83bb-d64ddf1b56d1,High,bed_type_unique,1,fd1af9e3-4206-4c49-83bb-d64ddf1b56d1,Air Conditioner,
d28fd200-2ceb-bb5e-679f-1c84be768244,VISH-25-02-0791,854c86e3-8b7f-0ca8-f4ac-c6a073699611,1b4d1066-8fe4-199b-7b3b-39e4bded9714,C41,fd6cdb68-6242-d6f8-7bf2-78d3e2483220,a5831922-eaeb-48c2-941c-fd96fae8813d,AC Issues,,fd1af9e3-4206-4c49-83bb-d64ddf1b56d1,High,bed_type_unique,1,fd1af9e3-4206-4c49-83bb-d64ddf1b56d1,Air Conditioner,
a7c25386-9046-33f2-3b31-16e37462818e,VISH-25-02-0792,854c86e3-8b7f-0ca8-f4ac-c6a073699611,1b4d1066-8fe4-199b-7b3b-39e4bded9714,C41,fd6cdb68-6242-d6f8-7bf2-78d3e2483220,a5831922-eaeb-48c2-941c-fd96fae8813d,AC Issues,,fd1af9e3-4206-4c49-83bb-d64ddf1b56d1,High,bed_type_unique,1,fd1af9e3-4206-4c49-83bb-d64ddf1b56d1,Air Conditioner,
88028ce4-c61f-5200-612b-5cebe1986654,VISH-25-02-0793,854c86e3-8b7f-0ca8-f4ac-c6a073699611,1b4d1066-8fe4-199b-7b3b-39e4bded9714,C41,fd6cdb68-6242-d6f8-7bf2-78d3e2483220,a5831922-eaeb-48c2-941c-fd96fae8813d,AC Issues,,fd1af9e3-4206-4c49-83bb-d64ddf1b56d1,High,bed_type_unique,1,fd1af9e3-4206-4c49-83bb-d64ddf1b56d1,Air Conditioner,
90df6aab-bc25-f8e2-7bb4-cb2572293795,VISH-25-02-0794,854c86e3-8b7f-0ca8-f4ac-c6a073699611,1b4d1066-8fe4-199b-7b3b-39e4bded9714,C41,fd6cdb68-6242-d6f8-7bf2-78d3e2483220,a5831922-eaeb-48c2-941c-fd96fae8813d,AC Issues,,fd1af9e3-4206-4c49-83bb-d64ddf1b56d1,High,bed_type_unique,1,fd1af9e3-4206-4c49-83bb-d64ddf1b56d1,Air Conditioner,
b76d761f-efb9-b696-b79b-3c715f0dd686,VISH-25-02-0795,854c86e3-8b7f-0ca8-f4ac-c6a073699611,1b4d1066-8fe4-199b-7b3b-39e4bded9714,C41,fd6cdb68-6242-d6f8-7bf2-78d3e2483220,caf6381e-5189-4c1f-bf0a-4dfd99d9b9e7,Washing machine Issue,,,Low,bed_no_type_match,0,,,
8fb1f2b5-1c44-e1d4-095b-ea19a7a37026,VISH-25-06-0796,854c86e3-8b7f-0ca8-f4ac-c6a073699611,1b4d1066-8fe4-199b-7b3b-39e4bded9714,C41,fd6cdb68-6242-d6f8-7bf2-78d3e2483220,47389994-b201-4bb1-bf91-8bce4dbde510,Other,,,Low,bed_issue_type_unmapped,8,,,
499ff5a8-1b16-d883-faad-bda99684bd94,VISH-25-07-0797,854c86e3-8b7f-0ca8-f4ac-c6a073699611,1b4d1066-8fe4-199b-7b3b-39e4bded9714,C41,fd6cdb68-6242-d6f8-7bf2-78d3e2483220,a5831922-eaeb-48c2-941c-fd96fae8813d,AC Issues,,fd1af9e3-4206-4c49-83bb-d64ddf1b56d1,High,bed_type_unique,1,fd1af9e3-4206-4c49-83bb-d64ddf1b56d1,Air Conditioner,
75968c96-4cd2-6c96-48a8-b4cce6446e26,VISH-25-10-0798,854c86e3-8b7f-0ca8-f4ac-c6a073699611,1b4d1066-8fe4-199b-7b3b-39e4bded9714,C41,fd6cdb68-6242-d6f8-7bf2-78d3e2483220,47389994-b201-4bb1-bf91-8bce4dbde510,Other,,,Low,bed_issue_type_unmapped,8,,,
9298bbd0-ee2f-4cc1-fa9c-43f83c73aafd,VISH-25-12-0799,854c86e3-8b7f-0ca8-f4ac-c6a073699611,1b4d1066-8fe4-199b-7b3b-39e4bded9714,C41,fd6cdb68-6242-d6f8-7bf2-78d3e2483220,47389994-b201-4bb1-bf91-8bce4dbde510,Other,,,Low,bed_issue_type_unmapped,8,,,
6dd43e52-c5a9-77f4-c3f8-e4017d761789,VISH-25-12-0800,854c86e3-8b7f-0ca8-f4ac-c6a073699611,1b4d1066-8fe4-199b-7b3b-39e4bded9714,C41,fd6cdb68-6242-d6f8-7bf2-78d3e2483220,f3614e6e-8394-40cd-bbb3-b1f78e9f17c2,Billing Issues,,,Low,bed_issue_type_unmapped,8,,,
b3a4f563-9eb9-68e1-8882-648fec628998,VISH-26-02-0801,854c86e3-8b7f-0ca8-f4ac-c6a073699611,1b4d1066-8fe4-199b-7b3b-39e4bded9714,C41,fd6cdb68-6242-d6f8-7bf2-78d3e2483220,caf6381e-5189-4c1f-bf0a-4dfd99d9b9e7,Washing machine Issue,,,Low,bed_no_type_match,0,,,
21fc81d0-0871-fd42-e598-d8111a0c6d20,VISH-26-02-0802,854c86e3-8b7f-0ca8-f4ac-c6a073699611,1b4d1066-8fe4-199b-7b3b-39e4bded9714,C41,fd6cdb68-6242-d6f8-7bf2-78d3e2483220,47389994-b201-4bb1-bf91-8bce4dbde510,Other,,,Low,bed_issue_type_unmapped,8,,,
6419a0fa-fd56-78bf-b267-45e1459ef865,VISH-26-02-0803,854c86e3-8b7f-0ca8-f4ac-c6a073699611,1b4d1066-8fe4-199b-7b3b-39e4bded9714,C41,fd6cdb68-6242-d6f8-7bf2-78d3e2483220,caf6381e-5189-4c1f-bf0a-4dfd99d9b9e7,Washing machine Issue,,,Low,bed_no_type_match,0,,,
67874652-d7d1-5d89-1e13-b2b3aead6c9d,VISH-25-06-0804,5110bc8b-7229-5952-e9db-5feb33391303,9d5d0096-0b78-a663-1142-be871dfa2bda,C42,f825c883-6815-d3b1-7a49-620004f0a7ae,a5831922-eaeb-48c2-941c-fd96fae8813d,AC Issues,,00b7fd23-69e7-46fd-82ef-ca35a3f56394,High,bed_type_unique,1,00b7fd23-69e7-46fd-82ef-ca35a3f56394,Air Conditioner,
5faf0ee5-1b3e-2151-d131-ee42ecb6ab7b,VISH-25-02-0805,f284b25b-d762-1399-a12e-ba7ffa6b6f97,574de174-c7bb-bc11-f282-cff2aa2501c5,B22,8e7cf1aa-84ce-dc1b-38e7-3f51f80f357b,01208ba1-4225-4a61-be39-3afe03dad690,RO Water Issues,,,Low,bed_no_type_match,0,,,
2d3ab790-25d2-0d83-666a-ee73e9ea2cb9,VISH-25-02-0806,f284b25b-d762-1399-a12e-ba7ffa6b6f97,574de174-c7bb-bc11-f282-cff2aa2501c5,B22,8e7cf1aa-84ce-dc1b-38e7-3f51f80f357b,01208ba1-4225-4a61-be39-3afe03dad690,RO Water Issues,,,Low,bed_no_type_match,0,,,
8acf69f6-f774-4864-930d-6998e3c0bd1e,VISH-2026-1103,227f376b-633a-5615-5670-c29559d0a08b,fb5cedd6-2992-1c62-7fba-4a7a6b43b2ff,C43,f9e98282-6ed1-2655-561b-5122ac7d94a1,e2aa2aaa-8af6-4807-9a4e-7665c5421eed,Furniture,2026-04-13 16:07:56.799775,1b082c2f-dcc3-45a2-ba43-3308caf04844,Verified,direct_asset_id,1,1b082c2f-dcc3-45a2-ba43-3308caf04844,Cot (Bed Frame),
51959913-1e11-1890-7273-d24ab4c4faef,VISH-25-02-0807,f284b25b-d762-1399-a12e-ba7ffa6b6f97,574de174-c7bb-bc11-f282-cff2aa2501c5,B22,8e7cf1aa-84ce-dc1b-38e7-3f51f80f357b,e2aa2aaa-8af6-4807-9a4e-7665c5421eed,Furniture,,1ca2b66b-652c-4bb5-9587-7a7d88360732,Medium,bed_type_multi,3,"1ca2b66b-652c-4bb5-9587-7a7d88360732,2fc10db6-64e0-41df-baf0-8bdc9502f776,941f8de5-0039-404d-a409-101f15d70eab",Cupboard,
3e142f38-96cd-b474-f8b0-0b9558f99f46,VISH-25-05-0808,f284b25b-d762-1399-a12e-ba7ffa6b6f97,574de174-c7bb-bc11-f282-cff2aa2501c5,B22,8e7cf1aa-84ce-dc1b-38e7-3f51f80f357b,28158382-d5c1-436c-927b-3e3d9855c2af,Electrical Issues,,c9db82aa-39ec-404f-b045-4c140ea217e5,High,bed_type_unique,1,c9db82aa-39ec-404f-b045-4c140ea217e5,Fan,
c178b4b7-d5b4-9128-d71a-493657ef3f3e,VISH-25-07-0809,f284b25b-d762-1399-a12e-ba7ffa6b6f97,574de174-c7bb-bc11-f282-cff2aa2501c5,B22,8e7cf1aa-84ce-dc1b-38e7-3f51f80f357b,a5831922-eaeb-48c2-941c-fd96fae8813d,AC Issues,,61507e8e-6567-48b7-b838-3e16c2397da7,High,bed_type_unique,1,61507e8e-6567-48b7-b838-3e16c2397da7,Air Conditioner,
6985c2d7-c75e-0aa7-fdba-4e611259d164,VISH-25-07-0810,f284b25b-d762-1399-a12e-ba7ffa6b6f97,574de174-c7bb-bc11-f282-cff2aa2501c5,B22,8e7cf1aa-84ce-dc1b-38e7-3f51f80f357b,47389994-b201-4bb1-bf91-8bce4dbde510,Other,,,Low,bed_issue_type_unmapped,5,,,
bf4a8b4c-b0db-1345-9092-67061e46a1ab,VISH-25-07-0811,f284b25b-d762-1399-a12e-ba7ffa6b6f97,574de174-c7bb-bc11-f282-cff2aa2501c5,B22,8e7cf1aa-84ce-dc1b-38e7-3f51f80f357b,d76dd3bd-ccb7-4991-a01f-ce158dfe908e,Plumbing,,,Low,bed_issue_type_unmapped,5,,,
484162ef-a628-3ed5-b066-49a041d48726,VISH-25-10-0812,f284b25b-d762-1399-a12e-ba7ffa6b6f97,574de174-c7bb-bc11-f282-cff2aa2501c5,B22,8e7cf1aa-84ce-dc1b-38e7-3f51f80f357b,01208ba1-4225-4a61-be39-3afe03dad690,RO Water Issues,,,Low,bed_no_type_match,0,,,
6f3095ec-8946-8d2a-b83c-a9d46df0809e,VISH-25-10-0813,f284b25b-d762-1399-a12e-ba7ffa6b6f97,574de174-c7bb-bc11-f282-cff2aa2501c5,B22,8e7cf1aa-84ce-dc1b-38e7-3f51f80f357b,28158382-d5c1-436c-927b-3e3d9855c2af,Electrical Issues,,c9db82aa-39ec-404f-b045-4c140ea217e5,High,bed_type_unique,1,c9db82aa-39ec-404f-b045-4c140ea217e5,Fan,
ed33db40-0cc9-a1d4-3477-29dcb26f0324,VISH-25-10-0814,f284b25b-d762-1399-a12e-ba7ffa6b6f97,574de174-c7bb-bc11-f282-cff2aa2501c5,B22,8e7cf1aa-84ce-dc1b-38e7-3f51f80f357b,a5831922-eaeb-48c2-941c-fd96fae8813d,AC Issues,,61507e8e-6567-48b7-b838-3e16c2397da7,High,bed_type_unique,1,61507e8e-6567-48b7-b838-3e16c2397da7,Air Conditioner,
2c519828-7cf5-d70d-4cb1-52e00a8334cc,VISH-25-11-0815,f284b25b-d762-1399-a12e-ba7ffa6b6f97,574de174-c7bb-bc11-f282-cff2aa2501c5,B22,8e7cf1aa-84ce-dc1b-38e7-3f51f80f357b,d76dd3bd-ccb7-4991-a01f-ce158dfe908e,Plumbing,,,Low,bed_issue_type_unmapped,5,,,
badb3cb0-39fe-9836-946b-e258a03bbf6a,VISH-25-11-0816,f284b25b-d762-1399-a12e-ba7ffa6b6f97,574de174-c7bb-bc11-f282-cff2aa2501c5,B22,8e7cf1aa-84ce-dc1b-38e7-3f51f80f357b,47389994-b201-4bb1-bf91-8bce4dbde510,Other,,,Low,bed_issue_type_unmapped,5,,,
42672831-9a59-a059-dc72-3c065189a994,VISH-25-11-0817,f284b25b-d762-1399-a12e-ba7ffa6b6f97,574de174-c7bb-bc11-f282-cff2aa2501c5,B22,8e7cf1aa-84ce-dc1b-38e7-3f51f80f357b,01208ba1-4225-4a61-be39-3afe03dad690,RO Water Issues,,,Low,bed_no_type_match,0,,,
40b92aa1-6736-3e4f-b6d7-6d7e200a4263,VISH-26-01-0818,f284b25b-d762-1399-a12e-ba7ffa6b6f97,574de174-c7bb-bc11-f282-cff2aa2501c5,B22,8e7cf1aa-84ce-dc1b-38e7-3f51f80f357b,01208ba1-4225-4a61-be39-3afe03dad690,RO Water Issues,,,Low,bed_no_type_match,0,,,
22d47b77-1bc2-30a2-8c9d-79b6a8fa7adb,VISH-26-02-0819,f284b25b-d762-1399-a12e-ba7ffa6b6f97,574de174-c7bb-bc11-f282-cff2aa2501c5,B22,8e7cf1aa-84ce-dc1b-38e7-3f51f80f357b,47389994-b201-4bb1-bf91-8bce4dbde510,Other,,,Low,bed_issue_type_unmapped,5,,,
7ee2fea9-67aa-7357-5ea6-c4ca0aaf7fc1,VISH-25-07-0820,5fee0a79-3970-704a-2332-f7c7598e86c1,574de174-c7bb-bc11-f282-cff2aa2501c5,B22,a97d74e9-7adc-a35d-5a71-2ed6aea432be,a5831922-eaeb-48c2-941c-fd96fae8813d,AC Issues,,db7f65e5-9fe6-4986-a7ac-37fbdddff609,High,bed_type_unique,1,db7f65e5-9fe6-4986-a7ac-37fbdddff609,Air Conditioner,
864927b8-23a6-4604-b885-b882c3eaea80,VISH-2026-1101,8b48adf3-c14a-fa6d-9785-b4bcb35f8fbb,d2298bb8-a5e5-735a-c8ca-9b18c7daacd6,D41,d9438ef4-c18e-28ab-44ad-feab7ce72db5,caf6381e-5189-4c1f-bf0a-4dfd99d9b9e7,Washing machine Issue,2026-04-10 10:20:47.296352,,Low,bed_no_type_match,0,,,
47edf057-a884-4cb6-ae6e-5fbb26bcef22,VISH-2026-1106,83af11b3-a274-7404-3265-ec658f74f8cf,0a839c14-2a88-9896-c2f2-8d51fe610405,A24,25cdb264-370f-4be0-5004-6aeb735c94aa,e2aa2aaa-8af6-4807-9a4e-7665c5421eed,Furniture,2026-04-16 08:51:31.218197,1ed7ea1e-919f-4189-ac1c-92fbcc60760a,Verified,direct_asset_id,1,1ed7ea1e-919f-4189-ac1c-92fbcc60760a,Cupboard,
c858bfef-db3f-4d0f-f219-0519df977d44,VISH-25-07-0821,5fee0a79-3970-704a-2332-f7c7598e86c1,574de174-c7bb-bc11-f282-cff2aa2501c5,B22,a97d74e9-7adc-a35d-5a71-2ed6aea432be,e2aa2aaa-8af6-4807-9a4e-7665c5421eed,Furniture,,32de34c5-5da8-4ce6-84c3-4a6b8d7855eb,Medium,bed_type_multi,3,"32de34c5-5da8-4ce6-84c3-4a6b8d7855eb,8856a21d-821d-4515-8d16-e58c52243b7d,e5b92bd1-9976-4a99-93cc-d22f48e894b6",Mattress,
f878ae6d-c005-a23a-3984-6e38e2d10ed7,VISH-25-07-0822,5fee0a79-3970-704a-2332-f7c7598e86c1,574de174-c7bb-bc11-f282-cff2aa2501c5,B22,a97d74e9-7adc-a35d-5a71-2ed6aea432be,01208ba1-4225-4a61-be39-3afe03dad690,RO Water Issues,,,Low,bed_no_type_match,0,,,
9a5cacfe-adec-0b39-19f3-fff80dd71bce,VISH-25-08-0823,5fee0a79-3970-704a-2332-f7c7598e86c1,574de174-c7bb-bc11-f282-cff2aa2501c5,B22,a97d74e9-7adc-a35d-5a71-2ed6aea432be,caf6381e-5189-4c1f-bf0a-4dfd99d9b9e7,Washing machine Issue,,,Low,bed_no_type_match,0,,,
8b5381ba-acdf-03f6-6be7-6800dea7cbe9,VISH-25-09-0824,5fee0a79-3970-704a-2332-f7c7598e86c1,574de174-c7bb-bc11-f282-cff2aa2501c5,B22,a97d74e9-7adc-a35d-5a71-2ed6aea432be,28158382-d5c1-436c-927b-3e3d9855c2af,Electrical Issues,,0e9127c1-dd69-4c46-9126-a605af00881c,High,bed_type_unique,1,0e9127c1-dd69-4c46-9126-a605af00881c,Fan,
6093b3d1-66a4-6af6-6a8f-c38000ed54d3,VISH-25-10-0825,5fee0a79-3970-704a-2332-f7c7598e86c1,574de174-c7bb-bc11-f282-cff2aa2501c5,B22,a97d74e9-7adc-a35d-5a71-2ed6aea432be,28158382-d5c1-436c-927b-3e3d9855c2af,Electrical Issues,,0e9127c1-dd69-4c46-9126-a605af00881c,High,bed_type_unique,1,0e9127c1-dd69-4c46-9126-a605af00881c,Fan,
fe135c45-2c5f-ff36-9116-8e946fbcdf6d,VISH-25-11-0826,5fee0a79-3970-704a-2332-f7c7598e86c1,574de174-c7bb-bc11-f282-cff2aa2501c5,B22,a97d74e9-7adc-a35d-5a71-2ed6aea432be,01208ba1-4225-4a61-be39-3afe03dad690,RO Water Issues,,,Low,bed_no_type_match,0,,,
f3f9fb0f-bafa-4449-b1cc-708f927d4d18,VISH-2026-1105,,bde00681-ebfc-ef38-4f6e-4906a012de6b,B42,,d76dd3bd-ccb7-4991-a01f-ce158dfe908e,Plumbing,2026-04-15 08:54:24.762808,,Low,apartment_issue_type_unmapped,45,,,
6ce14ba3-0273-dec5-c6e8-ce50b7f82458,VISH-25-11-0827,5fee0a79-3970-704a-2332-f7c7598e86c1,574de174-c7bb-bc11-f282-cff2aa2501c5,B22,a97d74e9-7adc-a35d-5a71-2ed6aea432be,01208ba1-4225-4a61-be39-3afe03dad690,RO Water Issues,,,Low,bed_no_type_match,0,,,
c1d1b7b9-f412-3169-3a23-1dc873449273,VISH-25-12-0828,5fee0a79-3970-704a-2332-f7c7598e86c1,574de174-c7bb-bc11-f282-cff2aa2501c5,B22,a97d74e9-7adc-a35d-5a71-2ed6aea432be,28158382-d5c1-436c-927b-3e3d9855c2af,Electrical Issues,,0e9127c1-dd69-4c46-9126-a605af00881c,High,bed_type_unique,1,0e9127c1-dd69-4c46-9126-a605af00881c,Fan,
62af6e4b-83dc-31fe-466b-e27a73446760,VISH-26-01-0829,5fee0a79-3970-704a-2332-f7c7598e86c1,574de174-c7bb-bc11-f282-cff2aa2501c5,B22,a97d74e9-7adc-a35d-5a71-2ed6aea432be,01208ba1-4225-4a61-be39-3afe03dad690,RO Water Issues,,,Low,bed_no_type_match,0,,,
0f76e7a0-46f8-6d73-2b28-b0e2719414a0,VISH-26-01-0830,5fee0a79-3970-704a-2332-f7c7598e86c1,574de174-c7bb-bc11-f282-cff2aa2501c5,B22,a97d74e9-7adc-a35d-5a71-2ed6aea432be,28158382-d5c1-436c-927b-3e3d9855c2af,Electrical Issues,,0e9127c1-dd69-4c46-9126-a605af00881c,High,bed_type_unique,1,0e9127c1-dd69-4c46-9126-a605af00881c,Fan,
0a213065-021d-087d-4cd0-6c6b6161e442,VISH-25-09-0831,61031b0a-ef18-26aa-64b7-d412d7b3d276,2fc42a4f-fe5a-ae08-0e4e-2c89ca71db85,B11,66aab816-d365-9068-e62c-3d82356d8021,01208ba1-4225-4a61-be39-3afe03dad690,RO Water Issues,,,Low,bed_no_type_match,0,,,
007e589d-aa52-be62-0044-c5682cf9ff5d,VISH-25-09-0832,61031b0a-ef18-26aa-64b7-d412d7b3d276,2fc42a4f-fe5a-ae08-0e4e-2c89ca71db85,B11,66aab816-d365-9068-e62c-3d82356d8021,e2aa2aaa-8af6-4807-9a4e-7665c5421eed,Furniture,,000544bc-948e-4bf2-8468-a3384971f1e6,Medium,bed_type_multi,3,"000544bc-948e-4bf2-8468-a3384971f1e6,228fef1d-e37e-4738-b26a-cae6c84a797a,2bbe28a7-9d1b-4ef1-b24c-9b2efd828a68",Cot (Bed Frame),
a9236a7f-e98b-f82b-31fb-adbe52054ca5,VISH-26-01-0833,be68c44d-d4d2-478a-7b1e-c9c3fefac406,a361bd0d-c2c1-2aee-6303-d65de004edd0,B24,a45df4b7-c5f0-7a91-40d4-49b836a85b7d,caf6381e-5189-4c1f-bf0a-4dfd99d9b9e7,Washing machine Issue,,,Low,bed_no_type_match,0,,,
fbda59df-22f8-673b-b07b-95492ef1337b,VISH-25-09-0834,5b45a840-9d6c-242e-0e2f-2e2c972c2eec,990e8a3e-a69c-7b31-f606-3eeb21e3d4c6,C34,75895052-85e6-0a26-47e6-53c1e763d4da,caf6381e-5189-4c1f-bf0a-4dfd99d9b9e7,Washing machine Issue,,,Low,bed_no_type_match,0,,,
a953844f-7a56-1195-4b84-ed1481c2e445,VISH-25-12-0835,5b45a840-9d6c-242e-0e2f-2e2c972c2eec,990e8a3e-a69c-7b31-f606-3eeb21e3d4c6,C34,75895052-85e6-0a26-47e6-53c1e763d4da,47389994-b201-4bb1-bf91-8bce4dbde510,Other,,,Low,bed_issue_type_unmapped,12,,,
2326e405-37ae-3906-152a-102bb782de8b,VISH-25-12-0836,5b45a840-9d6c-242e-0e2f-2e2c972c2eec,990e8a3e-a69c-7b31-f606-3eeb21e3d4c6,C34,75895052-85e6-0a26-47e6-53c1e763d4da,d76dd3bd-ccb7-4991-a01f-ce158dfe908e,Plumbing,,,Low,bed_issue_type_unmapped,12,,,
154c14c7-590e-44b2-bae9-8cc1ec79bdac,VISH-2026-1104,,dc4adc21-f501-0573-2e9a-d7bbbc89e5d6,D11,1d32450f-df9e-cfb4-05c2-61f3c4efc50e,e2aa2aaa-8af6-4807-9a4e-7665c5421eed,Furniture,2026-04-15 08:53:31.130046,,Low,apartment_type_many,27,"0ea8c39f-bb94-4db7-a15c-172e6f74e4d8,10d695bc-f929-4f9a-835e-f5f272128e47,17957fac-cf0a-45ec-a106-d445925da1e0,25a7ebc5-6cf7-4eab-8a97-6a1347eea0bb,2f4632a4-122d-4877-8f71-bc3618e56677,3d8a59c1-825f-4b5f-97d1-ef05e6260424,3f10af6c-d4e1-4d29-89f8-56c741d2c8b9,40a65f50-20cf-4631-b949-2be9a125a7cd,4a517757-b1a9-468c-9dba-216e104e9ad9,5fac2cd5-3c3b-404b-8787-fe7496fe76f6,6ccbe5a4-2e5d-4ece-9074-039a98590de0,6d1785a8-1f78-4c30-ab03-dda0f15a282e,718a0082-d5e2-4e95-ac15-70bc14f4dd18,7e97db74-404f-43de-950c-2fb34dbd70db,84b5415d-929f-4555-af57-6320e96ad816,92552377-55a9-4b88-8f83-998d8bfcb72b,a1558217-d3cf-4def-885b-e0db879fd72e,aa849c29-c7ab-4374-ba10-cd79a303f3af,b04c7975-b41a-4a6a-b82c-15c29e4d7f32,b574a563-60e4-4abc-828f-0208ffa9840b,b5878a56-04de-4945-9873-41959ba93e37,ce9b9756-33b0-4d04-b64a-6af7fcbca6cf,d62e228c-2695-46b3-8a0a-c307c04b84c8,d6431127-7862-4964-a4d8-3e15e2118a4b,e570c8cf-9460-4125-97cc-4c2924fe5882,ea804b5d-ce6d-455f-b01a-8cc27d0595eb,f0ab2a84-12dd-46f5-bdb4-496336356ecb",,
a6bf74c0-61b5-353f-aa2e-4740e153d3b4,VISH-26-01-0837,5b45a840-9d6c-242e-0e2f-2e2c972c2eec,990e8a3e-a69c-7b31-f606-3eeb21e3d4c6,C34,75895052-85e6-0a26-47e6-53c1e763d4da,ec405235-70e9-407e-9aa2-b877f8f36af8,Fridge Issues,,,Low,bed_no_type_match,0,,,
25e9589e-699d-5219-577f-b0c37e301a54,VISH-26-02-0838,5b45a840-9d6c-242e-0e2f-2e2c972c2eec,990e8a3e-a69c-7b31-f606-3eeb21e3d4c6,C34,75895052-85e6-0a26-47e6-53c1e763d4da,7917cc13-aaca-4558-a2c2-8be5cd8fc159,Internet Issues,,,Low,bed_issue_type_unmapped,12,,,
a735d8a3-de99-acf1-d943-33a386ad48cf,VISH-26-02-0839,5b45a840-9d6c-242e-0e2f-2e2c972c2eec,990e8a3e-a69c-7b31-f606-3eeb21e3d4c6,C34,75895052-85e6-0a26-47e6-53c1e763d4da,7917cc13-aaca-4558-a2c2-8be5cd8fc159,Internet Issues,,,Low,bed_issue_type_unmapped,12,,,
1948f55b-f4aa-e1b7-6c49-db9dbac439a9,VISH-26-03-0840,5b45a840-9d6c-242e-0e2f-2e2c972c2eec,990e8a3e-a69c-7b31-f606-3eeb21e3d4c6,C34,75895052-85e6-0a26-47e6-53c1e763d4da,47389994-b201-4bb1-bf91-8bce4dbde510,Other,,,Low,bed_issue_type_unmapped,12,,,
6d16f9b1-debb-9ee4-d988-b757a0350cf7,VISH-25-07-0841,f6c5c3d2-ceda-6c7f-aa96-359c7dc9ee92,bde00681-ebfc-ef38-4f6e-4906a012de6b,B42,83a7b624-6ba5-7e9f-53eb-acd6d0ab5bb4,d76dd3bd-ccb7-4991-a01f-ce158dfe908e,Plumbing,,,Low,bed_issue_type_unmapped,9,,,
88d9b06e-58e2-d7d0-46f7-a41b77505c6e,VISH-25-07-0842,f6c5c3d2-ceda-6c7f-aa96-359c7dc9ee92,bde00681-ebfc-ef38-4f6e-4906a012de6b,B42,83a7b624-6ba5-7e9f-53eb-acd6d0ab5bb4,e2aa2aaa-8af6-4807-9a4e-7665c5421eed,Furniture,,,Low,bed_type_many,6,"2090b006-fc59-4cd9-8445-ed44e8cd133b,35eb362f-8216-406f-9e55-3166a3231a6d,4c2a4a38-3f00-4c96-9168-3755931b1a7a,50bb456b-b3ae-4482-b305-26ca52681629,a625556f-aa22-4aef-ab94-d6aa22590675,f58d98a6-8140-4810-b1d7-061beb5fd095",,
eb253da6-91b6-dd8a-77bf-8cf5f11a75a3,VISH-25-07-0843,f6c5c3d2-ceda-6c7f-aa96-359c7dc9ee92,bde00681-ebfc-ef38-4f6e-4906a012de6b,B42,83a7b624-6ba5-7e9f-53eb-acd6d0ab5bb4,e2aa2aaa-8af6-4807-9a4e-7665c5421eed,Furniture,,,Low,bed_type_many,6,"2090b006-fc59-4cd9-8445-ed44e8cd133b,35eb362f-8216-406f-9e55-3166a3231a6d,4c2a4a38-3f00-4c96-9168-3755931b1a7a,50bb456b-b3ae-4482-b305-26ca52681629,a625556f-aa22-4aef-ab94-d6aa22590675,f58d98a6-8140-4810-b1d7-061beb5fd095",,
da09fe1c-7d29-2e41-3605-6daeee02dcf5,VISH-25-07-0844,f6c5c3d2-ceda-6c7f-aa96-359c7dc9ee92,bde00681-ebfc-ef38-4f6e-4906a012de6b,B42,83a7b624-6ba5-7e9f-53eb-acd6d0ab5bb4,01208ba1-4225-4a61-be39-3afe03dad690,RO Water Issues,,,Low,bed_no_type_match,0,,,
71f582cc-7db3-4fbb-f6ee-121469b7f04e,VISH-25-07-0845,f6c5c3d2-ceda-6c7f-aa96-359c7dc9ee92,bde00681-ebfc-ef38-4f6e-4906a012de6b,B42,83a7b624-6ba5-7e9f-53eb-acd6d0ab5bb4,7917cc13-aaca-4558-a2c2-8be5cd8fc159,Internet Issues,,,Low,bed_issue_type_unmapped,9,,,
996a9c60-67ca-370a-023a-672e0ebf1781,VISH-25-08-0846,f6c5c3d2-ceda-6c7f-aa96-359c7dc9ee92,bde00681-ebfc-ef38-4f6e-4906a012de6b,B42,83a7b624-6ba5-7e9f-53eb-acd6d0ab5bb4,01208ba1-4225-4a61-be39-3afe03dad690,RO Water Issues,,,Low,bed_no_type_match,0,,,
d24ca09b-494b-4bda-992a-aad57b478ff5,VISH-2026-0018,2631ddfd-660e-8719-1876-82cf88e13a60,77c3a6fd-4651-d880-29aa-abd19c8324df,C21,98fd7f93-0ba0-1cf1-aa22-36fa6d3816ed,01208ba1-4225-4a61-be39-3afe03dad690,RO Water Issues,2026-04-06 13:45:11.147679,0dcfad8a-af37-4c71-8097-1d78e2f17a6f,Verified,direct_asset_id,1,0dcfad8a-af37-4c71-8097-1d78e2f17a6f,RO Water Purifier,
dc7afc7b-d90e-4653-bc2a-9c1262ca0c1a,VIST-26-06-00104,e0174322-3fb7-483f-91a0-61b903ae3e49,79853a4a-cb02-508c-e041-7e23378aec9c,A41,e0a547db-d8f2-1e21-a742-6f7c135bd802,a5831922-eaeb-48c2-941c-fd96fae8813d,AC Issues,2026-06-28 17:44:58.824854,,Low,apartment_type_many,4,"71701352-6d07-4b20-b6f7-7b70117dd5a3,9b9582bc-1a57-4820-80ae-ce7589129083,9d7eb51b-a72a-427a-96d1-b9977571e892,cd2cff77-0bf2-48a6-a0df-59635215d520",,
3c18ed0c-e9be-4828-9078-59cfa6e3179f,VISH-2026-1097,4505ca5d-0961-03c9-5943-ffda2a5ae270,c17c5093-48b7-139f-ebfc-1cd33ef5179c,D12,5926f2d3-f34a-ae71-03bd-8c67d6660d49,47389994-b201-4bb1-bf91-8bce4dbde510,Other,2026-04-09 12:45:54.027844,9967095e-fa20-4c7b-8c3f-6bc419b14c46,Verified,direct_asset_id,1,9967095e-fa20-4c7b-8c3f-6bc419b14c46,Cot (Bed Frame),
0eb9ee9c-0ec2-8abd-d2ea-67f6a73d7c1f,VISH-25-09-0847,f6c5c3d2-ceda-6c7f-aa96-359c7dc9ee92,bde00681-ebfc-ef38-4f6e-4906a012de6b,B42,83a7b624-6ba5-7e9f-53eb-acd6d0ab5bb4,caf6381e-5189-4c1f-bf0a-4dfd99d9b9e7,Washing machine Issue,,,Low,bed_no_type_match,0,,,
5f1a2e15-b570-0961-2451-abc86328f2ed,VISH-25-09-0848,f6c5c3d2-ceda-6c7f-aa96-359c7dc9ee92,bde00681-ebfc-ef38-4f6e-4906a012de6b,B42,83a7b624-6ba5-7e9f-53eb-acd6d0ab5bb4,01208ba1-4225-4a61-be39-3afe03dad690,RO Water Issues,,,Low,bed_no_type_match,0,,,
394dcf20-0869-2a1f-4e31-aeaa4352c461,VISH-26-02-0849,f6c5c3d2-ceda-6c7f-aa96-359c7dc9ee92,bde00681-ebfc-ef38-4f6e-4906a012de6b,B42,83a7b624-6ba5-7e9f-53eb-acd6d0ab5bb4,e2aa2aaa-8af6-4807-9a4e-7665c5421eed,Furniture,,,Low,bed_type_many,6,"2090b006-fc59-4cd9-8445-ed44e8cd133b,35eb362f-8216-406f-9e55-3166a3231a6d,4c2a4a38-3f00-4c96-9168-3755931b1a7a,50bb456b-b3ae-4482-b305-26ca52681629,a625556f-aa22-4aef-ab94-d6aa22590675,f58d98a6-8140-4810-b1d7-061beb5fd095",,
8d77f862-4d8d-749d-00c2-a8407330ac9e,VISH-25-07-0850,57478035-8e15-2e54-5cb6-2f22777ee909,ffbd5fe0-d9b3-cb55-cfd7-2d72a3498109,B43,6e45aca0-18fa-334d-4711-4da7cc94e30f,01208ba1-4225-4a61-be39-3afe03dad690,RO Water Issues,,,Low,bed_no_type_match,0,,,
525c5c90-12dd-3ba9-ab53-cf84e532bec4,VISH-25-07-0851,57dbc7f1-ef9c-8f08-5ca3-148c520d5a2b,a361bd0d-c2c1-2aee-6303-d65de004edd0,B24,a4def813-d3a1-fa98-de2f-18ad2a9699a7,d76dd3bd-ccb7-4991-a01f-ce158dfe908e,Plumbing,,,Low,bed_issue_type_unmapped,4,,,
067a756e-c2f3-dc7c-4197-e6492313dcd8,VISH-25-08-0852,57dbc7f1-ef9c-8f08-5ca3-148c520d5a2b,a361bd0d-c2c1-2aee-6303-d65de004edd0,B24,a4def813-d3a1-fa98-de2f-18ad2a9699a7,01208ba1-4225-4a61-be39-3afe03dad690,RO Water Issues,,,Low,bed_no_type_match,0,,,
f3c02af0-eb73-f73d-2fea-bfe940813ecb,VISH-25-09-0853,57dbc7f1-ef9c-8f08-5ca3-148c520d5a2b,a361bd0d-c2c1-2aee-6303-d65de004edd0,B24,a4def813-d3a1-fa98-de2f-18ad2a9699a7,a5831922-eaeb-48c2-941c-fd96fae8813d,AC Issues,,,Low,bed_no_type_match,0,,,
d722759f-6f57-45cf-bb2e-49ce36bafeeb,VIST-26-04-00035,bdcc24e3-6077-3ea9-b25e-2747d0f07be7,bc7f358d-0d6d-f95f-ff80-9089eefdef69,B44,3ba3be35-43a3-79f2-d76c-617b73cd813d,01208ba1-4225-4a61-be39-3afe03dad690,RO Water Issues,2026-04-24 16:14:47.613392,,Low,bed_no_type_match,0,,,
aecce5fb-e812-42f2-9ac3-2c17e70ce753,VIST-26-05-00130,,03edc7c5-4c46-b55e-523d-9fb7be29910b,A44,42541fce-4dd2-805a-5d01-5aa7e5db8726,e2aa2aaa-8af6-4807-9a4e-7665c5421eed,Furniture,2026-05-27 08:29:14.906259,85bff95a-36d4-4788-bb27-cdbb588024e9,Verified,direct_asset_id,1,85bff95a-36d4-4788-bb27-cdbb588024e9,Cupboard,
cc7736c0-bc35-388d-a03b-af0e444a9570,VISH-25-09-0854,57dbc7f1-ef9c-8f08-5ca3-148c520d5a2b,a361bd0d-c2c1-2aee-6303-d65de004edd0,B24,a4def813-d3a1-fa98-de2f-18ad2a9699a7,d76dd3bd-ccb7-4991-a01f-ce158dfe908e,Plumbing,,,Low,bed_issue_type_unmapped,4,,,
f8644a82-b623-fa56-b619-4fc6e2ac5a1c,VISH-25-10-0855,57dbc7f1-ef9c-8f08-5ca3-148c520d5a2b,a361bd0d-c2c1-2aee-6303-d65de004edd0,B24,a4def813-d3a1-fa98-de2f-18ad2a9699a7,d76dd3bd-ccb7-4991-a01f-ce158dfe908e,Plumbing,,,Low,bed_issue_type_unmapped,4,,,
89e3ef14-fc95-bf03-5a85-798e197ed316,VISH-25-10-0856,57dbc7f1-ef9c-8f08-5ca3-148c520d5a2b,a361bd0d-c2c1-2aee-6303-d65de004edd0,B24,a4def813-d3a1-fa98-de2f-18ad2a9699a7,d76dd3bd-ccb7-4991-a01f-ce158dfe908e,Plumbing,,,Low,bed_issue_type_unmapped,4,,,
90a1c3c9-607c-437f-8426-657c5eb02294,VIST-26-05-00113,ba8dd5e0-ed0e-8b6a-7098-2732476feb31,dc4adc21-f501-0573-2e9a-d7bbbc89e5d6,D11,433269e6-beef-04d8-7738-12f887009657,c5f1c3c0-af88-4c54-9730-ebffed128bc9,Kitchen Equipment,2026-05-22 15:48:02.277026,cce831ad-398f-49b4-adf2-b594419b2f62,Verified,direct_asset_id,1,cce831ad-398f-49b4-adf2-b594419b2f62,Microwave Oven,
ef8c3a1d-43af-4961-8357-cf070d80c051,VIST-26-05-00020,491b8136-32a1-37c5-5253-b53ff3991d86,77c3a6fd-4651-d880-29aa-abd19c8324df,C21,77dab2f4-7c09-59d1-5a0a-8473cdf46d8d,7917cc13-aaca-4558-a2c2-8be5cd8fc159,Internet Issues,2026-05-03 04:34:23.611553,,Low,bed_issue_type_unmapped,5,,,
563ac94b-7456-4248-8168-c966fdfc62e8,VIST-26-05-00019,9541a16d-d020-eb78-80f1-a4a2d4b7775f,77c3a6fd-4651-d880-29aa-abd19c8324df,C21,2ac95711-7b8e-8315-eae3-c0ad2ace7ade,7917cc13-aaca-4558-a2c2-8be5cd8fc159,Internet Issues,2026-05-03 03:44:56.423237,,Low,bed_issue_type_unmapped,1,,,
2e989071-829e-4249-8612-aa3fcf326aa7,VIST-26-06-00020,44bf5771-a669-438c-a190-88aab999cfae,188aee4d-68e0-1ddb-38e6-a946bc75072d,A12,3e81e085-89a3-9615-e293-bf826bf9b08f,47389994-b201-4bb1-bf91-8bce4dbde510,Other,2026-06-06 12:05:02.050707,,Low,bed_issue_type_unmapped,7,,,
9e2d3ac5-79ba-434f-ac2a-77579bd93806,VISH-2026-0034,4628a4bf-d4c5-9e5d-471c-271b9f3e7d03,82b270bf-e567-2deb-5ef3-495baafd7645,B14,a99a7569-c4ba-31c0-62a9-b5fdc33d6863,a25aca1b-211b-41d3-ab08-78bd2b9541e8,Toilet Issues,2026-04-09 03:01:20.817457,,Low,bed_no_type_match,0,,,
8709bba9-ca03-4034-9bc8-85f2f2143034,VIST-26-07-00071,1a171004-7682-1c39-e6a2-758b668c33b0,a361bd0d-c2c1-2aee-6303-d65de004edd0,B24,8aaf14fc-4fb9-d280-3018-d757243c952b,a5831922-eaeb-48c2-941c-fd96fae8813d,AC Issues,2026-07-22 14:44:43.022495,1f66dc02-27aa-4363-bd97-2df70371ebb0,Medium,apartment_type_multi,2,"1f66dc02-27aa-4363-bd97-2df70371ebb0,ce9964be-389f-4a84-b81c-ea22ddc62eb4",Air Conditioner,
b16a2495-69ed-4671-9dfd-adf008115c06,VIST-26-05-00025,bcf8ffc1-fd5c-f6ab-0453-7a73c73786dd,c2ff0c11-4d1b-7b9b-b93c-aa37c9b6c40b,D21,16d9e7d4-a079-cc9d-1fb4-b96de3cb70dd,a5831922-eaeb-48c2-941c-fd96fae8813d,AC Issues,2026-05-04 10:34:54.317045,,Low,bed_no_type_match,0,,,
22eb3c39-c0bd-440d-b24b-ba80aa6cdb26,VIST-26-05-00023,bcf8ffc1-fd5c-f6ab-0453-7a73c73786dd,c2ff0c11-4d1b-7b9b-b93c-aa37c9b6c40b,D21,16d9e7d4-a079-cc9d-1fb4-b96de3cb70dd,abc84f5b-a950-406e-ab46-cefbe11df925,Cleaning Issues,2026-05-04 10:29:34.166439,,Low,bed_issue_type_unmapped,6,,,
fbb9b65c-9764-4f57-908b-cb419814fd61,VIST-26-05-00022,00ff5468-3680-2a12-23e4-82855ab3c697,10c6863d-07c3-4fc4-94f9-6adc29157ce1,C31,32dfa2d6-dbf8-4dd2-90a0-e664e838b0ac,a5831922-eaeb-48c2-941c-fd96fae8813d,AC Issues,2026-05-04 02:40:14.966151,d9a2ce08-6abd-43c3-bbf2-33b0c187a3b5,High,bed_type_unique,1,d9a2ce08-6abd-43c3-bbf2-33b0c187a3b5,Air Conditioner,
4c3d4b48-972e-46e0-90d8-d6b7a2653e36,VIST-26-04-00026,9653a402-ff75-bbdf-8cc6-1cb0ca01f233,49ed1c8e-3653-c89b-ec74-16d8e20bb923,B34,c2468504-0b8f-0d2a-dded-dff98fde1028,28158382-d5c1-436c-927b-3e3d9855c2af,Electrical Issues,2026-04-23 06:11:13.333637,08e5cc48-188f-4df9-a3a8-b64c053b1241,High,bed_type_unique,1,08e5cc48-188f-4df9-a3a8-b64c053b1241,Fan,
77e65fde-9cf0-48bf-88ea-b73d492d7402,VIST-26-07-00101,e0174322-3fb7-483f-91a0-61b903ae3e49,79853a4a-cb02-508c-e041-7e23378aec9c,A41,e0a547db-d8f2-1e21-a742-6f7c135bd802,47389994-b201-4bb1-bf91-8bce4dbde510,Other,2026-07-30 07:59:58.776526,,Low,apartment_issue_type_unmapped,49,,,
768547d3-d472-4ce0-9930-cfe1ef655793,VIST-26-04-00037,a4709d2c-85e2-3d68-7467-1eaf879ba2c9,990e8a3e-a69c-7b31-f606-3eeb21e3d4c6,C34,f226894e-3765-1bd7-6cda-03e887bc56b3,47389994-b201-4bb1-bf91-8bce4dbde510,Other,2026-04-25 07:28:38.934570,,Low,bed_issue_type_unmapped,4,,,
230eeb01-de31-420e-bcc1-9eaee856ece8,VIST-26-06-00054,51c3d3a9-bfa0-4a8e-a687-3ef46bc022cc,fb5cedd6-2992-1c62-7fba-4a7a6b43b2ff,C43,39eacd05-ff7e-5541-7fe2-feddf8854c55,d76dd3bd-ccb7-4991-a01f-ce158dfe908e,Plumbing,2026-06-15 03:39:37.171003,9e83589c-0310-479c-9453-b3da59f7e07d,Verified,direct_asset_id,1,9e83589c-0310-479c-9453-b3da59f7e07d,Water Heater,
f8c6f83f-55ab-4ed2-a212-452d032d8223,VIST-26-04-00073,d77b5c1e-605d-6795-5eee-1e2f9b83e069,49ed1c8e-3653-c89b-ec74-16d8e20bb923,B34,18cdbd64-ea17-6578-2f54-2b5ad8a2c7fe,caf6381e-5189-4c1f-bf0a-4dfd99d9b9e7,Washing machine Issue,2026-04-28 16:17:59.512316,,Low,bed_no_type_match,0,,,
32cb1ee0-419b-40de-aef5-b94e94f94f20,VIST-26-05-00085,618f174c-7c45-cb54-907b-cacc78483918,c17c5093-48b7-139f-ebfc-1cd33ef5179c,D12,d938459f-29e8-72b7-85d9-59b6df6db501,abc84f5b-a950-406e-ab46-cefbe11df925,Cleaning Issues,2026-05-17 12:14:48.386488,,Low,bed_issue_type_unmapped,7,,,
ed0e68ba-fe8c-4d06-a47a-284d03626f7e,VISH-2026-0053,e99afa10-6249-3f5b-4364-da75f89e34f9,dd96a329-ec95-e96a-1348-69d976f39cd4,C12,f64ad55d-d5e9-6b9e-9676-efeb66d20201,a5831922-eaeb-48c2-941c-fd96fae8813d,AC Issues,2026-04-30 07:06:50.094941,,Low,bed_no_type_match,0,,,
de899f7a-76a9-4f06-bf71-892c57ca7b22,VIST-26-06-00028,,dc4adc21-f501-0573-2e9a-d7bbbc89e5d6,D11,55651f47-6f7b-13b3-1e26-3ca9b9e5e72d,abc84f5b-a950-406e-ab46-cefbe11df925,Cleaning Issues,2026-06-08 06:38:20.435037,,Low,apartment_issue_type_unmapped,41,,,
7a84dc8b-7e56-4002-b996-5d8ebf44054f,VIST-26-04-00016,,dd96a329-ec95-e96a-1348-69d976f39cd4,C12,43a9bdbb-3395-d921-f3e4-2c43057aa600,abc84f5b-a950-406e-ab46-cefbe11df925,Cleaning Issues,2026-04-22 08:29:22.391907,,Low,apartment_issue_type_unmapped,48,,,
d574a779-6597-4856-988f-98fb961bbacc,VIST-26-04-00045,f16a668c-ea8a-b26d-9dff-4da3c53fccc7,1b4d1066-8fe4-199b-7b3b-39e4bded9714,C41,e490e3a6-9e5c-a6b8-a156-bfb492b8b0a4,caf6381e-5189-4c1f-bf0a-4dfd99d9b9e7,Washing machine Issue,2026-04-26 17:12:26.228198,,Low,bed_no_type_match,0,,,
c3120da0-ba49-4a90-872a-19d881add1e0,VIST-26-04-00036,a4709d2c-85e2-3d68-7467-1eaf879ba2c9,990e8a3e-a69c-7b31-f606-3eeb21e3d4c6,C34,f226894e-3765-1bd7-6cda-03e887bc56b3,a5831922-eaeb-48c2-941c-fd96fae8813d,AC Issues,2026-04-25 07:27:58.701408,03f8aa98-9864-42fd-921e-06eddab47e98,Verified,direct_asset_id,1,03f8aa98-9864-42fd-921e-06eddab47e98,Air Conditioner,
4f43e97f-c4e1-4156-988a-54c9f6c99e72,VIST-26-04-00027,,bc7f358d-0d6d-f95f-ff80-9089eefdef69,B44,9570bcbc-dd00-294f-7a17-6204b4b0a29b,47389994-b201-4bb1-bf91-8bce4dbde510,Other,2026-04-23 06:44:10.557851,,Low,bed_issue_type_unmapped,8,,,
2d04137c-1bbf-4263-b67e-e5d876b7df10,VIST-26-04-00029,df5ea39c-c069-5211-271d-f0d3831adefa,bde00681-ebfc-ef38-4f6e-4906a012de6b,B42,3a185413-10c3-cb63-5dcd-e49b06ca0d51,7917cc13-aaca-4558-a2c2-8be5cd8fc159,Internet Issues,2026-04-24 05:25:23.450400,,Low,bed_issue_type_unmapped,6,,,
9bd4d358-7776-4a11-a6f5-84023090ca9c,VIST-26-04-00043,,bc7f358d-0d6d-f95f-ff80-9089eefdef69,B44,90eedc35-b872-5505-a86d-2824a91e518c,28158382-d5c1-436c-927b-3e3d9855c2af,Electrical Issues,2026-04-25 10:55:58.590608,b9946d2d-f501-45d7-a5ac-b01a089c7f80,Verified,direct_asset_id,1,b9946d2d-f501-45d7-a5ac-b01a089c7f80,Fan,
5d341a5d-b7e7-4e8d-97fb-bf57a2426652,VIST-26-04-00024,79e31f6f-69dc-a40c-27d7-3f076878f83c,fb5cedd6-2992-1c62-7fba-4a7a6b43b2ff,C43,97486463-9125-9851-3039-04f213b371d4,caf6381e-5189-4c1f-bf0a-4dfd99d9b9e7,Washing machine Issue,2026-04-23 05:46:10.524614,,Low,bed_no_type_match,0,,,
35df53c4-12a2-4134-a0ae-df8575e49a09,VIST-26-05-00083,389859df-460c-4966-a71d-eb7bbebae67b,9d5d0096-0b78-a663-1142-be871dfa2bda,C42,b67440c5-1089-ccdb-bb31-3211a4ee4d0e,47389994-b201-4bb1-bf91-8bce4dbde510,Other,2026-05-17 07:04:25.128719,f866875c-8a32-49d0-b600-259b7d35c158,Verified,direct_asset_id,1,f866875c-8a32-49d0-b600-259b7d35c158,Cupboard,
2d713c73-7e76-4895-a544-5c78e46173fb,VIST-26-04-00021,38305983-db92-2c3c-7949-96f7ca7833eb,211a2b33-4e94-3da1-7d97-406bc26036f5,A11,ebfa9ad2-0c93-9cd6-f85e-2d7449609b84,a25aca1b-211b-41d3-ab08-78bd2b9541e8,Toilet Issues,2026-04-23 03:54:24.630110,,Low,bed_no_type_match,0,,,
b88e51a5-f3cb-4174-bcae-781487f61548,VIST-26-04-00041,3b02f95a-b47e-1037-4f8a-f2f31e35c98e,b0d4d2c8-f6ee-bc16-ffd7-fc33c8db8571,A23,96bb1fe8-5e0d-fdd2-0b6f-94aa78cf0ba2,a5831922-eaeb-48c2-941c-fd96fae8813d,AC Issues,2026-04-25 10:27:17.030860,35ec240d-87ee-4bcc-b912-3116c4209142,High,bed_type_unique,1,35ec240d-87ee-4bcc-b912-3116c4209142,Air Conditioner,
a4a43033-febe-41a9-bbdd-2cfc86099aef,VISH-2026-0052,e99afa10-6249-3f5b-4364-da75f89e34f9,dd96a329-ec95-e96a-1348-69d976f39cd4,C12,f64ad55d-d5e9-6b9e-9676-efeb66d20201,d76dd3bd-ccb7-4991-a01f-ce158dfe908e,Plumbing,2026-04-30 07:00:47.140712,,Low,bed_issue_type_unmapped,3,,,
fe56c106-be83-4065-bacb-790bee4ee22f,VIST-26-07-00102,d4890451-59e6-45f4-a75f-b2199aa5a3a7,b0875d50-a469-821b-57c3-03ac62809198,C11,26ce09f1-599b-0d8d-aa06-c08db6a2dcde,28158382-d5c1-436c-927b-3e3d9855c2af,Electrical Issues,2026-07-30 17:01:08.357616,6e9f681a-1292-4cec-95d5-80c22a076e15,Verified,direct_asset_id,1,6e9f681a-1292-4cec-95d5-80c22a076e15,Fan,
1a7ff493-ce01-4c1a-b20d-7b9d7aa55994,VIST-26-04-00025,9653a402-ff75-bbdf-8cc6-1cb0ca01f233,49ed1c8e-3653-c89b-ec74-16d8e20bb923,B34,c2468504-0b8f-0d2a-dded-dff98fde1028,caf6381e-5189-4c1f-bf0a-4dfd99d9b9e7,Washing machine Issue,2026-04-23 06:10:22.974298,,Low,bed_no_type_match,0,,,
610ea2c6-67f4-40c1-a0d2-df6fe5f536f6,VIST-26-05-00027,1932ea80-c6eb-874e-eca8-12410fa7a608,c2ff0c11-4d1b-7b9b-b93c-aa37c9b6c40b,D21,f060fd98-620b-0d6c-65cd-5090be241589,abc84f5b-a950-406e-ab46-cefbe11df925,Cleaning Issues,2026-05-04 13:52:09.640919,,Low,apartment_issue_type_unmapped,39,,,
f81606ff-f03d-4d5c-b8fb-6c0f5b46f70d,VIST-26-04-00052,251051cf-e3b5-5d37-918f-bf22b4875790,233cca0e-efcf-e631-d2fc-9997a6ba5706,C44,0b49669f-6579-fa2c-a871-13f7c9f46ae6,01208ba1-4225-4a61-be39-3afe03dad690,RO Water Issues,2026-04-27 12:50:44.040758,,Low,bed_no_type_match,0,,,
ac597c1a-68f7-49a5-8760-11224712adb6,VIST-26-04-00028,,bc7f358d-0d6d-f95f-ff80-9089eefdef69,B44,d0de95a5-b467-4d9d-9751-65ffd5a68dff,47389994-b201-4bb1-bf91-8bce4dbde510,Other,2026-04-23 06:45:03.098431,,Low,apartment_issue_type_unmapped,45,,,
cc255e0c-64bf-46b2-bb50-08ab25d1c967,VIST-26-04-00012,3b02f95a-b47e-1037-4f8a-f2f31e35c98e,b0d4d2c8-f6ee-bc16-ffd7-fc33c8db8571,A23,96bb1fe8-5e0d-fdd2-0b6f-94aa78cf0ba2,47389994-b201-4bb1-bf91-8bce4dbde510,Other,2026-04-21 14:00:10.342036,,Low,bed_issue_type_unmapped,9,,,
ba75932d-0505-4a0c-949b-84bc22c5eb59,VIST-26-04-00022,,bc7f358d-0d6d-f95f-ff80-9089eefdef69,B44,90eedc35-b872-5505-a86d-2824a91e518c,e2aa2aaa-8af6-4807-9a4e-7665c5421eed,Furniture,2026-04-23 04:03:15.407263,1b18f88c-8f4c-45c1-bf3d-4952c8a321b7,Verified,direct_asset_id,1,1b18f88c-8f4c-45c1-bf3d-4952c8a321b7,Cot (Bed Frame),
281b94ee-eecc-417c-8cf9-25b2cb80a2bc,VIST-26-05-00034,2ba81159-3fd3-401a-b806-4cf09e7dce86,5d204545-2f72-b89b-3190-a826b5ab6512,B12,f21233ef-4976-14c5-b37d-3c30b4a3a97a,a5831922-eaeb-48c2-941c-fd96fae8813d,AC Issues,2026-05-06 10:47:42.901159,d6d1e730-b764-4dfc-aeda-759b7c2ab0a9,High,bed_type_unique,1,d6d1e730-b764-4dfc-aeda-759b7c2ab0a9,Air Conditioner,
aac4f5a4-d8d3-4cc8-9292-e01278f8efc2,VIST-26-05-00084,618f174c-7c45-cb54-907b-cacc78483918,c17c5093-48b7-139f-ebfc-1cd33ef5179c,D12,d938459f-29e8-72b7-85d9-59b6df6db501,abc84f5b-a950-406e-ab46-cefbe11df925,Cleaning Issues,2026-05-17 12:14:24.956954,,Low,bed_issue_type_unmapped,7,,,
c8d729d3-993e-4f49-80c3-95b036fee0ce,VIST-26-05-00121,f2a00e3d-de04-40a3-6f41-a3ebfcab4a3c,188aee4d-68e0-1ddb-38e6-a946bc75072d,A12,547bd323-8dae-07db-7089-372cd8261276,54bc37a9-ef71-4e18-b896-593f71b161fa,Heater Issues,2026-05-24 18:27:17.188630,6b304c3f-616d-4dd8-ba7b-5c50efebba7d,Verified,direct_asset_id,1,6b304c3f-616d-4dd8-ba7b-5c50efebba7d,Water Heater,
e4dde419-3a46-4d6e-b263-48266ba1c497,VIST-26-05-00032,43774f3c-9ce6-fc78-7857-b8607c3e1966,a361bd0d-c2c1-2aee-6303-d65de004edd0,B24,9b9feba7-c6ce-bf0e-4b62-7c7541025927,abc84f5b-a950-406e-ab46-cefbe11df925,Cleaning Issues,2026-05-05 02:13:39.615748,,Low,bed_issue_type_unmapped,8,,,
93e90f49-e5d8-4bd3-8cc8-eaf91c0ecf63,VISH-2026-0015,f16a668c-ea8a-b26d-9dff-4da3c53fccc7,1b4d1066-8fe4-199b-7b3b-39e4bded9714,C41,e490e3a6-9e5c-a6b8-a156-bfb492b8b0a4,e2aa2aaa-8af6-4807-9a4e-7665c5421eed,Furniture,2026-04-04 15:48:58.786217,4464c94c-a1a3-4658-ae52-805edad1df56,Verified,direct_asset_id,1,4464c94c-a1a3-4658-ae52-805edad1df56,Bedside Table,
bdd973e0-2c3c-4f59-91eb-6b511ab1f88e,VIST-26-04-00048,,49ed1c8e-3653-c89b-ec74-16d8e20bb923,B34,18cdbd64-ea17-6578-2f54-2b5ad8a2c7fe,caf6381e-5189-4c1f-bf0a-4dfd99d9b9e7,Washing machine Issue,2026-04-27 05:51:51.652673,c0db2869-f692-4552-a037-2b4b57f03999,Verified,direct_asset_id,1,c0db2869-f692-4552-a037-2b4b57f03999,Washing Machine,
e4be2723-0b34-4274-a153-d5586ae48053,VIST-26-04-00047,c02eb961-2471-c285-9c28-fb9a12aaf70a,ffbd5fe0-d9b3-cb55-cfd7-2d72a3498109,B43,6e45aca0-18fa-334d-4711-4da7cc94e30f,a25aca1b-211b-41d3-ab08-78bd2b9541e8,Toilet Issues,2026-04-27 02:40:07.661920,,Low,bed_no_type_match,0,,,
5a1bcddb-2d8c-46b9-836e-c9260fac9645,VIST-26-05-00026,1932ea80-c6eb-874e-eca8-12410fa7a608,c2ff0c11-4d1b-7b9b-b93c-aa37c9b6c40b,D21,f060fd98-620b-0d6c-65cd-5090be241589,abc84f5b-a950-406e-ab46-cefbe11df925,Cleaning Issues,2026-05-04 13:51:31.855846,,Low,apartment_issue_type_unmapped,39,,,
8cb5baa2-ecba-4c2a-bb26-fab56d983ce5,VIST-26-07-00103,86cd2239-fa55-0389-437e-e8fd505dc931,03edc7c5-4c46-b55e-523d-9fb7be29910b,A44,abfa482f-64b8-5ca0-3072-e8345f44a317,a5831922-eaeb-48c2-941c-fd96fae8813d,AC Issues,2026-07-31 06:17:18.157811,4bca902d-8716-446e-b3b2-e01da0999fba,Verified,direct_asset_id,1,4bca902d-8716-446e-b3b2-e01da0999fba,Air Conditioner,
084a0c36-2582-40e3-8475-6aba20bc16fc,VIST-26-04-00018,,417c9738-a0f7-5a00-1091-37a9fd083dd6,B13,f9b73f69-33c8-b36d-daf6-c7078c00692c,ec405235-70e9-407e-9aa2-b877f8f36af8,Fridge Issues,2026-04-22 11:55:29.981933,,Low,bed_no_type_match,0,,,
d656424e-37a1-4a40-8922-ea466c6ab0e1,VIST-26-05-00003,a4ef95bf-1c7c-4c4d-0497-ae38085af6cc,990e8a3e-a69c-7b31-f606-3eeb21e3d4c6,C34,28adcae8-d3f2-7d01-473b-45f62020cdc0,caf6381e-5189-4c1f-bf0a-4dfd99d9b9e7,Washing machine Issue,2026-05-01 11:05:24.002508,,Low,bed_no_type_match,0,,,
ccba095f-b24b-4f5b-8598-7c8389259de9,VIST-26-06-00053,51c3d3a9-bfa0-4a8e-a687-3ef46bc022cc,fb5cedd6-2992-1c62-7fba-4a7a6b43b2ff,C43,39eacd05-ff7e-5541-7fe2-feddf8854c55,abc84f5b-a950-406e-ab46-cefbe11df925,Cleaning Issues,2026-06-15 03:37:01.735916,,Low,bed_issue_type_unmapped,6,,,
715031c3-cc29-4ff1-ae30-4ac0fcb63e01,VIST-26-06-00006,93eb3d6a-d35b-ef1f-83b8-7430b6ad1674,990e8a3e-a69c-7b31-f606-3eeb21e3d4c6,C34,e5f8d124-710a-6c9f-2667-88950dcc7e60,a5831922-eaeb-48c2-941c-fd96fae8813d,AC Issues,2026-06-02 07:36:42.774332,913bd3e8-1251-4191-882d-e8ea0cfe6e5b,Verified,direct_asset_id,1,913bd3e8-1251-4191-882d-e8ea0cfe6e5b,Air Conditioner,
6cf73c01-c30c-44e1-bf59-4d95d5c9907c,VIST-26-04-00056,00ff5468-3680-2a12-23e4-82855ab3c697,10c6863d-07c3-4fc4-94f9-6adc29157ce1,C31,32dfa2d6-dbf8-4dd2-90a0-e664e838b0ac,a5831922-eaeb-48c2-941c-fd96fae8813d,AC Issues,2026-04-28 08:11:26.989233,d9a2ce08-6abd-43c3-bbf2-33b0c187a3b5,Verified,direct_asset_id,1,d9a2ce08-6abd-43c3-bbf2-33b0c187a3b5,Air Conditioner,
488572a1-3596-4a89-9d85-69a2b47f3300,VIST-26-04-00054,6dd50e39-9843-4442-cc09-3b49fbe97fb9,2fc42a4f-fe5a-ae08-0e4e-2c89ca71db85,B11,b8e2da25-71c4-1b06-f7dd-e06f7f8f7741,a5831922-eaeb-48c2-941c-fd96fae8813d,AC Issues,2026-04-27 17:08:42.769588,40273ebc-52da-4130-82f8-a28b466d4adc,Verified,direct_asset_id,1,40273ebc-52da-4130-82f8-a28b466d4adc,Air Conditioner,
4f67d38e-db9d-4de3-be89-726052bf6887,VIST-26-04-00072,2631ddfd-660e-8719-1876-82cf88e13a60,77c3a6fd-4651-d880-29aa-abd19c8324df,C21,98fd7f93-0ba0-1cf1-aa22-36fa6d3816ed,01208ba1-4225-4a61-be39-3afe03dad690,RO Water Issues,2026-04-28 14:02:03.496851,,Low,bed_no_type_match,0,,,
46888dab-b407-4528-9d76-40eb2bd96486,VISH-2026-0023,146a8458-f956-54ed-317f-b99f7d16fff8,10c6863d-07c3-4fc4-94f9-6adc29157ce1,C31,dcfddc61-693e-2180-1cf6-f3e8e0dd40d8,7917cc13-aaca-4558-a2c2-8be5cd8fc159,Internet Issues,2026-04-07 04:52:16.113822,,Low,bed_issue_type_unmapped,4,,,
07125828-0af2-447b-88e1-cafa8a322705,VIST-26-06-00018,b2f85d5d-acf9-7c53-dc5b-0d3b67b462c5,10c6863d-07c3-4fc4-94f9-6adc29157ce1,C31,84952c96-2043-cf2d-46cc-061e64428c28,a5831922-eaeb-48c2-941c-fd96fae8813d,AC Issues,2026-06-05 07:21:21.260764,436099db-3a2e-4b9c-984c-ccb958ef972e,Verified,direct_asset_id,1,436099db-3a2e-4b9c-984c-ccb958ef972e,Air Conditioner,
9ef8dcc4-03ec-4ce8-82ed-9048516978d0,VIST-26-04-00062,,1183b300-b9ae-5e28-acb2-304cb2fd36db,D13A,,28158382-d5c1-436c-927b-3e3d9855c2af,Electrical Issues,2026-04-28 11:12:23.020247,,Unmapped,no_allocation_pool,0,,,
38e5fe3c-4ec9-4649-bf1a-efd37e8651e2,VIST-26-04-00063,,1183b300-b9ae-5e28-acb2-304cb2fd36db,D13A,,e2aa2aaa-8af6-4807-9a4e-7665c5421eed,Furniture,2026-04-28 11:13:17.139283,,Unmapped,no_allocation_pool,0,,,
b2e5ca4c-34ae-4c4d-a445-bc5428ec5062,VISH-2026-1099,1a3b6c74-26e1-7124-0b5c-7f783d71624d,ffbd5fe0-d9b3-cb55-cfd7-2d72a3498109,B43,717b9b58-969a-8452-088a-972edaf5da24,01208ba1-4225-4a61-be39-3afe03dad690,RO Water Issues,2026-04-10 06:54:05.763438,c44baed9-eb09-45bc-ab4d-eaba9a19d7ff,Verified,direct_asset_id,1,c44baed9-eb09-45bc-ab4d-eaba9a19d7ff,RO Water Purifier,2024-08-02
32eeede6-e4e3-40c2-9aab-c6ec2fe74563,VIST-26-05-00119,55e6e452-fae2-a5ac-3c12-21424bffbcac,9d5d0096-0b78-a663-1142-be871dfa2bda,C42,5964e174-4d85-43f8-388d-3f66a1ecbd0e,7917cc13-aaca-4558-a2c2-8be5cd8fc159,Internet Issues,2026-05-24 12:41:15.356520,,Low,bed_issue_type_unmapped,4,,,
c43a9fe1-1d1f-415d-8c50-c5fb4f30df08,VISH-2026-0005,82be44de-b1d6-4e48-e6bb-33ec98b83c7d,8767525e-d22f-a295-bc29-ba104fdc589a,B31,1de2d676-6b57-57c9-570d-27116c18b3cc,e2aa2aaa-8af6-4807-9a4e-7665c5421eed,Furniture,2026-04-03 05:01:42.452769,bb3a7a45-bed6-408d-a8f5-6bd712253fb4,Verified,direct_asset_id,1,bb3a7a45-bed6-408d-a8f5-6bd712253fb4,Mattress,
0c36c099-242f-4649-b3a0-3a16774d674f,VIST-26-04-00046,c02eb961-2471-c285-9c28-fb9a12aaf70a,ffbd5fe0-d9b3-cb55-cfd7-2d72a3498109,B43,6e45aca0-18fa-334d-4711-4da7cc94e30f,c5f1c3c0-af88-4c54-9730-ebffed128bc9,Kitchen Equipment,2026-04-27 02:39:02.479886,,Low,bed_no_type_match,0,,,
34bf23b2-e00f-44e4-892d-93409d666322,VIST-26-04-00074,1a3b6c74-26e1-7124-0b5c-7f783d71624d,ffbd5fe0-d9b3-cb55-cfd7-2d72a3498109,B43,717b9b58-969a-8452-088a-972edaf5da24,a5831922-eaeb-48c2-941c-fd96fae8813d,AC Issues,2026-04-29 17:43:44.883707,,Low,bed_no_type_match,0,,,
79834947-5612-4e83-9890-f9f95e4e0c0a,VIST-26-05-00028,e99afa10-6249-3f5b-4364-da75f89e34f9,dd96a329-ec95-e96a-1348-69d976f39cd4,C12,f64ad55d-d5e9-6b9e-9676-efeb66d20201,28158382-d5c1-436c-927b-3e3d9855c2af,Electrical Issues,2026-05-04 15:30:56.667535,ab789334-fbcd-43c7-bee0-ff6a046cfaab,High,bed_type_unique,1,ab789334-fbcd-43c7-bee0-ff6a046cfaab,Fan,
17a66482-faa4-4cad-a904-e869812f2950,VIST-26-05-00013,8e125a87-1a3e-4b52-855b-635c06bafd87,86ad1ceb-8d81-a926-d998-3a2f1cafba06,C24,aa6faaa7-b2dc-3312-7b5d-91d48f1f2711,28158382-d5c1-436c-927b-3e3d9855c2af,Electrical Issues,2026-05-02 11:27:36.904767,40b942fc-9bc1-4e5c-a2b2-44a1a1c0b77e,Medium,bed_type_multi,2,"40b942fc-9bc1-4e5c-a2b2-44a1a1c0b77e,aaf765c9-a0b1-48be-8c21-3ac43a462480",Table Fan (Wall),
337de57d-034a-4531-990b-0af07c34522a,VISH-2026-0026,04ba1c6f-6c06-819d-9ecc-a0c5f795b922,c17c5093-48b7-139f-ebfc-1cd33ef5179c,D12,b5a4ef5b-dfab-12e9-96d2-c7657d00fb50,47389994-b201-4bb1-bf91-8bce4dbde510,Other,2026-04-07 17:18:35.493774,7cb3ace3-4480-4aa0-9efe-c9b0134c8624,Verified,direct_asset_id,1,7cb3ace3-4480-4aa0-9efe-c9b0134c8624,Cupboard,
54316a65-9440-462b-b7db-271a2192364b,VIST-26-06-00008,3b02f95a-b47e-1037-4f8a-f2f31e35c98e,b0d4d2c8-f6ee-bc16-ffd7-fc33c8db8571,A23,96bb1fe8-5e0d-fdd2-0b6f-94aa78cf0ba2,e2aa2aaa-8af6-4807-9a4e-7665c5421eed,Furniture,2026-06-03 06:48:02.250721,a231cb7f-1f73-4c71-b744-141ab46351ac,Verified,direct_asset_id,1,a231cb7f-1f73-4c71-b744-141ab46351ac,Bedside Table,
107a789d-01e3-48fc-a5fa-f82cba3dfbf8,VIST-26-05-00036,10f3edc6-4b03-b82d-8df1-09ddaf031c0c,dc4adc21-f501-0573-2e9a-d7bbbc89e5d6,D11,f75d07e9-5c50-45b0-86bc-61a93dbb4d17,abc84f5b-a950-406e-ab46-cefbe11df925,Cleaning Issues,2026-05-07 09:01:28.709677,,Low,apartment_issue_type_unmapped,41,,,
11cae148-c552-4a96-98ac-1230d988e8cf,VIST-26-07-00032,6ea3368b-00ab-4626-a86f-7fcacb3e167e,dc4adc21-f501-0573-2e9a-d7bbbc89e5d6,D11,f75d07e9-5c50-45b0-86bc-61a93dbb4d17,47389994-b201-4bb1-bf91-8bce4dbde510,Other,2026-07-12 20:09:10.830965,,Low,apartment_issue_type_unmapped,41,,,
fb3b774d-c4e5-489d-8094-e94fab7628a7,VIST-26-05-00029,04ba1c6f-6c06-819d-9ecc-a0c5f795b922,c17c5093-48b7-139f-ebfc-1cd33ef5179c,D12,b5a4ef5b-dfab-12e9-96d2-c7657d00fb50,a5831922-eaeb-48c2-941c-fd96fae8813d,AC Issues,2026-05-05 00:55:48.659905,,Low,bed_no_type_match,0,,,
5eb5b237-34c0-4960-904f-f1aa99aa5a5c,VIST-26-05-00046,bcf8ffc1-fd5c-f6ab-0453-7a73c73786dd,c2ff0c11-4d1b-7b9b-b93c-aa37c9b6c40b,D21,16d9e7d4-a079-cc9d-1fb4-b96de3cb70dd,abc84f5b-a950-406e-ab46-cefbe11df925,Cleaning Issues,2026-05-09 05:16:50.999320,,Low,bed_issue_type_unmapped,6,,,
696afd2a-6b96-4a16-91bd-92de7377802a,VIST-26-05-00091,53416e34-aaed-471f-937d-0fea74c444b8,bde00681-ebfc-ef38-4f6e-4906a012de6b,B42,7fd152e9-2f00-0fc6-c8ed-83b426803a4d,a5831922-eaeb-48c2-941c-fd96fae8813d,AC Issues,2026-05-18 06:22:14.827011,d6b0afc8-bfb7-42fb-8a6f-f026ee1a26e1,Verified,direct_asset_id,1,d6b0afc8-bfb7-42fb-8a6f-f026ee1a26e1,Air Conditioner,
f7a042a6-0da1-4ed0-8ec9-1df4485f0395,VIST-26-05-00021,1932ea80-c6eb-874e-eca8-12410fa7a608,c2ff0c11-4d1b-7b9b-b93c-aa37c9b6c40b,D21,f060fd98-620b-0d6c-65cd-5090be241589,abc84f5b-a950-406e-ab46-cefbe11df925,Cleaning Issues,2026-05-03 12:22:41.232258,,Low,apartment_issue_type_unmapped,39,,,
84c4cb57-827f-49b5-a473-4bb6df134de6,VIST-26-06-00096,b2f85d5d-acf9-7c53-dc5b-0d3b67b462c5,10c6863d-07c3-4fc4-94f9-6adc29157ce1,C31,84952c96-2043-cf2d-46cc-061e64428c28,a25aca1b-211b-41d3-ab08-78bd2b9541e8,Toilet Issues,2026-06-27 00:03:21.827302,42a93c58-fb3e-4aaf-a63d-91102387a922,Verified,direct_asset_id,1,42a93c58-fb3e-4aaf-a63d-91102387a922,Water Heater,
e0606954-e645-47ed-8008-f5ace1c87acc,VIST-26-07-00068,510cd475-6538-7d02-413c-1a0f553ba4e6,417c9738-a0f7-5a00-1091-37a9fd083dd6,B13,1a8e227a-8e7b-102b-4e40-33fadfcb8aee,a5831922-eaeb-48c2-941c-fd96fae8813d,AC Issues,2026-07-22 07:24:27.467759,77767257-fb83-446b-a520-e59bef8e1d49,Verified,direct_asset_id,1,77767257-fb83-446b-a520-e59bef8e1d49,Air Conditioner,
e94fedc0-9209-4678-8a9d-4b3a6cd644f6,VIST-26-05-00057,ba8dd5e0-ed0e-8b6a-7098-2732476feb31,dc4adc21-f501-0573-2e9a-d7bbbc89e5d6,D11,433269e6-beef-04d8-7738-12f887009657,28158382-d5c1-436c-927b-3e3d9855c2af,Electrical Issues,2026-05-10 09:58:28.416377,8e7bf2ce-20ff-42de-910d-4a24921515b6,Medium,apartment_type_multi,3,"8e7bf2ce-20ff-42de-910d-4a24921515b6,dc1020be-24a1-4aba-a4bc-ba16db1478b7,ea09bed0-6ebb-449c-be27-c8f65cc49f17",Fan,
32c3b5d6-227c-4abf-a0dd-463cbafae316,VIST-26-07-00004,d4890451-59e6-45f4-a75f-b2199aa5a3a7,b0875d50-a469-821b-57c3-03ac62809198,C11,26ce09f1-599b-0d8d-aa06-c08db6a2dcde,abc84f5b-a950-406e-ab46-cefbe11df925,Cleaning Issues,2026-07-01 11:11:07.221636,,Low,bed_issue_type_unmapped,6,,,
b6942741-3835-40eb-9c00-66dd29bc7170,VIST-26-05-00055,fc8a412e-e0d4-35e1-37fa-5f798b7dc7f4,b0875d50-a469-821b-57c3-03ac62809198,C11,acc99892-cb35-8aaf-7d74-61bb7125b1bf,28158382-d5c1-436c-927b-3e3d9855c2af,Electrical Issues,2026-05-10 06:36:10.516509,,Low,bed_no_type_match,0,,,
a20d3286-8cc7-4f31-84b3-1cb544e2756a,VIST-26-05-00054,8709ca2e-a8a6-48a4-b8ce-e813c4796ab9,bc7f358d-0d6d-f95f-ff80-9089eefdef69,B44,90eedc35-b872-5505-a86d-2824a91e518c,28158382-d5c1-436c-927b-3e3d9855c2af,Electrical Issues,2026-05-09 15:27:35.320229,b9946d2d-f501-45d7-a5ac-b01a089c7f80,High,bed_type_unique,1,b9946d2d-f501-45d7-a5ac-b01a089c7f80,Fan,
2403da27-4924-4f3d-8754-1a476c834283,VIST-26-05-00089,a7798da2-f8ee-1840-a1f3-f29a9e764b97,bde00681-ebfc-ef38-4f6e-4906a012de6b,B42,1d409b50-0f02-94aa-63c7-737e000c8120,abc84f5b-a950-406e-ab46-cefbe11df925,Cleaning Issues,2026-05-18 05:19:17.869897,,Low,bed_issue_type_unmapped,7,,,
6bc1941f-b4b3-4f5e-8b26-8d0ed2d7ac25,VIST-26-04-00040,03ce56c0-8798-b95d-7125-311b80363e74,417c9738-a0f7-5a00-1091-37a9fd083dd6,B13,f9b73f69-33c8-b36d-daf6-c7078c00692c,01208ba1-4225-4a61-be39-3afe03dad690,RO Water Issues,2026-04-25 09:32:43.728422,9c517620-7cbf-45ba-b969-fa3728bf2957,Verified,direct_asset_id,1,9c517620-7cbf-45ba-b969-fa3728bf2957,RO Water Purifier,2025-01-18
d1a9b329-dee6-4993-be04-11fe8c8aca0f,VIST-26-05-00035,10f3edc6-4b03-b82d-8df1-09ddaf031c0c,dc4adc21-f501-0573-2e9a-d7bbbc89e5d6,D11,f75d07e9-5c50-45b0-86bc-61a93dbb4d17,abc84f5b-a950-406e-ab46-cefbe11df925,Cleaning Issues,2026-05-07 08:57:47.834722,,Low,apartment_issue_type_unmapped,41,,,
b518acf6-04cd-4e30-90bb-ae78d57b50a0,VIST-26-05-00062,257579ca-bef0-99b8-f916-e518891ffdab,fad74a92-8e64-787e-38c3-8ebdb9db6511,D15,808fbd05-1708-47c3-a3ed-acb300c719aa,28158382-d5c1-436c-927b-3e3d9855c2af,Electrical Issues,2026-05-11 03:16:07.611085,,Unmapped,no_allocation_pool,0,,,
ae92473e-7b54-4b9d-9518-1a34e5d7f714,VIST-26-06-00121,11e59c65-004e-4eea-a733-d3a6a7c65fb1,233cca0e-efcf-e631-d2fc-9997a6ba5706,C44,0b49669f-6579-fa2c-a871-13f7c9f46ae6,a5831922-eaeb-48c2-941c-fd96fae8813d,AC Issues,2026-06-30 14:21:44.116995,13d9d678-a406-41b2-853d-8628a9ce5b31,Verified,direct_asset_id,1,13d9d678-a406-41b2-853d-8628a9ce5b31,Air Conditioner,
a9ad55bd-fdac-45ed-a18c-868bf93c9793,VIST-26-05-00043,104a66bf-0d87-2acc-ec03-a73d1c1cfd53,ffbd5fe0-d9b3-cb55-cfd7-2d72a3498109,B43,9e254d9d-fe84-3236-eca3-7adff58dafa1,a5831922-eaeb-48c2-941c-fd96fae8813d,AC Issues,2026-05-07 16:00:32.624572,bb236be0-2a55-43fa-b798-b41eb5132d2d,High,bed_type_unique,1,bb236be0-2a55-43fa-b798-b41eb5132d2d,Air Conditioner,
43e6cbf0-e2d4-40ae-bf20-4df7b23cf915,VIST-26-06-00069,07734943-434c-4c8b-b1fa-49d7c4e8a7fe,d2298bb8-a5e5-735a-c8ca-9b18c7daacd6,D41,3e28154d-1bfe-92b4-2fff-f295a9f54738,a5831922-eaeb-48c2-941c-fd96fae8813d,AC Issues,2026-06-17 17:53:02.488287,5113f32c-70bb-4e71-9b7f-f7160c4ecb3e,Verified,direct_asset_id,1,5113f32c-70bb-4e71-9b7f-f7160c4ecb3e,Air Conditioner,
3280b720-3e0c-4df3-a962-35fe76a4a434,VIST-26-06-00116,f2a00e3d-de04-40a3-6f41-a3ebfcab4a3c,188aee4d-68e0-1ddb-38e6-a946bc75072d,A12,547bd323-8dae-07db-7089-372cd8261276,c5f1c3c0-af88-4c54-9730-ebffed128bc9,Kitchen Equipment,2026-06-30 02:55:55.641667,cf86ad66-889c-4dd5-af13-8a73a2485327,Verified,direct_asset_id,1,cf86ad66-889c-4dd5-af13-8a73a2485327,Induction Stove,2025-08-08
3714a311-a5b5-46ed-9868-1b383c55906d,VISH-2026-0025,fc8a412e-e0d4-35e1-37fa-5f798b7dc7f4,b0875d50-a469-821b-57c3-03ac62809198,C11,acc99892-cb35-8aaf-7d74-61bb7125b1bf,01208ba1-4225-4a61-be39-3afe03dad690,RO Water Issues,2026-04-07 14:06:15.847846,e5a1f770-e368-43c8-a5f8-ea8b0a342ded,Verified,direct_asset_id,1,e5a1f770-e368-43c8-a5f8-ea8b0a342ded,RO Water Purifier,2025-04-06
52ec5ab0-c642-4dbb-af9f-e9065cf605f6,VIST-26-07-00029,83af11b3-a274-7404-3265-ec658f74f8cf,0a839c14-2a88-9896-c2f2-8d51fe610405,A24,25cdb264-370f-4be0-5004-6aeb735c94aa,caf6381e-5189-4c1f-bf0a-4dfd99d9b9e7,Washing machine Issue,2026-07-12 17:27:25.317935,ea9ed2e7-fd3d-460a-8927-dc4f167fa2c7,Verified,direct_asset_id,1,ea9ed2e7-fd3d-460a-8927-dc4f167fa2c7,Washing Machine,
1c260e7d-b201-4d78-84c7-5f7d98da6011,VIST-26-07-00016,d8c4b3c5-9b2a-4c6e-b1e8-0a98c9175234,85292340-826d-52c1-65c7-7f2a9eb2c2c4,B41,4c38ecbe-c637-8a04-6f67-ffbccbd96317,47389994-b201-4bb1-bf91-8bce4dbde510,Other,2026-07-07 10:50:32.368187,,Low,bed_issue_type_unmapped,4,,,
fc9e112d-5e63-4203-8b16-d7f1d68e10da,VIST-26-05-00067,e99afa10-6249-3f5b-4364-da75f89e34f9,dd96a329-ec95-e96a-1348-69d976f39cd4,C12,f64ad55d-d5e9-6b9e-9676-efeb66d20201,28158382-d5c1-436c-927b-3e3d9855c2af,Electrical Issues,2026-05-11 11:33:45.301202,ab789334-fbcd-43c7-bee0-ff6a046cfaab,High,bed_type_unique,1,ab789334-fbcd-43c7-bee0-ff6a046cfaab,Fan,
33131087-1090-40d4-9806-6c96010d12a8,VIST-26-05-00060,00ff5468-3680-2a12-23e4-82855ab3c697,10c6863d-07c3-4fc4-94f9-6adc29157ce1,C31,32dfa2d6-dbf8-4dd2-90a0-e664e838b0ac,e2aa2aaa-8af6-4807-9a4e-7665c5421eed,Furniture,2026-05-10 15:34:35.141982,,Low,bed_type_many,4,"2c5887e8-96e8-457f-b93e-c8b03ec51c2c,64f2aa76-fd3b-45a6-ad65-09bdf8269fa2,9b099509-5d31-46e6-81ea-7e7aed2e74f3,e0165e64-065c-4436-a286-46ecbd34ab8a",,
17fe2cf1-0e71-401f-984f-ad4d7ad1e0c0,VIST-26-07-00093,83af11b3-a274-7404-3265-ec658f74f8cf,0a839c14-2a88-9896-c2f2-8d51fe610405,A24,25cdb264-370f-4be0-5004-6aeb735c94aa,a5831922-eaeb-48c2-941c-fd96fae8813d,AC Issues,2026-07-28 12:01:58.910321,f22d37ca-e9d3-456f-8aa3-70b7ab94fc0c,Verified,direct_asset_id,1,f22d37ca-e9d3-456f-8aa3-70b7ab94fc0c,Air Conditioner,
094ec329-57a6-4e2d-8f07-52e271c7ba66,VIST-26-07-00097,79e31f6f-69dc-a40c-27d7-3f076878f83c,fb5cedd6-2992-1c62-7fba-4a7a6b43b2ff,C43,97486463-9125-9851-3039-04f213b371d4,7917cc13-aaca-4558-a2c2-8be5cd8fc159,Internet Issues,2026-07-29 03:42:28.852487,,Low,bed_issue_type_unmapped,4,,,
15917ad7-bf88-4861-8777-e736a43024ee,VIST-26-07-00013,1a3b6c74-26e1-7124-0b5c-7f783d71624d,dd96a329-ec95-e96a-1348-69d976f39cd4,C12,f64ad55d-d5e9-6b9e-9676-efeb66d20201,a25aca1b-211b-41d3-ab08-78bd2b9541e8,Toilet Issues,2026-07-05 11:51:31.710110,196155a4-0a58-41ee-a6d9-d66ad917c414,Verified,direct_asset_id,1,196155a4-0a58-41ee-a6d9-d66ad917c414,Water Heater,
b04c6dc7-ef50-48b8-937b-f6b9039c131a,VIST-26-06-00066,07734943-434c-4c8b-b1fa-49d7c4e8a7fe,d2298bb8-a5e5-735a-c8ca-9b18c7daacd6,D41,3e28154d-1bfe-92b4-2fff-f295a9f54738,47389994-b201-4bb1-bf91-8bce4dbde510,Other,2026-06-17 14:47:46.057076,,Low,bed_issue_type_unmapped,9,,,
4dc1661f-4f6f-480f-914b-c4c531a02740,VIST-26-05-00095,00ff5468-3680-2a12-23e4-82855ab3c697,10c6863d-07c3-4fc4-94f9-6adc29157ce1,C31,32dfa2d6-dbf8-4dd2-90a0-e664e838b0ac,28158382-d5c1-436c-927b-3e3d9855c2af,Electrical Issues,2026-05-18 17:00:29.645296,75d01f7c-1d6c-4526-89a9-cd60de1a0a72,Verified,direct_asset_id,1,75d01f7c-1d6c-4526-89a9-cd60de1a0a72,Fan,
dda32688-cb21-4683-b49b-1b75f6b72771,VIST-26-05-00063,1932ea80-c6eb-874e-eca8-12410fa7a608,c2ff0c11-4d1b-7b9b-b93c-aa37c9b6c40b,D21,f060fd98-620b-0d6c-65cd-5090be241589,28158382-d5c1-436c-927b-3e3d9855c2af,Electrical Issues,2026-05-11 06:21:37.306536,1c7e8258-9896-4a48-a5b7-f04e6beba3b8,Medium,apartment_type_multi,3,"1c7e8258-9896-4a48-a5b7-f04e6beba3b8,5afb5cb0-85ac-4667-a503-73f76261a726,8ad4378e-8b51-4c43-8690-81aba71ae42a",Fan,
5a4b0eb5-ffd2-4be2-aeea-8d02f0ac9d36,VIST-26-05-00069,791c16c3-5afa-4081-a47c-53439979e5b3,417c9738-a0f7-5a00-1091-37a9fd083dd6,B13,5810da0c-60c8-5ffd-72cc-d74b1f3425e9,a25aca1b-211b-41d3-ab08-78bd2b9541e8,Toilet Issues,2026-05-11 16:06:46.431190,,Low,bed_no_type_match,0,,,
da7414fa-6c44-4570-ab9e-7a4d39ccda5d,VIST-26-05-00059,d8c4b3c5-9b2a-4c6e-b1e8-0a98c9175234,85292340-826d-52c1-65c7-7f2a9eb2c2c4,B41,4c38ecbe-c637-8a04-6f67-ffbccbd96317,01208ba1-4225-4a61-be39-3afe03dad690,RO Water Issues,2026-05-10 11:08:28.029021,,Low,bed_no_type_match,0,,,
eed88ead-3973-4643-8814-412fdd2ad9be,VIST-26-05-00096,66fbcb59-3d06-d8cc-b1d5-53f38a599207,c2ff0c11-4d1b-7b9b-b93c-aa37c9b6c40b,D21,0dd3b0c2-ddcf-ddb3-1f9f-e19c9273b218,a5831922-eaeb-48c2-941c-fd96fae8813d,AC Issues,2026-05-18 23:43:45.981343,561ea125-de43-46ef-b0b5-c9748b1e06ad,Verified,direct_asset_id,1,561ea125-de43-46ef-b0b5-c9748b1e06ad,Air Conditioner,
72214ccd-713f-4085-b036-812383c1c771,VISH-2026-0016,bdcc24e3-6077-3ea9-b25e-2747d0f07be7,bc7f358d-0d6d-f95f-ff80-9089eefdef69,B44,3ba3be35-43a3-79f2-d76c-617b73cd813d,a5831922-eaeb-48c2-941c-fd96fae8813d,AC Issues,2026-04-05 08:35:42.112211,99d778f7-c033-4e7f-b205-35213a9877d6,Verified,direct_asset_id,1,99d778f7-c033-4e7f-b205-35213a9877d6,Air Conditioner,
013fcae1-a397-4cf1-821c-16365a1cf07d,VIST-26-07-00018,2794ccf7-4966-f00d-35d6-34ac17db73ea,d2298bb8-a5e5-735a-c8ca-9b18c7daacd6,D41,e5918d8e-46b0-075e-14d9-60f3b60511e3,a5831922-eaeb-48c2-941c-fd96fae8813d,AC Issues,2026-07-08 18:00:06.875207,,Low,apartment_type_many,4,"137edf51-8c3c-42ba-8ee2-fa5b316f6e55,5113f32c-70bb-4e71-9b7f-f7160c4ecb3e,60ad83ea-7645-4c2d-a861-30436cfb0eb0,c9545faa-61af-4983-9522-3fa31a3924ac",,
819bbb55-e646-56c4-22d2-56e997491ca3,VISH-26-02-0078,6ce637bf-a5e4-da07-b2a7-e56253fe17bd,79853a4a-cb02-508c-e041-7e23378aec9c,A41,19becc73-ba94-4a59-e2ef-19d1d342aee3,28158382-d5c1-436c-927b-3e3d9855c2af,Electrical Issues,,df1d62da-3735-4274-b898-260ef96db619,Verified,direct_asset_id,1,df1d62da-3735-4274-b898-260ef96db619,Fan,
c1a019ae-9535-418f-a544-5a76ab8b9f50,VIST-26-06-00017,d751c131-c1c9-4f5c-88f8-7e4c6cb710b3,b0d4d2c8-f6ee-bc16-ffd7-fc33c8db8571,A23,caf1f559-25d7-959b-c416-cb63f4ded6cc,f3614e6e-8394-40cd-bbb3-b1f78e9f17c2,Billing Issues,2026-06-04 18:32:57.744303,,Low,bed_issue_type_unmapped,6,,,
72f49c21-8aa8-45bb-a4c7-4954fcb84481,VIST-26-06-00037,66fbcb59-3d06-d8cc-b1d5-53f38a599207,c2ff0c11-4d1b-7b9b-b93c-aa37c9b6c40b,D21,0dd3b0c2-ddcf-ddb3-1f9f-e19c9273b218,7917cc13-aaca-4558-a2c2-8be5cd8fc159,Internet Issues,2026-06-11 08:09:23.046845,,Low,apartment_issue_type_unmapped,39,,,
3cb45ade-a1b3-4a3e-a5ad-afb563541fbe,VIST-26-07-00095,8b48adf3-c14a-fa6d-9785-b4bcb35f8fbb,d2298bb8-a5e5-735a-c8ca-9b18c7daacd6,D41,d9438ef4-c18e-28ab-44ad-feab7ce72db5,28158382-d5c1-436c-927b-3e3d9855c2af,Electrical Issues,2026-07-28 18:58:30.196614,fff00394-bda1-4ac1-b428-6227e3920406,Verified,direct_asset_id,1,fff00394-bda1-4ac1-b428-6227e3920406,Fan,
3617c754-2014-417f-89e9-872fdc322560,VIST-26-05-00086,8e125a87-1a3e-4b52-855b-635c06bafd87,86ad1ceb-8d81-a926-d998-3a2f1cafba06,C24,aa6faaa7-b2dc-3312-7b5d-91d48f1f2711,caf6381e-5189-4c1f-bf0a-4dfd99d9b9e7,Washing machine Issue,2026-05-18 01:50:28.437927,4a3f3e80-1c5b-469a-ae3c-e467b3f2bc85,Verified,direct_asset_id,1,4a3f3e80-1c5b-469a-ae3c-e467b3f2bc85,Washing Machine,
35dd8f94-4c35-4169-a395-42d399fd0956,VIST-26-05-00135,79d4d3fe-73c5-a965-030f-c60220ee20cb,5d204545-2f72-b89b-3190-a826b5ab6512,B12,a607e4b0-3364-b1fb-774e-01d67c4fcdf1,a25aca1b-211b-41d3-ab08-78bd2b9541e8,Toilet Issues,2026-05-28 06:55:52.799888,317172ac-c2bb-40a2-bf74-b4770912b83a,Verified,direct_asset_id,1,317172ac-c2bb-40a2-bf74-b4770912b83a,Cupboard,
3938fc58-441d-46d3-b350-690023ef2634,VIST-26-05-00053,8709ca2e-a8a6-48a4-b8ce-e813c4796ab9,bc7f358d-0d6d-f95f-ff80-9089eefdef69,B44,90eedc35-b872-5505-a86d-2824a91e518c,c5f1c3c0-af88-4c54-9730-ebffed128bc9,Kitchen Equipment,2026-05-09 15:27:03.676715,d3259d57-da07-4fdb-b45f-18a033ec34ca,Verified,direct_asset_id,1,d3259d57-da07-4fdb-b45f-18a033ec34ca,Induction Stove,
fd2babd5-9005-450a-ae03-3489776a5eae,VIST-26-05-00056,ba8dd5e0-ed0e-8b6a-7098-2732476feb31,dc4adc21-f501-0573-2e9a-d7bbbc89e5d6,D11,433269e6-beef-04d8-7738-12f887009657,ec405235-70e9-407e-9aa2-b877f8f36af8,Fridge Issues,2026-05-10 09:57:51.911058,3a808621-2515-4b75-9e29-7b16e340da4f,Verified,direct_asset_id,1,3a808621-2515-4b75-9e29-7b16e340da4f,Refrigerator,
6d5795dc-528f-4803-9e0f-be060bc4f7af,VIST-26-05-00005,79d4d3fe-73c5-a965-030f-c60220ee20cb,990e8a3e-a69c-7b31-f606-3eeb21e3d4c6,C34,7aa135ce-55b9-8787-a51c-fa6c42aad3b2,e2aa2aaa-8af6-4807-9a4e-7665c5421eed,Furniture,2026-05-02 02:42:26.732396,16a9c5c4-e252-4489-9365-7260adc68a58,Verified,direct_asset_id,1,16a9c5c4-e252-4489-9365-7260adc68a58,Bedside Table,
d92a4b99-dbe6-4eed-81d5-fa375a71c0f8,VIST-26-04-00007,cda37b51-1bbc-af0d-a560-49af88fdc751,79853a4a-cb02-508c-e041-7e23378aec9c,A41,f108b08d-b6c6-e6fe-5782-ba89ca9c16ad,47389994-b201-4bb1-bf91-8bce4dbde510,Other,2026-04-20 04:59:28.466374,1d636b41-0f27-48db-b70c-63414832c405,Verified,direct_asset_id,1,1d636b41-0f27-48db-b70c-63414832c405,Cupboard,
3be84f30-5349-486b-a4a2-d5e936abdba5,VIST-26-05-00061,10f3edc6-4b03-b82d-8df1-09ddaf031c0c,dc4adc21-f501-0573-2e9a-d7bbbc89e5d6,D11,f75d07e9-5c50-45b0-86bc-61a93dbb4d17,e2aa2aaa-8af6-4807-9a4e-7665c5421eed,Furniture,2026-05-10 16:40:49.193263,,Low,apartment_type_many,27,"0ea8c39f-bb94-4db7-a15c-172e6f74e4d8,10d695bc-f929-4f9a-835e-f5f272128e47,17957fac-cf0a-45ec-a106-d445925da1e0,25a7ebc5-6cf7-4eab-8a97-6a1347eea0bb,2f4632a4-122d-4877-8f71-bc3618e56677,3d8a59c1-825f-4b5f-97d1-ef05e6260424,3f10af6c-d4e1-4d29-89f8-56c741d2c8b9,40a65f50-20cf-4631-b949-2be9a125a7cd,4a517757-b1a9-468c-9dba-216e104e9ad9,5fac2cd5-3c3b-404b-8787-fe7496fe76f6,6ccbe5a4-2e5d-4ece-9074-039a98590de0,6d1785a8-1f78-4c30-ab03-dda0f15a282e,718a0082-d5e2-4e95-ac15-70bc14f4dd18,7e97db74-404f-43de-950c-2fb34dbd70db,84b5415d-929f-4555-af57-6320e96ad816,92552377-55a9-4b88-8f83-998d8bfcb72b,a1558217-d3cf-4def-885b-e0db879fd72e,aa849c29-c7ab-4374-ba10-cd79a303f3af,b04c7975-b41a-4a6a-b82c-15c29e4d7f32,b574a563-60e4-4abc-828f-0208ffa9840b,b5878a56-04de-4945-9873-41959ba93e37,ce9b9756-33b0-4d04-b64a-6af7fcbca6cf,d62e228c-2695-46b3-8a0a-c307c04b84c8,d6431127-7862-4964-a4d8-3e15e2118a4b,e570c8cf-9460-4125-97cc-4c2924fe5882,ea804b5d-ce6d-455f-b01a-8cc27d0595eb,f0ab2a84-12dd-46f5-bdb4-496336356ecb",,
a038450b-915e-4336-ab94-04b54c883858,VIST-26-05-00087,257579ca-bef0-99b8-f916-e518891ffdab,fad74a92-8e64-787e-38c3-8ebdb9db6511,D15,808fbd05-1708-47c3-a3ed-acb300c719aa,28158382-d5c1-436c-927b-3e3d9855c2af,Electrical Issues,2026-05-18 04:25:12.405079,,Unmapped,no_allocation_pool,0,,,
f066b048-d1c1-461f-9f98-1db50a26d591,VIST-26-06-00059,1932ea80-c6eb-874e-eca8-12410fa7a608,c2ff0c11-4d1b-7b9b-b93c-aa37c9b6c40b,D21,f060fd98-620b-0d6c-65cd-5090be241589,d76dd3bd-ccb7-4991-a01f-ce158dfe908e,Plumbing,2026-06-16 08:20:10.551384,,Low,apartment_issue_type_unmapped,39,,,
fecc3070-4c29-4249-ade0-1c9eae2687c2,VIST-26-04-00044,26b16f30-da65-8aa3-d1ec-4867ac2a8f35,a361bd0d-c2c1-2aee-6303-d65de004edd0,B24,a4def813-d3a1-fa98-de2f-18ad2a9699a7,a5831922-eaeb-48c2-941c-fd96fae8813d,AC Issues,2026-04-25 11:38:53.413700,1f66dc02-27aa-4363-bd97-2df70371ebb0,Verified,direct_asset_id,1,1f66dc02-27aa-4363-bd97-2df70371ebb0,Air Conditioner,
a1c5eb64-147d-4345-bcf9-908919babb90,VIST-26-05-00076,d8c4b3c5-9b2a-4c6e-b1e8-0a98c9175234,85292340-826d-52c1-65c7-7f2a9eb2c2c4,B41,4c38ecbe-c637-8a04-6f67-ffbccbd96317,caf6381e-5189-4c1f-bf0a-4dfd99d9b9e7,Washing machine Issue,2026-05-12 13:19:01.765316,b07c2e02-3a06-41d1-a98e-33d3bd2c2fb7,Verified,direct_asset_id,1,b07c2e02-3a06-41d1-a98e-33d3bd2c2fb7,Washing Machine,
53040f7e-89a2-4c5c-9f73-71feae903e1a,VIST-26-06-00111,be84008a-74d3-3cc1-6fd6-bcef998f7bff,417c9738-a0f7-5a00-1091-37a9fd083dd6,B13,74a79821-aacb-043c-db1e-2c704e457547,28158382-d5c1-436c-927b-3e3d9855c2af,Electrical Issues,2026-06-30 00:46:26.535486,6d139e37-b2c9-41ce-ab61-761b58c50881,Verified,direct_asset_id,1,6d139e37-b2c9-41ce-ab61-761b58c50881,Fan,
9c3cf2fa-b5d4-46e0-b7a6-a3acfca2c674,VIST-26-05-00082,1422ace8-beea-6d1b-73fd-1d30597b40d5,9d5d0096-0b78-a663-1142-be871dfa2bda,C42,235bd597-22a1-f0f2-0d40-a0a2f59f41fd,47389994-b201-4bb1-bf91-8bce4dbde510,Other,2026-05-16 06:25:17.163008,7f86b98d-2ca5-4a44-8c4b-bc89e75d7e89,Verified,direct_asset_id,1,7f86b98d-2ca5-4a44-8c4b-bc89e75d7e89,Water Heater,
7c159bf0-6ac6-4788-984f-258e0cd2aa6f,VIST-26-04-00061,,1183b300-b9ae-5e28-acb2-304cb2fd36db,D13A,,47389994-b201-4bb1-bf91-8bce4dbde510,Other,2026-04-28 11:11:09.595627,,Unmapped,no_allocation_pool,0,,,
9fd43c4c-a469-4f74-8c15-74a116f26187,VIST-26-07-00070,,aa73cade-c28c-dc5b-5980-55801ea0d415,B33,50d7a816-da06-6897-ffe0-cb694a257dec,e2aa2aaa-8af6-4807-9a4e-7665c5421eed,Furniture,2026-07-22 11:35:56.139426,482ebc6b-9875-4f32-b96c-ea193c4fe7ad,Verified,direct_asset_id,1,482ebc6b-9875-4f32-b96c-ea193c4fe7ad,Cupboard,
11dcf269-8bc3-4127-94ad-49b9f248cbb2,VIST-26-05-00093,2ba81159-3fd3-401a-b806-4cf09e7dce86,5d204545-2f72-b89b-3190-a826b5ab6512,B12,f21233ef-4976-14c5-b37d-3c30b4a3a97a,28158382-d5c1-436c-927b-3e3d9855c2af,Electrical Issues,2026-05-18 16:57:15.614207,797e7972-72a1-4785-895a-38ea0e45a330,Verified,direct_asset_id,1,797e7972-72a1-4785-895a-38ea0e45a330,Fan,
2e126a23-8caf-4f95-8de0-b745519555c4,VIST-26-05-00090,a4709d2c-85e2-3d68-7467-1eaf879ba2c9,990e8a3e-a69c-7b31-f606-3eeb21e3d4c6,C34,f226894e-3765-1bd7-6cda-03e887bc56b3,28158382-d5c1-436c-927b-3e3d9855c2af,Electrical Issues,2026-05-18 05:54:23.944272,3cd43d6f-933d-4917-9b7d-296ae90d9d4f,Verified,direct_asset_id,1,3cd43d6f-933d-4917-9b7d-296ae90d9d4f,Fan,
c9127618-abb9-4756-bae1-5ac6e8ed51c6,VIST-26-05-00002,9541a16d-d020-eb78-80f1-a4a2d4b7775f,77c3a6fd-4651-d880-29aa-abd19c8324df,C21,2ac95711-7b8e-8315-eae3-c0ad2ace7ade,a5831922-eaeb-48c2-941c-fd96fae8813d,AC Issues,2026-05-01 07:33:58.909192,1ecc31a0-bd06-47cd-97d6-08a6fc66b684,Verified,direct_asset_id,1,1ecc31a0-bd06-47cd-97d6-08a6fc66b684,Air Conditioner,
2ccf9bff-aca4-4df0-9b53-338cff2175f1,VIST-26-05-00044,c3c77367-5f51-f7a7-e667-0e3480f53751,a361bd0d-c2c1-2aee-6303-d65de004edd0,B24,ac9af09e-62c0-08f5-e71e-d14dc5f83e6d,a5831922-eaeb-48c2-941c-fd96fae8813d,AC Issues,2026-05-08 03:22:13.278893,1f66dc02-27aa-4363-bd97-2df70371ebb0,Verified,direct_asset_id,1,1f66dc02-27aa-4363-bd97-2df70371ebb0,Air Conditioner,
9e794fe8-7c9d-4006-b59c-a654afcd2644,VIST-26-07-00038,d751c131-c1c9-4f5c-88f8-7e4c6cb710b3,b0d4d2c8-f6ee-bc16-ffd7-fc33c8db8571,A23,caf1f559-25d7-959b-c416-cb63f4ded6cc,01208ba1-4225-4a61-be39-3afe03dad690,RO Water Issues,2026-07-14 21:02:28.348614,98885f45-4010-403c-8884-8649d4cdd02a,Verified,direct_asset_id,1,98885f45-4010-403c-8884-8649d4cdd02a,RO Water Purifier,2023-03-30
1b950245-c697-47aa-a34d-c8c230097405,VIST-26-05-00001,9541a16d-d020-eb78-80f1-a4a2d4b7775f,77c3a6fd-4651-d880-29aa-abd19c8324df,C21,2ac95711-7b8e-8315-eae3-c0ad2ace7ade,a5831922-eaeb-48c2-941c-fd96fae8813d,AC Issues,2026-05-01 07:29:29.843873,1ecc31a0-bd06-47cd-97d6-08a6fc66b684,Verified,direct_asset_id,1,1ecc31a0-bd06-47cd-97d6-08a6fc66b684,Air Conditioner,
68542466-9525-4a7a-bad1-384981867a1a,VIST-26-05-00031,43774f3c-9ce6-fc78-7857-b8607c3e1966,a361bd0d-c2c1-2aee-6303-d65de004edd0,B24,9b9feba7-c6ce-bf0e-4b62-7c7541025927,abc84f5b-a950-406e-ab46-cefbe11df925,Cleaning Issues,2026-05-05 02:09:03.793750,,Low,bed_issue_type_unmapped,8,,,
98d1b7f5-3d99-479d-85a5-0bed2c1b5252,VIST-26-05-00099,8e39a9bd-3317-b2a6-22a6-16fa4cab9632,bde00681-ebfc-ef38-4f6e-4906a012de6b,B42,83a7b624-6ba5-7e9f-53eb-acd6d0ab5bb4,caf6381e-5189-4c1f-bf0a-4dfd99d9b9e7,Washing machine Issue,2026-05-19 08:28:37.583067,8ac38fac-21c5-437c-b041-d35aa66d955d,Verified,direct_asset_id,1,8ac38fac-21c5-437c-b041-d35aa66d955d,Washing Machine,
d0bf3299-2a22-4fa7-afd0-0b9ffc93ad76,VIST-26-05-00017,c3c77367-5f51-f7a7-e667-0e3480f53751,a361bd0d-c2c1-2aee-6303-d65de004edd0,B24,ac9af09e-62c0-08f5-e71e-d14dc5f83e6d,a5831922-eaeb-48c2-941c-fd96fae8813d,AC Issues,2026-05-02 13:07:10.162522,1f66dc02-27aa-4363-bd97-2df70371ebb0,High,bed_type_unique,1,1f66dc02-27aa-4363-bd97-2df70371ebb0,Air Conditioner,
83d03c23-f8b3-4f6c-8f52-e156f3fc8823,VIST-26-05-00136,cf1318a5-0564-4af6-d90e-c3e76de1ef08,5d204545-2f72-b89b-3190-a826b5ab6512,B12,f5f9de92-380f-d57b-ad87-139022e4d27a,47389994-b201-4bb1-bf91-8bce4dbde510,Other,2026-05-28 07:23:41.356072,,Low,bed_issue_type_unmapped,5,,,
f113e226-b3c6-4360-9d6d-eaf9928fcd6c,VIST-26-05-00140,a4ef95bf-1c7c-4c4d-0497-ae38085af6cc,990e8a3e-a69c-7b31-f606-3eeb21e3d4c6,C34,28adcae8-d3f2-7d01-473b-45f62020cdc0,abc84f5b-a950-406e-ab46-cefbe11df925,Cleaning Issues,2026-05-30 15:42:31.120929,cd778700-b2bf-4051-b6b7-2278bcb1bae2,Verified,direct_asset_id,1,cd778700-b2bf-4051-b6b7-2278bcb1bae2,Air Conditioner,
ddbe9afe-17ac-4cbf-aba7-3713ac3dcd53,VIST-26-06-00007,82be44de-b1d6-4e48-e6bb-33ec98b83c7d,8767525e-d22f-a295-bc29-ba104fdc589a,B31,1de2d676-6b57-57c9-570d-27116c18b3cc,abc84f5b-a950-406e-ab46-cefbe11df925,Cleaning Issues,2026-06-03 06:19:54.869340,,Low,bed_issue_type_unmapped,3,,,
b013dda1-2181-41f8-a9c3-db8acdeaca2d,VIST-26-05-00133,ba8dd5e0-ed0e-8b6a-7098-2732476feb31,dc4adc21-f501-0573-2e9a-d7bbbc89e5d6,D11,433269e6-beef-04d8-7738-12f887009657,d76dd3bd-ccb7-4991-a01f-ce158dfe908e,Plumbing,2026-05-27 16:32:08.770640,,Low,apartment_issue_type_unmapped,41,,,
b53c8057-ceb7-453d-ba81-05a80347d635,VIST-26-05-00124,2ba81159-3fd3-401a-b806-4cf09e7dce86,5d204545-2f72-b89b-3190-a826b5ab6512,B12,f21233ef-4976-14c5-b37d-3c30b4a3a97a,abc84f5b-a950-406e-ab46-cefbe11df925,Cleaning Issues,2026-05-25 12:28:55.455030,,Low,bed_issue_type_unmapped,8,,,
3145b7a3-f9b8-4b69-be75-cf0d3ead40f9,VISH-2026-1109,8b48adf3-c14a-fa6d-9785-b4bcb35f8fbb,d2298bb8-a5e5-735a-c8ca-9b18c7daacd6,D41,d9438ef4-c18e-28ab-44ad-feab7ce72db5,caf6381e-5189-4c1f-bf0a-4dfd99d9b9e7,Washing machine Issue,2026-04-17 15:40:31.378202,f244be1f-e77c-424a-a9b4-f13e3b9c63a3,Verified,direct_asset_id,1,f244be1f-e77c-424a-a9b4-f13e3b9c63a3,Washing Machine,
6178a47c-c209-4050-bbd3-46234b2010e5,VIST-26-05-00104,2ba81159-3fd3-401a-b806-4cf09e7dce86,5d204545-2f72-b89b-3190-a826b5ab6512,B12,f21233ef-4976-14c5-b37d-3c30b4a3a97a,a25aca1b-211b-41d3-ab08-78bd2b9541e8,Toilet Issues,2026-05-20 13:51:15.996733,326a9803-4ecf-4a90-9ad6-dc039042ff6c,Verified,direct_asset_id,1,326a9803-4ecf-4a90-9ad6-dc039042ff6c,Water Heater,
00442f6b-bad8-4efc-9138-a7fe5a491665,VIST-26-06-00019,1218c50c-4da4-4f61-baec-5182a25958e3,dd96a329-ec95-e96a-1348-69d976f39cd4,C12,058f4fd0-7a5d-544c-9587-0c2f9de4528f,47389994-b201-4bb1-bf91-8bce4dbde510,Other,2026-06-05 11:33:16.718256,892dee30-f709-4a03-84bf-21b682baa295,Verified,direct_asset_id,1,892dee30-f709-4a03-84bf-21b682baa295,Cupboard,
81a80b7e-da29-4044-be0e-fcccd3afe7fd,VIST-26-04-00064,,1183b300-b9ae-5e28-acb2-304cb2fd36db,D13A,,e2aa2aaa-8af6-4807-9a4e-7665c5421eed,Furniture,2026-04-28 11:14:52.373139,,Unmapped,no_allocation_pool,0,,,
01e761fc-cf80-46dc-99fc-90cec18565a9,VIST-26-05-00127,a7798da2-f8ee-1840-a1f3-f29a9e764b97,bde00681-ebfc-ef38-4f6e-4906a012de6b,B42,1d409b50-0f02-94aa-63c7-737e000c8120,e2aa2aaa-8af6-4807-9a4e-7665c5421eed,Furniture,2026-05-26 05:33:25.934499,9c958763-2d9c-46a4-8f4e-44f491ee63ef,Verified,direct_asset_id,1,9c958763-2d9c-46a4-8f4e-44f491ee63ef,Bedside Table,
e0e94ac2-9af5-4194-ba97-3caff204496e,VIST-26-06-00108,93eb3d6a-d35b-ef1f-83b8-7430b6ad1674,990e8a3e-a69c-7b31-f606-3eeb21e3d4c6,C34,e5f8d124-710a-6c9f-2667-88950dcc7e60,47389994-b201-4bb1-bf91-8bce4dbde510,Other,2026-06-29 13:38:08.686724,4f48d094-6bbb-4944-a409-69e8d7e7fb23,Verified,direct_asset_id,1,4f48d094-6bbb-4944-a409-69e8d7e7fb23,Cupboard,
ec7dd572-aa06-43eb-8cf4-469684996ac1,VIST-26-06-00016,d751c131-c1c9-4f5c-88f8-7e4c6cb710b3,b0d4d2c8-f6ee-bc16-ffd7-fc33c8db8571,A23,caf1f559-25d7-959b-c416-cb63f4ded6cc,a5831922-eaeb-48c2-941c-fd96fae8813d,AC Issues,2026-06-04 18:31:41.324431,9a617a18-45e3-4139-8e9b-4babbc1c20eb,Verified,direct_asset_id,1,9a617a18-45e3-4139-8e9b-4babbc1c20eb,Air Conditioner,
6655ddc8-ece3-485d-a194-14d08986ba03,VIST-26-05-00100,389859df-460c-4966-a71d-eb7bbebae67b,9d5d0096-0b78-a663-1142-be871dfa2bda,C42,b67440c5-1089-ccdb-bb31-3211a4ee4d0e,a25aca1b-211b-41d3-ab08-78bd2b9541e8,Toilet Issues,2026-05-20 01:45:30.734657,d04220d8-e0a3-4377-8096-ae6756f1bef7,Verified,direct_asset_id,1,d04220d8-e0a3-4377-8096-ae6756f1bef7,Water Heater,
d01d2356-1785-4413-a34d-b32eec8aa9f6,VIST-26-06-00090,073e4bd7-f1f1-49d3-604f-c365b9952a6c,d2298bb8-a5e5-735a-c8ca-9b18c7daacd6,D41,d0c84d1e-4238-9b66-8d10-7665d8e44980,01208ba1-4225-4a61-be39-3afe03dad690,RO Water Issues,2026-06-25 18:45:41.744645,2135b780-5345-406d-ae31-fd3cd1c49650,Verified,direct_asset_id,1,2135b780-5345-406d-ae31-fd3cd1c49650,RO Water Purifier,2025-02-02
c357bd0c-ed09-4aed-9e47-2952abc4b848,VIST-26-05-00114,a4709d2c-85e2-3d68-7467-1eaf879ba2c9,990e8a3e-a69c-7b31-f606-3eeb21e3d4c6,C34,f226894e-3765-1bd7-6cda-03e887bc56b3,abc84f5b-a950-406e-ab46-cefbe11df925,Cleaning Issues,2026-05-23 07:48:00.540218,3babeb92-9e7c-4877-8eea-8b0a471e1e37,Verified,direct_asset_id,1,3babeb92-9e7c-4877-8eea-8b0a471e1e37,Bedside Table,
047c498a-6455-4af2-a829-3e20b6f96ed3,VIST-26-06-00011,3b02f95a-b47e-1037-4f8a-f2f31e35c98e,b0d4d2c8-f6ee-bc16-ffd7-fc33c8db8571,A23,96bb1fe8-5e0d-fdd2-0b6f-94aa78cf0ba2,28158382-d5c1-436c-927b-3e3d9855c2af,Electrical Issues,2026-06-03 06:53:35.008441,69cb270b-e8f3-410e-9142-2752016b44f9,Verified,direct_asset_id,1,69cb270b-e8f3-410e-9142-2752016b44f9,Fan,
4b313b65-29bc-4a38-9c5c-a7db2daa1745,VIST-26-06-00005,de481a65-2fb4-4974-b7db-0ec990ea852d,85292340-826d-52c1-65c7-7f2a9eb2c2c4,B41,8e25f001-fe3b-3a8e-0754-b8a08d432526,a25aca1b-211b-41d3-ab08-78bd2b9541e8,Toilet Issues,2026-06-01 13:37:42.925639,,Low,bed_no_type_match,0,,,
ba000612-08eb-466e-a200-9116b2f0ab0f,VIST-26-06-00057,8971261e-a813-477f-94c0-0a9661dc4c34,fb5cedd6-2992-1c62-7fba-4a7a6b43b2ff,C43,f9e98282-6ed1-2655-561b-5122ac7d94a1,28158382-d5c1-436c-927b-3e3d9855c2af,Electrical Issues,2026-06-15 08:09:20.584146,30d9dbfc-a9d3-49fb-bc99-c78196773658,Verified,direct_asset_id,1,30d9dbfc-a9d3-49fb-bc99-c78196773658,Fan,
8048197e-b83c-45a0-bf10-7a52115667e4,VIST-26-06-00051,43774f3c-9ce6-fc78-7857-b8607c3e1966,a361bd0d-c2c1-2aee-6303-d65de004edd0,B24,9b9feba7-c6ce-bf0e-4b62-7c7541025927,abc84f5b-a950-406e-ab46-cefbe11df925,Cleaning Issues,2026-06-14 09:24:24.232035,c7f7b971-19fa-46c7-849d-4c5982a86ff7,Verified,direct_asset_id,1,c7f7b971-19fa-46c7-849d-4c5982a86ff7,Fan,
67123f11-5721-4f52-950f-d91b623d5cc2,VISH-2026-000113,71a9340d-9832-4609-a110-d9b5aaffc020,9d5d0096-0b78-a663-1142-be871dfa2bda,C42,235bd597-22a1-f0f2-0d40-a0a2f59f41fd,a5831922-eaeb-48c2-941c-fd96fae8813d,AC Issues,2026-07-20 09:29:51.350247,38024f17-c961-4963-a0ed-d681e192a3f6,Verified,direct_asset_id,1,38024f17-c961-4963-a0ed-d681e192a3f6,Air Conditioner,
298b0b9f-9d4c-4ef2-a37f-7d9e7d35910d,VIST-26-05-00098,8e39a9bd-3317-b2a6-22a6-16fa4cab9632,bde00681-ebfc-ef38-4f6e-4906a012de6b,B42,83a7b624-6ba5-7e9f-53eb-acd6d0ab5bb4,a5831922-eaeb-48c2-941c-fd96fae8813d,AC Issues,2026-05-19 08:27:41.759571,ad75c377-9acf-491b-a138-6bf57009111c,Verified,direct_asset_id,1,ad75c377-9acf-491b-a138-6bf57009111c,Air Conditioner,
30f4d87a-751c-4266-ad46-975889178700,VIST-26-06-00010,3b02f95a-b47e-1037-4f8a-f2f31e35c98e,b0d4d2c8-f6ee-bc16-ffd7-fc33c8db8571,A23,96bb1fe8-5e0d-fdd2-0b6f-94aa78cf0ba2,abc84f5b-a950-406e-ab46-cefbe11df925,Cleaning Issues,2026-06-03 06:52:14.662375,dccbf35d-537d-48ac-92d9-d1d792755a15,Verified,direct_asset_id,1,dccbf35d-537d-48ac-92d9-d1d792755a15,Water Heater,
1c905e75-7535-416d-a137-8dc916747194,VIST-26-05-00112,8709ca2e-a8a6-48a4-b8ce-e813c4796ab9,c17c5093-48b7-139f-ebfc-1cd33ef5179c,D12,4afa5689-5806-e349-ab1d-a4358f44e1d6,7917cc13-aaca-4558-a2c2-8be5cd8fc159,Internet Issues,2026-05-22 15:16:09.214565,,Low,bed_issue_type_unmapped,5,,,
fee940e2-83d1-4749-ab17-a7df7d3e1905,VIST-26-05-00109,3e50af3d-452f-d098-b3bc-3c2a64576d55,79853a4a-cb02-508c-e041-7e23378aec9c,A41,0153ccf1-dd56-71dd-4156-d4c3c648531b,28158382-d5c1-436c-927b-3e3d9855c2af,Electrical Issues,2026-05-21 19:21:39.302622,7f864296-4fea-4704-9363-c0bdd3dcfc31,Verified,direct_asset_id,1,7f864296-4fea-4704-9363-c0bdd3dcfc31,Fan,
1253875a-f6c4-4ed0-92d1-c3e6e7a4dabb,VIST-26-05-00129,2631ddfd-660e-8719-1876-82cf88e13a60,77c3a6fd-4651-d880-29aa-abd19c8324df,C21,98fd7f93-0ba0-1cf1-aa22-36fa6d3816ed,a5831922-eaeb-48c2-941c-fd96fae8813d,AC Issues,2026-05-26 14:37:55.440532,3efce5d2-b6c1-424a-9491-52000cca55c5,Verified,direct_asset_id,1,3efce5d2-b6c1-424a-9491-52000cca55c5,Air Conditioner,
3d26fc71-98fb-4052-a26c-40e7b044d63b,VIST-26-07-00061,,188aee4d-68e0-1ddb-38e6-a946bc75072d,A12,d406c520-d5c0-dce0-90fa-222f3e8c6d05,a25aca1b-211b-41d3-ab08-78bd2b9541e8,Toilet Issues,2026-07-20 06:54:28.980475,,Low,bed_no_type_match,0,,,
7c2663ac-612b-417d-9bf7-5e6ac8d3efe5,VIST-26-05-00108,86cd2239-fa55-0389-437e-e8fd505dc931,03edc7c5-4c46-b55e-523d-9fb7be29910b,A44,abfa482f-64b8-5ca0-3072-e8345f44a317,a5831922-eaeb-48c2-941c-fd96fae8813d,AC Issues,2026-05-21 18:05:12.373718,4bca902d-8716-446e-b3b2-e01da0999fba,Verified,direct_asset_id,1,4bca902d-8716-446e-b3b2-e01da0999fba,Air Conditioner,
4f8b2dee-434d-4bea-8392-a77c7e9c5362,VIST-26-06-00048,f295149c-bcb1-4d48-93ce-d2ea593d29c3,aa73cade-c28c-dc5b-5980-55801ea0d415,B33,50d7a816-da06-6897-ffe0-cb694a257dec,a5831922-eaeb-48c2-941c-fd96fae8813d,AC Issues,2026-06-14 05:50:18.848886,999d799d-ddf8-4e3e-9913-bf8a20411d21,Verified,direct_asset_id,1,999d799d-ddf8-4e3e-9913-bf8a20411d21,Air Conditioner,
48a7025a-a65f-4b80-914c-984259833370,VIST-26-05-00141,72ac33cc-b9b2-9cc4-47fd-d37096c8f30d,77c3a6fd-4651-d880-29aa-abd19c8324df,C21,58b51b21-f4aa-b4ea-0947-8ff74e4562a7,d76dd3bd-ccb7-4991-a01f-ce158dfe908e,Plumbing,2026-05-31 06:53:36.435165,a5b9df5f-a304-4e71-ae9a-3ffdf56c2ea3,Verified,direct_asset_id,1,a5b9df5f-a304-4e71-ae9a-3ffdf56c2ea3,Water Heater,
fbfcd225-fb5b-43dc-b136-702c313ae190,VIST-26-05-00101,257579ca-bef0-99b8-f916-e518891ffdab,fad74a92-8e64-787e-38c3-8ebdb9db6511,D15,808fbd05-1708-47c3-a3ed-acb300c719aa,28158382-d5c1-436c-927b-3e3d9855c2af,Electrical Issues,2026-05-20 07:47:05.519886,,Unmapped,no_allocation_pool,0,,,
8ff9e815-22fc-4901-8096-cd2d0ae81176,VIST-26-06-00123,07734943-434c-4c8b-b1fa-49d7c4e8a7fe,d2298bb8-a5e5-735a-c8ca-9b18c7daacd6,D41,3e28154d-1bfe-92b4-2fff-f295a9f54738,a5831922-eaeb-48c2-941c-fd96fae8813d,AC Issues,2026-06-30 19:19:46.863863,5113f32c-70bb-4e71-9b7f-f7160c4ecb3e,Verified,direct_asset_id,1,5113f32c-70bb-4e71-9b7f-f7160c4ecb3e,Air Conditioner,
206f2473-1864-4ba9-ae6a-109ee0fa0150,VIST-26-05-00106,fc8a412e-e0d4-35e1-37fa-5f798b7dc7f4,b0875d50-a469-821b-57c3-03ac62809198,C11,acc99892-cb35-8aaf-7d74-61bb7125b1bf,a5831922-eaeb-48c2-941c-fd96fae8813d,AC Issues,2026-05-21 15:12:58.224955,a01fdc02-1311-43b4-828c-ae25f1158139,Verified,direct_asset_id,1,a01fdc02-1311-43b4-828c-ae25f1158139,Air Conditioner,
793f193e-cb76-43f3-991d-36b8179160da,VIST-26-05-00105,c511ac63-cb7e-1453-92d5-ea4ffba1c360,233cca0e-efcf-e631-d2fc-9997a6ba5706,C44,7dcf272d-a13c-9661-df5a-a6704de16ab8,a5831922-eaeb-48c2-941c-fd96fae8813d,AC Issues,2026-05-21 15:10:30.107053,1ac33845-439e-4379-ba39-8f2c952e8873,Verified,direct_asset_id,1,1ac33845-439e-4379-ba39-8f2c952e8873,Air Conditioner,
65de8cca-e13c-44ee-8b37-0a8f33e93223,VIST-26-05-00004,d77b5c1e-605d-6795-5eee-1e2f9b83e069,49ed1c8e-3653-c89b-ec74-16d8e20bb923,B34,18cdbd64-ea17-6578-2f54-2b5ad8a2c7fe,a5831922-eaeb-48c2-941c-fd96fae8813d,AC Issues,2026-05-01 14:44:22.503236,015a5afe-f096-4f3f-a41a-734a4743aa19,Verified,direct_asset_id,1,015a5afe-f096-4f3f-a41a-734a4743aa19,Air Conditioner,
73752713-dfcb-4eff-8ce4-b47bbb904804,VIST-26-06-00055,1932ea80-c6eb-874e-eca8-12410fa7a608,c2ff0c11-4d1b-7b9b-b93c-aa37c9b6c40b,D21,f060fd98-620b-0d6c-65cd-5090be241589,01208ba1-4225-4a61-be39-3afe03dad690,RO Water Issues,2026-06-15 04:55:34.055291,1fac099b-4e9f-4260-bfa2-9ecdd23b97fb,Verified,direct_asset_id,1,1fac099b-4e9f-4260-bfa2-9ecdd23b97fb,RO Water Purifier,2023-08-30
f1c62a11-792d-4692-9de7-fc5834c32a22,VIST-26-07-00082,,03edc7c5-4c46-b55e-523d-9fb7be29910b,A44,42541fce-4dd2-805a-5d01-5aa7e5db8726,47389994-b201-4bb1-bf91-8bce4dbde510,Other,2026-07-24 06:46:37.792856,,Low,bed_issue_type_unmapped,8,,,
b30178f4-4a1c-4469-9255-be9eed264561,VIST-26-05-00123,491b8136-32a1-37c5-5253-b53ff3991d86,77c3a6fd-4651-d880-29aa-abd19c8324df,C21,77dab2f4-7c09-59d1-5a0a-8473cdf46d8d,a5831922-eaeb-48c2-941c-fd96fae8813d,AC Issues,2026-05-25 03:36:53.664017,3efce5d2-b6c1-424a-9491-52000cca55c5,Verified,direct_asset_id,1,3efce5d2-b6c1-424a-9491-52000cca55c5,Air Conditioner,
a212351e-fd47-4d4f-b06f-cfd544db2630,VIST-26-04-00009,491b8136-32a1-37c5-5253-b53ff3991d86,77c3a6fd-4651-d880-29aa-abd19c8324df,C21,77dab2f4-7c09-59d1-5a0a-8473cdf46d8d,7917cc13-aaca-4558-a2c2-8be5cd8fc159,Internet Issues,2026-04-20 07:11:23.407400,,Low,bed_issue_type_unmapped,5,,,
3b217359-2d33-49eb-9efa-90da713930cb,VIST-26-05-00120,04ba1c6f-6c06-819d-9ecc-a0c5f795b922,c17c5093-48b7-139f-ebfc-1cd33ef5179c,D12,b5a4ef5b-dfab-12e9-96d2-c7657d00fb50,28158382-d5c1-436c-927b-3e3d9855c2af,Electrical Issues,2026-05-24 15:10:59.479407,3466151e-b985-4928-a03b-037084dcf9ae,Verified,direct_asset_id,1,3466151e-b985-4928-a03b-037084dcf9ae,Fan,
48862e77-53fa-42d1-a7e4-5082320b4b33,VIST-26-07-00066,1fc0c3bb-f35c-8d5d-a4fa-a9c1723cd8ab,82b270bf-e567-2deb-5ef3-495baafd7645,B14,b9880845-d37b-c083-ffd7-adcaa279cb30,e2aa2aaa-8af6-4807-9a4e-7665c5421eed,Furniture,2026-07-21 17:55:27.014886,24eb48f0-199e-4932-9b67-5ec3dd853112,Verified,direct_asset_id,1,24eb48f0-199e-4932-9b67-5ec3dd853112,Mattress,
313e7f25-536e-4c44-bcbc-aeeed7545253,VIST-26-06-00004,de481a65-2fb4-4974-b7db-0ec990ea852d,85292340-826d-52c1-65c7-7f2a9eb2c2c4,B41,8e25f001-fe3b-3a8e-0754-b8a08d432526,a5831922-eaeb-48c2-941c-fd96fae8813d,AC Issues,2026-06-01 13:14:44.293474,60e6badc-68a9-4456-b05b-c745c0e14502,Verified,direct_asset_id,1,60e6badc-68a9-4456-b05b-c745c0e14502,Air Conditioner,
b09e510e-96ad-4622-8e2b-5fb39c8d213b,VIST-26-05-00115,00ff5468-3680-2a12-23e4-82855ab3c697,10c6863d-07c3-4fc4-94f9-6adc29157ce1,C31,32dfa2d6-dbf8-4dd2-90a0-e664e838b0ac,a5831922-eaeb-48c2-941c-fd96fae8813d,AC Issues,2026-05-24 02:41:33.139085,d9a2ce08-6abd-43c3-bbf2-33b0c187a3b5,Verified,direct_asset_id,1,d9a2ce08-6abd-43c3-bbf2-33b0c187a3b5,Air Conditioner,
04617c6a-c9d0-4f9c-845e-a513b686709a,VIST-26-05-00122,2ba81159-3fd3-401a-b806-4cf09e7dce86,5d204545-2f72-b89b-3190-a826b5ab6512,B12,f21233ef-4976-14c5-b37d-3c30b4a3a97a,28158382-d5c1-436c-927b-3e3d9855c2af,Electrical Issues,2026-05-25 02:08:41.595235,797e7972-72a1-4785-895a-38ea0e45a330,Verified,direct_asset_id,1,797e7972-72a1-4785-895a-38ea0e45a330,Fan,
fe68f9b2-11d4-4da9-8573-21a5fad9d663,VIST-26-04-00014,cda37b51-1bbc-af0d-a560-49af88fdc751,79853a4a-cb02-508c-e041-7e23378aec9c,A41,f108b08d-b6c6-e6fe-5782-ba89ca9c16ad,28158382-d5c1-436c-927b-3e3d9855c2af,Electrical Issues,2026-04-22 02:00:05.426117,9d1e311a-cb0a-4ed0-a1a5-54bafa0ca837,High,bed_type_unique,1,9d1e311a-cb0a-4ed0-a1a5-54bafa0ca837,Fan,
4d777e0e-07ea-4138-9065-e0405fe2debb,VIST-26-05-00111,f16a668c-ea8a-b26d-9dff-4da3c53fccc7,1b4d1066-8fe4-199b-7b3b-39e4bded9714,C41,e490e3a6-9e5c-a6b8-a156-bfb492b8b0a4,a5831922-eaeb-48c2-941c-fd96fae8813d,AC Issues,2026-05-22 13:27:26.899452,aa6f4ce6-e2ac-44f0-917b-0f04f9a1896f,Verified,direct_asset_id,1,aa6f4ce6-e2ac-44f0-917b-0f04f9a1896f,Air Conditioner,
3beee66c-b10d-4d92-ad2f-d084d2754066,VIST-26-05-00118,55e6e452-fae2-a5ac-3c12-21424bffbcac,9d5d0096-0b78-a663-1142-be871dfa2bda,C42,5964e174-4d85-43f8-388d-3f66a1ecbd0e,28158382-d5c1-436c-927b-3e3d9855c2af,Electrical Issues,2026-05-24 12:40:59.795866,9ed56090-544a-4a8e-942c-109b962ba12b,Verified,direct_asset_id,1,9ed56090-544a-4a8e-942c-109b962ba12b,Fan,
e9107c13-9b09-4dd1-817c-bf01b8d59ab9,VIST-26-05-00081,1dc2bdca-ae79-4cd5-9d74-961c02cce282,49ed1c8e-3653-c89b-ec74-16d8e20bb923,B34,15d608c9-9596-d151-b9c5-21b22647f848,d76dd3bd-ccb7-4991-a01f-ce158dfe908e,Plumbing,2026-05-15 03:28:42.064347,,Low,bed_issue_type_unmapped,9,,,
9c6f1860-b99a-4590-a537-7b0051409a06,VIST-26-05-00097,6dd50e39-9843-4442-cc09-3b49fbe97fb9,2fc42a4f-fe5a-ae08-0e4e-2c89ca71db85,B11,b8e2da25-71c4-1b06-f7dd-e06f7f8f7741,a5831922-eaeb-48c2-941c-fd96fae8813d,AC Issues,2026-05-19 03:11:09.670703,40273ebc-52da-4130-82f8-a28b466d4adc,Verified,direct_asset_id,1,40273ebc-52da-4130-82f8-a28b466d4adc,Air Conditioner,
f9b32676-14df-4807-b389-ab327909f7ab,VIST-26-05-00117,f295149c-bcb1-4d48-93ce-d2ea593d29c3,aa73cade-c28c-dc5b-5980-55801ea0d415,B33,50d7a816-da06-6897-ffe0-cb694a257dec,28158382-d5c1-436c-927b-3e3d9855c2af,Electrical Issues,2026-05-24 05:27:32.667041,c7d66935-49df-474a-af4e-5db892413e2e,Verified,direct_asset_id,1,c7d66935-49df-474a-af4e-5db892413e2e,Fan,
f90ebf64-ee75-41cd-8a53-e97d7aad40da,VIST-26-07-00051,,79853a4a-cb02-508c-e041-7e23378aec9c,A41,b3011caa-4f84-1357-f007-ee364043173f,47389994-b201-4bb1-bf91-8bce4dbde510,Other,2026-07-17 07:26:21.821326,,Low,bed_issue_type_unmapped,11,,,
0235df0d-e86c-43df-8113-5df1701a4bd2,VIST-26-05-00134,79d4d3fe-73c5-a965-030f-c60220ee20cb,5d204545-2f72-b89b-3190-a826b5ab6512,B12,a607e4b0-3364-b1fb-774e-01d67c4fcdf1,47389994-b201-4bb1-bf91-8bce4dbde510,Other,2026-05-28 06:53:03.947150,,Low,bed_issue_type_unmapped,3,,,
2a30d99f-9ee0-433b-83d4-e4038d28c669,VIST-26-05-00126,6dd50e39-9843-4442-cc09-3b49fbe97fb9,2fc42a4f-fe5a-ae08-0e4e-2c89ca71db85,B11,b8e2da25-71c4-1b06-f7dd-e06f7f8f7741,47389994-b201-4bb1-bf91-8bce4dbde510,Other,2026-05-26 03:14:48.399706,97ff054f-ebe0-4cfe-8f03-dba72342180a,Verified,direct_asset_id,1,97ff054f-ebe0-4cfe-8f03-dba72342180a,Water Heater,
0780c700-c404-4944-abab-6c90a1c92975,VIST-26-07-00092,,10c6863d-07c3-4fc4-94f9-6adc29157ce1,C31,dcfddc61-693e-2180-1cf6-f3e8e0dd40d8,a5831922-eaeb-48c2-941c-fd96fae8813d,AC Issues,2026-07-28 11:32:39.349589,8f5d7ba9-389f-4c66-9724-0e54abeb3076,Verified,direct_asset_id,1,8f5d7ba9-389f-4c66-9724-0e54abeb3076,Air Conditioner,
457efb24-90c0-41ae-bb6b-5a047470eec7,VIST-26-07-00003,c3c77367-5f51-f7a7-e667-0e3480f53751,a361bd0d-c2c1-2aee-6303-d65de004edd0,B24,ac9af09e-62c0-08f5-e71e-d14dc5f83e6d,a5831922-eaeb-48c2-941c-fd96fae8813d,AC Issues,2026-07-01 08:43:15.937928,1f66dc02-27aa-4363-bd97-2df70371ebb0,Verified,direct_asset_id,1,1f66dc02-27aa-4363-bd97-2df70371ebb0,Air Conditioner,
8a21f623-e774-4f1e-ab8c-83fbcc18c810,VIST-26-05-00125,7e2a1e58-e10a-4352-ca15-59fd22f2c07e,ffbd5fe0-d9b3-cb55-cfd7-2d72a3498109,B43,d896c15c-52be-8a4e-6bcf-b598f12b31af,a5831922-eaeb-48c2-941c-fd96fae8813d,AC Issues,2026-05-25 16:06:22.299960,bb236be0-2a55-43fa-b798-b41eb5132d2d,Verified,direct_asset_id,1,bb236be0-2a55-43fa-b798-b41eb5132d2d,Air Conditioner,
91c3df30-8736-4363-afda-343891a9380a,VIST-26-06-00040,2ba81159-3fd3-401a-b806-4cf09e7dce86,5d204545-2f72-b89b-3190-a826b5ab6512,B12,f21233ef-4976-14c5-b37d-3c30b4a3a97a,01208ba1-4225-4a61-be39-3afe03dad690,RO Water Issues,2026-06-11 16:35:50.190475,6d6df3d5-fc6b-417d-bdba-9b0ef9c1425c,Verified,direct_asset_id,1,6d6df3d5-fc6b-417d-bdba-9b0ef9c1425c,RO Water Purifier,
617dfc67-d0d6-429a-bfa5-06460a2c98da,VIST-26-06-00023,c09e703c-d287-38c8-d1c1-239145e17df9,10c6863d-07c3-4fc4-94f9-6adc29157ce1,C31,bb071334-4646-5a4c-51c0-633d5b3db352,f3614e6e-8394-40cd-bbb3-b1f78e9f17c2,Billing Issues,2026-06-07 04:25:30.828071,,Low,bed_issue_type_unmapped,7,,,
5745ae7c-577e-45ee-8306-282882275a32,VIST-26-04-00004,a4ef95bf-1c7c-4c4d-0497-ae38085af6cc,990e8a3e-a69c-7b31-f606-3eeb21e3d4c6,C34,28adcae8-d3f2-7d01-473b-45f62020cdc0,47389994-b201-4bb1-bf91-8bce4dbde510,Other,2026-04-19 14:25:54.679794,2920e94a-8321-4019-8aac-1ead84f7559e,Verified,direct_asset_id,1,2920e94a-8321-4019-8aac-1ead84f7559e,Water Heater,
943908d6-ee9a-4bf4-aeab-eff7fb4ae697,VIST-26-06-00107,93eb3d6a-d35b-ef1f-83b8-7430b6ad1674,990e8a3e-a69c-7b31-f606-3eeb21e3d4c6,C34,e5f8d124-710a-6c9f-2667-88950dcc7e60,caf6381e-5189-4c1f-bf0a-4dfd99d9b9e7,Washing machine Issue,2026-06-29 13:36:34.121105,749517a3-bc94-4092-94b6-48c55df52b27,Verified,direct_asset_id,1,749517a3-bc94-4092-94b6-48c55df52b27,Washing Machine,
8227d1f8-5ed9-4eb2-b9fd-d6fc0c9423f4,VIST-26-05-00088,257579ca-bef0-99b8-f916-e518891ffdab,fad74a92-8e64-787e-38c3-8ebdb9db6511,D15,808fbd05-1708-47c3-a3ed-acb300c719aa,c5f1c3c0-af88-4c54-9730-ebffed128bc9,Kitchen Equipment,2026-05-18 04:25:37.180736,,Unmapped,no_allocation_pool,0,,,
42068e51-cf17-44bb-9dd2-2b27cec6e39e,VIST-26-06-00056,1932ea80-c6eb-874e-eca8-12410fa7a608,c2ff0c11-4d1b-7b9b-b93c-aa37c9b6c40b,D21,f060fd98-620b-0d6c-65cd-5090be241589,7917cc13-aaca-4558-a2c2-8be5cd8fc159,Internet Issues,2026-06-15 05:13:38.040883,,Low,apartment_issue_type_unmapped,39,,,
ff484b1a-5e85-4d57-8f3d-8e514b8f76ac,VIST-26-05-00042,2631ddfd-660e-8719-1876-82cf88e13a60,77c3a6fd-4651-d880-29aa-abd19c8324df,C21,98fd7f93-0ba0-1cf1-aa22-36fa6d3816ed,abc84f5b-a950-406e-ab46-cefbe11df925,Cleaning Issues,2026-05-07 12:39:19.912629,,Low,bed_issue_type_unmapped,5,,,
3452ec27-2423-4f26-b3e8-61abde88cb0d,VIST-26-05-00058,ba8dd5e0-ed0e-8b6a-7098-2732476feb31,dc4adc21-f501-0573-2e9a-d7bbbc89e5d6,D11,433269e6-beef-04d8-7738-12f887009657,c5f1c3c0-af88-4c54-9730-ebffed128bc9,Kitchen Equipment,2026-05-10 09:59:12.454315,05a93b2d-a6c7-4640-93af-6fd19b12c0a2,Verified,direct_asset_id,1,05a93b2d-a6c7-4640-93af-6fd19b12c0a2,Induction Stove,2025-05-05
93da2cb6-2365-4ade-b0a3-bffbb5fc56fe,VIST-26-06-00043,1932ea80-c6eb-874e-eca8-12410fa7a608,c2ff0c11-4d1b-7b9b-b93c-aa37c9b6c40b,D21,f060fd98-620b-0d6c-65cd-5090be241589,abc84f5b-a950-406e-ab46-cefbe11df925,Cleaning Issues,2026-06-12 08:17:55.556338,,Low,apartment_issue_type_unmapped,39,,,
2d51794c-13c3-46fb-9138-15f4b9c36f32,VIST-26-05-00128,f295149c-bcb1-4d48-93ce-d2ea593d29c3,aa73cade-c28c-dc5b-5980-55801ea0d415,B33,50d7a816-da06-6897-ffe0-cb694a257dec,54bc37a9-ef71-4e18-b896-593f71b161fa,Heater Issues,2026-05-26 13:40:07.174873,41b29390-ba7f-498b-accf-cf2f33a2d333,Verified,direct_asset_id,1,41b29390-ba7f-498b-accf-cf2f33a2d333,Water Heater,
d6a91c4a-bcda-4f95-83d1-a34ed7cf8e65,VISH-2026-0019,e426d68a-16d2-9097-ff7d-ae2521fb52e5,77c3a6fd-4651-d880-29aa-abd19c8324df,C21,2564984d-d7f3-5161-99d4-3d648f77f03e,e2aa2aaa-8af6-4807-9a4e-7665c5421eed,Furniture,2026-04-07 00:18:50.384460,555e98eb-4fe6-4459-8cc7-46924f281dfb,Verified,direct_asset_id,1,555e98eb-4fe6-4459-8cc7-46924f281dfb,Cot (Bed Frame),
a3081c04-706b-45c9-9a10-6ee5edce0401,VIST-26-06-00049,f295149c-bcb1-4d48-93ce-d2ea593d29c3,aa73cade-c28c-dc5b-5980-55801ea0d415,B33,50d7a816-da06-6897-ffe0-cb694a257dec,c5f1c3c0-af88-4c54-9730-ebffed128bc9,Kitchen Equipment,2026-06-14 05:50:45.701233,b6584e89-b55e-4e4c-aa98-a34c72f15191,Verified,direct_asset_id,1,b6584e89-b55e-4e4c-aa98-a34c72f15191,Microwave Oven,
64ee36db-ed0b-4fe8-bbfe-d5aa6e77423f,VIST-26-06-00064,22a9494d-0e02-6fba-4aee-7947f1e6110b,417c9738-a0f7-5a00-1091-37a9fd083dd6,B13,046c3e92-cd17-a1e9-aa97-733c3127f809,a5831922-eaeb-48c2-941c-fd96fae8813d,AC Issues,2026-06-17 08:19:05.894890,d4f2ff34-b56c-4fa6-bdb2-fabb4d39c447,Verified,direct_asset_id,1,d4f2ff34-b56c-4fa6-bdb2-fabb4d39c447,Air Conditioner,
2f821a1a-cdee-4e0b-b688-83e9e30edf93,VIST-26-06-00002,2c05db07-e980-4d52-a524-1b1ee5185554,aa73cade-c28c-dc5b-5980-55801ea0d415,B33,e240e3e5-c69e-eb28-28a3-e88cb6561735,e2aa2aaa-8af6-4807-9a4e-7665c5421eed,Furniture,2026-06-01 03:08:50.657810,544b7073-6afc-400a-bb6d-561234a7664d,Verified,direct_asset_id,1,544b7073-6afc-400a-bb6d-561234a7664d,Cot (Bed Frame),
79ca95c6-84d4-4fe7-b054-b7e9588ce30d,VIST-26-06-00038,6ea3368b-00ab-4626-a86f-7fcacb3e167e,dc4adc21-f501-0573-2e9a-d7bbbc89e5d6,D11,f75d07e9-5c50-45b0-86bc-61a93dbb4d17,7917cc13-aaca-4558-a2c2-8be5cd8fc159,Internet Issues,2026-06-11 11:38:29.816012,,Low,apartment_issue_type_unmapped,41,,,
273cfd52-9861-4f44-9271-39952f4c6a35,VISH-2026-0030,8123af5e-305b-80f8-20db-4d54b7f628c7,03edc7c5-4c46-b55e-523d-9fb7be29910b,A44,7c369e8a-97c2-59de-b4b9-6f506fb0812f,abc84f5b-a950-406e-ab46-cefbe11df925,Cleaning Issues,2026-04-08 07:41:21.925782,,Low,bed_issue_type_unmapped,5,,,
61640151-5e67-4bdf-854e-05c78cf4a317,VIST-26-07-00042,1fc0c3bb-f35c-8d5d-a4fa-a9c1723cd8ab,82b270bf-e567-2deb-5ef3-495baafd7645,B14,b9880845-d37b-c083-ffd7-adcaa279cb30,01208ba1-4225-4a61-be39-3afe03dad690,RO Water Issues,2026-07-15 15:48:35.415162,e023aafd-324b-46e0-9d1c-4185c31eab44,Verified,direct_asset_id,1,e023aafd-324b-46e0-9d1c-4185c31eab44,RO Water Purifier,
53f77ddc-446d-4480-a617-de536961a1e0,VIST-26-06-00026,00ff5468-3680-2a12-23e4-82855ab3c697,10c6863d-07c3-4fc4-94f9-6adc29157ce1,C31,32dfa2d6-dbf8-4dd2-90a0-e664e838b0ac,01208ba1-4225-4a61-be39-3afe03dad690,RO Water Issues,2026-06-07 18:19:47.522165,6cb27459-de3c-427e-911e-71b60fc9a10c,Verified,direct_asset_id,1,6cb27459-de3c-427e-911e-71b60fc9a10c,RO Water Purifier,
fd2604e2-76a9-40ac-b9cb-34f60454de15,VIST-26-05-00116,f295149c-bcb1-4d48-93ce-d2ea593d29c3,aa73cade-c28c-dc5b-5980-55801ea0d415,B33,50d7a816-da06-6897-ffe0-cb694a257dec,c5f1c3c0-af88-4c54-9730-ebffed128bc9,Kitchen Equipment,2026-05-24 05:26:20.816868,b6584e89-b55e-4e4c-aa98-a34c72f15191,Verified,direct_asset_id,1,b6584e89-b55e-4e4c-aa98-a34c72f15191,Microwave Oven,
25627ef2-0336-47f6-8a33-cf89a60ab7c7,VIST-26-06-00072,66fbcb59-3d06-d8cc-b1d5-53f38a599207,c2ff0c11-4d1b-7b9b-b93c-aa37c9b6c40b,D21,0dd3b0c2-ddcf-ddb3-1f9f-e19c9273b218,01208ba1-4225-4a61-be39-3afe03dad690,RO Water Issues,2026-06-18 06:35:12.399770,1fac099b-4e9f-4260-bfa2-9ecdd23b97fb,Verified,direct_asset_id,1,1fac099b-4e9f-4260-bfa2-9ecdd23b97fb,RO Water Purifier,2023-08-30
469fe91b-3816-4adf-b5c6-7ba012838bc2,VIST-26-05-00033,26b16f30-da65-8aa3-d1ec-4867ac2a8f35,a361bd0d-c2c1-2aee-6303-d65de004edd0,B24,a4def813-d3a1-fa98-de2f-18ad2a9699a7,a5831922-eaeb-48c2-941c-fd96fae8813d,AC Issues,2026-05-05 16:42:57.935217,,Low,bed_no_type_match,0,,,
c94b4387-b104-49de-a22d-136c17203559,VIST-26-06-00074,22a9494d-0e02-6fba-4aee-7947f1e6110b,417c9738-a0f7-5a00-1091-37a9fd083dd6,B13,046c3e92-cd17-a1e9-aa97-733c3127f809,a25aca1b-211b-41d3-ab08-78bd2b9541e8,Toilet Issues,2026-06-18 21:48:12.756646,6b3439e1-ce82-479e-9781-e9a2b893b664,Verified,direct_asset_id,1,6b3439e1-ce82-479e-9781-e9a2b893b664,Water Heater,
925b5fb4-9735-4f08-b8bb-e93d33cc14e1,VIST-26-07-00035,8e39a9bd-3317-b2a6-22a6-16fa4cab9632,bde00681-ebfc-ef38-4f6e-4906a012de6b,B42,83a7b624-6ba5-7e9f-53eb-acd6d0ab5bb4,a5831922-eaeb-48c2-941c-fd96fae8813d,AC Issues,2026-07-13 17:18:43.175184,ad75c377-9acf-491b-a138-6bf57009111c,Verified,direct_asset_id,1,ad75c377-9acf-491b-a138-6bf57009111c,Air Conditioner,
1b24e22a-8d8f-4237-80aa-4709478acf52,VIST-26-06-00113,950dd22f-78fa-d205-48b3-fe5a5cc7438e,82b270bf-e567-2deb-5ef3-495baafd7645,B14,5c31f9fd-7275-3511-295a-a2740dc3ff01,a5831922-eaeb-48c2-941c-fd96fae8813d,AC Issues,2026-06-30 02:36:34.261274,bb16fb18-3977-45db-9072-c93a4fbb46c5,Verified,direct_asset_id,1,bb16fb18-3977-45db-9072-c93a4fbb46c5,Air Conditioner,
51d838ab-d34d-458d-8ba4-a58d1c010c5f,VIST-26-06-00071,890b32d9-f754-8150-5a18-8a21fcdf3828,c2ff0c11-4d1b-7b9b-b93c-aa37c9b6c40b,D21,f825c883-6815-d3b1-7a49-620004f0a7ae,01208ba1-4225-4a61-be39-3afe03dad690,RO Water Issues,2026-06-18 03:56:58.868438,1fac099b-4e9f-4260-bfa2-9ecdd23b97fb,Verified,direct_asset_id,1,1fac099b-4e9f-4260-bfa2-9ecdd23b97fb,RO Water Purifier,2023-08-30
697a386b-0c0f-44c4-8653-96a72084bcec,VIST-26-06-00063,22a9494d-0e02-6fba-4aee-7947f1e6110b,417c9738-a0f7-5a00-1091-37a9fd083dd6,B13,046c3e92-cd17-a1e9-aa97-733c3127f809,a25aca1b-211b-41d3-ab08-78bd2b9541e8,Toilet Issues,2026-06-17 07:43:05.441011,6b3439e1-ce82-479e-9781-e9a2b893b664,Verified,direct_asset_id,1,6b3439e1-ce82-479e-9781-e9a2b893b664,Water Heater,
86745b91-6f81-4ee1-b55f-e981c6de7b5c,VIST-26-06-00087,a4709d2c-85e2-3d68-7467-1eaf879ba2c9,990e8a3e-a69c-7b31-f606-3eeb21e3d4c6,C34,f226894e-3765-1bd7-6cda-03e887bc56b3,abc84f5b-a950-406e-ab46-cefbe11df925,Cleaning Issues,2026-06-24 08:25:29.206999,,Low,bed_issue_type_unmapped,4,,,
a63e7669-3fd6-4fdc-a961-ad40190c10fa,VIST-26-06-00029,b6263381-5732-4544-952b-edde50fdfc28,bc7f358d-0d6d-f95f-ff80-9089eefdef69,B44,90eedc35-b872-5505-a86d-2824a91e518c,abc84f5b-a950-406e-ab46-cefbe11df925,Cleaning Issues,2026-06-08 15:24:35.775005,,Low,bed_issue_type_unmapped,6,,,
63d1eaff-e400-4032-a823-9494310f2bba,VIST-26-06-00117,26b16f30-da65-8aa3-d1ec-4867ac2a8f35,a361bd0d-c2c1-2aee-6303-d65de004edd0,B24,a4def813-d3a1-fa98-de2f-18ad2a9699a7,28158382-d5c1-436c-927b-3e3d9855c2af,Electrical Issues,2026-06-30 03:58:55.341297,a53f936a-4736-41c6-9315-d946a3c071d0,Verified,direct_asset_id,1,a53f936a-4736-41c6-9315-d946a3c071d0,Fan,
84606359-3085-4e82-8854-11ac5b5045e7,VIST-26-06-00045,21e237d1-286e-324e-0cef-45725d629768,b0d4d2c8-f6ee-bc16-ffd7-fc33c8db8571,A23,3adf68ca-04d2-f3f2-6459-8418efbb3e0a,28158382-d5c1-436c-927b-3e3d9855c2af,Electrical Issues,2026-06-12 17:33:51.414600,45cf3ce8-48d0-4b37-b975-1b26af059c69,Verified,direct_asset_id,1,45cf3ce8-48d0-4b37-b975-1b26af059c69,Fan,
9351a6f4-4c82-419b-a851-61ee8fd6b403,VIST-26-05-00107,bdcc24e3-6077-3ea9-b25e-2747d0f07be7,bc7f358d-0d6d-f95f-ff80-9089eefdef69,B44,3ba3be35-43a3-79f2-d76c-617b73cd813d,a5831922-eaeb-48c2-941c-fd96fae8813d,AC Issues,2026-05-21 15:36:34.468245,99d778f7-c033-4e7f-b205-35213a9877d6,Verified,direct_asset_id,1,99d778f7-c033-4e7f-b205-35213a9877d6,Air Conditioner,
ecfd4173-3aef-4da2-8aa5-f03fe01f639e,VIST-26-06-00014,f295149c-bcb1-4d48-93ce-d2ea593d29c3,aa73cade-c28c-dc5b-5980-55801ea0d415,B33,50d7a816-da06-6897-ffe0-cb694a257dec,e2aa2aaa-8af6-4807-9a4e-7665c5421eed,Furniture,2026-06-04 04:10:27.313467,b23f3ed6-3bba-4a28-85bc-ebea924f5eb6,Verified,direct_asset_id,1,b23f3ed6-3bba-4a28-85bc-ebea924f5eb6,Cot (Bed Frame),
f0affaee-a05c-4cd9-97b6-f6b895f55ad6,VIST-26-06-00030,890b32d9-f754-8150-5a18-8a21fcdf3828,c2ff0c11-4d1b-7b9b-b93c-aa37c9b6c40b,D21,f825c883-6815-d3b1-7a49-620004f0a7ae,28158382-d5c1-436c-927b-3e3d9855c2af,Electrical Issues,2026-06-09 06:42:31.229892,5afb5cb0-85ac-4667-a503-73f76261a726,Verified,direct_asset_id,1,5afb5cb0-85ac-4667-a503-73f76261a726,Fan,
72f721e8-8e16-444d-b150-09b3385ae141,VIST-26-07-00085,23f7ef5f-6b26-a104-b616-b438d7e9243c,86ad1ceb-8d81-a926-d998-3a2f1cafba06,C24,fd583622-d483-7a0e-b288-a9d0d1e0807a,47389994-b201-4bb1-bf91-8bce4dbde510,Other,2026-07-25 14:22:12.908797,cd86c5f0-efa9-4bfc-9ecb-7c3230173dcd,Verified,direct_asset_id,1,cd86c5f0-efa9-4bfc-9ecb-7c3230173dcd,Air Conditioner,
4505aa76-6647-4ef0-b86d-d332e066828a,VIST-26-06-00032,d2449d75-0593-4deb-a6c2-fae99fc83ab0,a361bd0d-c2c1-2aee-6303-d65de004edd0,B24,4878b203-a8a4-ae51-ee40-ab6717cd55b6,a5831922-eaeb-48c2-941c-fd96fae8813d,AC Issues,2026-06-10 16:53:25.711651,ce9964be-389f-4a84-b81c-ea22ddc62eb4,Verified,direct_asset_id,1,ce9964be-389f-4a84-b81c-ea22ddc62eb4,Air Conditioner,
edd4ab1d-1d4d-4acd-9e82-f4fcc0e3288a,VIST-26-05-00103,d2449d75-0593-4deb-a6c2-fae99fc83ab0,a361bd0d-c2c1-2aee-6303-d65de004edd0,B24,4878b203-a8a4-ae51-ee40-ab6717cd55b6,a25aca1b-211b-41d3-ab08-78bd2b9541e8,Toilet Issues,2026-05-20 11:52:41.408234,2b2f6325-f71e-4739-ae56-b3f912714978,Verified,direct_asset_id,1,2b2f6325-f71e-4739-ae56-b3f912714978,Water Heater,
ef1e06ce-5ac7-4ad8-a668-f0ebffab0a86,VISH-2026-0036,950dd22f-78fa-d205-48b3-fe5a5cc7438e,82b270bf-e567-2deb-5ef3-495baafd7645,B14,5c31f9fd-7275-3511-295a-a2740dc3ff01,a25aca1b-211b-41d3-ab08-78bd2b9541e8,Toilet Issues,2026-04-09 06:22:40.153324,,Low,bed_no_type_match,0,,,
3c0f2d94-6e2b-4bdb-9426-6c887f11be91,VIST-26-05-00077,950dd22f-78fa-d205-48b3-fe5a5cc7438e,82b270bf-e567-2deb-5ef3-495baafd7645,B14,5c31f9fd-7275-3511-295a-a2740dc3ff01,a5831922-eaeb-48c2-941c-fd96fae8813d,AC Issues,2026-05-12 14:02:26.555943,bb16fb18-3977-45db-9072-c93a4fbb46c5,High,bed_type_unique,1,bb16fb18-3977-45db-9072-c93a4fbb46c5,Air Conditioner,
3d7e8e75-3347-4c38-9518-8b60c3c5e3fd,VIST-26-05-00079,ba8dd5e0-ed0e-8b6a-7098-2732476feb31,dc4adc21-f501-0573-2e9a-d7bbbc89e5d6,D11,433269e6-beef-04d8-7738-12f887009657,a5831922-eaeb-48c2-941c-fd96fae8813d,AC Issues,2026-05-13 13:35:48.105079,5da6f131-fa1e-4f4a-bd3e-736bee9f59d2,Verified,direct_asset_id,1,5da6f131-fa1e-4f4a-bd3e-736bee9f59d2,Air Conditioner,
51dfc044-dc6f-4a50-af93-7e9e8d15e46d,VIST-26-05-00080,0278721a-a690-833b-298a-16a351fb7a3a,dd96a329-ec95-e96a-1348-69d976f39cd4,C12,cd504af3-aa51-0793-c3fc-fb030590ae09,a5831922-eaeb-48c2-941c-fd96fae8813d,AC Issues,2026-05-14 12:00:43.026934,147c451f-29c0-4333-a9e7-a73d1cdb9a1b,Verified,direct_asset_id,1,147c451f-29c0-4333-a9e7-a73d1cdb9a1b,Air Conditioner,
32dfcd89-4de1-4165-bbc4-a648bc99f9f5,VIST-26-06-00036,4628a4bf-d4c5-9e5d-471c-271b9f3e7d03,82b270bf-e567-2deb-5ef3-495baafd7645,B14,a99a7569-c4ba-31c0-62a9-b5fdc33d6863,28158382-d5c1-436c-927b-3e3d9855c2af,Electrical Issues,2026-06-11 06:21:40.259528,ef9a41c0-4e35-474e-ab7b-3ca0833228c2,Verified,direct_asset_id,1,ef9a41c0-4e35-474e-ab7b-3ca0833228c2,Fan,
5e89f675-cd07-456b-89e4-d141040c2f0e,VIST-26-07-00052,cda37b51-1bbc-af0d-a560-49af88fdc751,79853a4a-cb02-508c-e041-7e23378aec9c,A41,f108b08d-b6c6-e6fe-5782-ba89ca9c16ad,a5831922-eaeb-48c2-941c-fd96fae8813d,AC Issues,2026-07-18 06:03:00.920808,71701352-6d07-4b20-b6f7-7b70117dd5a3,Verified,direct_asset_id,1,71701352-6d07-4b20-b6f7-7b70117dd5a3,Air Conditioner,
8b77d984-c02f-4275-97fa-4e5696f7ff85,VIST-26-06-00035,4628a4bf-d4c5-9e5d-471c-271b9f3e7d03,82b270bf-e567-2deb-5ef3-495baafd7645,B14,a99a7569-c4ba-31c0-62a9-b5fdc33d6863,abc84f5b-a950-406e-ab46-cefbe11df925,Cleaning Issues,2026-06-11 06:21:18.595375,,Low,bed_issue_type_unmapped,3,,,
9b7123f6-8720-4828-b7e3-5bbf68a2a78b,VIST-26-07-00001,c3c77367-5f51-f7a7-e667-0e3480f53751,a361bd0d-c2c1-2aee-6303-d65de004edd0,B24,ac9af09e-62c0-08f5-e71e-d14dc5f83e6d,47389994-b201-4bb1-bf91-8bce4dbde510,Other,2026-07-01 08:16:56.390302,,Low,bed_issue_type_unmapped,4,,,
96abc1f1-6f1a-4e36-a35f-b1432c33a3be,VIST-26-06-00033,d2449d75-0593-4deb-a6c2-fae99fc83ab0,a361bd0d-c2c1-2aee-6303-d65de004edd0,B24,4878b203-a8a4-ae51-ee40-ab6717cd55b6,caf6381e-5189-4c1f-bf0a-4dfd99d9b9e7,Washing machine Issue,2026-06-10 16:54:17.040198,a8fae757-b9cc-4af6-994d-cba3c67bd409,Verified,direct_asset_id,1,a8fae757-b9cc-4af6-994d-cba3c67bd409,Washing Machine,
49b3a5c8-bea6-4e84-afdb-52c0b6f5cc67,VIST-26-06-00034,950dd22f-78fa-d205-48b3-fe5a5cc7438e,82b270bf-e567-2deb-5ef3-495baafd7645,B14,5c31f9fd-7275-3511-295a-a2740dc3ff01,28158382-d5c1-436c-927b-3e3d9855c2af,Electrical Issues,2026-06-11 03:06:34.074948,ef9a41c0-4e35-474e-ab7b-3ca0833228c2,Verified,direct_asset_id,1,ef9a41c0-4e35-474e-ab7b-3ca0833228c2,Fan,
f43974a5-c1b8-4d39-9446-5bfe0f18fcd3,VIST-26-05-00030,43774f3c-9ce6-fc78-7857-b8607c3e1966,a361bd0d-c2c1-2aee-6303-d65de004edd0,B24,9b9feba7-c6ce-bf0e-4b62-7c7541025927,abc84f5b-a950-406e-ab46-cefbe11df925,Cleaning Issues,2026-05-05 02:05:06.619307,,Low,bed_issue_type_unmapped,8,,,
204275a1-d75e-4b2f-ad2f-ae607f40730a,VIST-26-06-00013,21e237d1-286e-324e-0cef-45725d629768,b0d4d2c8-f6ee-bc16-ffd7-fc33c8db8571,A23,3adf68ca-04d2-f3f2-6459-8418efbb3e0a,28158382-d5c1-436c-927b-3e3d9855c2af,Electrical Issues,2026-06-03 15:35:01.197788,45cf3ce8-48d0-4b37-b975-1b26af059c69,Verified,direct_asset_id,1,45cf3ce8-48d0-4b37-b975-1b26af059c69,Fan,
60a2a5bb-341e-440a-9008-8eedeba17856,VIST-26-06-00021,1218c50c-4da4-4f61-baec-5182a25958e3,dd96a329-ec95-e96a-1348-69d976f39cd4,C12,058f4fd0-7a5d-544c-9587-0c2f9de4528f,d76dd3bd-ccb7-4991-a01f-ce158dfe908e,Plumbing,2026-06-06 16:09:27.617012,,Low,apartment_issue_type_unmapped,48,,,
b34f7660-d7e5-4c73-8b44-1b710f3ab3b1,VIST-26-06-00100,890b32d9-f754-8150-5a18-8a21fcdf3828,c2ff0c11-4d1b-7b9b-b93c-aa37c9b6c40b,D21,f825c883-6815-d3b1-7a49-620004f0a7ae,7917cc13-aaca-4558-a2c2-8be5cd8fc159,Internet Issues,2026-06-27 12:04:01.375442,,Low,bed_issue_type_unmapped,7,,,
8c965ce1-1fdc-4f92-b919-e5bad7017ebf,VIST-26-06-00061,791c16c3-5afa-4081-a47c-53439979e5b3,417c9738-a0f7-5a00-1091-37a9fd083dd6,B13,5810da0c-60c8-5ffd-72cc-d74b1f3425e9,a5831922-eaeb-48c2-941c-fd96fae8813d,AC Issues,2026-06-16 17:58:23.910574,d4f2ff34-b56c-4fa6-bdb2-fabb4d39c447,Verified,direct_asset_id,1,d4f2ff34-b56c-4fa6-bdb2-fabb4d39c447,Air Conditioner,
5247abe6-4cde-420c-886d-569651233596,VISH-2026-0031,8123af5e-305b-80f8-20db-4d54b7f628c7,03edc7c5-4c46-b55e-523d-9fb7be29910b,A44,7c369e8a-97c2-59de-b4b9-6f506fb0812f,d76dd3bd-ccb7-4991-a01f-ce158dfe908e,Plumbing,2026-04-08 07:46:02.279331,1f2db2a4-13ef-405c-970f-d5f7838c73fa,Verified,direct_asset_id,1,1f2db2a4-13ef-405c-970f-d5f7838c73fa,Water Heater,
255bff17-c0f3-4eb4-810b-05df5eb3c360,VIST-26-06-00047,1932ea80-c6eb-874e-eca8-12410fa7a608,c2ff0c11-4d1b-7b9b-b93c-aa37c9b6c40b,D21,f060fd98-620b-0d6c-65cd-5090be241589,a25aca1b-211b-41d3-ab08-78bd2b9541e8,Toilet Issues,2026-06-13 05:43:30.639489,,Low,apartment_no_type_match,0,,,
ebb855b4-4121-4659-977f-638e2ffdeb75,VIST-26-06-00003,79e31f6f-69dc-a40c-27d7-3f076878f83c,fb5cedd6-2992-1c62-7fba-4a7a6b43b2ff,C43,97486463-9125-9851-3039-04f213b371d4,caf6381e-5189-4c1f-bf0a-4dfd99d9b9e7,Washing machine Issue,2026-06-01 05:31:54.959731,44ee6905-97d0-4e14-843d-55300d23be1d,Verified,direct_asset_id,1,44ee6905-97d0-4e14-843d-55300d23be1d,Washing Machine,
d07d886a-50cd-43dd-b8a2-efdc5353759b,VIST-26-07-00056,bcf8ffc1-fd5c-f6ab-0453-7a73c73786dd,c2ff0c11-4d1b-7b9b-b93c-aa37c9b6c40b,D21,16d9e7d4-a079-cc9d-1fb4-b96de3cb70dd,28158382-d5c1-436c-927b-3e3d9855c2af,Electrical Issues,2026-07-19 05:11:42.984583,8ad4378e-8b51-4c43-8690-81aba71ae42a,Verified,direct_asset_id,1,8ad4378e-8b51-4c43-8690-81aba71ae42a,Fan,
3e24dc37-f8e6-4813-8301-873c8f0cba33,VIST-26-07-00064,,8767525e-d22f-a295-bc29-ba104fdc589a,B31,5bc695a1-231f-0c21-1a51-b7c3e9e1ea7d,47389994-b201-4bb1-bf91-8bce4dbde510,Other,2026-07-21 06:56:33.200982,,Low,bed_issue_type_unmapped,4,,,
3d9e2a93-f4a4-4d7c-b921-19347f1c1403,VIST-26-06-00050,43774f3c-9ce6-fc78-7857-b8607c3e1966,a361bd0d-c2c1-2aee-6303-d65de004edd0,B24,9b9feba7-c6ce-bf0e-4b62-7c7541025927,e2aa2aaa-8af6-4807-9a4e-7665c5421eed,Furniture,2026-06-14 09:22:33.985844,3dbc7592-a86c-46d0-b08c-dadf816e376c,Verified,direct_asset_id,1,3dbc7592-a86c-46d0-b08c-dadf816e376c,Bedside Table,
6fe8eb8d-4e64-4977-8968-772d400d759e,VIST-26-06-00024,77dd12b8-a20b-05c8-2372-79ba1b1624a9,b0d4d2c8-f6ee-bc16-ffd7-fc33c8db8571,A23,382e6330-c64e-2a4c-b734-e519ba94dc2c,a5831922-eaeb-48c2-941c-fd96fae8813d,AC Issues,2026-06-07 08:09:57.888428,9a617a18-45e3-4139-8e9b-4babbc1c20eb,Verified,direct_asset_id,1,9a617a18-45e3-4139-8e9b-4babbc1c20eb,Air Conditioner,
1a95484c-9172-45a3-b983-a8d8aa409c42,VIST-26-06-00046,1dc2bdca-ae79-4cd5-9d74-961c02cce282,49ed1c8e-3653-c89b-ec74-16d8e20bb923,B34,15d608c9-9596-d151-b9c5-21b22647f848,28158382-d5c1-436c-927b-3e3d9855c2af,Electrical Issues,2026-06-12 17:44:19.909776,c79df700-6e0b-4d5e-b431-d855a7d266d1,Verified,direct_asset_id,1,c79df700-6e0b-4d5e-b431-d855a7d266d1,Fan,
4916dbd8-2371-41fd-aae7-9946532592bd,VIST-26-06-00042,8709ca2e-a8a6-48a4-b8ce-e813c4796ab9,c17c5093-48b7-139f-ebfc-1cd33ef5179c,D12,4afa5689-5806-e349-ab1d-a4358f44e1d6,e2aa2aaa-8af6-4807-9a4e-7665c5421eed,Furniture,2026-06-12 04:03:25.003711,763d357a-c096-4573-bc9f-22c615990521,Verified,direct_asset_id,1,763d357a-c096-4573-bc9f-22c615990521,Cupboard,
3c32a980-6f97-4cca-abe8-e11505111e96,VIST-26-07-00014,8996897f-e383-4fca-87f9-654e1b14b3c2,dd96a329-ec95-e96a-1348-69d976f39cd4,C12,d2ad3fde-45b8-0cd9-8e17-31257bcd567e,c5f1c3c0-af88-4c54-9730-ebffed128bc9,Kitchen Equipment,2026-07-06 14:02:24.542902,7a121576-386c-40dd-8a6d-a3120902a359,Verified,direct_asset_id,1,7a121576-386c-40dd-8a6d-a3120902a359,Microwave Oven,
9d46f760-21e0-4282-b63b-f6dc832bec8d,VIST-26-07-00008,d4890451-59e6-45f4-a75f-b2199aa5a3a7,b0875d50-a469-821b-57c3-03ac62809198,C11,26ce09f1-599b-0d8d-aa06-c08db6a2dcde,abc84f5b-a950-406e-ab46-cefbe11df925,Cleaning Issues,2026-07-02 04:22:37.637988,,Low,bed_issue_type_unmapped,6,,,
6b2280fc-f664-4c8c-953b-18db76713171,VIST-26-07-00086,23f7ef5f-6b26-a104-b616-b438d7e9243c,86ad1ceb-8d81-a926-d998-3a2f1cafba06,C24,fd583622-d483-7a0e-b288-a9d0d1e0807a,47389994-b201-4bb1-bf91-8bce4dbde510,Other,2026-07-25 14:22:45.375554,,Low,bed_issue_type_unmapped,3,,,
af56a3bd-431e-4109-a114-dd960d9d2ba2,VIST-26-06-00031,bdcc24e3-6077-3ea9-b25e-2747d0f07be7,bc7f358d-0d6d-f95f-ff80-9089eefdef69,B44,3ba3be35-43a3-79f2-d76c-617b73cd813d,caf6381e-5189-4c1f-bf0a-4dfd99d9b9e7,Washing machine Issue,2026-06-09 18:04:14.288160,2ba744f4-1d9d-416a-b710-0883dd5d63fa,Verified,direct_asset_id,1,2ba744f4-1d9d-416a-b710-0883dd5d63fa,Washing Machine,
7a7ada9a-c432-4664-af52-bb993b0c52c7,VIST-26-05-00065,1932ea80-c6eb-874e-eca8-12410fa7a608,c2ff0c11-4d1b-7b9b-b93c-aa37c9b6c40b,D21,f060fd98-620b-0d6c-65cd-5090be241589,47389994-b201-4bb1-bf91-8bce4dbde510,Other,2026-05-11 06:26:31.720491,,Low,apartment_issue_type_unmapped,39,,,
07adc185-f2be-4bc2-b209-4e93f7b77682,VIST-26-07-00002,1b003ea3-bdcb-0416-c3c2-8ff60f2f65f5,233cca0e-efcf-e631-d2fc-9997a6ba5706,C44,1a0c6b87-ff3f-bbf9-8751-3b329d6b9911,a5831922-eaeb-48c2-941c-fd96fae8813d,AC Issues,2026-07-01 08:21:43.283710,13d9d678-a406-41b2-853d-8628a9ce5b31,Verified,direct_asset_id,1,13d9d678-a406-41b2-853d-8628a9ce5b31,Air Conditioner,
e05c3490-500a-433e-a722-65a282a41f7f,VIST-26-07-00019,6ea3368b-00ab-4626-a86f-7fcacb3e167e,dc4adc21-f501-0573-2e9a-d7bbbc89e5d6,D11,f75d07e9-5c50-45b0-86bc-61a93dbb4d17,28158382-d5c1-436c-927b-3e3d9855c2af,Electrical Issues,2026-07-08 20:25:01.947270,8e7bf2ce-20ff-42de-910d-4a24921515b6,Medium,apartment_type_multi,3,"8e7bf2ce-20ff-42de-910d-4a24921515b6,dc1020be-24a1-4aba-a4bc-ba16db1478b7,ea09bed0-6ebb-449c-be27-c8f65cc49f17",Fan,
31b72d96-b600-47b9-864d-47d51f9766f0,VISH-2026-000144,38305983-db92-2c3c-7949-96f7ca7833eb,211a2b33-4e94-3da1-7d97-406bc26036f5,A11,ebfa9ad2-0c93-9cd6-f85e-2d7449609b84,a5831922-eaeb-48c2-941c-fd96fae8813d,AC Issues,2026-06-19 07:09:21.850790,dd6bc55f-e6a1-41d7-bce7-68bd0d6c57a1,Verified,direct_asset_id,1,dd6bc55f-e6a1-41d7-bce7-68bd0d6c57a1,Air Conditioner,2025-07-30
e2f11fa3-0123-4cab-a9e4-46d077572c09,VIST-26-07-00007,d4890451-59e6-45f4-a75f-b2199aa5a3a7,b0875d50-a469-821b-57c3-03ac62809198,C11,26ce09f1-599b-0d8d-aa06-c08db6a2dcde,01208ba1-4225-4a61-be39-3afe03dad690,RO Water Issues,2026-07-02 04:21:41.711962,e5a1f770-e368-43c8-a5f8-ea8b0a342ded,Verified,direct_asset_id,1,e5a1f770-e368-43c8-a5f8-ea8b0a342ded,RO Water Purifier,2025-04-06
2c290b85-57fd-4fca-8a21-5f6dab2423bf,VIST-26-06-00089,07734943-434c-4c8b-b1fa-49d7c4e8a7fe,d2298bb8-a5e5-735a-c8ca-9b18c7daacd6,D41,3e28154d-1bfe-92b4-2fff-f295a9f54738,a5831922-eaeb-48c2-941c-fd96fae8813d,AC Issues,2026-06-25 13:24:05.008429,5113f32c-70bb-4e71-9b7f-f7160c4ecb3e,Verified,direct_asset_id,1,5113f32c-70bb-4e71-9b7f-f7160c4ecb3e,Air Conditioner,
5d9d7a1b-fb90-40b5-9623-002f5c788745,VIST-26-06-00039,2ba81159-3fd3-401a-b806-4cf09e7dce86,5d204545-2f72-b89b-3190-a826b5ab6512,B12,f21233ef-4976-14c5-b37d-3c30b4a3a97a,caf6381e-5189-4c1f-bf0a-4dfd99d9b9e7,Washing machine Issue,2026-06-11 16:34:38.831386,87f1cde5-cc89-4a84-83a1-d3f92094f0f8,Verified,direct_asset_id,1,87f1cde5-cc89-4a84-83a1-d3f92094f0f8,Washing Machine,
0fa32228-d1f8-4453-90d2-a0553412b2f1,VIST-26-06-00073,cda37b51-1bbc-af0d-a560-49af88fdc751,79853a4a-cb02-508c-e041-7e23378aec9c,A41,f108b08d-b6c6-e6fe-5782-ba89ca9c16ad,caf6381e-5189-4c1f-bf0a-4dfd99d9b9e7,Washing machine Issue,2026-06-18 15:01:26.840196,adb3400d-f02f-4df4-9edb-1ae6e142d858,Verified,direct_asset_id,1,adb3400d-f02f-4df4-9edb-1ae6e142d858,Washing Machine,
328c45b0-3fca-4e12-a210-b04df5c758e4,VIST-26-07-00063,,9d5d0096-0b78-a663-1142-be871dfa2bda,C42,5964e174-4d85-43f8-388d-3f66a1ecbd0e,a25aca1b-211b-41d3-ab08-78bd2b9541e8,Toilet Issues,2026-07-21 06:05:57.078477,,Low,bed_no_type_match,0,,,
5a5c1abb-862e-439f-b206-930acf2ac60a,VIST-26-06-00076,854c86e3-8b7f-0ca8-f4ac-c6a073699611,1b4d1066-8fe4-199b-7b3b-39e4bded9714,C41,fd6cdb68-6242-d6f8-7bf2-78d3e2483220,01208ba1-4225-4a61-be39-3afe03dad690,RO Water Issues,2026-06-19 14:46:14.876949,674fc797-2fa0-4292-9fcb-4205d7c5353b,Verified,direct_asset_id,1,674fc797-2fa0-4292-9fcb-4205d7c5353b,RO Water Purifier,2024-03-30
131febae-d05e-4205-a572-c63a9cc4a124,VIST-26-06-00022,de481a65-2fb4-4974-b7db-0ec990ea852d,85292340-826d-52c1-65c7-7f2a9eb2c2c4,B41,8e25f001-fe3b-3a8e-0754-b8a08d432526,caf6381e-5189-4c1f-bf0a-4dfd99d9b9e7,Washing machine Issue,2026-06-06 17:32:51.264990,b07c2e02-3a06-41d1-a98e-33d3bd2c2fb7,Verified,direct_asset_id,1,b07c2e02-3a06-41d1-a98e-33d3bd2c2fb7,Washing Machine,
12683646-ca80-4749-baf9-654e9c8c6b08,VIST-26-07-00028,9653a402-ff75-bbdf-8cc6-1cb0ca01f233,49ed1c8e-3653-c89b-ec74-16d8e20bb923,B34,c2468504-0b8f-0d2a-dded-dff98fde1028,abc84f5b-a950-406e-ab46-cefbe11df925,Cleaning Issues,2026-07-12 05:11:01.489372,3490481c-e2d1-4cab-9a33-2c6a2dcfa6ee,Verified,direct_asset_id,1,3490481c-e2d1-4cab-9a33-2c6a2dcfa6ee,Bedside Table,
6fe04578-66d9-4f36-a50d-df7ac49d7c3e,VIST-26-06-00060,f16a668c-ea8a-b26d-9dff-4da3c53fccc7,1b4d1066-8fe4-199b-7b3b-39e4bded9714,C41,e490e3a6-9e5c-a6b8-a156-bfb492b8b0a4,a5831922-eaeb-48c2-941c-fd96fae8813d,AC Issues,2026-06-16 13:14:32.003361,aa6f4ce6-e2ac-44f0-917b-0f04f9a1896f,Verified,direct_asset_id,1,aa6f4ce6-e2ac-44f0-917b-0f04f9a1896f,Air Conditioner,
3bbdb1e6-97f8-4bf0-a3da-9ac0e18a1030,VIST-26-07-00079,,1b4d1066-8fe4-199b-7b3b-39e4bded9714,C41,18323ac7-06c3-e126-fb43-8a9b6cbb53ba,e2aa2aaa-8af6-4807-9a4e-7665c5421eed,Furniture,2026-07-23 08:23:04.734113,8ba23bd2-c79d-47f8-bd9a-fce14d69fd65,Verified,direct_asset_id,1,8ba23bd2-c79d-47f8-bd9a-fce14d69fd65,Bedside Table,
430db962-2353-4fd9-912d-297e09e7bf28,VIST-26-06-00075,1932ea80-c6eb-874e-eca8-12410fa7a608,c2ff0c11-4d1b-7b9b-b93c-aa37c9b6c40b,D21,f060fd98-620b-0d6c-65cd-5090be241589,abc84f5b-a950-406e-ab46-cefbe11df925,Cleaning Issues,2026-06-19 12:29:11.473731,,Low,apartment_issue_type_unmapped,39,,,
9ca32c91-7377-4136-a935-59b051cf9150,VIST-26-07-00083,25ef6338-6197-45a8-82d9-ddd0a846f1b2,86ad1ceb-8d81-a926-d998-3a2f1cafba06,C24,e7028e9f-6d8f-c1b2-9104-a6c79b6f1c44,e2aa2aaa-8af6-4807-9a4e-7665c5421eed,Furniture,2026-07-24 15:38:04.212382,46ac4f2a-c5db-480e-a586-d69d14dcca89,Verified,direct_asset_id,1,46ac4f2a-c5db-480e-a586-d69d14dcca89,Cupboard,
938c7806-1f83-4034-a447-087e1dd599b1,VIST-26-06-00122,890b32d9-f754-8150-5a18-8a21fcdf3828,c2ff0c11-4d1b-7b9b-b93c-aa37c9b6c40b,D21,f825c883-6815-d3b1-7a49-620004f0a7ae,a5831922-eaeb-48c2-941c-fd96fae8813d,AC Issues,2026-06-30 17:06:54.514842,00b7fd23-69e7-46fd-82ef-ca35a3f56394,Verified,direct_asset_id,1,00b7fd23-69e7-46fd-82ef-ca35a3f56394,Air Conditioner,
851326b0-8cf3-4659-b4b4-fc42713f3a40,VIST-26-06-00124,22a9494d-0e02-6fba-4aee-7947f1e6110b,417c9738-a0f7-5a00-1091-37a9fd083dd6,B13,046c3e92-cd17-a1e9-aa97-733c3127f809,28158382-d5c1-436c-927b-3e3d9855c2af,Electrical Issues,2026-06-30 20:58:25.319441,14d27fc6-b43f-420e-9cc7-29bec3989775,Verified,direct_asset_id,1,14d27fc6-b43f-420e-9cc7-29bec3989775,Fan,
cfed9c1c-ee04-4342-958d-a727582d4c36,VIST-26-07-00022,2631ddfd-660e-8719-1876-82cf88e13a60,77c3a6fd-4651-d880-29aa-abd19c8324df,C21,98fd7f93-0ba0-1cf1-aa22-36fa6d3816ed,e2aa2aaa-8af6-4807-9a4e-7665c5421eed,Furniture,2026-07-09 13:40:53.581166,9a0db726-841c-4e57-aee3-e6a3ce285e7f,Verified,direct_asset_id,1,9a0db726-841c-4e57-aee3-e6a3ce285e7f,Bedside Table,
a919aa54-ea64-4420-a732-20ffe4a13f83,VIST-26-07-00011,a4709d2c-85e2-3d68-7467-1eaf879ba2c9,990e8a3e-a69c-7b31-f606-3eeb21e3d4c6,C34,f226894e-3765-1bd7-6cda-03e887bc56b3,01208ba1-4225-4a61-be39-3afe03dad690,RO Water Issues,2026-07-04 09:14:45.494121,e1ee1927-859c-44fb-beee-1211b3c1828a,Verified,direct_asset_id,1,e1ee1927-859c-44fb-beee-1211b3c1828a,RO Water Purifier,2025-10-27
3d9051cc-ec57-4acb-89ea-b68821421808,VIST-26-06-00077,cda37b51-1bbc-af0d-a560-49af88fdc751,79853a4a-cb02-508c-e041-7e23378aec9c,A41,f108b08d-b6c6-e6fe-5782-ba89ca9c16ad,e2aa2aaa-8af6-4807-9a4e-7665c5421eed,Furniture,2026-06-19 14:59:38.194538,1d636b41-0f27-48db-b70c-63414832c405,Verified,direct_asset_id,1,1d636b41-0f27-48db-b70c-63414832c405,Cupboard,
7ae58cd2-f723-43f4-9507-209bed09b762,VIST-26-06-00084,23f7ef5f-6b26-a104-b616-b438d7e9243c,86ad1ceb-8d81-a926-d998-3a2f1cafba06,C24,fd583622-d483-7a0e-b288-a9d0d1e0807a,abc84f5b-a950-406e-ab46-cefbe11df925,Cleaning Issues,2026-06-23 17:35:47.751010,acad55b2-f580-47ec-9ef1-5693687695ce,Verified,direct_asset_id,1,acad55b2-f580-47ec-9ef1-5693687695ce,Cot (Bed Frame),
327e384f-e936-47d9-9cfb-ca1b41bc8f1c,VIST-26-06-00068,f295149c-bcb1-4d48-93ce-d2ea593d29c3,aa73cade-c28c-dc5b-5980-55801ea0d415,B33,50d7a816-da06-6897-ffe0-cb694a257dec,a25aca1b-211b-41d3-ab08-78bd2b9541e8,Toilet Issues,2026-06-17 16:41:16.732437,41b29390-ba7f-498b-accf-cf2f33a2d333,Verified,direct_asset_id,1,41b29390-ba7f-498b-accf-cf2f33a2d333,Water Heater,
3151f7a1-adad-4329-925b-3375c30dae24,VIST-26-07-00077,c2329858-525d-2f70-5e31-bf9a8358eb3e,8767525e-d22f-a295-bc29-ba104fdc589a,B31,5bc695a1-231f-0c21-1a51-b7c3e9e1ea7d,e2aa2aaa-8af6-4807-9a4e-7665c5421eed,Furniture,2026-07-23 03:41:57.676083,13b5d459-2df0-473b-adc7-cd2cd7dc01db,Verified,direct_asset_id,1,13b5d459-2df0-473b-adc7-cd2cd7dc01db,Cupboard,
808da367-8dc0-49dd-b070-e86ed899354d,VIST-26-07-00076,5b45a840-9d6c-242e-0e2f-2e2c972c2eec,dc4adc21-f501-0573-2e9a-d7bbbc89e5d6,D11,75895052-85e6-0a26-47e6-53c1e763d4da,28158382-d5c1-436c-927b-3e3d9855c2af,Electrical Issues,2026-07-22 18:05:39.993829,dc1020be-24a1-4aba-a4bc-ba16db1478b7,Verified,direct_asset_id,1,dc1020be-24a1-4aba-a4bc-ba16db1478b7,Fan,
e71f6cdc-2ec5-44e4-bed4-87a615cec1e9,VIST-26-07-00075,7949646a-1455-41bc-9b8a-d19f84772bbb,bc7f358d-0d6d-f95f-ff80-9089eefdef69,B44,90eedc35-b872-5505-a86d-2824a91e518c,47389994-b201-4bb1-bf91-8bce4dbde510,Other,2026-07-22 17:47:30.203875,,Low,bed_issue_type_unmapped,6,,,
5553e210-3933-4725-864c-1919c0e8afc0,VIST-26-06-00120,11e59c65-004e-4eea-a733-d3a6a7c65fb1,233cca0e-efcf-e631-d2fc-9997a6ba5706,C44,0b49669f-6579-fa2c-a871-13f7c9f46ae6,e2aa2aaa-8af6-4807-9a4e-7665c5421eed,Furniture,2026-06-30 14:20:30.864440,5f808eec-7ba7-4136-ba85-0e2aee0f52bd,Verified,direct_asset_id,1,5f808eec-7ba7-4136-ba85-0e2aee0f52bd,Bedside Table,
455d5545-85c3-4b43-a944-e788c3257855,VIST-26-07-00017,22a9494d-0e02-6fba-4aee-7947f1e6110b,417c9738-a0f7-5a00-1091-37a9fd083dd6,B13,046c3e92-cd17-a1e9-aa97-733c3127f809,54bc37a9-ef71-4e18-b896-593f71b161fa,Heater Issues,2026-07-08 10:47:17.299538,6b3439e1-ce82-479e-9781-e9a2b893b664,Verified,direct_asset_id,1,6b3439e1-ce82-479e-9781-e9a2b893b664,Water Heater,
984460d4-41c3-4c2d-93ce-47902e5c6391,VIST-26-06-00079,146a8458-f956-54ed-317f-b99f7d16fff8,10c6863d-07c3-4fc4-94f9-6adc29157ce1,C31,dcfddc61-693e-2180-1cf6-f3e8e0dd40d8,e2aa2aaa-8af6-4807-9a4e-7665c5421eed,Furniture,2026-06-20 10:03:52.268152,c0654959-32fc-4506-821e-db502e57e389,Verified,direct_asset_id,1,c0654959-32fc-4506-821e-db502e57e389,Bedside Table,
ae295f50-0b70-4196-8d65-0167a77cbbe1,VIST-26-07-00078,d2de48e8-0097-4d6d-8e3d-62ee7c8f2fcd,b0875d50-a469-821b-57c3-03ac62809198,C11,016f303d-6271-385d-c540-0595095bab14,a5831922-eaeb-48c2-941c-fd96fae8813d,AC Issues,2026-07-23 07:56:05.618471,471a77c8-6159-471b-a7b3-910527eb1e9c,Verified,direct_asset_id,1,471a77c8-6159-471b-a7b3-910527eb1e9c,Air Conditioner,
c0ddb057-58a9-457b-af08-0bb6312b17ab,VIST-26-06-00081,0278721a-a690-833b-298a-16a351fb7a3a,dd96a329-ec95-e96a-1348-69d976f39cd4,C12,cd504af3-aa51-0793-c3fc-fb030590ae09,e2aa2aaa-8af6-4807-9a4e-7665c5421eed,Furniture,2026-06-21 15:00:02.370817,65682bd2-39f7-48df-9dcf-132d8853120d,Verified,direct_asset_id,1,65682bd2-39f7-48df-9dcf-132d8853120d,Mattress,
de3748e9-f438-493b-9322-b16d547efa5c,VIST-26-05-00139,9541a16d-d020-eb78-80f1-a4a2d4b7775f,77c3a6fd-4651-d880-29aa-abd19c8324df,C21,2ac95711-7b8e-8315-eae3-c0ad2ace7ade,28158382-d5c1-436c-927b-3e3d9855c2af,Electrical Issues,2026-05-30 14:19:04.711067,b9a701c4-e0fd-49c9-aa3a-14ff9e9e30be,Verified,direct_asset_id,1,b9a701c4-e0fd-49c9-aa3a-14ff9e9e30be,Fan,
2c2c0970-fdfc-4d72-8cbb-8d434cb6233d,VIST-26-05-00064,1932ea80-c6eb-874e-eca8-12410fa7a608,c2ff0c11-4d1b-7b9b-b93c-aa37c9b6c40b,D21,f060fd98-620b-0d6c-65cd-5090be241589,47389994-b201-4bb1-bf91-8bce4dbde510,Other,2026-05-11 06:24:27.756992,,Low,apartment_issue_type_unmapped,39,,,
a654bf9b-1cb0-4547-a58d-48ada2ec7a05,VIST-26-06-00092,073e4bd7-f1f1-49d3-604f-c365b9952a6c,d2298bb8-a5e5-735a-c8ca-9b18c7daacd6,D41,d0c84d1e-4238-9b66-8d10-7665d8e44980,47389994-b201-4bb1-bf91-8bce4dbde510,Other,2026-06-25 18:49:55.640077,d0b4578f-a55c-4fce-855e-f5437dce8f0c,Verified,direct_asset_id,1,d0b4578f-a55c-4fce-855e-f5437dce8f0c,Cupboard,
421bb1d1-5097-4c05-a533-97860e8a541c,VIST-26-06-00080,146a8458-f956-54ed-317f-b99f7d16fff8,10c6863d-07c3-4fc4-94f9-6adc29157ce1,C31,dcfddc61-693e-2180-1cf6-f3e8e0dd40d8,01208ba1-4225-4a61-be39-3afe03dad690,RO Water Issues,2026-06-20 10:05:14.188519,6cb27459-de3c-427e-911e-71b60fc9a10c,Verified,direct_asset_id,1,6cb27459-de3c-427e-911e-71b60fc9a10c,RO Water Purifier,
7934badb-1059-4191-a4f4-a54e31d99bba,VIST-26-06-00062,890b32d9-f754-8150-5a18-8a21fcdf3828,c2ff0c11-4d1b-7b9b-b93c-aa37c9b6c40b,D21,f825c883-6815-d3b1-7a49-620004f0a7ae,01208ba1-4225-4a61-be39-3afe03dad690,RO Water Issues,2026-06-17 04:08:45.302698,1fac099b-4e9f-4260-bfa2-9ecdd23b97fb,Verified,direct_asset_id,1,1fac099b-4e9f-4260-bfa2-9ecdd23b97fb,RO Water Purifier,2023-08-30
a7e318bc-fde2-4691-a766-fbdf9b064f4d,VIST-26-06-00065,07734943-434c-4c8b-b1fa-49d7c4e8a7fe,d2298bb8-a5e5-735a-c8ca-9b18c7daacd6,D41,3e28154d-1bfe-92b4-2fff-f295a9f54738,a5831922-eaeb-48c2-941c-fd96fae8813d,AC Issues,2026-06-17 14:44:59.256966,5113f32c-70bb-4e71-9b7f-f7160c4ecb3e,Verified,direct_asset_id,1,5113f32c-70bb-4e71-9b7f-f7160c4ecb3e,Air Conditioner,
83656a61-e193-4ff2-8091-fbb5a8f2c5ad,VIST-26-06-00083,cd2c3f97-4df7-b32f-d0c0-12031beae516,79853a4a-cb02-508c-e041-7e23378aec9c,A41,97739f0e-6b90-a7bd-7383-8dd160ac8f81,47389994-b201-4bb1-bf91-8bce4dbde510,Other,2026-06-23 17:13:23.013506,,Low,apartment_issue_type_unmapped,49,,,
fe5a5b64-d81e-45cf-be23-0471b912df3c,VIST-26-06-00070,1932ea80-c6eb-874e-eca8-12410fa7a608,c2ff0c11-4d1b-7b9b-b93c-aa37c9b6c40b,D21,f060fd98-620b-0d6c-65cd-5090be241589,01208ba1-4225-4a61-be39-3afe03dad690,RO Water Issues,2026-06-17 20:47:01.882605,1fac099b-4e9f-4260-bfa2-9ecdd23b97fb,Verified,direct_asset_id,1,1fac099b-4e9f-4260-bfa2-9ecdd23b97fb,RO Water Purifier,2023-08-30
b6252b1a-ee47-4f4d-8e22-212452907c29,VIST-26-06-00025,79d4d3fe-73c5-a965-030f-c60220ee20cb,5d204545-2f72-b89b-3190-a826b5ab6512,B12,a607e4b0-3364-b1fb-774e-01d67c4fcdf1,caf6381e-5189-4c1f-bf0a-4dfd99d9b9e7,Washing machine Issue,2026-06-07 11:51:12.341760,87f1cde5-cc89-4a84-83a1-d3f92094f0f8,Verified,direct_asset_id,1,87f1cde5-cc89-4a84-83a1-d3f92094f0f8,Washing Machine,
7ec25312-d183-4981-b47a-4c126bd9f97e,VIST-26-06-00052,1fc0c3bb-f35c-8d5d-a4fa-a9c1723cd8ab,82b270bf-e567-2deb-5ef3-495baafd7645,B14,b9880845-d37b-c083-ffd7-adcaa279cb30,28158382-d5c1-436c-927b-3e3d9855c2af,Electrical Issues,2026-06-15 03:08:51.896660,97248d4f-b62a-4315-9915-18dee0224ade,Verified,direct_asset_id,1,97248d4f-b62a-4315-9915-18dee0224ade,Fan,
b361c9dd-e7af-4f37-b4cf-ca5fd454fc99,VIST-26-06-00114,950dd22f-78fa-d205-48b3-fe5a5cc7438e,82b270bf-e567-2deb-5ef3-495baafd7645,B14,5c31f9fd-7275-3511-295a-a2740dc3ff01,54bc37a9-ef71-4e18-b896-593f71b161fa,Heater Issues,2026-06-30 02:37:43.985334,03a83019-dd0e-4ab1-8e20-d1ad13a04ea8,Verified,direct_asset_id,1,03a83019-dd0e-4ab1-8e20-d1ad13a04ea8,Water Heater,
5dbc9be1-a8a1-487f-84b3-2100742c5039,VIST-26-05-00110,22b0be2d-52c5-1127-642d-4f1083b404ca,188aee4d-68e0-1ddb-38e6-a946bc75072d,A12,e7fa005c-0956-391f-8b8e-2a815718f163,a5831922-eaeb-48c2-941c-fd96fae8813d,AC Issues,2026-05-22 02:23:14.451488,7c736843-8e67-42a0-ad37-46f0794f96a2,Verified,direct_asset_id,1,7c736843-8e67-42a0-ad37-46f0794f96a2,Air Conditioner,2025-07-30
7a34f85d-6bcf-47c5-a0e3-2b6bc3123ff4,VIST-26-06-00085,d8c4b3c5-9b2a-4c6e-b1e8-0a98c9175234,85292340-826d-52c1-65c7-7f2a9eb2c2c4,B41,4c38ecbe-c637-8a04-6f67-ffbccbd96317,28158382-d5c1-436c-927b-3e3d9855c2af,Electrical Issues,2026-06-23 20:28:41.081737,b0d336ac-179e-4a18-b540-685c52821a1f,Verified,direct_asset_id,1,b0d336ac-179e-4a18-b540-685c52821a1f,Fan,
898a6115-b421-4261-8349-932ff12befac,VIST-26-07-00012,f284b25b-d762-1399-a12e-ba7ffa6b6f97,574de174-c7bb-bc11-f282-cff2aa2501c5,B22,8e7cf1aa-84ce-dc1b-38e7-3f51f80f357b,d76dd3bd-ccb7-4991-a01f-ce158dfe908e,Plumbing,2026-07-05 09:17:42.068254,,Low,bed_issue_type_unmapped,5,,,
b61f51cf-1bc4-4f30-a118-dfda4bb62988,VIST-26-06-00115,22a9494d-0e02-6fba-4aee-7947f1e6110b,417c9738-a0f7-5a00-1091-37a9fd083dd6,B13,046c3e92-cd17-a1e9-aa97-733c3127f809,28158382-d5c1-436c-927b-3e3d9855c2af,Electrical Issues,2026-06-30 02:53:58.613504,14d27fc6-b43f-420e-9cc7-29bec3989775,Verified,direct_asset_id,1,14d27fc6-b43f-420e-9cc7-29bec3989775,Fan,
89fb6e9b-199c-475d-afcf-8e705a911f49,VIST-26-06-00093,72ac33cc-b9b2-9cc4-47fd-d37096c8f30d,77c3a6fd-4651-d880-29aa-abd19c8324df,C21,58b51b21-f4aa-b4ea-0947-8ff74e4562a7,e2aa2aaa-8af6-4807-9a4e-7665c5421eed,Furniture,2026-06-26 06:07:28.468034,9377cbcd-3030-473f-9941-519310a1135b,Verified,direct_asset_id,1,9377cbcd-3030-473f-9941-519310a1135b,Cot (Bed Frame),
ef1af8f2-6c30-4d1a-bbb3-76b45a1ef0b6,VIST-26-07-00005,c3c77367-5f51-f7a7-e667-0e3480f53751,a361bd0d-c2c1-2aee-6303-d65de004edd0,B24,ac9af09e-62c0-08f5-e71e-d14dc5f83e6d,e2aa2aaa-8af6-4807-9a4e-7665c5421eed,Furniture,2026-07-01 17:48:49.941432,c6d34ded-032e-40a5-93c1-9762e101bab5,Verified,direct_asset_id,1,c6d34ded-032e-40a5-93c1-9762e101bab5,Cupboard,
2a3b7aa4-41df-4598-804a-40c35246e4fe,VIST-26-06-00095,1932ea80-c6eb-874e-eca8-12410fa7a608,c2ff0c11-4d1b-7b9b-b93c-aa37c9b6c40b,D21,f060fd98-620b-0d6c-65cd-5090be241589,abc84f5b-a950-406e-ab46-cefbe11df925,Cleaning Issues,2026-06-26 21:10:46.562376,,Low,apartment_issue_type_unmapped,39,,,
39c0d310-1634-4544-a11f-6e2978cf42c4,VIST-26-07-00084,7949646a-1455-41bc-9b8a-d19f84772bbb,bc7f358d-0d6d-f95f-ff80-9089eefdef69,B44,90eedc35-b872-5505-a86d-2824a91e518c,a5831922-eaeb-48c2-941c-fd96fae8813d,AC Issues,2026-07-24 16:25:52.615333,a84c1a18-cffc-45bf-b987-a85bdf1a6753,Verified,direct_asset_id,1,a84c1a18-cffc-45bf-b987-a85bdf1a6753,Air Conditioner,
b78384d6-f204-47ff-9590-9608188a8126,VIST-26-05-00007,2794ccf7-4966-f00d-35d6-34ac17db73ea,d2298bb8-a5e5-735a-c8ca-9b18c7daacd6,D41,e5918d8e-46b0-075e-14d9-60f3b60511e3,abc84f5b-a950-406e-ab46-cefbe11df925,Cleaning Issues,2026-05-02 05:18:11.000752,cb8ee2ea-5294-4841-b841-769cb00f5e9a,Verified,direct_asset_id,1,cb8ee2ea-5294-4841-b841-769cb00f5e9a,Water Heater,
bd5b38ff-32d9-4213-b0a7-c9fb8fbbbdc2,VIST-26-07-00037,d4890451-59e6-45f4-a75f-b2199aa5a3a7,b0875d50-a469-821b-57c3-03ac62809198,C11,26ce09f1-599b-0d8d-aa06-c08db6a2dcde,abc84f5b-a950-406e-ab46-cefbe11df925,Cleaning Issues,2026-07-14 08:42:56.023978,,Low,bed_issue_type_unmapped,6,,,
4d73f96e-77f8-414a-a140-29330161d3e6,VIST-26-06-00091,073e4bd7-f1f1-49d3-604f-c365b9952a6c,d2298bb8-a5e5-735a-c8ca-9b18c7daacd6,D41,d0c84d1e-4238-9b66-8d10-7665d8e44980,e2aa2aaa-8af6-4807-9a4e-7665c5421eed,Furniture,2026-06-25 18:47:00.854402,4d04ac5b-ace9-424c-b2cf-97c3843d8d10,Verified,direct_asset_id,1,4d04ac5b-ace9-424c-b2cf-97c3843d8d10,Bedside Table,
3f4b31f7-20c0-4b8d-a196-07787b68fbfc,VIST-26-07-00009,1a3b6c74-26e1-7124-0b5c-7f783d71624d,dd96a329-ec95-e96a-1348-69d976f39cd4,C12,f64ad55d-d5e9-6b9e-9676-efeb66d20201,47389994-b201-4bb1-bf91-8bce4dbde510,Other,2026-07-02 14:29:35.660380,,Low,bed_issue_type_unmapped,3,,,
1bafcc2f-7872-4122-a353-d5d40de70cb8,VIST-26-06-00099,8996897f-e383-4fca-87f9-654e1b14b3c2,dd96a329-ec95-e96a-1348-69d976f39cd4,C12,d2ad3fde-45b8-0cd9-8e17-31257bcd567e,a25aca1b-211b-41d3-ab08-78bd2b9541e8,Toilet Issues,2026-06-27 10:24:11.499104,9a3018d6-bbfc-4e5c-ac01-173ec34fc8b3,Verified,direct_asset_id,1,9a3018d6-bbfc-4e5c-ac01-173ec34fc8b3,Water Heater,
74a97d36-3046-4f66-924e-bbb4af23bdb6,VIST-26-06-00119,080eae03-9f65-4515-aec2-8924472923dd,fb5cedd6-2992-1c62-7fba-4a7a6b43b2ff,C43,9803c12a-e08e-d213-5575-c44623241381,47389994-b201-4bb1-bf91-8bce4dbde510,Other,2026-06-30 13:33:08.768600,,Low,bed_issue_type_unmapped,8,,,
8b3527cf-868d-4d7a-9efc-63713caae3ef,VIST-26-06-00098,8996897f-e383-4fca-87f9-654e1b14b3c2,dd96a329-ec95-e96a-1348-69d976f39cd4,C12,d2ad3fde-45b8-0cd9-8e17-31257bcd567e,e2aa2aaa-8af6-4807-9a4e-7665c5421eed,Furniture,2026-06-27 10:22:46.271822,2cbc8c56-879e-418c-84f7-cc6c53598d18,Verified,direct_asset_id,1,2cbc8c56-879e-418c-84f7-cc6c53598d18,Bedside Table,
e7cfc06b-7da6-4d99-969d-c03e52298b47,VIST-26-07-00039,77dd12b8-a20b-05c8-2372-79ba1b1624a9,b0d4d2c8-f6ee-bc16-ffd7-fc33c8db8571,A23,382e6330-c64e-2a4c-b734-e519ba94dc2c,a25aca1b-211b-41d3-ab08-78bd2b9541e8,Toilet Issues,2026-07-14 21:06:56.987344,,Low,bed_no_type_match,0,,,
7f5ea07a-701f-4fd0-8473-2918e35dd085,VIST-26-06-00102,ec6bd398-2413-2c67-18db-10bdd92ee4f9,2fc42a4f-fe5a-ae08-0e4e-2c89ca71db85,B11,d41b0f34-d7f8-ce1a-36d9-c00f0100aa45,a5831922-eaeb-48c2-941c-fd96fae8813d,AC Issues,2026-06-28 15:03:21.985185,bc7caf2c-ad7b-403a-9681-01e3c22c291f,Verified,direct_asset_id,1,bc7caf2c-ad7b-403a-9681-01e3c22c291f,Air Conditioner,
949e7e59-6b77-4b9a-8372-85cdc319db87,VIST-26-06-00082,77dd12b8-a20b-05c8-2372-79ba1b1624a9,b0d4d2c8-f6ee-bc16-ffd7-fc33c8db8571,A23,382e6330-c64e-2a4c-b734-e519ba94dc2c,a25aca1b-211b-41d3-ab08-78bd2b9541e8,Toilet Issues,2026-06-22 03:51:38.942072,,Low,bed_no_type_match,0,,,
3c33e01e-12af-4544-98dd-09399c2c61db,VIST-26-06-00109,07734943-434c-4c8b-b1fa-49d7c4e8a7fe,d2298bb8-a5e5-735a-c8ca-9b18c7daacd6,D41,3e28154d-1bfe-92b4-2fff-f295a9f54738,a5831922-eaeb-48c2-941c-fd96fae8813d,AC Issues,2026-06-29 16:50:21.791184,5113f32c-70bb-4e71-9b7f-f7160c4ecb3e,Verified,direct_asset_id,1,5113f32c-70bb-4e71-9b7f-f7160c4ecb3e,Air Conditioner,
ede434ad-c70c-40a2-9485-b640ab90663c,VIST-26-07-00050,062b56c4-c469-4ef7-b4e6-9615dd770ec9,dc4adc21-f501-0573-2e9a-d7bbbc89e5d6,D11,55651f47-6f7b-13b3-1e26-3ca9b9e5e72d,a5831922-eaeb-48c2-941c-fd96fae8813d,AC Issues,2026-07-16 14:10:23.871788,9de4f299-90f7-4a53-a8c5-8000e64f1b8c,Verified,direct_asset_id,1,9de4f299-90f7-4a53-a8c5-8000e64f1b8c,Air Conditioner,
40746a5e-55d4-43cb-ae82-27d92f2ed6fa,VIST-26-07-00099,080eae03-9f65-4515-aec2-8924472923dd,fb5cedd6-2992-1c62-7fba-4a7a6b43b2ff,C43,9803c12a-e08e-d213-5575-c44623241381,7917cc13-aaca-4558-a2c2-8be5cd8fc159,Internet Issues,2026-07-29 13:29:41.799132,,Low,bed_issue_type_unmapped,8,,,
0e095d80-8ab7-4313-9958-5f31427e3a26,VIST-26-07-00090,d4890451-59e6-45f4-a75f-b2199aa5a3a7,b0875d50-a469-821b-57c3-03ac62809198,C11,26ce09f1-599b-0d8d-aa06-c08db6a2dcde,abc84f5b-a950-406e-ab46-cefbe11df925,Cleaning Issues,2026-07-27 13:05:41.525673,4e5f5e33-7af3-47f5-8e05-d3ea5795882e,Verified,direct_asset_id,1,4e5f5e33-7af3-47f5-8e05-d3ea5795882e,Air Conditioner,
84f6d1b5-9225-49f1-bebb-82dd005821d9,VIST-26-07-00034,238b347e-e7e9-b1a3-31a8-a2f8fed99f55,85292340-826d-52c1-65c7-7f2a9eb2c2c4,B41,3d87a782-0782-2c9a-8dd1-d06d80cf917b,d76dd3bd-ccb7-4991-a01f-ce158dfe908e,Plumbing,2026-07-13 09:09:59.530908,,Low,bed_issue_type_unmapped,3,,,
2186bdc7-f92c-4cce-95be-2dc2d768696f,VIST-26-07-00055,062b56c4-c469-4ef7-b4e6-9615dd770ec9,dc4adc21-f501-0573-2e9a-d7bbbc89e5d6,D11,55651f47-6f7b-13b3-1e26-3ca9b9e5e72d,a5831922-eaeb-48c2-941c-fd96fae8813d,AC Issues,2026-07-18 20:57:11.938191,9de4f299-90f7-4a53-a8c5-8000e64f1b8c,Verified,direct_asset_id,1,9de4f299-90f7-4a53-a8c5-8000e64f1b8c,Air Conditioner,
698d27f3-fc36-4b88-97b9-bf260b25c5fb,VIST-26-07-00033,2d700a6b-44c4-438b-841f-febe1b2c47a7,bde00681-ebfc-ef38-4f6e-4906a012de6b,B42,7fd152e9-2f00-0fc6-c8ed-83b426803a4d,a5831922-eaeb-48c2-941c-fd96fae8813d,AC Issues,2026-07-13 08:21:52.079800,d6b0afc8-bfb7-42fb-8a6f-f026ee1a26e1,Verified,direct_asset_id,1,d6b0afc8-bfb7-42fb-8a6f-f026ee1a26e1,Air Conditioner,
d5643989-a331-4967-ba63-11ee9e1e1f64,VIST-26-06-00094,2ba81159-3fd3-401a-b806-4cf09e7dce86,5d204545-2f72-b89b-3190-a826b5ab6512,B12,f21233ef-4976-14c5-b37d-3c30b4a3a97a,abc84f5b-a950-406e-ab46-cefbe11df925,Cleaning Issues,2026-06-26 10:58:19.313419,,Low,bed_issue_type_unmapped,8,,,
f578ef87-8153-4c0a-98bd-4feed4ac6d3c,VIST-26-06-00044,8123af5e-305b-80f8-20db-4d54b7f628c7,03edc7c5-4c46-b55e-523d-9fb7be29910b,A44,7c369e8a-97c2-59de-b4b9-6f506fb0812f,47389994-b201-4bb1-bf91-8bce4dbde510,Other,2026-06-12 15:11:46.696904,,Low,bed_issue_type_unmapped,5,,,
37683b76-a4d2-4af4-ad50-56ccab7e8556,VIST-26-07-00045,a467df39-5ec5-465e-a471-e2b54be7bc71,bc7f358d-0d6d-f95f-ff80-9089eefdef69,B44,d0de95a5-b467-4d9d-9751-65ffd5a68dff,a5831922-eaeb-48c2-941c-fd96fae8813d,AC Issues,2026-07-15 17:03:43.380004,50fccbdd-9c3e-407c-ace9-47dd457a3b4d,Medium,apartment_type_multi,3,"50fccbdd-9c3e-407c-ace9-47dd457a3b4d,99d778f7-c033-4e7f-b205-35213a9877d6,a84c1a18-cffc-45bf-b987-a85bdf1a6753",Air Conditioner,
e4a24fa5-dd00-43f6-b93d-0f314865648a,VIST-26-07-00048,257579ca-bef0-99b8-f916-e518891ffdab,fad74a92-8e64-787e-38c3-8ebdb9db6511,D15,808fbd05-1708-47c3-a3ed-acb300c719aa,e2aa2aaa-8af6-4807-9a4e-7665c5421eed,Furniture,2026-07-16 12:12:34.057537,,Unmapped,no_allocation_pool,0,,,
0f181edc-4747-445a-bbe5-135dba418948,VIST-26-07-00030,77dd12b8-a20b-05c8-2372-79ba1b1624a9,b0d4d2c8-f6ee-bc16-ffd7-fc33c8db8571,A23,382e6330-c64e-2a4c-b734-e519ba94dc2c,01208ba1-4225-4a61-be39-3afe03dad690,RO Water Issues,2026-07-12 18:18:51.482468,98885f45-4010-403c-8884-8649d4cdd02a,Verified,direct_asset_id,1,98885f45-4010-403c-8884-8649d4cdd02a,RO Water Purifier,2023-03-30
4e0f6b2d-05e5-4010-aff3-66ad287fe7fd,VIST-26-07-00027,ec6bd398-2413-2c67-18db-10bdd92ee4f9,2fc42a4f-fe5a-ae08-0e4e-2c89ca71db85,B11,d41b0f34-d7f8-ce1a-36d9-c00f0100aa45,7917cc13-aaca-4558-a2c2-8be5cd8fc159,Internet Issues,2026-07-11 20:26:23.623086,,Low,bed_issue_type_unmapped,3,,,
1faa1b2c-b5ba-4cca-8c28-4159fd9ad188,VIST-26-07-00026,f16a668c-ea8a-b26d-9dff-4da3c53fccc7,1b4d1066-8fe4-199b-7b3b-39e4bded9714,C41,e490e3a6-9e5c-a6b8-a156-bfb492b8b0a4,a5831922-eaeb-48c2-941c-fd96fae8813d,AC Issues,2026-07-11 10:55:35.569730,aa6f4ce6-e2ac-44f0-917b-0f04f9a1896f,Verified,direct_asset_id,1,aa6f4ce6-e2ac-44f0-917b-0f04f9a1896f,Air Conditioner,
1615e90e-84bc-49bc-8702-f4fdc175dc8e,VIST-26-07-00025,491b8136-32a1-37c5-5253-b53ff3991d86,77c3a6fd-4651-d880-29aa-abd19c8324df,C21,77dab2f4-7c09-59d1-5a0a-8473cdf46d8d,a5831922-eaeb-48c2-941c-fd96fae8813d,AC Issues,2026-07-11 08:06:46.957208,3efce5d2-b6c1-424a-9491-52000cca55c5,Verified,direct_asset_id,1,3efce5d2-b6c1-424a-9491-52000cca55c5,Air Conditioner,
43c9bb6f-ada1-4ef5-b08b-2fc02cc53600,VIST-26-07-00031,77dd12b8-a20b-05c8-2372-79ba1b1624a9,b0d4d2c8-f6ee-bc16-ffd7-fc33c8db8571,A23,382e6330-c64e-2a4c-b734-e519ba94dc2c,28158382-d5c1-436c-927b-3e3d9855c2af,Electrical Issues,2026-07-12 18:19:34.594034,b0bccede-ab77-4d9a-8dc5-2bdcaf8624f4,Verified,direct_asset_id,1,b0bccede-ab77-4d9a-8dc5-2bdcaf8624f4,Fan,
996519c8-a521-4d07-aabf-e0a8c185663c,VIST-26-07-00024,bdcc24e3-6077-3ea9-b25e-2747d0f07be7,bc7f358d-0d6d-f95f-ff80-9089eefdef69,B44,3ba3be35-43a3-79f2-d76c-617b73cd813d,47389994-b201-4bb1-bf91-8bce4dbde510,Other,2026-07-11 06:33:28.131429,99d778f7-c033-4e7f-b205-35213a9877d6,Verified,direct_asset_id,1,99d778f7-c033-4e7f-b205-35213a9877d6,Air Conditioner,
8a683947-442d-4763-bd18-02ba97a44a81,VIST-26-05-00066,bcf8ffc1-fd5c-f6ab-0453-7a73c73786dd,c2ff0c11-4d1b-7b9b-b93c-aa37c9b6c40b,D21,16d9e7d4-a079-cc9d-1fb4-b96de3cb70dd,47389994-b201-4bb1-bf91-8bce4dbde510,Other,2026-05-11 11:30:38.027380,,Low,bed_issue_type_unmapped,6,,,
ecfb0f75-5c43-4830-9b47-4228d3dbdaaf,VIST-26-07-00040,2ba81159-3fd3-401a-b806-4cf09e7dce86,5d204545-2f72-b89b-3190-a826b5ab6512,B12,f21233ef-4976-14c5-b37d-3c30b4a3a97a,abc84f5b-a950-406e-ab46-cefbe11df925,Cleaning Issues,2026-07-15 01:50:52.841364,,Low,bed_issue_type_unmapped,8,,,
e1a9d3c0-7527-430e-bee5-117e4b5c944b,VIST-26-07-00065,,8767525e-d22f-a295-bc29-ba104fdc589a,B31,5bc695a1-231f-0c21-1a51-b7c3e9e1ea7d,28158382-d5c1-436c-927b-3e3d9855c2af,Electrical Issues,2026-07-21 06:57:44.863522,9e532a16-590b-4004-9863-8cc0a6c4844a,Verified,direct_asset_id,1,9e532a16-590b-4004-9863-8cc0a6c4844a,Fan,
f130f31f-51cd-41f5-a55e-46d12e05aa48,VIST-26-07-00047,257579ca-bef0-99b8-f916-e518891ffdab,fad74a92-8e64-787e-38c3-8ebdb9db6511,D15,808fbd05-1708-47c3-a3ed-acb300c719aa,e2aa2aaa-8af6-4807-9a4e-7665c5421eed,Furniture,2026-07-16 12:09:22.368605,,Unmapped,no_allocation_pool,0,,,
cd9d1309-4a43-4af2-85c7-a8f6aa98cc45,VIST-26-06-00086,080eae03-9f65-4515-aec2-8924472923dd,fb5cedd6-2992-1c62-7fba-4a7a6b43b2ff,C43,9803c12a-e08e-d213-5575-c44623241381,abc84f5b-a950-406e-ab46-cefbe11df925,Cleaning Issues,2026-06-24 02:17:21.458051,,Low,bed_issue_type_unmapped,8,,,
b68b2bcf-ceb9-4cdc-8e0a-fdf2e5fd8d30,VIST-26-07-00054,961c950e-debe-4dd2-8e5f-08bf92bda977,79853a4a-cb02-508c-e041-7e23378aec9c,A41,d6055fee-34a1-8a0d-f508-a9469caccc68,01208ba1-4225-4a61-be39-3afe03dad690,RO Water Issues,2026-07-18 11:53:16.035265,0c6a45fa-eea8-4b3e-925c-9e22848928f0,Verified,direct_asset_id,1,0c6a45fa-eea8-4b3e-925c-9e22848928f0,RO Water Purifier,2026-03-23
91dbe4c0-bd94-4588-a0a2-ad0961eda292,VIST-26-07-00021,a4709d2c-85e2-3d68-7467-1eaf879ba2c9,990e8a3e-a69c-7b31-f606-3eeb21e3d4c6,C34,f226894e-3765-1bd7-6cda-03e887bc56b3,a5831922-eaeb-48c2-941c-fd96fae8813d,AC Issues,2026-07-09 11:13:06.143415,03f8aa98-9864-42fd-921e-06eddab47e98,Verified,direct_asset_id,1,03f8aa98-9864-42fd-921e-06eddab47e98,Air Conditioner,
3452ef1d-d432-41d4-879e-15bc3ffea536,VIST-26-07-00015,de481a65-2fb4-4974-b7db-0ec990ea852d,85292340-826d-52c1-65c7-7f2a9eb2c2c4,B41,8e25f001-fe3b-3a8e-0754-b8a08d432526,a5831922-eaeb-48c2-941c-fd96fae8813d,AC Issues,2026-07-06 15:47:31.544659,60e6badc-68a9-4456-b05b-c745c0e14502,Verified,direct_asset_id,1,60e6badc-68a9-4456-b05b-c745c0e14502,Air Conditioner,
fe8f1d7d-eb10-411e-9658-5287792fd4fe,VIST-26-06-00118,f9eb9b23-5f60-4ec4-b990-8313323bb759,233cca0e-efcf-e631-d2fc-9997a6ba5706,C44,48942e49-dfb3-3eff-732a-2842f615cb8a,47389994-b201-4bb1-bf91-8bce4dbde510,Other,2026-06-30 13:12:51.970741,,Low,bed_issue_type_unmapped,5,,,
00c4b59e-970d-4075-a3b1-5c88a14a036c,VIST-26-06-00110,d77b5c1e-605d-6795-5eee-1e2f9b83e069,49ed1c8e-3653-c89b-ec74-16d8e20bb923,B34,18cdbd64-ea17-6578-2f54-2b5ad8a2c7fe,a5831922-eaeb-48c2-941c-fd96fae8813d,AC Issues,2026-06-29 17:25:16.924063,015a5afe-f096-4f3f-a41a-734a4743aa19,Verified,direct_asset_id,1,015a5afe-f096-4f3f-a41a-734a4743aa19,Air Conditioner,
445453be-c171-4a6e-bda4-13f01b7ca1cd,VIST-26-07-00006,d4890451-59e6-45f4-a75f-b2199aa5a3a7,b0875d50-a469-821b-57c3-03ac62809198,C11,26ce09f1-599b-0d8d-aa06-c08db6a2dcde,caf6381e-5189-4c1f-bf0a-4dfd99d9b9e7,Washing machine Issue,2026-07-02 04:21:03.893457,02f56e51-61b4-4122-8c93-d20ad256322d,Verified,direct_asset_id,1,02f56e51-61b4-4122-8c93-d20ad256322d,Washing Machine,
42c21bca-c32d-4c2d-b7d4-23f8666ab04d,VIST-26-06-00001,257579ca-bef0-99b8-f916-e518891ffdab,fad74a92-8e64-787e-38c3-8ebdb9db6511,D15,808fbd05-1708-47c3-a3ed-acb300c719aa,a5831922-eaeb-48c2-941c-fd96fae8813d,AC Issues,2026-06-01 01:50:53.513041,,Unmapped,no_allocation_pool,0,,,
8d86ddd2-88ae-48c2-8c5d-dfa12df947e1,VIST-26-05-00045,257579ca-bef0-99b8-f916-e518891ffdab,fad74a92-8e64-787e-38c3-8ebdb9db6511,D15,808fbd05-1708-47c3-a3ed-acb300c719aa,a5831922-eaeb-48c2-941c-fd96fae8813d,AC Issues,2026-05-09 03:35:08.694175,,Unmapped,no_allocation_pool,0,,,
c34a5a2b-2e66-4e2a-9596-193484fbb757,VIST-26-05-00024,bcf8ffc1-fd5c-f6ab-0453-7a73c73786dd,c2ff0c11-4d1b-7b9b-b93c-aa37c9b6c40b,D21,16d9e7d4-a079-cc9d-1fb4-b96de3cb70dd,abc84f5b-a950-406e-ab46-cefbe11df925,Cleaning Issues,2026-05-04 10:31:05.239424,,Low,bed_issue_type_unmapped,6,,,
c5937030-097a-4c7d-8437-21c5444641a3,VIST-26-06-00097,8996897f-e383-4fca-87f9-654e1b14b3c2,dd96a329-ec95-e96a-1348-69d976f39cd4,C12,d2ad3fde-45b8-0cd9-8e17-31257bcd567e,a5831922-eaeb-48c2-941c-fd96fae8813d,AC Issues,2026-06-27 10:21:26.305612,06fd6cbb-8d35-400c-8659-aaa0eea17971,Verified,direct_asset_id,1,06fd6cbb-8d35-400c-8659-aaa0eea17971,Air Conditioner,
f136cc5b-30b5-4357-ad73-b4d6604fc7df,VIST-26-06-00078,1d4c0119-5151-7a5b-2266-f16e44f67157,79853a4a-cb02-508c-e041-7e23378aec9c,A41,084bb169-aff1-824a-c5de-2804fd43160b,caf6381e-5189-4c1f-bf0a-4dfd99d9b9e7,Washing machine Issue,2026-06-20 09:33:24.863843,adb3400d-f02f-4df4-9edb-1ae6e142d858,Verified,direct_asset_id,1,adb3400d-f02f-4df4-9edb-1ae6e142d858,Washing Machine,
85812d2d-2e47-47d4-af86-ec809ed46287,VIST-26-06-00112,011b7d1c-5697-5394-c05b-fa0473640657,82b270bf-e567-2deb-5ef3-495baafd7645,B14,5b45fa77-c694-2c4b-9657-29944633ded5,abc84f5b-a950-406e-ab46-cefbe11df925,Cleaning Issues,2026-06-30 02:34:16.731417,,Low,bed_issue_type_unmapped,8,,,
f8701579-a3ae-4b19-abbe-d3c7bd436263,VIST-26-06-00106,1fc0c3bb-f35c-8d5d-a4fa-a9c1723cd8ab,82b270bf-e567-2deb-5ef3-495baafd7645,B14,b9880845-d37b-c083-ffd7-adcaa279cb30,a5831922-eaeb-48c2-941c-fd96fae8813d,AC Issues,2026-06-29 05:30:13.013791,9d364a68-c955-4fe7-8a91-9ed05f2a64a8,Verified,direct_asset_id,1,9d364a68-c955-4fe7-8a91-9ed05f2a64a8,Air Conditioner,
a50a8d0f-4ac8-43e0-87cb-ca92f4dffab0,VIST-26-05-00018,a467df39-5ec5-465e-a471-e2b54be7bc71,bc7f358d-0d6d-f95f-ff80-9089eefdef69,B44,d0de95a5-b467-4d9d-9751-65ffd5a68dff,a5831922-eaeb-48c2-941c-fd96fae8813d,AC Issues,2026-05-02 16:07:32.763252,50fccbdd-9c3e-407c-ace9-47dd457a3b4d,Medium,apartment_type_multi,3,"50fccbdd-9c3e-407c-ace9-47dd457a3b4d,99d778f7-c033-4e7f-b205-35213a9877d6,a84c1a18-cffc-45bf-b987-a85bdf1a6753",Air Conditioner,
16a8aad8-07c4-4f3e-b978-32bed777aa47,VIST-26-07-00010,,2fc42a4f-fe5a-ae08-0e4e-2c89ca71db85,B11,66aab816-d365-9068-e62c-3d82356d8021,e2aa2aaa-8af6-4807-9a4e-7665c5421eed,Furniture,2026-07-03 10:38:19.432140,2bbe28a7-9d1b-4ef1-b24c-9b2efd828a68,Verified,direct_asset_id,1,2bbe28a7-9d1b-4ef1-b24c-9b2efd828a68,Cupboard,
ff9f72a4-de0c-4964-840e-34556c799035,VIST-26-07-00044,f2a00e3d-de04-40a3-6f41-a3ebfcab4a3c,188aee4d-68e0-1ddb-38e6-a946bc75072d,A12,547bd323-8dae-07db-7089-372cd8261276,a25aca1b-211b-41d3-ab08-78bd2b9541e8,Toilet Issues,2026-07-15 16:48:09.925151,,Low,bed_no_type_match,0,,,
81ffd7e3-ee08-4ada-9643-ae1f91da4b26,VIST-26-07-00057,bcf8ffc1-fd5c-f6ab-0453-7a73c73786dd,c2ff0c11-4d1b-7b9b-b93c-aa37c9b6c40b,D21,16d9e7d4-a079-cc9d-1fb4-b96de3cb70dd,c5f1c3c0-af88-4c54-9730-ebffed128bc9,Kitchen Equipment,2026-07-19 05:15:43.098935,,Low,bed_no_type_match,0,,,
e8661742-3adc-4507-9241-bca7836274a8,VIST-26-07-00062,07734943-434c-4c8b-b1fa-49d7c4e8a7fe,d2298bb8-a5e5-735a-c8ca-9b18c7daacd6,D41,3e28154d-1bfe-92b4-2fff-f295a9f54738,ec405235-70e9-407e-9aa2-b877f8f36af8,Fridge Issues,2026-07-20 14:08:48.388803,c353442a-902b-4d6c-b7ed-ab113dc2bdc5,Verified,direct_asset_id,1,c353442a-902b-4d6c-b7ed-ab113dc2bdc5,Refrigerator,
f6e4e255-661d-4329-a287-d1bb171ea8af,VIST-26-07-00087,23f7ef5f-6b26-a104-b616-b438d7e9243c,86ad1ceb-8d81-a926-d998-3a2f1cafba06,C24,fd583622-d483-7a0e-b288-a9d0d1e0807a,28158382-d5c1-436c-927b-3e3d9855c2af,Electrical Issues,2026-07-25 14:23:26.266410,aaf765c9-a0b1-48be-8c21-3ac43a462480,Verified,direct_asset_id,1,aaf765c9-a0b1-48be-8c21-3ac43a462480,Fan,
c213fe10-5678-4492-a4c9-be13015463c6,VIST-26-07-00074,7949646a-1455-41bc-9b8a-d19f84772bbb,bc7f358d-0d6d-f95f-ff80-9089eefdef69,B44,90eedc35-b872-5505-a86d-2824a91e518c,47389994-b201-4bb1-bf91-8bce4dbde510,Other,2026-07-22 17:46:36.272643,,Low,bed_issue_type_unmapped,6,,,
e689126d-d5a7-4935-ba4d-1f17097d2393,VIST-26-07-00046,257579ca-bef0-99b8-f916-e518891ffdab,fad74a92-8e64-787e-38c3-8ebdb9db6511,D15,808fbd05-1708-47c3-a3ed-acb300c719aa,28158382-d5c1-436c-927b-3e3d9855c2af,Electrical Issues,2026-07-16 12:07:18.126030,,Unmapped,no_allocation_pool,0,,,
e6339d7a-b25b-431d-b995-64c4abff9132,VIST-26-07-00043,011b7d1c-5697-5394-c05b-fa0473640657,82b270bf-e567-2deb-5ef3-495baafd7645,B14,5b45fa77-c694-2c4b-9657-29944633ded5,01208ba1-4225-4a61-be39-3afe03dad690,RO Water Issues,2026-07-15 15:49:55.280412,e023aafd-324b-46e0-9d1c-4185c31eab44,Verified,direct_asset_id,1,e023aafd-324b-46e0-9d1c-4185c31eab44,RO Water Purifier,
82050226-2a78-428a-8c04-cca4feae40a3,VIST-26-07-00023,22a9494d-0e02-6fba-4aee-7947f1e6110b,417c9738-a0f7-5a00-1091-37a9fd083dd6,B13,046c3e92-cd17-a1e9-aa97-733c3127f809,a5831922-eaeb-48c2-941c-fd96fae8813d,AC Issues,2026-07-09 22:54:41.025018,d4f2ff34-b56c-4fa6-bdb2-fabb4d39c447,Verified,direct_asset_id,1,d4f2ff34-b56c-4fa6-bdb2-fabb4d39c447,Air Conditioner,
4a230654-886f-4fc0-99ed-f669b07f509f,VIST-26-07-00036,855f3f6a-72ae-46f4-4cc2-a9a0d5df5b70,323c0dff-be56-f6ee-f053-ee37de806dea,B32,e6304ffe-b79e-f679-5337-930246f0b5a5,01208ba1-4225-4a61-be39-3afe03dad690,RO Water Issues,2026-07-14 05:34:28.311012,5a8e3cf4-9abe-4240-8ecd-307405ee17c3,Verified,direct_asset_id,1,5a8e3cf4-9abe-4240-8ecd-307405ee17c3,RO Water Purifier,2025-04-06
ac72e508-b892-459e-8fa3-0ed87a7ab484,VIST-26-07-00069,,aa73cade-c28c-dc5b-5980-55801ea0d415,B33,fc9765ca-aee5-6f71-e441-e12679f0bb12,ec405235-70e9-407e-9aa2-b877f8f36af8,Fridge Issues,2026-07-22 07:25:11.451425,3622b8e4-8e8f-4264-a33e-ea56373f527d,Verified,direct_asset_id,1,3622b8e4-8e8f-4264-a33e-ea56373f527d,Refrigerator,
7b5a60ef-d1f2-4f62-943f-59506796ec43,VIST-26-05-00137,cf1318a5-0564-4af6-d90e-c3e76de1ef08,5d204545-2f72-b89b-3190-a826b5ab6512,B12,f5f9de92-380f-d57b-ad87-139022e4d27a,e2aa2aaa-8af6-4807-9a4e-7665c5421eed,Furniture,2026-05-28 10:37:20.548140,18de1186-ae6c-4ce6-a4b2-4c26de696f57,Verified,direct_asset_id,1,18de1186-ae6c-4ce6-a4b2-4c26de696f57,Cupboard,
d536308a-d7cc-4c83-a9d6-e86527a6682e,VIST-26-07-00073,7949646a-1455-41bc-9b8a-d19f84772bbb,bc7f358d-0d6d-f95f-ff80-9089eefdef69,B44,90eedc35-b872-5505-a86d-2824a91e518c,47389994-b201-4bb1-bf91-8bce4dbde510,Other,2026-07-22 17:45:21.318165,,Low,bed_issue_type_unmapped,6,,,
8d75fa92-677d-4efd-ab0f-c81b150830e1,VIST-26-07-00058,bcf8ffc1-fd5c-f6ab-0453-7a73c73786dd,c2ff0c11-4d1b-7b9b-b93c-aa37c9b6c40b,D21,16d9e7d4-a079-cc9d-1fb4-b96de3cb70dd,e2aa2aaa-8af6-4807-9a4e-7665c5421eed,Furniture,2026-07-19 05:17:26.881676,84b2ced1-debf-4182-b973-054535294fec,Verified,direct_asset_id,1,84b2ced1-debf-4182-b973-054535294fec,Study Table,
e7593d52-e92f-42a7-99c4-947533f6baeb,VIST-26-07-00041,257579ca-bef0-99b8-f916-e518891ffdab,fad74a92-8e64-787e-38c3-8ebdb9db6511,D15,808fbd05-1708-47c3-a3ed-acb300c719aa,e2aa2aaa-8af6-4807-9a4e-7665c5421eed,Furniture,2026-07-15 05:33:44.347518,,Unmapped,no_allocation_pool,0,,,
32a14c06-3cab-4503-98f6-4a02c22f776b,VIST-26-07-00067,22a9494d-0e02-6fba-4aee-7947f1e6110b,417c9738-a0f7-5a00-1091-37a9fd083dd6,B13,046c3e92-cd17-a1e9-aa97-733c3127f809,28158382-d5c1-436c-927b-3e3d9855c2af,Electrical Issues,2026-07-22 06:38:08.350352,14d27fc6-b43f-420e-9cc7-29bec3989775,Verified,direct_asset_id,1,14d27fc6-b43f-420e-9cc7-29bec3989775,Fan,
74c37e82-2a93-41d5-8930-07d0d6ff11ef,VIST-26-07-00060,5b45a840-9d6c-242e-0e2f-2e2c972c2eec,dc4adc21-f501-0573-2e9a-d7bbbc89e5d6,D11,75895052-85e6-0a26-47e6-53c1e763d4da,28158382-d5c1-436c-927b-3e3d9855c2af,Electrical Issues,2026-07-19 15:32:31.142492,dc1020be-24a1-4aba-a4bc-ba16db1478b7,Verified,direct_asset_id,1,dc1020be-24a1-4aba-a4bc-ba16db1478b7,Fan,
72306fae-1737-4c53-917b-4a0408a78a10,VIST-26-06-00103,79d4d3fe-73c5-a965-030f-c60220ee20cb,5d204545-2f72-b89b-3190-a826b5ab6512,B12,a607e4b0-3364-b1fb-774e-01d67c4fcdf1,caf6381e-5189-4c1f-bf0a-4dfd99d9b9e7,Washing machine Issue,2026-06-28 15:43:24.784149,87f1cde5-cc89-4a84-83a1-d3f92094f0f8,Verified,direct_asset_id,1,87f1cde5-cc89-4a84-83a1-d3f92094f0f8,Washing Machine,
e30e43e2-9262-49e8-b618-095bf27ff69b,VIST-26-07-00072,7949646a-1455-41bc-9b8a-d19f84772bbb,bc7f358d-0d6d-f95f-ff80-9089eefdef69,B44,90eedc35-b872-5505-a86d-2824a91e518c,d76dd3bd-ccb7-4991-a01f-ce158dfe908e,Plumbing,2026-07-22 17:44:23.771246,,Low,bed_issue_type_unmapped,6,,,
3f7257c9-29d8-41bb-a4d5-18b68bbeba1f,VIST-26-06-00027,5fee0a79-3970-704a-2332-f7c7598e86c1,574de174-c7bb-bc11-f282-cff2aa2501c5,B22,a97d74e9-7adc-a35d-5a71-2ed6aea432be,28158382-d5c1-436c-927b-3e3d9855c2af,Electrical Issues,2026-06-08 06:35:24.827841,0e9127c1-dd69-4c46-9126-a605af00881c,Verified,direct_asset_id,1,0e9127c1-dd69-4c46-9126-a605af00881c,Fan,
4530a003-d425-4d3c-be37-5eef89668fa4,VIST-26-07-00049,257579ca-bef0-99b8-f916-e518891ffdab,fad74a92-8e64-787e-38c3-8ebdb9db6511,D15,808fbd05-1708-47c3-a3ed-acb300c719aa,47389994-b201-4bb1-bf91-8bce4dbde510,Other,2026-07-16 12:14:19.554615,,Unmapped,no_allocation_pool,0,,,
58187d60-a167-4ff1-b719-83401928ff54,VISH-2026-1107,8b48adf3-c14a-fa6d-9785-b4bcb35f8fbb,d2298bb8-a5e5-735a-c8ca-9b18c7daacd6,D41,d9438ef4-c18e-28ab-44ad-feab7ce72db5,a5831922-eaeb-48c2-941c-fd96fae8813d,AC Issues,2026-04-16 17:08:41.471653,137edf51-8c3c-42ba-8ee2-fa5b316f6e55,Verified,direct_asset_id,1,137edf51-8c3c-42ba-8ee2-fa5b316f6e55,Air Conditioner,
87886ad5-efc3-47b9-8ef3-65cef3bd906a,VIST-26-04-00083,c02eb961-2471-c285-9c28-fb9a12aaf70a,ffbd5fe0-d9b3-cb55-cfd7-2d72a3498109,B43,6e45aca0-18fa-334d-4711-4da7cc94e30f,a5831922-eaeb-48c2-941c-fd96fae8813d,AC Issues,2026-04-30 18:31:44.465643,e033fe7f-dc31-46f7-9723-cce3793a1cca,Verified,direct_asset_id,1,e033fe7f-dc31-46f7-9723-cce3793a1cca,Air Conditioner,
fe9ab246-7529-4e14-b17d-18d0309e4131,VIST-26-07-00096,c02eb961-2471-c285-9c28-fb9a12aaf70a,ffbd5fe0-d9b3-cb55-cfd7-2d72a3498109,B43,6e45aca0-18fa-334d-4711-4da7cc94e30f,7917cc13-aaca-4558-a2c2-8be5cd8fc159,Internet Issues,2026-07-29 02:24:22.368020,,Low,bed_issue_type_unmapped,9,,,
188b1fdb-205f-470f-b9f4-db6e18d74a41,VIST-26-05-00138,c02eb961-2471-c285-9c28-fb9a12aaf70a,ffbd5fe0-d9b3-cb55-cfd7-2d72a3498109,B43,6e45aca0-18fa-334d-4711-4da7cc94e30f,47389994-b201-4bb1-bf91-8bce4dbde510,Other,2026-05-29 13:25:00.927149,3005c67a-dd3b-4a53-a457-4b155602758d,Verified,direct_asset_id,1,3005c67a-dd3b-4a53-a457-4b155602758d,Fan,
b9b6ff6a-a698-42ae-b3b3-76647096971e,VIST-26-06-00058,79e31f6f-69dc-a40c-27d7-3f076878f83c,fb5cedd6-2992-1c62-7fba-4a7a6b43b2ff,C43,97486463-9125-9851-3039-04f213b371d4,d76dd3bd-ccb7-4991-a01f-ce158dfe908e,Plumbing,2026-06-15 11:53:24.701849,,Low,bed_issue_type_unmapped,4,,,
c72ab07c-8f4a-421d-b919-a30f5b493712,VIST-26-07-00098,22b0be2d-52c5-1127-642d-4f1083b404ca,188aee4d-68e0-1ddb-38e6-a946bc75072d,A12,e7fa005c-0956-391f-8b8e-2a815718f163,d76dd3bd-ccb7-4991-a01f-ce158dfe908e,Plumbing,2026-07-29 05:46:20.119952,,Low,bed_issue_type_unmapped,9,,,
a99ead9e-4fc7-4128-bf2c-9a69cd0a8215,VIST-26-07-00094,61031b0a-ef18-26aa-64b7-d412d7b3d276,2fc42a4f-fe5a-ae08-0e4e-2c89ca71db85,B11,66aab816-d365-9068-e62c-3d82356d8021,a25aca1b-211b-41d3-ab08-78bd2b9541e8,Toilet Issues,2026-07-28 14:17:38.817531,2bbe28a7-9d1b-4ef1-b24c-9b2efd828a68,Verified,direct_asset_id,1,2bbe28a7-9d1b-4ef1-b24c-9b2efd828a68,Cupboard,
4d818673-1496-448a-854e-3c4f180a1ee3,VIST-26-05-00006,18d86801-3cb7-11d4-8b9d-433429296014,fb5cedd6-2992-1c62-7fba-4a7a6b43b2ff,C43,be0208ae-5786-5d6b-7ab7-8ab62ebff5d0,7917cc13-aaca-4558-a2c2-8be5cd8fc159,Internet Issues,2026-05-02 05:07:35.045710,,Low,bed_issue_type_unmapped,6,,,
d8a3ea93-5c3b-4388-ad6b-03f15dad3785,VIST-26-07-00080,cf1318a5-0564-4af6-d90e-c3e76de1ef08,5d204545-2f72-b89b-3190-a826b5ab6512,B12,f5f9de92-380f-d57b-ad87-139022e4d27a,47389994-b201-4bb1-bf91-8bce4dbde510,Other,2026-07-24 04:49:42.536424,,Low,bed_issue_type_unmapped,5,,,
bd43c120-eb3a-4a87-b4b5-0d005353802b,VIST-26-07-00020,e0174322-3fb7-483f-91a0-61b903ae3e49,79853a4a-cb02-508c-e041-7e23378aec9c,A41,e0a547db-d8f2-1e21-a742-6f7c135bd802,a5831922-eaeb-48c2-941c-fd96fae8813d,AC Issues,2026-07-09 07:42:26.975996,,Low,apartment_type_many,4,"71701352-6d07-4b20-b6f7-7b70117dd5a3,9b9582bc-1a57-4820-80ae-ce7589129083,9d7eb51b-a72a-427a-96d1-b9977571e892,cd2cff77-0bf2-48a6-a0df-59635215d520",,
